timestamp,value
0.0,0.0993
0.1,0.1470
0.2,0.2504
0.3,0.4751
0.4,0.5844
0.5,0.6675
0.6,0.8912
0.7,0.8306
0.8,0.9974
0.9,0.9468
1.0,1.0829
1.1,1.1295
1.2,1.0461
1.3,0.9407
1.4,1.1478
1.5,0.9372
1.6,0.7949
1.7,0.7898
1.8,0.5899
1.9,0.5833
2.0,0.5641
2.1,0.3222
2.2,0.3170
2.3,0.2842
2.4,0.2296
2.5,0.0272
2.6,-0.2503
2.7,-0.2217
2.8,-0.4865
2.9,-0.5095
3.0,-0.5607
3.1,-0.6788
3.2,-0.7979
3.3,-1.0061
3.4,-0.8308
3.5,-1.0835
3.6,-0.9431
3.7,-0.8990
3.8,-1.1507
3.9,-1.0523
4.0,-1.1558
4.1,-1.0288
4.2,-0.9567
4.3,-0.8352
4.4,-0.7465
4.5,-0.5703
4.6,-0.5917
4.7,-0.4894
4.8,-0.1873
4.9,0.0065
5.0,0.1960
5.1,0.2142
5.2,0.5191
5.3,0.4956
5.4,0.7007
5.5,0.8949
5.6,0.8768
5.7,1.1856
5.8,0.9205
5.9,0.9825
6.0,1.0688
6.1,1.1149
6.2,1.0419
6.3,1.0006
6.4,0.9842
6.5,0.8656
6.6,0.8546
6.7,0.6025
6.8,0.5340
6.9,0.6559
7.0,0.4908
7.1,0.3133
7.2,0.1805
7.3,0.3047
7.4,-0.0441
7.5,-0.1192
7.6,-0.2742
7.7,-0.3113
7.8,-0.3927
7.9,-0.4976
8.0,-0.6466
8.1,-0.6213
8.2,-0.7701
8.3,-0.8189
8.4,-1.0813
8.5,-1.0180
8.6,-1.1764
8.7,-1.0601
8.8,-1.2206
8.9,-0.9597
9.0,-1.1345
9.1,-0.9409
9.2,-0.8331
9.3,-0.8567
9.4,-0.6272
9.5,-0.5188
9.6,-0.4542
9.7,-0.1768
9.8,-0.0922
9.9,0.1172
10.0,0.3518
10.1,0.5305
10.2,0.5651
10.3,0.6809
10.4,0.7965
10.5,0.9340
10.6,0.9616
10.7,0.9327
10.8,0.9304
10.9,0.9855
11.0,1.0432
11.1,1.1032
11.2,1.0612
11.3,0.9436
11.4,0.9036
11.5,0.8954
11.6,0.6181
11.7,0.7286
11.8,0.5944
11.9,0.4500
12.0,0.5220
12.1,0.2045
12.2,0.1381
12.3,0.0318
12.4,-0.1490
12.5,-0.1143
12.6,-0.3320
12.7,-0.4876
12.8,-0.5311
12.9,-0.5315
13.0,-0.7692
13.1,-0.8433
13.2,-0.8557
13.3,-1.0113
13.4,-0.9050
13.5,-1.0698
13.6,-0.9974
13.7,-1.0628
13.8,-1.0911
13.9,-1.0190
14.0,-0.8567
14.1,-0.8916
14.2,-0.8487
14.3,-0.6610
14.4,-0.4969
14.5,-0.4206
14.6,-0.3185
14.7,-0.2020
14.8,0.0630
14.9,0.2380
15.0,0.4330
15.1,0.4982
15.2,0.4162
15.3,0.6495
15.4,0.8178
15.5,0.9342
15.6,0.9141
15.7,0.9291
15.8,0.9926
15.9,1.0803
16.0,1.1051
16.1,1.0781
16.2,0.9479
16.3,0.9465
16.4,0.7289
16.5,0.6130
16.6,0.5446
16.7,0.6656
16.8,0.3414
16.9,0.2194
17.0,0.3407
17.1,0.0329
17.2,0.1011
17.3,-0.0161
17.4,-0.1782
17.5,-0.2463
17.6,-0.3683
17.7,-0.4154
17.8,-0.6321
17.9,-0.5474
18.0,-0.6785
18.1,-0.9008
18.2,-0.9314
18.3,-0.9425
18.4,-1.0845
18.5,-1.0500
18.6,-1.0345
18.7,-1.1025
18.8,-1.0399
18.9,-1.1123
19.0,-1.0419
19.1,-0.7812
19.2,-0.5568
19.3,-0.5969
19.4,-0.4356
19.5,-0.2146
19.6,-0.2544
19.7,0.0492
19.8,0.2416
19.9,0.3298
20.0,0.5413
20.1,0.4841
20.2,0.5715
20.3,0.6402
20.4,0.9829
20.5,0.9165
20.6,0.9370
20.7,0.9994
20.8,1.1190
20.9,0.9548
21.0,1.1164
21.1,0.9188
21.2,0.9418
21.3,0.8668
21.4,0.7062
21.5,0.5837
21.6,0.6269
21.7,0.5382
21.8,0.5797
21.9,0.4204
22.0,0.2198
22.1,0.1622
22.2,-0.1696
22.3,-0.0398
22.4,-0.2679
22.5,-0.3511
22.6,-0.4858
22.7,-0.4779
22.8,-0.6787
22.9,-0.7074
23.0,-1.0062
23.1,-0.8657
23.2,-0.9652
23.3,-0.9090
23.4,-1.1144
23.5,-1.0831
23.6,-1.1618
23.7,-1.0741
23.8,-0.9889
23.9,-0.9101
24.0,-0.8954
24.1,-0.6877
24.2,-0.6379
24.3,-0.5666
24.4,-0.2838
24.5,-0.1427
24.6,-0.1005
24.7,0.1169
24.8,0.2733
24.9,0.4083
25.0,0.5383
25.1,0.6552
25.2,0.7567
25.3,0.9597
25.4,0.8827
25.5,1.1214
25.6,1.1524
25.7,1.1360
25.8,1.0044
25.9,1.1169
26.0,0.9980
26.1,0.9063
26.2,0.9270
26.3,0.6530
26.4,0.5859
26.5,0.6470
26.6,0.4798
26.7,0.4151
26.8,0.3354
26.9,0.2664
27.0,-0.0961
27.1,0.1339
27.2,-0.2245
27.3,-0.2929
27.4,-0.3089
27.5,-0.4881
27.6,-0.4462
27.7,-0.5660
27.8,-0.6455
27.9,-0.8277
28.0,-0.8856
28.1,-0.9673
28.2,-0.9102
28.3,-1.0567
28.4,-1.0990
28.5,-1.1183
28.6,-1.0160
28.7,-0.8793
28.8,-0.8897
28.9,-1.0202
29.0,-0.7906
29.1,-0.5648
29.2,-0.4921
29.3,-0.2793
29.4,-0.3650
29.5,0.0007
29.6,-0.0123
29.7,0.1970
29.8,0.3386
29.9,0.5503
30.0,0.6502
30.1,0.9349
30.2,0.7193
30.3,0.9773
30.4,0.9523
30.5,1.1428
30.6,0.8834
30.7,1.0793
30.8,0.9722
30.9,0.8363
31.0,0.9667
31.1,0.9395
31.2,0.8837
31.3,0.7818
31.4,0.6681
31.5,0.4606
31.6,0.4161
31.7,0.2224
31.8,0.2231
31.9,-0.0059
32.0,0.0714
32.1,0.0850
32.2,-0.3150
32.3,-0.3014
32.4,-0.4806
32.5,-0.3917
32.6,-0.5909
32.7,-0.7118
32.8,-0.8898
32.9,-0.8117
33.0,-0.9849
33.1,-0.9867
33.2,-0.9819
33.3,-0.9833
33.4,-1.1474
33.5,-1.0869
33.6,-1.1129
33.7,-0.8910
33.8,-0.8437
33.9,-0.8224
34.0,-0.6554
34.1,-0.7395
34.2,-0.3686
34.3,-0.3004
34.4,-0.1091
34.5,0.0959
34.6,0.2548
34.7,0.3468
34.8,0.4583
34.9,0.5463
35.0,0.7205
35.1,0.9043
35.2,0.8977
35.3,0.9659
35.4,0.8921
35.5,1.0816
35.6,1.1737
35.7,1.1267
35.8,0.9859
35.9,0.9866
36.0,1.0092
36.1,0.8072
36.2,0.6985
36.3,0.7366
36.4,0.4848
36.5,0.6625
36.6,0.2501
36.7,0.1781
36.8,0.1929
36.9,0.0975
37.0,-0.0564
37.1,-0.1797
37.2,-0.3458
37.3,-0.4693
37.4,-0.4930
37.5,-0.5148
37.6,-0.6138
37.7,-0.7320
37.8,-0.8407
37.9,-0.7515
38.0,-1.0045
38.1,-0.9930
38.2,-1.0595
38.3,-1.0816
38.4,-0.9660
38.5,-1.0635
38.6,-1.0188
38.7,-0.9095
38.8,-0.8471
38.9,-0.8256
39.0,-0.6721
39.1,-0.4345
39.2,-0.3907
39.3,-0.3048
39.4,-0.0817
39.5,0.2126
39.6,0.2278
39.7,0.3534
39.8,0.4732
39.9,0.7607
40.0,0.8568
40.1,0.8866
40.2,1.1053
40.3,1.1238
40.4,0.9982
40.5,1.1123
40.6,1.1077
40.7,0.9227
40.8,1.0282
40.9,0.9290
41.0,0.8212
41.1,0.7011
41.2,0.6562
41.3,0.6297
41.4,0.3665
41.5,0.4795
41.6,0.2341
41.7,0.2399
41.8,-0.0367
41.9,-0.0891
42.0,-0.2100
42.1,-0.2127
42.2,-0.3462
42.3,-0.3270
42.4,-0.4785
42.5,-0.8534
42.6,-0.7356
42.7,-0.7822
42.8,-0.9059
42.9,-1.0290
43.0,-1.0596
43.1,-1.1265
43.2,-1.1043
43.3,-1.0129
43.4,-1.0382
43.5,-1.0780
43.6,-1.0006
43.7,-0.8553
43.8,-0.8325
43.9,-0.7010
44.0,-0.5211
44.1,-0.4108
44.2,-0.2073
44.3,-0.1974
44.4,0.1834
44.5,0.2975
44.6,0.3999
44.7,0.6279
44.8,0.7562
44.9,0.8191
45.0,0.9420
45.1,0.9751
45.2,1.0467
45.3,1.0267
45.4,0.9676
45.5,1.0326
45.6,1.0892
45.7,1.0708
45.8,0.9407
45.9,0.7324
46.0,0.6192
46.1,0.6709
46.2,0.7435
46.3,0.4743
46.4,0.4682
46.5,0.3882
46.6,0.0570
46.7,0.1057
46.8,-0.2254
46.9,-0.2583
47.0,-0.2278
47.1,-0.2542
47.2,-0.3895
47.3,-0.4325
47.4,-0.5822
47.5,-0.5955
47.6,-0.9193
47.7,-0.8717
47.8,-0.8393
47.9,-1.1109
48.0,-1.0784
48.1,-0.9192
48.2,-1.1951
48.3,-0.9464
48.4,-1.1081
48.5,-1.0451
48.6,-0.9630
48.7,-0.8001
48.8,-0.6808
48.9,-0.4807
49.0,-0.3498
49.1,-0.3880
49.2,-0.1897
49.3,0.0765
49.4,0.3158
49.5,0.4293
49.6,0.4261
49.7,0.6604
49.8,0.7963
49.9,0.9008
50.0,0.9455
50.1,0.9537
50.2,0.9791
50.3,1.0627
50.4,1.0620
50.5,0.9601
50.6,0.9956
50.7,0.9443
50.8,0.9728
50.9,0.9119
51.0,0.8916
51.1,0.6864
51.2,0.5690
51.3,0.5371
51.4,0.2733
51.5,0.2693
51.6,0.0344
51.7,-0.0517
51.8,-0.0011
51.9,-0.0491
52.0,-0.2693
52.1,-0.4492
52.2,-0.5127
52.3,-0.5968
52.4,-0.7211
52.5,-0.8292
52.6,-0.8492
52.7,-0.9337
52.8,-0.9843
52.9,-0.9132
53.0,-1.0523
53.1,-1.0887
53.2,-1.0466
53.3,-0.9526
53.4,-0.9362
53.5,-0.8535
53.6,-0.9007
53.7,-0.6018
53.8,-0.4741
53.9,-0.4675
54.0,-0.1838
54.1,-0.2917
54.2,-0.0166
54.3,0.0238
54.4,0.2683
54.5,0.5614
54.6,0.6937
54.7,0.8062
54.8,0.8237
54.9,0.8939
55.0,1.0865
55.1,1.1072
55.2,1.0846
55.3,1.0115
55.4,0.9123
55.5,0.9658
55.6,0.8922
55.7,0.9537
55.8,0.8283
55.9,0.7120
56.0,0.7340
56.1,0.5299
56.2,0.5287
56.3,0.3285
56.4,0.3490
56.5,0.1195
56.6,0.0133
56.7,-0.0599
56.8,-0.0999
56.9,-0.3032
57.0,-0.2261
57.1,-0.5180
57.2,-0.5534
57.3,-0.7433
57.4,-0.7889
57.5,-0.7854
57.6,-0.9539
57.7,-0.9484
57.8,-1.0574
57.9,-1.0245
58.0,-1.0670
58.1,-1.1006
58.2,-1.1088
58.3,-0.9934
58.4,-1.0954
58.5,-0.6245
58.6,-0.7594
58.7,-0.5799
58.8,-0.4692
58.9,-0.3111
59.0,-0.0453
59.1,0.0129
59.2,0.0164
59.3,0.2351
59.4,0.5289
59.5,0.6932
59.6,0.6585
59.7,0.8637
59.8,0.8422
59.9,0.9584
60.0,0.7782
60.1,0.6776
60.2,0.8230
60.3,0.7108
60.4,0.8066
60.5,0.7062
60.6,0.6425
60.7,0.7023
60.8,0.4925
60.9,0.4371
61.0,0.4359
61.1,0.3255
61.2,0.2672
61.3,0.2375
61.4,0.1896
61.5,0.1057
61.6,-0.0663
61.7,-0.0517
61.8,-0.1942
61.9,-0.2479
62.0,-0.2713
62.1,-0.2906
62.2,-0.3840
62.3,-0.4917
62.4,-0.5787
62.5,-0.6887
62.6,-0.7540
62.7,-0.7433
62.8,-0.7002
62.9,-0.6788
63.0,-0.7136
63.1,-0.7427
63.2,-0.6954
63.3,-0.6469
63.4,-0.5698
63.5,-0.5719
63.6,-0.4600
63.7,-0.3868
63.8,-0.2011
63.9,-0.1376
64.0,-0.0356
64.1,0.0594
64.2,0.1251
64.3,0.2625
64.4,0.3695
64.5,0.5031
64.6,0.3896
64.7,0.5730
64.8,0.7626
64.9,0.7161
65.0,0.8745
65.1,0.6219
65.2,0.6717
65.3,0.7133
65.4,0.6987
65.5,0.6936
65.6,0.6901
65.7,0.5875
65.8,0.4897
65.9,0.3933
66.0,0.2836
66.1,0.2549
66.2,0.1539
66.3,0.2449
66.4,0.0459
66.5,0.0055
66.6,-0.2147
66.7,-0.2294
66.8,-0.0815
66.9,-0.2366
67.0,-0.3985
67.1,-0.5457
67.2,-0.5811
67.3,-0.6559
67.4,-0.7334
67.5,-0.6313
67.6,-0.7028
67.7,-0.8837
67.8,-0.6802
67.9,-0.8539
68.0,-0.7898
68.1,-0.7728
68.2,-0.7091
68.3,-0.5904
68.4,-0.5052
68.5,-0.3778
68.6,-0.4233
68.7,-0.2651
68.8,-0.0309
68.9,-0.0973
69.0,-0.1125
69.1,0.0621
69.2,0.2197
69.3,0.5525
69.4,0.3621
69.5,0.4493
69.6,0.6005
69.7,0.5774
69.8,0.7103
69.9,0.7281
70.0,0.7225
70.1,0.5920
70.2,0.7404
70.3,0.5860
70.4,0.7345
70.5,0.7088
70.6,0.6065
70.7,0.5169
70.8,0.4685
70.9,0.4946
71.0,0.2486
71.1,0.1787
71.2,0.1534
71.3,0.1366
71.4,-0.0550
71.5,0.0293
71.6,-0.0874
71.7,-0.2188
71.8,-0.2153
71.9,-0.4019
72.0,-0.5422
72.1,-0.5145
72.2,-0.4543
72.3,-0.6434
72.4,-0.6452
72.5,-0.6841
72.6,-0.6859
72.7,-0.7616
72.8,-0.7536
72.9,-0.8095
73.0,-0.8039
73.1,-0.6688
73.2,-0.7130
73.3,-0.5297
73.4,-0.4501
73.5,-0.3909
73.6,-0.1457
73.7,-0.3176
73.8,-0.2396
73.9,0.0160
74.0,0.1898
74.1,0.2372
74.2,0.3438
74.3,0.3735
74.4,0.4785
74.5,0.6073
74.6,0.4487
74.7,0.7849
74.8,0.7293
74.9,0.6450
75.0,0.7029
75.1,0.7476
75.2,0.5423
75.3,0.5486
75.4,0.5604
75.5,0.5529
75.6,0.6447
75.7,0.4860
75.8,0.4870
75.9,0.2487
76.0,0.3052
76.1,0.1524
76.2,0.2659
76.3,0.1275
76.4,-0.0795
76.5,-0.1028
76.6,-0.2985
76.7,-0.2433
76.8,-0.3842
76.9,-0.4549
77.0,-0.5562
77.1,-0.5130
77.2,-0.4311
77.3,-0.6129
77.4,-0.6591
77.5,-0.6075
77.6,-0.5980
77.7,-0.6746
77.8,-0.8362
77.9,-0.6425
78.0,-0.6255
78.1,-0.5528
78.2,-0.5634
78.3,-0.6247
78.4,-0.4681
78.5,-0.2900
78.6,-0.2252
78.7,-0.2051
78.8,-0.0009
78.9,0.1111
79.0,0.2738
79.1,0.3659
79.2,0.3335
79.3,0.5600
79.4,0.5332
79.5,0.7737
79.6,0.8141
79.7,0.6123
79.8,0.7778
79.9,0.8455
80.0,0.5285
80.1,0.6980
80.2,0.6535
80.3,0.6780
80.4,0.5700
80.5,0.5007
80.6,0.4644
80.7,0.3239
80.8,0.3324
80.9,0.2882
81.0,0.0960
81.1,0.0369
81.2,0.0558
81.3,0.0509
81.4,0.0337
81.5,-0.2628
81.6,-0.2710
81.7,-0.2476
81.8,-0.4005
81.9,-0.4331
82.0,-0.5233
82.1,-0.5361
82.2,-0.6823
82.3,-0.6125
82.4,-0.8426
82.5,-0.6774
82.6,-0.7395
82.7,-0.7920
82.8,-0.6465
82.9,-0.7341
83.0,-0.7147
83.1,-0.6546
83.2,-0.6006
83.3,-0.4526
83.4,-0.4277
83.5,-0.3803
83.6,-0.2063
83.7,-0.1551
83.8,0.0675
83.9,0.0963
84.0,0.1410
84.1,0.3198
84.2,0.5194
84.3,0.3242
84.4,0.5862
84.5,0.6843
84.6,0.5208
84.7,0.8045
84.8,0.8220
84.9,0.6356
85.0,0.8324
85.1,0.8013
85.2,0.6686
85.3,0.6003
85.4,0.4270
85.5,0.5607
85.6,0.5320
85.7,0.4089
85.8,0.3323
85.9,0.1848
86.0,0.2507
86.1,0.1506
86.2,-0.0337
86.3,-0.0981
86.4,-0.1322
86.5,-0.3019
86.6,-0.3123
86.7,-0.3801
86.8,-0.4179
86.9,-0.4935
87.0,-0.6582
87.1,-0.6082
87.2,-0.4888
87.3,-0.8115
87.4,-0.7284
87.5,-0.7343
87.6,-0.6727
87.7,-0.7924
87.8,-0.6785
87.9,-0.6403
88.0,-0.4273
88.1,-0.6055
88.2,-0.4703
88.3,-0.4435
88.4,-0.3238
88.5,-0.1876
88.6,-0.0747
88.7,-0.0941
88.8,0.1724
88.9,0.2796
89.0,0.4596
89.1,0.6835
89.2,0.4961
89.3,0.6669
89.4,0.6300
89.5,0.6570
89.6,0.6837
89.7,0.7791
89.8,0.7677
89.9,0.7641
90.0,0.7162
90.1,0.6134
90.2,0.6223
90.3,0.6218
90.4,0.6279
90.5,0.5345
90.6,0.3845
90.7,0.3656
90.8,0.1572
90.9,0.1105
91.0,0.1256
91.1,0.0039
91.2,0.0985
91.3,-0.2575
91.4,-0.2175
91.5,-0.2779
91.6,-0.3717
91.7,-0.4025
91.8,-0.4815
91.9,-0.4968
92.0,-0.5575
92.1,-0.6187
92.2,-0.5887
92.3,-0.6740
92.4,-0.6414
92.5,-0.7602
92.6,-0.7048
92.7,-0.7269
92.8,-0.7721
92.9,-0.5043
93.0,-0.6839
93.1,-0.5124
93.2,-0.3869
93.3,-0.4229
93.4,-0.3081
93.5,-0.2085
93.6,-0.0342
93.7,0.0863
93.8,0.1490
93.9,0.2890
94.0,0.4109
94.1,0.2215
94.2,0.4844
94.3,0.6703
94.4,0.7414
94.5,0.6037
94.6,0.7108
94.7,0.8185
94.8,0.7393
94.9,0.8020
95.0,0.7274
95.1,0.6933
95.2,0.5936
95.3,0.5158
95.4,0.4460
95.5,0.4225
95.6,0.4270
95.7,0.3184
95.8,0.0884
95.9,0.1142
96.0,-0.0052
96.1,-0.1121
96.2,-0.0900
96.3,-0.1787
96.4,-0.2528
96.5,-0.3388
96.6,-0.4149
96.7,-0.3675
96.8,-0.6465
96.9,-0.6025
97.0,-0.8484
97.1,-0.6859
97.2,-0.6557
97.3,-0.7920
97.4,-0.7686
97.5,-0.8597
97.6,-0.7721
97.7,-0.7014
97.8,-0.6113
97.9,-0.6141
98.0,-0.5189
98.1,-0.4924
98.2,-0.2810
98.3,-0.3560
98.4,-0.3044
98.5,-0.1615
98.6,0.1125
98.7,0.2690
98.8,0.3441
98.9,0.3868
99.0,0.4696
99.1,0.5964
99.2,0.4956
99.3,0.5120
99.4,0.7403
99.5,0.6817
99.6,0.7251
99.7,0.7143
99.8,0.5404
99.9,0.6892
100.0,0.6412
100.1,0.5255
100.2,0.5942
100.3,0.4099
100.4,0.3241
100.5,0.2531
100.6,0.4136
100.7,0.3278
100.8,0.1409
100.9,0.0316
101.0,0.0554
101.1,-0.0764
101.2,-0.2254
101.3,-0.2879
101.4,-0.3555
101.5,-0.5242
101.6,-0.5094
101.7,-0.4419
101.8,-0.4945
101.9,-0.5861
102.0,-0.6939
102.1,-0.7665
102.2,-0.8238
102.3,-0.7415
102.4,-0.7580
102.5,-0.8255
102.6,-0.7938
102.7,-0.6320
102.8,-0.6381
102.9,-0.6279
103.0,-0.3140
103.1,-0.1857
103.2,-0.1834
103.3,-0.1865
103.4,-0.1806
103.5,-0.0816
103.6,0.2242
103.7,0.2229
103.8,0.3098
103.9,0.2807
104.0,0.3383
104.1,0.6369
104.2,0.6062
104.3,0.6595
104.4,0.7927
104.5,0.6621
104.6,0.5709
104.7,0.7250
104.8,0.7208
104.9,0.6505
105.0,0.5732
105.1,0.5943
105.2,0.5795
105.3,0.5635
105.4,0.5022
105.5,0.4825
105.6,0.1687
105.7,0.2146
105.8,0.1052
105.9,-0.0913
106.0,0.0789
106.1,-0.1726
106.2,-0.2464
106.3,-0.1574
106.4,-0.3015
106.5,-0.4168
106.6,-0.5222
106.7,-0.4832
106.8,-0.8154
106.9,-0.6173
107.0,-0.5964
107.1,-0.6598
107.2,-0.6865
107.3,-0.7413
107.4,-0.5871
107.5,-0.6416
107.6,-0.6707
107.7,-0.4820
107.8,-0.6887
107.9,-0.5006
108.0,-0.3981
108.1,-0.3279
108.2,-0.2945
108.3,-0.0603
108.4,-0.0742
108.5,-0.0265
108.6,0.2198
108.7,0.3957
108.8,0.4706
108.9,0.5865
109.0,0.6096
109.1,0.6416
109.2,0.7945
109.3,0.8646
109.4,0.6209
109.5,0.6936
109.6,0.6711
109.7,0.7755
109.8,0.5764
109.9,0.6050
110.0,0.4677
110.1,0.5340
110.2,0.4330
110.3,0.2713
110.4,0.2975
110.5,0.2186
110.6,-0.0621
110.7,0.0567
110.8,-0.0523
110.9,0.0303
111.0,-0.0550
111.1,-0.1974
111.2,-0.2876
111.3,-0.2158
111.4,-0.2680
111.5,-0.3711
111.6,-0.6633
111.7,-0.5619
111.8,-0.5266
111.9,-0.7340
112.0,-0.6097
112.1,-0.7997
112.2,-0.6953
112.3,-0.7603
112.4,-0.7830
112.5,-0.6208
112.6,-0.7443
112.7,-0.5940
112.8,-0.5125
112.9,-0.4058
113.0,-0.2895
113.1,-0.1337
113.2,-0.1340
113.3,0.0174
113.4,0.2431
113.5,0.2196
113.6,0.3361
113.7,0.3538
113.8,0.4963
113.9,0.3805
114.0,0.4823
114.1,0.5591
114.2,0.6602
114.3,0.6905
114.4,0.6841
114.5,0.6671
114.6,0.6188
114.7,0.6712
114.8,0.6480
114.9,0.5546
115.0,0.5144
115.1,0.4926
115.2,0.3356
115.3,0.2986
115.4,0.2088
115.5,0.2878
115.6,0.2348
115.7,0.0937
115.8,-0.1130
115.9,-0.0868
116.0,-0.0155
116.1,-0.2497
116.2,-0.3029
116.3,-0.5805
116.4,-0.5244
116.5,-0.4948
116.6,-0.4760
116.7,-0.4707
116.8,-0.6262
116.9,-0.8309
117.0,-0.5558
117.1,-0.8893
117.2,-0.5634
117.3,-0.8145
117.4,-0.7118
117.5,-0.5477
117.6,-0.7447
117.7,-0.5204
117.8,-0.5730
117.9,-0.3244
118.0,-0.2551
118.1,-0.2416
118.2,-0.0963
118.3,0.0933
118.4,0.1307
118.5,0.3114
118.6,0.2715
118.7,0.5050
118.8,0.5014
118.9,0.6404
119.0,0.6100
119.1,0.6744
119.2,0.5489
119.3,0.8527
119.4,0.6520
119.5,0.5517
119.6,0.6718
119.7,0.6173
119.8,0.5866
119.9,0.5242
120.0,0.8109
120.1,0.6730
120.2,0.6671
120.3,0.4784
120.4,0.3106
120.5,0.1455
120.6,-0.0432
120.7,-0.0484
120.8,-0.1885
120.9,-0.1478
121.0,-0.3347
121.1,-0.3146
121.2,-0.5596
121.3,-0.5994
121.4,-0.5497
121.5,-0.8205
121.6,-0.5976
121.7,-0.8533
121.8,-1.0878
121.9,-1.1246
122.0,-0.9592
122.1,-1.0156
122.2,-1.0136
122.3,-0.8508
122.4,-1.0011
122.5,-0.8837
122.6,-0.6807
122.7,-0.6602
122.8,-0.6200
122.9,-0.4650
123.0,-0.3317
123.1,0.0223
123.2,0.0276
123.3,0.2964
123.4,0.2285
123.5,0.6000
123.6,0.5019
123.7,0.7268
123.8,0.8190
123.9,1.0295
124.0,1.0131
124.1,1.0027
124.2,1.0132
124.3,1.1225
124.4,1.0451
124.5,0.8893
124.6,1.0822
124.7,0.9894
124.8,0.6795
124.9,0.6109
125.0,0.6895
125.1,0.5080
125.2,0.3261
125.3,0.4517
125.4,0.2232
125.5,0.1071
125.6,0.1262
125.7,-0.1533
125.8,-0.1309
125.9,-0.2428
126.0,-0.3360
126.1,-0.4248
126.2,-0.5936
126.3,-0.6863
126.4,-0.7888
126.5,-0.7732
126.6,-1.0351
126.7,-0.9020
126.8,-0.8581
126.9,-0.9277
127.0,-0.9427
127.1,-0.9597
127.2,-0.9768
127.3,-0.9937
127.4,-0.8177
127.5,-0.6504
127.6,-0.5782
127.7,-0.4180
127.8,-0.3858
127.9,-0.3306
128.0,-0.0872
128.1,0.0233
128.2,0.2244
128.3,0.2730
128.4,0.3715
128.5,0.4631
128.6,0.7818
128.7,0.8313
128.8,0.8548
128.9,0.9651
129.0,1.0536
129.1,1.0466
129.2,1.1163
129.3,0.9702
129.4,0.9695
129.5,0.8609
129.6,0.9056
129.7,0.7568
129.8,0.7937
129.9,0.5926
130.0,0.6911
130.1,0.4357
130.2,0.3445
130.3,0.1055
130.4,0.1153
130.5,0.1850
130.6,-0.0606
130.7,-0.0719
130.8,-0.2718
130.9,-0.3117
131.0,-0.4502
131.1,-0.5861
131.2,-0.6373
131.3,-0.7242
131.4,-0.6981
131.5,-0.8150
131.6,-0.9693
131.7,-0.9946
131.8,-1.0457
131.9,-1.2013
132.0,-1.0073
132.1,-0.9753
132.2,-0.9177
132.3,-0.8462
132.4,-0.7340
132.5,-0.7562
132.6,-0.5838
132.7,-0.4995
132.8,-0.3324
132.9,-0.1286
133.0,0.0066
133.1,0.1974
133.2,0.3889
133.3,0.3965
133.4,0.5903
133.5,0.7619
133.6,0.8391
133.7,0.9511
133.8,1.0951
133.9,1.0897
134.0,0.8361
134.1,0.9952
134.2,1.0846
134.3,0.9156
134.4,1.0107
134.5,0.8354
134.6,0.7796
134.7,0.8402
134.8,0.5641
134.9,0.5662
135.0,0.5159
135.1,0.3635
135.2,0.3069
135.3,0.1363
135.4,0.0425
135.5,-0.0904
135.6,-0.1651
135.7,-0.2477
135.8,-0.3674
135.9,-0.5083
136.0,-0.4661
136.1,-0.6617
136.2,-0.6352
136.3,-0.8900
136.4,-0.7854
136.5,-0.8631
136.6,-0.8977
136.7,-1.0663
136.8,-0.8766
136.9,-1.0191
137.0,-0.9676
137.1,-0.8718
137.2,-0.7613
137.3,-0.8891
137.4,-0.7305
137.5,-0.6495
137.6,-0.6289
137.7,-0.4114
137.8,-0.1381
137.9,-0.0283
138.0,-0.0100
138.1,0.1508
138.2,0.4861
138.3,0.5128
138.4,0.6269
138.5,0.6029
138.6,0.8681
138.7,0.7977
138.8,1.0247
138.9,1.0184
139.0,1.0069
139.1,1.1268
139.2,0.8862
139.3,0.9347
139.4,0.9187
139.5,0.8287
139.6,0.6974
139.7,0.8053
139.8,0.5368
139.9,0.5276
140.0,0.2930
140.1,0.3223
140.2,0.1811
140.3,0.1619
140.4,0.0746
140.5,-0.0701
140.6,-0.2019
140.7,-0.3042
140.8,-0.2048
140.9,-0.4908
141.0,-0.3812
141.1,-0.6128
141.2,-0.7585
141.3,-0.8255
141.4,-0.7939
141.5,-0.9167
141.6,-0.9849
141.7,-1.0876
141.8,-1.0635
141.9,-1.0608
142.0,-0.9828
142.1,-0.9560
142.2,-0.8144
142.3,-0.6830
142.4,-0.6346
142.5,-0.4811
142.6,-0.3180
142.7,-0.1917
142.8,-0.1193
142.9,0.0615
143.0,0.2116
143.1,0.2879
143.2,0.4541
143.3,0.5684
143.4,0.8115
143.5,0.8250
143.6,0.9902
143.7,1.0546
143.8,1.0933
143.9,1.0109
144.0,1.1348
144.1,0.9866
144.2,0.9721
144.3,0.8005
144.4,0.9811
144.5,0.6313
144.6,0.6195
144.7,0.3975
144.8,0.4546
144.9,0.4891
145.0,0.2854
145.1,0.2051
145.2,0.0379
145.3,0.0759
145.4,0.0433
145.5,-0.1177
145.6,-0.2645
145.7,-0.3903
145.8,-0.4663
145.9,-0.6825
146.0,-0.6194
146.1,-0.7668
146.2,-0.6051
146.3,-0.9282
146.4,-0.8706
146.5,-1.0157
146.6,-0.9013
146.7,-0.9847
146.8,-0.8634
146.9,-0.9024
147.0,-0.8848
147.1,-0.8129
147.2,-0.8842
147.3,-0.6770
147.4,-0.7034
147.5,-0.4290
147.6,-0.4339
147.7,-0.1449
147.8,0.0313
147.9,0.0955
148.0,0.1770
148.1,0.4558
148.2,0.5879
148.3,0.6796
148.4,0.8652
148.5,0.9479
148.6,0.8644
148.7,0.9939
148.8,1.0401
148.9,1.0261
149.0,1.1102
149.1,0.9375
149.2,0.9284
149.3,0.8207
149.4,0.8629
149.5,0.7983
149.6,0.7308
149.7,0.5334
149.8,0.4115
149.9,0.2951
150.0,0.1957
150.1,0.1618
150.2,0.0339
150.3,-0.0975
150.4,-0.2130
150.5,-0.1545
150.6,-0.3560
150.7,-0.4324
150.8,-0.6354
150.9,-0.7611
151.0,-0.6671
151.1,-0.7997
151.2,-0.9600
151.3,-0.7830
151.4,-0.9075
151.5,-1.0138
151.6,-1.0360
151.7,-0.9884
151.8,-0.9205
151.9,-1.1247
152.0,-0.8162
152.1,-0.7288
152.2,-0.7021
152.3,-0.5207
152.4,-0.4172
152.5,-0.2352
152.6,-0.2385
152.7,0.0668
152.8,0.0945
152.9,0.4122
153.0,0.3100
153.1,0.4593
153.2,0.7362
153.3,0.7245
153.4,0.7021
153.5,0.9959
153.6,0.9931
153.7,1.0595
153.8,1.0560
153.9,0.9118
154.0,0.9360
154.1,1.0071
154.2,0.9812
154.3,0.8248
154.4,0.7888
154.5,0.5771
154.6,0.5128
154.7,0.5042
154.8,0.3563
154.9,0.3714
155.0,0.0571
155.1,0.1134
155.2,-0.0008
155.3,-0.2451
155.4,-0.3448
155.5,-0.4308
155.6,-0.4569
155.7,-0.5682
155.8,-0.6988
155.9,-0.7392
156.0,-0.7593
156.1,-0.8683
156.2,-0.8989
156.3,-1.0766
156.4,-1.0158
156.5,-0.9435
156.6,-0.9674
156.7,-1.1473
156.8,-0.8469
156.9,-0.7647
157.0,-0.7977
157.1,-0.6927
157.2,-0.5996
157.3,-0.5870
157.4,-0.3730
157.5,-0.1547
157.6,0.0342
157.7,0.0213
157.8,0.3643
157.9,0.3325
158.0,0.5070
158.1,0.4312
158.2,0.8119
158.3,0.8269
158.4,1.0434
158.5,0.9792
158.6,0.9312
158.7,1.0743
158.8,0.9979
158.9,0.8363
159.0,0.9566
159.1,0.8248
159.2,0.8084
159.3,0.7437
159.4,0.6719
159.5,0.6443
159.6,0.4643
159.7,0.3819
159.8,0.3592
159.9,0.2272
160.0,0.0581
160.1,0.0800
160.2,-0.2741
160.3,-0.2132
160.4,-0.2653
160.5,-0.3524
160.6,-0.5524
160.7,-0.5919
160.8,-0.7354
160.9,-0.7162
161.0,-0.8218
161.1,-0.9539
161.2,-0.8191
161.3,-1.0406
161.4,-1.0356
161.5,-1.0829
161.6,-0.8302
161.7,-0.8709
161.8,-0.9269
161.9,-0.8398
162.0,-0.6261
162.1,-0.5522
162.2,-0.5183
162.3,-0.5005
162.4,-0.2067
162.5,-0.1135
162.6,0.0602
162.7,0.1747
162.8,0.3317
162.9,0.4305
163.0,0.7012
163.1,0.6642
163.2,0.9061
163.3,1.0020
163.4,1.0270
163.5,1.0161
163.6,1.1293
163.7,0.9748
163.8,1.1471
163.9,0.9345
164.0,1.0232
164.1,0.8652
164.2,0.8121
164.3,0.6988
164.4,0.7446
164.5,0.6095
164.6,0.4301
164.7,0.2736
164.8,0.3162
164.9,0.0346
165.0,0.0407
165.1,-0.0911
165.2,-0.2380
165.3,-0.3048
165.4,-0.3166
165.5,-0.4955
165.6,-0.6775
165.7,-0.5793
165.8,-0.8711
165.9,-0.7125
166.0,-0.9924
166.1,-0.8515
166.2,-1.0169
166.3,-1.0566
166.4,-1.0008
166.5,-0.9678
166.6,-0.7330
166.7,-0.9805
166.8,-0.9467
166.9,-0.7448
167.0,-0.6105
167.1,-0.5619
167.2,-0.4714
167.3,-0.3376
167.4,-0.1188
167.5,0.0917
167.6,0.2109
167.7,0.2151
167.8,0.4049
167.9,0.6015
168.0,0.6705
168.1,0.8757
168.2,0.7474
168.3,0.8288
168.4,0.9109
168.5,1.0255
168.6,0.9782
168.7,1.0211
168.8,1.1283
168.9,0.8950
169.0,0.8030
169.1,0.9020
169.2,0.7271
169.3,0.6611
169.4,0.5825
169.5,0.4018
169.6,0.3487
169.7,0.2287
169.8,0.0367
169.9,0.0748
170.0,-0.2220
170.1,-0.1792
170.2,-0.2786
170.3,-0.3805
170.4,-0.3862
170.5,-0.4800
170.6,-0.5170
170.7,-0.7408
170.8,-0.8687
170.9,-0.8988
171.0,-0.8589
171.1,-0.7813
171.2,-0.8380
171.3,-1.1261
171.4,-1.0277
171.5,-0.9742
171.6,-1.0751
171.7,-0.8367
171.8,-0.8465
171.9,-0.6391
172.0,-0.5708
172.1,-0.4957
172.2,-0.3010
172.3,-0.2110
172.4,0.0031
172.5,0.1632
172.6,0.2609
172.7,0.3488
172.8,0.4935
172.9,0.8414
173.0,0.7678
173.1,0.8547
173.2,0.8468
173.3,0.9932
173.4,0.8987
173.5,1.1658
173.6,0.9716
173.7,0.9345
173.8,0.8949
173.9,0.8028
174.0,0.6915
174.1,0.7660
174.2,0.7631
174.3,0.6928
174.4,0.3846
174.5,0.2791
174.6,0.2437
174.7,0.2522
174.8,0.1632
174.9,0.0557
175.0,0.0127
175.1,-0.3401
175.2,-0.3783
175.3,-0.3533
175.4,-0.5877
175.5,-0.5788
175.6,-0.6415
175.7,-0.9645
175.8,-0.8774
175.9,-0.8987
176.0,-0.9779
176.1,-1.0536
176.2,-0.9196
176.3,-1.0050
176.4,-0.9479
176.5,-0.9350
176.6,-0.9013
176.7,-0.8316
176.8,-0.7199
176.9,-0.6747
177.0,-0.3994
177.1,-0.4435
177.2,-0.2686
177.3,-0.0700
177.4,0.1190
177.5,0.0874
177.6,0.3934
177.7,0.5767
177.8,0.4828
177.9,0.7369
178.0,0.8444
178.1,1.0225
178.2,0.9757
178.3,1.0512
178.4,0.9618
178.5,1.1020
178.6,1.0728
178.7,0.9835
178.8,1.0108
178.9,0.7932
179.0,0.7237
179.1,0.7469
179.2,0.5144
179.3,0.5795
179.4,0.4111
179.5,0.4653
179.6,0.1594
179.7,0.2268
179.8,0.0872
179.9,0.0127
180.0,-0.0983
180.1,-0.1227
180.2,-0.3596
180.3,-0.2567
180.4,-0.3921
180.5,-0.5538
180.6,-0.5127
180.7,-0.6676
180.8,-0.7245
180.9,-0.9769
181.0,-0.8447
181.1,-0.8038
181.2,-0.6486
181.3,-0.8396
181.4,-0.8256
181.5,-0.8070
181.6,-0.6494
181.7,-0.7292
181.8,-0.5474
181.9,-0.4278
182.0,-0.3964
182.1,-0.1810
182.2,-0.1817
182.3,0.0487
182.4,0.0136
182.5,0.1834
182.6,0.3149
182.7,0.5117
182.8,0.5587
182.9,0.6146
183.0,0.6770
183.1,0.6608
183.2,0.8461
183.3,0.8101
183.4,0.6551
183.5,0.8358
183.6,0.8153
183.7,0.7960
183.8,0.7253
183.9,0.6032
184.0,0.3627
184.1,0.5095
184.2,0.3691
184.3,0.4468
184.4,0.0827
184.5,0.1109
184.6,0.1473
184.7,0.0052
184.8,-0.2228
184.9,-0.0968
185.0,-0.3039
185.1,-0.2354
185.2,-0.3251
185.3,-0.5203
185.4,-0.5558
185.5,-0.5573
185.6,-0.6700
185.7,-0.8908
185.8,-0.7844
185.9,-0.7576
186.0,-0.9697
186.1,-0.8642
186.2,-0.9347
186.3,-0.7984
186.4,-0.8096
186.5,-0.7922
186.6,-0.7714
186.7,-0.4696
186.8,-0.4862
186.9,-0.5006
187.0,-0.2711
187.1,-0.1773
187.2,0.2109
187.3,0.1700
187.4,0.2853
187.5,0.3923
187.6,0.4172
187.7,0.5905
187.8,0.7236
187.9,0.7907
188.0,0.8634
188.1,0.8625
188.2,0.7866
188.3,0.9009
188.4,0.9130
188.5,0.7658
188.6,0.6753
188.7,0.7480
188.8,0.7313
188.9,0.4667
189.0,0.4947
189.1,0.4865
189.2,0.4593
189.3,0.3738
189.4,0.4859
189.5,0.1826
189.6,0.0616
189.7,-0.0262
189.8,-0.1388
189.9,-0.2377
190.0,-0.2347
190.1,-0.3457
190.2,-0.5056
190.3,-0.6177
190.4,-0.6599
190.5,-0.6715
190.6,-0.7492
190.7,-0.8400
190.8,-0.8663
190.9,-0.8275
191.0,-0.9367
191.1,-0.8954
191.2,-0.7463
191.3,-0.9580
191.4,-0.7998
191.5,-0.6947
191.6,-0.4853
191.7,-0.5548
191.8,-0.4894
191.9,-0.2639
192.0,0.0377
192.1,-0.0687
192.2,0.1071
192.3,0.1932
192.4,0.4611
192.5,0.3305
192.6,0.5468
192.7,0.6917
192.8,0.7633
192.9,0.7636
193.0,0.7463
193.1,0.8305
193.2,0.9335
193.3,0.8367
193.4,0.9433
193.5,0.6458
193.6,0.6910
193.7,0.7423
193.8,0.6748
193.9,0.5284
194.0,0.4451
194.1,0.2945
194.2,0.2633
194.3,0.2402
194.4,0.2152
194.5,-0.1410
194.6,-0.0095
194.7,-0.1796
194.8,-0.1701
194.9,-0.2507
195.0,-0.3201
195.1,-0.1871
195.2,-0.4854
195.3,-0.4916
195.4,-0.5875
195.5,-0.6913
195.6,-0.8334
195.7,-0.7422
195.8,-0.7855
195.9,-0.9396
196.0,-0.8285
196.1,-0.8866
196.2,-0.8075
196.3,-0.7875
196.4,-0.5277
196.5,-0.6297
196.6,-0.5299
196.7,-0.3968
196.8,-0.4223
196.9,-0.2138
197.0,-0.0257
197.1,0.1626
197.2,0.0091
197.3,0.2247
197.4,0.3392
197.5,0.5143
197.6,0.5817
197.7,0.7252
197.8,0.7641
197.9,0.7862
198.0,0.9792
198.1,0.7627
198.2,0.9454
198.3,0.7417
198.4,0.6753
198.5,0.6051
198.6,0.9027
198.7,0.6257
198.8,0.4444
198.9,0.6068
199.0,0.4436
199.1,0.3504
199.2,0.3601
199.3,0.2246
199.4,0.0487
199.5,0.0476
199.6,-0.2097
199.7,-0.1251
199.8,-0.2872
199.9,-0.3003
200.0,-0.4679
200.1,-0.4427
200.2,-0.4866
200.3,-0.6448
200.4,-0.5397
200.5,-0.5612
200.6,-0.8530
200.7,-0.8461
200.8,-0.9076
200.9,-0.8370
201.0,-0.7572
201.1,-0.7578
201.2,-0.6791
201.3,-0.7804
201.4,-0.5861
201.5,-0.5523
201.6,-0.5545
201.7,-0.4344
201.8,-0.2131
201.9,-0.0576
202.0,-0.0263
202.1,0.1602
202.2,0.2231
202.3,0.4408
202.4,0.5269
202.5,0.6065
202.6,0.7450
202.7,0.6354
202.8,0.7037
202.9,0.8005
203.0,0.8799
203.1,0.9732
203.2,0.7726
203.3,0.6990
203.4,0.6922
203.5,0.4845
203.6,0.5629
203.7,0.4869
203.8,0.6050
203.9,0.4074
204.0,0.2647
204.1,0.2344
204.2,0.3088
204.3,0.0677
204.4,-0.0127
204.5,-0.0399
204.6,-0.0418
204.7,-0.2517
204.8,-0.3019
204.9,-0.2922
205.0,-0.3953
205.1,-0.4473
205.2,-0.6592
205.3,-0.7480
205.4,-0.6432
205.5,-0.7231
205.6,-0.6867
205.7,-0.8444
205.8,-0.7530
205.9,-0.7731
206.0,-0.8733
206.1,-0.6392
206.2,-0.7771
206.3,-0.7089
206.4,-0.5978
206.5,-0.4640
206.6,-0.2383
206.7,-0.2058
206.8,-0.1621
206.9,0.1245
207.0,0.1979
207.1,0.2679
207.2,0.3050
207.3,0.4990
207.4,0.4352
207.5,0.6956
207.6,0.7707
207.7,0.6760
207.8,0.7880
207.9,0.6778
208.0,0.8694
208.1,0.6683
208.2,0.8604
208.3,0.9431
208.4,0.7814
208.5,0.5867
208.6,0.6650
208.7,0.5568
208.8,0.5635
208.9,0.3946
209.0,0.3218
209.1,0.1054
209.2,0.1284
209.3,0.0635
209.4,-0.0410
209.5,-0.0959
209.6,-0.0615
209.7,-0.2019
209.8,-0.2914
209.9,-0.4449
210.0,-0.4950
210.1,-0.6084
210.2,-0.5970
210.3,-0.8401
210.4,-0.6423
210.5,-0.8038
210.6,-0.8010
210.7,-0.8252
210.8,-0.8506
210.9,-0.8479
211.0,-0.8620
211.1,-0.8305
211.2,-0.6578
211.3,-0.6754
211.4,-0.5882
211.5,-0.3177
211.6,-0.2842
211.7,-0.0987
211.8,0.0919
211.9,0.0188
212.0,0.3191
212.1,0.4692
212.2,0.3121
212.3,0.6145
212.4,0.5750
212.5,0.6997
212.6,0.8514
212.7,0.7533
212.8,0.8409
212.9,0.7235
213.0,0.8239
213.1,0.7776
213.2,0.6794
213.3,0.8489
213.4,0.7860
213.5,0.5322
213.6,0.5871
213.7,0.4864
213.8,0.3112
213.9,0.2785
214.0,0.1741
214.1,0.2897
214.2,-0.0268
214.3,0.0198
214.4,-0.0566
214.5,-0.2247
214.6,-0.2031
214.7,-0.4572
214.8,-0.4386
214.9,-0.5453
215.0,-0.6689
215.1,-0.7396
215.2,-0.8457
215.3,-0.7812
215.4,-0.6750
215.5,-0.8907
215.6,-0.9276
215.7,-0.7904
215.8,-0.7181
215.9,-0.7812
216.0,-0.8068
216.1,-0.5670
216.2,-0.7100
216.3,-0.5190
216.4,-0.4392
216.5,-0.3112
216.6,-0.2864
216.7,-0.0763
216.8,0.0371
216.9,0.0852
217.0,0.3286
217.1,0.6282
217.2,0.5304
217.3,0.5265
217.4,0.6455
217.5,0.7711
217.6,0.8556
217.7,0.9289
217.8,0.8523
217.9,0.8051
218.0,0.6410
218.1,0.8227
218.2,0.7830
218.3,0.6479
218.4,0.7715
218.5,0.6391
218.6,0.4178
218.7,0.4088
218.8,0.3426
218.9,0.1256
219.0,0.2853
219.1,0.1364
219.2,0.0527
219.3,0.0373
219.4,0.0410
219.5,-0.2021
219.6,-0.3247
219.7,-0.2361
219.8,-0.4928
219.9,-0.6040
220.0,-0.5701
220.1,-0.6246
220.2,-0.6536
220.3,-0.8918
220.4,-0.9310
220.5,-0.8327
220.6,-0.7814
220.7,-0.8168
220.8,-0.9019
220.9,-0.6331
221.0,-0.7529
221.1,-0.6027
221.2,-0.6143
221.3,-0.3601
221.4,-0.4045
221.5,-0.0862
221.6,-0.1559
221.7,-0.0426
221.8,0.1178
221.9,0.1849
222.0,0.3275
222.1,0.4439
222.2,0.6616
222.3,0.6653
222.4,0.7267
222.5,0.8460
222.6,0.8884
222.7,0.7842
222.8,0.9202
222.9,0.9297
223.0,0.7861
223.1,0.8407
223.2,0.6068
223.3,0.6033
223.4,0.4685
223.5,0.5552
223.6,0.5290
223.7,0.2971
223.8,0.2217
223.9,0.1785
224.0,0.0842
224.1,-0.0290
224.2,-0.1132
224.3,-0.0651
224.4,-0.1815
224.5,-0.3725
224.6,-0.2306
224.7,-0.4203
224.8,-0.3006
224.9,-0.6896
225.0,-0.6904
225.1,-0.8182
225.2,-0.7416
225.3,-0.7662
225.4,-0.7597
225.5,-0.9113
225.6,-0.8644
225.7,-0.6582
225.8,-0.7044
225.9,-0.7213
226.0,-0.7252
226.1,-0.5149
226.2,-0.5722
226.3,-0.3974
226.4,-0.3912
226.5,-0.2030
226.6,-0.1658
226.7,0.0667
226.8,0.3876
226.9,0.3286
227.0,0.3599
227.1,0.3950
227.2,0.5997
227.3,0.8168
227.4,0.8083
227.5,0.9689
227.6,0.7245
227.7,0.8468
227.8,1.0114
227.9,0.8399
228.0,0.8596
228.1,0.6685
228.2,0.5805
228.3,0.6148
228.4,0.5585
228.5,0.4403
228.6,0.5890
228.7,0.4778
228.8,0.1863
228.9,0.1686
229.0,0.0252
229.1,-0.1033
229.2,-0.2584
229.3,-0.0656
229.4,-0.2053
229.5,-0.3686
229.6,-0.4209
229.7,-0.4295
229.8,-0.5039
229.9,-0.6309
230.0,-0.5670
230.1,-0.7185
230.2,-0.6679
230.3,-0.8786
230.4,-0.9313
230.5,-0.9751
230.6,-0.7850
230.7,-0.7061
230.8,-0.6770
230.9,-0.6230
231.0,-0.5980
231.1,-0.5325
231.2,-0.4693
231.3,-0.2260
231.4,-0.3118
231.5,0.0535
231.6,0.1042
231.7,0.1777
231.8,0.2853
231.9,0.4771
232.0,0.4324
232.1,0.6469
232.2,0.8823
232.3,0.6984
232.4,0.8672
232.5,0.9033
232.6,0.8565
232.7,0.8014
232.8,0.7712
232.9,0.8392
233.0,0.8302
233.1,0.6859
233.2,0.6202
233.3,0.5510
233.4,0.3519
233.5,0.4313
233.6,0.3526
233.7,0.2296
233.8,0.2084
233.9,0.1886
234.0,-0.0449
234.1,0.0227
234.2,-0.3299
234.3,-0.1699
234.4,-0.4051
234.5,-0.5265
234.6,-0.5942
234.7,-0.6354
234.8,-0.5070
234.9,-0.6670
235.0,-0.8143
235.1,-0.6832
235.2,-0.7256
235.3,-0.7787
235.4,-0.7729
235.5,-0.7894
235.6,-0.9507
235.7,-0.7450
235.8,-0.6594
235.9,-0.6412
236.0,-0.6430
236.1,-0.3909
236.2,-0.3826
236.3,0.0020
236.4,-0.1563
236.5,0.0068
236.6,0.2140
236.7,0.1938
236.8,0.2880
236.9,0.4465
237.0,0.5777
237.1,0.4658
237.2,0.5934
237.3,0.8607
237.4,0.8637
237.5,0.6873
237.6,0.7797
237.7,0.8599
237.8,0.7996
237.9,0.7934
238.0,0.7928
238.1,0.5937
238.2,0.5403
238.3,0.6270
238.4,0.3037
238.5,0.2873
238.6,0.2710
238.7,0.0233
238.8,-0.0191
238.9,-0.0068
239.0,-0.0347
239.1,-0.2115
239.2,-0.2894
239.3,-0.4405
239.4,-0.3161
239.5,-0.4455
239.6,-0.5007
239.7,-0.5868
239.8,-0.7007
239.9,-0.6515
240.0,-0.6677
240.1,-0.8469
240.2,-1.0053
240.3,-0.9213
240.4,-0.9038
240.5,-0.7818
240.6,-0.9373
240.7,-0.7026
240.8,-0.6200
240.9,-0.5782
241.0,-0.5999
241.1,-0.4117
241.2,-0.2071
241.3,-0.0434
241.4,0.0586
241.5,0.0104
241.6,0.3331
241.7,0.3137
241.8,0.5385
241.9,0.6155
242.0,0.7310
242.1,0.7043
242.2,0.7632
242.3,0.8732
242.4,0.9005
242.5,0.8655
242.6,0.9073
242.7,0.9978
242.8,0.7998
242.9,0.7789
243.0,0.7062
243.1,0.6782
243.2,0.5471
243.3,0.6695
243.4,0.4609
243.5,0.4307
243.6,0.2832
243.7,-0.0021
243.8,0.0604
243.9,0.0146
244.0,-0.1521
244.1,-0.1963
244.2,-0.2711
244.3,-0.3677
244.4,-0.5364
244.5,-0.4794
244.6,-0.5499
244.7,-0.7553
244.8,-0.8044
244.9,-0.7587
245.0,-0.9634
245.1,-0.9193
245.2,-0.9385
245.3,-0.9385
245.4,-0.8198
245.5,-1.0164
245.6,-0.8123
245.7,-0.7099
245.8,-0.6132
245.9,-0.5779
246.0,-0.2639
246.1,-0.3442
246.2,-0.1965
246.3,-0.0273
246.4,-0.0114
246.5,0.3233
246.6,0.4395
246.7,0.2703
246.8,0.5638
246.9,0.6604
247.0,0.6265
247.1,0.8072
247.2,0.9410
247.3,1.0760
247.4,0.9689
247.5,0.9237
247.6,0.7134
247.7,0.8834
247.8,0.7427
247.9,0.6762
248.0,0.7203
248.1,0.5623
248.2,0.5083
248.3,0.4747
248.4,0.3664
248.5,0.0708
248.6,0.1252
248.7,0.0108
248.8,0.1734
248.9,0.0123
249.0,-0.1938
249.1,-0.2095
249.2,-0.3418
249.3,-0.4507
249.4,-0.4489
249.5,-0.5397
249.6,-0.7459
249.7,-0.6326
249.8,-0.7852
249.9,-0.7075
250.0,-0.8617
250.1,-0.9389
250.2,-0.8478
250.3,-0.9735
250.4,-0.7555
250.5,-0.8924
250.6,-0.7908
250.7,-0.7176
250.8,-0.5460
250.9,-0.3746
251.0,-0.2613
251.1,-0.2356
251.2,-0.0625
251.3,-0.0104
251.4,0.2470
251.5,0.4775
251.6,0.4497
251.7,0.5824
251.8,0.6519
251.9,0.6964
252.0,0.7383
252.1,0.8130
252.2,0.8613
252.3,0.8257
252.4,1.0478
252.5,0.9253
252.6,0.8335
252.7,0.8298
252.8,0.7609
252.9,0.6944
253.0,0.6583
253.1,0.5226
253.2,0.4002
253.3,0.4883
253.4,0.2497
253.5,0.2307
253.6,0.1229
253.7,-0.0889
253.8,-0.0610
253.9,-0.0692
254.0,-0.2605
254.1,-0.3215
254.2,-0.3844
254.3,-0.4477
254.4,-0.5789
254.5,-0.6697
254.6,-0.7175
254.7,-0.7040
254.8,-0.7690
254.9,-0.9744
255.0,-0.9775
255.1,-0.9411
255.2,-1.1036
255.3,-0.8003
255.4,-0.8800
255.5,-0.8271
255.6,-0.6677
255.7,-0.5745
255.8,-0.5213
255.9,-0.3889
256.0,-0.2232
256.1,-0.1497
256.2,-0.0086
256.3,0.2659
256.4,0.2616
256.5,0.3516
256.6,0.4341
256.7,0.6676
256.8,0.7959
256.9,0.8608
257.0,0.7922
257.1,0.8929
257.2,0.8483
257.3,0.8391
257.4,0.8736
257.5,0.8996
257.6,0.8769
257.7,0.7524
257.8,0.7055
257.9,0.6937
258.0,0.5219
258.1,0.4094
258.2,0.3446
258.3,0.1394
258.4,0.2277
258.5,0.0484
258.6,0.1599
258.7,0.0512
258.8,-0.0328
258.9,-0.2667
259.0,-0.3423
259.1,-0.4895
259.2,-0.5625
259.3,-0.4037
259.4,-0.5999
259.5,-0.7993
259.6,-0.8420
259.7,-0.9350
259.8,-0.8132
259.9,-0.9262
260.0,-0.9667
260.1,-0.8801
260.2,-0.7701
260.3,-0.9498
260.4,-0.6940
260.5,-0.5934
260.6,-0.5419
260.7,-0.5745
260.8,-0.3828
260.9,-0.0690
261.0,-0.1840
261.1,-0.0126
261.2,0.1610
261.3,0.3949
261.4,0.5246
261.5,0.5413
261.6,0.6726
261.7,0.7110
261.8,0.7962
261.9,0.7991
262.0,0.8913
262.1,0.9627
262.2,0.8452
262.3,0.9648
262.4,0.9105
262.5,0.7904
262.6,0.7001
262.7,0.8025
262.8,0.6519
262.9,0.5527
263.0,0.2976
263.1,0.4409
263.2,0.2536
263.3,0.2140
263.4,0.0887
263.5,-0.0530
263.6,0.0290
263.7,-0.0390
263.8,-0.3582
263.9,-0.4712
264.0,-0.4002
264.1,-0.5733
264.2,-0.4326
264.3,-0.6145
264.4,-0.6829
264.5,-0.8337
264.6,-0.7704
264.7,-0.6757
264.8,-0.8685
264.9,-0.8693
265.0,-0.9393
265.1,-0.9380
265.2,-0.8881
265.3,-0.8534
265.4,-0.6159
265.5,-0.6106
265.6,-0.6321
265.7,-0.4504
265.8,-0.2510
265.9,-0.2368
266.0,0.0136
266.1,0.0770
266.2,0.1319
266.3,0.3268
266.4,0.4814
266.5,0.6135
266.6,0.6984
266.7,0.8721
266.8,0.8557
266.9,0.8775
267.0,0.8781
267.1,0.9510
267.2,0.8197
267.3,0.8855
267.4,0.8652
267.5,0.8211
267.6,0.6911
267.7,0.6175
267.8,0.5618
267.9,0.5243
268.0,0.4702
268.1,0.1926
268.2,0.3017
268.3,0.2712
268.4,0.0443
268.5,0.0888
268.6,-0.1172
268.7,-0.1627
268.8,-0.1160
268.9,-0.3520
269.0,-0.4899
269.1,-0.7799
269.2,-0.6213
269.3,-0.5840
269.4,-0.5506
269.5,-0.6298
269.6,-0.9627
269.7,-0.9054
269.8,-0.9824
269.9,-0.8038
270.0,-0.8707
270.1,-0.7619
270.2,-0.8404
270.3,-0.7061
270.4,-0.5712
270.5,-0.5762
270.6,-0.4014
270.7,-0.3509
270.8,-0.4091
270.9,-0.1004
271.0,0.0393
271.1,0.0623
271.2,0.4029
271.3,0.4587
271.4,0.6104
271.5,0.6826
271.6,0.7242
271.7,0.7896
271.8,1.0175
271.9,0.7342
272.0,0.9734
272.1,0.8797
272.2,1.0161
272.3,0.7144
272.4,0.8531
272.5,0.7434
272.6,0.6207
272.7,0.7960
272.8,0.5549
272.9,0.3908
273.0,0.3102
273.1,0.1550
273.2,0.2216
273.3,0.2656
273.4,-0.1085
273.5,-0.1702
273.6,-0.2860
273.7,-0.2455
273.8,-0.2336
273.9,-0.4303
274.0,-0.4872
274.1,-0.5849
274.2,-0.5979
274.3,-0.6783
274.4,-0.7927
274.5,-0.8221
274.6,-0.8832
274.7,-0.7973
274.8,-0.8939
274.9,-0.8665
275.0,-0.8345
275.1,-0.7192
275.2,-0.7506
275.3,-0.6700
275.4,-0.6419
275.5,-0.4535
275.6,-0.4102
275.7,-0.2952
275.8,-0.2025
275.9,0.0373
276.0,0.3054
276.1,0.3419
276.2,0.4972
276.3,0.5553
276.4,0.8033
276.5,0.6453
276.6,0.7252
276.7,0.9222
276.8,0.8849
276.9,0.9354
277.0,1.0167
277.1,0.8633
277.2,0.8431
277.3,0.8539
277.4,0.7346
277.5,0.7026
277.6,0.5827
277.7,0.5941
277.8,0.3996
277.9,0.4560
278.0,0.3184
278.1,0.1730
278.2,0.2506
278.3,0.0030
278.4,-0.0317
278.5,-0.0972
278.6,-0.1335
278.7,-0.3904
278.8,-0.3148
278.9,-0.4997
279.0,-0.5292
279.1,-0.5885
279.2,-0.7723
279.3,-0.7787
279.4,-0.8052
279.5,-0.8462
279.6,-0.9122
279.7,-0.8512
279.8,-0.9688
279.9,-0.8985
280.0,-0.8931
280.1,-0.7540
280.2,-0.6905
280.3,-0.7463
280.4,-0.4564
280.5,-0.3253
280.6,-0.2346
280.7,-0.0101
280.8,-0.0376
280.9,0.0979
281.0,0.4279
281.1,0.5052
281.2,0.5674
281.3,0.6472
281.4,0.7104
281.5,0.6730
281.6,0.8570
281.7,0.7774
281.8,0.8861
281.9,0.8468
282.0,0.7963
282.1,0.7425
282.2,0.9228
282.3,0.8651
282.4,0.5209
282.5,0.6012
282.6,0.5959
282.7,0.6139
282.8,0.4875
282.9,0.2846
283.0,0.2188
283.1,0.1890
283.2,0.0799
283.3,-0.1507
283.4,-0.1112
283.5,-0.2709
283.6,-0.3207
283.7,-0.3566
283.8,-0.5242
283.9,-0.4622
284.0,-0.5294
284.1,-0.5196
284.2,-0.7747
284.3,-0.7697
284.4,-0.8706
284.5,-0.9649
284.6,-0.7825
284.7,-0.9581
284.8,-0.8672
284.9,-0.8691
285.0,-0.8870
285.1,-0.8453
285.2,-0.7568
285.3,-0.4883
285.4,-0.3421
285.5,-0.2016
285.6,-0.2249
285.7,-0.0377
285.8,0.0219
285.9,0.2285
286.0,0.3541
286.1,0.4182
286.2,0.5680
286.3,0.7462
286.4,0.8434
286.5,0.8032
286.6,0.8971
286.7,0.9182
286.8,0.8736
286.9,0.9051
287.0,0.8604
287.1,0.7463
287.2,0.8084
287.3,0.7083
287.4,0.7896
287.5,0.6111
287.6,0.3859
287.7,0.3896
287.8,0.3732
287.9,0.2925
288.0,0.1316
288.1,0.0496
288.2,0.0412
288.3,0.0093
288.4,-0.1752
288.5,-0.2719
288.6,-0.3097
288.7,-0.3024
288.8,-0.6103
288.9,-0.5411
289.0,-0.6312
289.1,-0.6837
289.2,-0.8632
289.3,-0.8041
289.4,-0.9067
289.5,-0.9088
289.6,-0.8564
289.7,-0.8351
289.8,-0.8789
289.9,-0.9295
290.0,-0.6541
290.1,-0.6783
290.2,-0.5587
290.3,-0.5139
290.4,-0.2242
290.5,-0.2327
290.6,-0.0441
290.7,0.0197
290.8,0.1849
290.9,0.3584
291.0,0.4298
291.1,0.5300
291.2,0.6978
291.3,0.7927
291.4,0.6759
291.5,0.8061
291.6,0.7473
291.7,0.9083
291.8,0.9116
291.9,0.9426
292.0,0.8965
292.1,0.7130
292.2,0.8819
292.3,0.7518
292.4,0.6539
292.5,0.6286
292.6,0.6478
292.7,0.2300
292.8,0.2549
292.9,0.2591
293.0,0.1178
293.1,0.1034
293.2,-0.0524
293.3,-0.1108
293.4,-0.3104
293.5,-0.2523
293.6,-0.5991
293.7,-0.6036
293.8,-0.5161
293.9,-0.7285
294.0,-0.7124
294.1,-0.8386
294.2,-0.9156
294.3,-0.9108
294.4,-0.7760
294.5,-0.7641
294.6,-1.0433
294.7,-0.8879
294.8,-0.8512
294.9,-0.8633
295.0,-0.7089
295.1,-0.5743
295.2,-0.4590
295.3,-0.2676
295.4,-0.3007
295.5,-0.1530
295.6,-0.0059
295.7,0.1841
295.8,0.4076
295.9,0.5852
296.0,0.6471
296.1,0.6410
296.2,0.8009
296.3,0.7267
296.4,0.7005
296.5,0.9211
296.6,1.0120
296.7,0.9282
296.8,0.8250
296.9,0.8603
297.0,0.7163
297.1,0.7568
297.2,0.8184
297.3,0.6299
297.4,0.5864
297.5,0.6146
297.6,0.4002
297.7,0.2365
297.8,0.2020
297.9,0.1665
298.0,0.0144
298.1,-0.1123
298.2,-0.3699
298.3,-0.2654
298.4,-0.3187
298.5,-0.3967
298.6,-0.5370
298.7,-0.5928
298.8,-0.5783
298.9,-0.7006
299.0,-0.6952
299.1,-0.7904
299.2,-0.9810
299.3,-0.7929
299.4,-0.9593
299.5,-0.9192
299.6,-0.9083
299.7,-0.8536
299.8,-0.7066
299.9,-0.6322
300.0,-0.5521
300.1,-0.4714
300.2,-0.4686
300.3,-0.3119
300.4,-0.3065
300.5,-0.0036
300.6,0.0108
300.7,0.3678
300.8,0.4673
300.9,0.5916
301.0,0.7275
301.1,0.7427
301.2,1.0055
301.3,1.1023
301.4,0.9585
301.5,1.0253
301.6,0.9192
301.7,1.0214
301.8,0.9827
301.9,0.9704
302.0,0.9636
302.1,0.8081
302.2,0.8567
302.3,0.8928
302.4,0.5788
302.5,0.5008
302.6,0.3727
302.7,0.2031
302.8,0.3158
302.9,0.0079
303.0,-0.0996
303.1,-0.1081
303.2,-0.2843
303.3,-0.4181
303.4,-0.6150
303.5,-0.5474
303.6,-0.6937
303.7,-0.6141
303.8,-0.8981
303.9,-0.8861
304.0,-0.8754
304.1,-0.9872
304.2,-0.8129
304.3,-0.9529
304.4,-1.1208
304.5,-1.1417
304.6,-0.9705
304.7,-0.8575
304.8,-0.7917
304.9,-0.7302
305.0,-0.6052
305.1,-0.4783
305.2,-0.3964
305.3,-0.0350
305.4,0.0268
305.5,0.0360
305.6,0.3995
305.7,0.3378
305.8,0.6532
305.9,0.6391
306.0,0.8615
306.1,0.8273
306.2,0.8295
306.3,0.9795
306.4,1.0781
306.5,1.2179
306.6,1.0125
306.7,1.0938
306.8,0.9224
306.9,0.8600
307.0,0.9408
307.1,0.8078
307.2,0.7346
307.3,0.7251
307.4,0.4685
307.5,0.3843
307.6,0.4181
307.7,0.3071
307.8,-0.0261
307.9,0.0045
308.0,-0.1660
308.1,-0.2074
308.2,-0.2930
308.3,-0.3171
308.4,-0.6149
308.5,-0.6663
308.6,-0.7009
308.7,-0.8483
308.8,-0.7288
308.9,-0.8350
309.0,-1.0052
309.1,-1.1743
309.2,-1.1357
309.3,-1.1137
309.4,-1.0160
309.5,-1.0129
309.6,-0.9869
309.7,-0.8720
309.8,-0.8116
309.9,-0.5967
310.0,-0.5985
310.1,-0.3172
310.2,-0.2068
310.3,-0.0911
310.4,-0.0330
310.5,0.2634
310.6,0.4033
310.7,0.6333
310.8,0.7429
310.9,0.6990
311.0,0.8678
311.1,1.0424
311.2,1.0712
311.3,1.0385
311.4,1.1068
311.5,1.0196
311.6,1.1508
311.7,0.9860
311.8,0.8975
311.9,0.7904
312.0,0.7594
312.1,0.7261
312.2,0.5252
312.3,0.4535
312.4,0.4162
312.5,0.4064
312.6,0.2909
312.7,0.1153
312.8,-0.0286
312.9,-0.1351
313.0,-0.2153
313.1,-0.2478
313.2,-0.5359
313.3,-0.5502
313.4,-0.5668
313.5,-0.5355
313.6,-0.6480
313.7,-0.8832
313.8,-1.0481
313.9,-0.9974
314.0,-0.9687
314.1,-1.0004
314.2,-1.0162
314.3,-1.0548
314.4,-0.9766
314.5,-0.9037
314.6,-0.9497
314.7,-0.9090
314.8,-0.7301
314.9,-0.3804
315.0,-0.4210
315.1,-0.3372
315.2,-0.2701
315.3,0.0853
315.4,0.2038
315.5,0.3876
315.6,0.4827
315.7,0.4761
315.8,0.7980
315.9,0.7459
316.0,0.9366
316.1,0.9140
316.2,0.8929
316.3,0.9430
316.4,1.0816
316.5,1.0938
316.6,0.9140
316.7,0.9945
316.8,0.7587
316.9,0.8094
317.0,0.7975
317.1,0.7015
317.2,0.6389
317.3,0.5860
317.4,0.3564
317.5,0.2105
317.6,0.2657
317.7,0.1214
317.8,0.0286
317.9,-0.0761
318.0,-0.2715
318.1,-0.2467
318.2,-0.4731
318.3,-0.6018
318.4,-0.7009
318.5,-0.6437
318.6,-0.8332
318.7,-0.7991
318.8,-0.8063
318.9,-0.9310
319.0,-1.0242
319.1,-1.0014
319.2,-1.0696
319.3,-0.9776
319.4,-0.9939
319.5,-1.0616
319.6,-0.7925
319.7,-0.7698
319.8,-0.6508
319.9,-0.3977
320.0,-0.2767
320.1,-0.1450
320.2,-0.0020
320.3,0.2261
320.4,0.3578
320.5,0.5365
320.6,0.5396
320.7,0.7381
320.8,0.7228
320.9,0.9112
321.0,0.9736
321.1,0.9555
321.2,0.9335
321.3,1.0104
321.4,1.0170
321.5,0.8426
321.6,0.9973
321.7,0.9391
321.8,0.8221
321.9,0.7304
322.0,0.6497
322.1,0.5259
322.2,0.4492
322.3,0.4839
322.4,0.3520
322.5,0.1747
322.6,0.1068
322.7,-0.0272
322.8,-0.1437
322.9,-0.1752
323.0,-0.5132
323.1,-0.4257
323.2,-0.5471
323.3,-0.5389
323.4,-0.6833
323.5,-0.7764
323.6,-0.7740
323.7,-0.9274
323.8,-1.1702
323.9,-1.0550
324.0,-1.0702
324.1,-0.9994
324.2,-1.0114
324.3,-0.9206
324.4,-0.9842
324.5,-0.8216
324.6,-0.6920
324.7,-0.5959
324.8,-0.5111
324.9,-0.2505
325.0,-0.1885
325.1,-0.0070
325.2,0.0474
325.3,0.2877
325.4,0.5073
325.5,0.5259
325.6,0.5132
325.7,0.6577
325.8,0.8100
325.9,0.9186
326.0,1.0240
326.1,0.9238
326.2,1.1233
326.3,1.1282
326.4,1.0830
326.5,0.9421
326.6,0.8349
326.7,0.8150
326.8,0.8325
326.9,0.6770
327.0,0.5434
327.1,0.4880
327.2,0.5382
327.3,0.2723
327.4,0.1280
327.5,0.0953
327.6,-0.0603
327.7,-0.1200
327.8,-0.0559
327.9,-0.2468
328.0,-0.2537
328.1,-0.5076
328.2,-0.5665
328.3,-0.9293
328.4,-0.7506
328.5,-0.7396
328.6,-0.9511
328.7,-1.1129
328.8,-1.0298
328.9,-1.0611
329.0,-1.1364
329.1,-1.0569
329.2,-0.9510
329.3,-0.9434
329.4,-0.9288
329.5,-0.7139
329.6,-0.7355
329.7,-0.5688
329.8,-0.5153
329.9,-0.3209
330.0,-0.0626
330.1,0.1194
330.2,0.2794
330.3,0.4163
330.4,0.4512
330.5,0.6623
330.6,0.7249
330.7,0.8863
330.8,0.9046
330.9,0.9571
331.0,0.9833
331.1,1.0450
331.2,1.1093
331.3,1.0729
331.4,0.9749
331.5,0.8886
331.6,0.9337
331.7,0.7407
331.8,0.7325
331.9,0.6322
332.0,0.6188
332.1,0.5024
332.2,0.3578
332.3,0.2644
332.4,0.1818
332.5,0.0087
332.6,-0.0446
332.7,-0.0027
332.8,-0.2400
332.9,-0.4760
333.0,-0.4737
333.1,-0.5631
333.2,-0.5278
333.3,-0.8472
333.4,-0.8856
333.5,-0.8570
333.6,-0.9707
333.7,-1.0794
333.8,-1.0628
333.9,-1.0467
334.0,-0.9821
334.1,-0.9947
334.2,-1.0631
334.3,-0.8288
334.4,-0.8377
334.5,-0.6520
334.6,-0.4753
334.7,-0.4930
334.8,-0.4217
334.9,-0.0594
335.0,-0.1105
335.1,0.2284
335.2,0.2170
335.3,0.5533
335.4,0.5521
335.5,0.6926
335.6,0.9305
335.7,0.8885
335.8,0.8193
335.9,0.9606
336.0,1.0268
336.1,1.1095
336.2,1.1139
336.3,1.1428
336.4,0.9232
336.5,0.8695
336.6,0.7597
336.7,0.7013
336.8,0.6018
336.9,0.4662
337.0,0.4893
337.1,0.3091
337.2,0.4097
337.3,0.1876
337.4,0.0000
337.5,-0.0102
337.6,-0.0713
337.7,-0.2351
337.8,-0.4600
337.9,-0.4560
338.0,-0.5910
338.1,-0.6438
338.2,-0.6257
338.3,-0.8057
338.4,-0.9154
338.5,-1.0124
338.6,-0.9257
338.7,-0.9921
338.8,-0.9861
338.9,-1.1129
339.0,-0.8391
339.1,-1.0246
339.2,-0.8841
339.3,-0.8923
339.4,-0.7436
339.5,-0.6100
339.6,-0.4366
339.7,-0.2730
339.8,-0.2613
339.9,-0.0707
340.0,0.1029
340.1,0.3688
340.2,0.3944
340.3,0.5665
340.4,0.7838
340.5,0.8084
340.6,0.8874
340.7,0.9579
340.8,0.9017
340.9,1.0258
341.0,1.0573
341.1,1.1189
341.2,1.0111
341.3,0.8602
341.4,0.9490
341.5,0.9539
341.6,0.7567
341.7,0.6017
341.8,0.6301
341.9,0.5729
342.0,0.2941
342.1,0.2682
342.2,0.3471
342.3,-0.0546
342.4,-0.0346
342.5,-0.0578
342.6,-0.2038
342.7,-0.2204
342.8,-0.3716
342.9,-0.5336
343.0,-0.5849
343.1,-0.7471
343.2,-0.7123
343.3,-1.0139
343.4,-0.8707
343.5,-1.1031
343.6,-1.0748
343.7,-1.1103
343.8,-1.0601
343.9,-1.2027
344.0,-0.9160
344.1,-0.9561
344.2,-0.8723
344.3,-0.7318
344.4,-0.6610
344.5,-0.5380
344.6,-0.4221
344.7,-0.1759
344.8,0.0193
344.9,0.1691
345.0,0.2294
345.1,0.4181
345.2,0.4548
345.3,0.5321
345.4,0.7821
345.5,0.7952
345.6,0.9245
345.7,1.1147
345.8,0.8732
345.9,1.0334
346.0,1.1847
346.1,1.0249
346.2,1.0513
346.3,0.9580
346.4,0.8731
346.5,0.7303
346.6,0.6301
346.7,0.5337
346.8,0.5316
346.9,0.4317
347.0,0.3937
347.1,0.2894
347.2,0.1883
347.3,-0.0796
347.4,-0.0624
347.5,-0.4150
347.6,-0.2474
347.7,-0.4799
347.8,-0.6813
347.9,-0.5492
348.0,-0.6514
348.1,-0.6800
348.2,-0.8665
348.3,-1.0749
348.4,-0.9425
348.5,-1.0507
348.6,-1.0195
348.7,-1.1144
348.8,-1.0589
348.9,-1.1345
349.0,-0.8779
349.1,-0.9158
349.2,-0.7483
349.3,-0.5357
349.4,-0.5174
349.5,-0.4323
349.6,-0.2604
349.7,-0.2805
349.8,0.0275
349.9,0.0632
350.0,0.3861
350.1,0.4637
350.2,0.7563
350.3,0.7337
350.4,0.9890
350.5,0.8287
350.6,0.9559
350.7,0.9505
350.8,0.9767
350.9,1.2115
351.0,1.0108
351.1,0.9581
351.2,0.9789
351.3,0.8933
351.4,0.8464
351.5,0.7275
351.6,0.5027
351.7,0.5355
351.8,0.4587
351.9,0.2047
352.0,0.4110
352.1,0.2802
352.2,0.0904
352.3,-0.1055
352.4,-0.1331
352.5,-0.3412
352.6,-0.2947
352.7,-0.4467
352.8,-0.4861
352.9,-0.7106
353.0,-0.7429
353.1,-0.7948
353.2,-1.0358
353.3,-0.9308
353.4,-1.0525
353.5,-0.9290
353.6,-1.0797
353.7,-1.0473
353.8,-0.9925
353.9,-0.8402
354.0,-0.9106
354.1,-0.7461
354.2,-0.8184
354.3,-0.5359
354.4,-0.5383
354.5,-0.2881
354.6,-0.1059
354.7,-0.0646
354.8,0.1732
354.9,0.2564
355.0,0.4982
355.1,0.6709
355.2,0.6937
355.3,0.9752
355.4,0.8889
355.5,0.9061
355.6,0.9942
355.7,1.0448
355.8,1.0447
355.9,0.8950
356.0,1.0179
356.1,0.9808
356.2,0.8771
356.3,0.8743
356.4,0.6253
356.5,0.4855
356.6,0.6426
356.7,0.4380
356.8,0.4549
356.9,0.2487
357.0,0.1471
357.1,0.1380
357.2,-0.0171
357.3,-0.0121
357.4,-0.1696
357.5,-0.4030
357.6,-0.4179
357.7,-0.5772
357.8,-0.7051
357.9,-0.7620
358.0,-0.8196
358.1,-0.8993
358.2,-0.9339
358.3,-0.9571
358.4,-1.0401
358.5,-1.1459
358.6,-1.0911
358.7,-1.0426
358.8,-0.8673
358.9,-0.9566
359.0,-0.8156
359.1,-0.7607
359.2,-0.6260
359.3,-0.5685
359.4,-0.2899
359.5,-0.2560
359.6,-0.0694
359.7,0.2463
359.8,0.0671
359.9,0.3766
360.0,0.6615
360.1,0.7376
360.2,0.8126
360.3,0.8880
360.4,0.9137
360.5,1.0154
360.6,1.0792
360.7,1.2395
360.8,1.1523
360.9,1.0082
361.0,0.9137
361.1,0.8354
361.2,0.8980
361.3,0.7123
361.4,0.8794
361.5,0.6273
361.6,0.5569
361.7,0.3477
361.8,0.2590
361.9,0.1555
362.0,0.0774
362.1,-0.0300
362.2,-0.1907
362.3,-0.2343
362.4,-0.2931
362.5,-0.4528
362.6,-0.4334
362.7,-0.6011
362.8,-0.8564
362.9,-0.8252
363.0,-0.9654
363.1,-0.8511
363.2,-0.9749
363.3,-1.0221
363.4,-1.0544
363.5,-1.1285
363.6,-1.1395
363.7,-0.9577
363.8,-0.9691
363.9,-0.8456
364.0,-0.7587
364.1,-0.7867
364.2,-0.3263
364.3,-0.5409
364.4,-0.3404
364.5,-0.0012
364.6,-0.0647
364.7,0.3314
364.8,0.4708
364.9,0.5453
365.0,0.6079
365.1,0.8610
365.2,0.7012
365.3,1.0581
365.4,0.9496
365.5,1.1635
365.6,1.1419
365.7,0.9620
365.8,1.1401
365.9,0.9921
366.0,0.9176
366.1,1.0174
366.2,0.7801
366.3,0.8539
366.4,0.7322
366.5,0.5468
366.6,0.2901
366.7,0.3104
366.8,0.2592
366.9,0.0881
367.0,-0.0398
367.1,-0.0970
367.2,-0.2044
367.3,-0.3944
367.4,-0.4031
367.5,-0.4655
367.6,-0.8644
367.7,-0.8153
367.8,-0.8892
367.9,-0.8820
368.0,-1.0578
368.1,-1.0574
368.2,-1.0454
368.3,-1.3205
368.4,-1.1619
368.5,-1.0992
368.6,-1.1611
368.7,-0.8537
368.8,-0.9631
368.9,-0.7079
369.0,-0.6217
369.1,-0.5066
369.2,-0.5092
369.3,-0.4024
369.4,-0.1740
369.5,0.0121
369.6,0.2283
369.7,0.4527
369.8,0.5888
369.9,0.7064
370.0,0.7570
370.1,0.8728
370.2,0.8761
370.3,0.9119
370.4,1.0887
370.5,1.1873
370.6,1.1560
370.7,0.9424
370.8,1.0396
370.9,1.0909
371.0,0.8141
371.1,0.9625
371.2,0.6768
371.3,0.7792
371.4,0.6491
371.5,0.4892
371.6,0.4787
371.7,0.2612
371.8,0.1694
371.9,-0.0606
372.0,-0.1358
372.1,-0.0847
372.2,-0.3086
372.3,-0.4315
372.4,-0.4041
372.5,-0.5742
372.6,-0.6472
372.7,-0.8744
372.8,-1.0167
372.9,-0.8318
373.0,-1.1659
373.1,-1.1980
373.2,-0.9814
373.3,-0.9768
373.4,-1.1018
373.5,-0.9906
373.6,-1.1062
373.7,-1.1195
373.8,-0.8313
373.9,-0.6535
374.0,-0.6342
374.1,-0.4936
374.2,-0.4067
374.3,-0.1635
374.4,0.0261
374.5,0.1133
374.6,0.3227
374.7,0.4605
374.8,0.8179
374.9,0.7180
375.0,0.8462
375.1,0.9412
375.2,1.0798
375.3,0.9352
375.4,0.9785
375.5,1.1651
375.6,0.9440
375.7,0.9751
375.8,1.0739
375.9,1.0304
376.0,0.8402
376.1,0.7919
376.2,0.7156
376.3,0.5480
376.4,0.3361
376.5,0.4123
376.6,0.3020
376.7,0.2839
376.8,0.2117
376.9,-0.0292
377.0,-0.1151
377.1,-0.2542
377.2,-0.2693
377.3,-0.3141
377.4,-0.4734
377.5,-0.6492
377.6,-0.6983
377.7,-0.9490
377.8,-0.8763
377.9,-1.0486
378.0,-0.9977
378.1,-1.1575
378.2,-1.2456
378.3,-0.9795
378.4,-1.2548
378.5,-1.0073
378.6,-0.9670
378.7,-0.9729
378.8,-0.6486
378.9,-0.5185
379.0,-0.5470
379.1,-0.3360
379.2,-0.1342
379.3,-0.0719
379.4,0.1445
379.5,0.4550
379.6,0.4551
379.7,0.4588
379.8,0.6063
379.9,0.8537
380.0,0.9139
380.1,0.9757
380.2,1.0141
380.3,0.9924
380.4,1.1114
380.5,1.1253
380.6,1.0530
380.7,0.9522
380.8,0.9785
380.9,0.9281
381.0,0.8295
381.1,0.6942
381.2,0.7414
381.3,0.6377
381.4,0.4529
381.5,0.3399
381.6,0.1539
381.7,0.0780
381.8,0.0554
381.9,-0.1405
382.0,-0.2761
382.1,-0.3590
382.2,-0.5322
382.3,-0.5889
382.4,-0.7138
382.5,-0.7986
382.6,-0.7880
382.7,-1.0564
382.8,-1.0022
382.9,-1.0363
383.0,-1.0192
383.1,-1.1024
383.2,-1.0966
383.3,-1.0816
383.4,-1.0864
383.5,-0.9263
383.6,-0.7698
383.7,-0.7997
383.8,-0.7955
383.9,-0.5634
384.0,-0.4427
384.1,-0.1066
384.2,-0.0951
384.3,-0.0526
384.4,0.2049
384.5,0.3903
384.6,0.5731
384.7,0.7243
384.8,0.7154
384.9,0.9926
385.0,0.8501
385.1,1.0133
385.2,1.0453
385.3,1.0116
385.4,1.0515
385.5,1.1762
385.6,0.9575
385.7,0.8796
385.8,0.8573
385.9,1.0223
386.0,0.8677
386.1,0.5349
386.2,0.5985
386.3,0.5137
386.4,0.5031
386.5,0.2410
386.6,0.0877
386.7,0.0827
386.8,-0.0715
386.9,-0.1537
387.0,-0.3151
387.1,-0.4697
387.2,-0.6521
387.3,-0.7469
387.4,-0.7455
387.5,-0.8938
387.6,-0.8769
387.7,-1.0391
387.8,-0.8843
387.9,-1.0900
388.0,-1.2399
388.1,-1.0809
388.2,-1.0431
388.3,-1.0257
388.4,-1.1435
388.5,-0.8379
388.6,-0.7790
388.7,-0.6644
388.8,-0.4949
388.9,-0.5287
389.0,-0.4252
389.1,-0.1497
389.2,0.0681
389.3,0.2139
389.4,0.2246
389.5,0.4618
389.6,0.6597
389.7,0.7544
389.8,0.8191
389.9,1.0425
390.0,0.9944
390.1,1.0605
390.2,0.9832
390.3,1.0809
390.4,1.0598
390.5,1.2206
390.6,1.0157
390.7,0.9014
390.8,1.0123
390.9,0.7697
391.0,0.6735
391.1,0.5092
391.2,0.5079
391.3,0.2563
391.4,0.3876
391.5,0.1908
391.6,0.1551
391.7,-0.0471
391.8,-0.1448
391.9,-0.2204
392.0,-0.4258
392.1,-0.5134
392.2,-0.7769
392.3,-0.7000
392.4,-0.7725
392.5,-0.8734
392.6,-0.8944
392.7,-0.9853
392.8,-1.0123
392.9,-0.9513
393.0,-1.1709
393.1,-1.0931
393.2,-1.1017
393.3,-1.0367
393.4,-1.1304
393.5,-0.8612
393.6,-0.8130
393.7,-0.5688
393.8,-0.4981
393.9,-0.4148
394.0,-0.1665
394.1,-0.0286
394.2,0.2109
394.3,0.1986
394.4,0.4111
394.5,0.5574
394.6,0.7913
394.7,0.7796
394.8,0.9820
394.9,1.0548
395.0,0.9732
395.1,0.9461
395.2,1.0929
395.3,1.1945
395.4,1.2650
395.5,0.9469
395.6,0.9908
395.7,0.8310
395.8,0.8059
395.9,0.7504
396.0,0.6295
396.1,0.5401
396.2,0.4238
396.3,0.2237
396.4,0.1508
396.5,0.0482
396.6,-0.0420
396.7,-0.1477
396.8,-0.2140
396.9,-0.3984
397.0,-0.4004
397.1,-0.5854
397.2,-0.6147
397.3,-0.8942
397.4,-0.7754
397.5,-0.8220
397.6,-1.1509
397.7,-1.1491
397.8,-0.9153
397.9,-0.8834
398.0,-1.1059
398.1,-1.2031
398.2,-1.0398
398.3,-1.0006
398.4,-0.8805
398.5,-0.8604
398.6,-0.5674
398.7,-0.4731
398.8,-0.4403
398.9,-0.2651
399.0,-0.1264
399.1,0.0196
399.2,0.1620
399.3,0.5473
399.4,0.7278
399.5,0.6942
399.6,0.9299
399.7,0.9778
399.8,1.0770
399.9,1.1178
400.0,1.1334
400.1,1.0324
400.2,1.1455
400.3,1.0030
400.4,0.9863
400.5,0.9966
400.6,1.0919
400.7,0.7924
400.8,0.9292
400.9,0.6686
401.0,0.4938
401.1,0.3963
401.2,0.4644
401.3,0.1765
401.4,0.1479
401.5,-0.0469
401.6,-0.1284
401.7,-0.2268
401.8,-0.3015
401.9,-0.3942
402.0,-0.5779
402.1,-0.7813
402.2,-0.7906
402.3,-0.7885
402.4,-0.8789
402.5,-1.0620
402.6,-1.0834
402.7,-0.8948
402.8,-1.0816
402.9,-1.0607
403.0,-1.2066
403.1,-0.9722
403.2,-0.9982
403.3,-1.0332
403.4,-0.9425
403.5,-0.7422
403.6,-0.5624
403.7,-0.5011
403.8,-0.2675
403.9,-0.0453
404.0,-0.0126
404.1,0.1653
404.2,0.5078
404.3,0.4954
404.4,0.7020
404.5,0.7581
404.6,0.8126
404.7,1.0166
404.8,1.0168
404.9,1.0890
405.0,1.1220
405.1,1.1528
405.2,1.0929
405.3,1.1317
405.4,1.0246
405.5,0.8839
405.6,0.8734
405.7,0.6153
405.8,0.8070
405.9,0.5695
406.0,0.3874
406.1,0.4149
406.2,0.3723
406.3,0.1024
406.4,-0.0421
406.5,0.0473
406.6,-0.1884
406.7,-0.2677
406.8,-0.3406
406.9,-0.5414
407.0,-0.6472
407.1,-0.5887
407.2,-0.8607
407.3,-0.8884
407.4,-0.8801
407.5,-1.0478
407.6,-0.9378
407.7,-1.0923
407.8,-1.0588
407.9,-1.0157
408.0,-1.2081
408.1,-0.9497
408.2,-0.7988
408.3,-0.7492
408.4,-0.6112
408.5,-0.5145
408.6,-0.5850
408.7,-0.3456
408.8,-0.1388
408.9,0.0475
409.0,0.2169
409.1,0.2979
409.2,0.4215
409.3,0.4991
409.4,0.8772
409.5,0.9128
409.6,0.8835
409.7,1.0257
409.8,1.1178
409.9,1.0937
410.0,1.1593
410.1,1.1287
410.2,0.8853
410.3,0.9824
410.4,1.0870
410.5,0.8855
410.6,0.7502
410.7,0.8263
410.8,0.5756
410.9,0.5746
411.0,0.3030
411.1,0.2788
411.2,0.1572
411.3,0.2130
411.4,-0.0117
411.5,-0.1734
411.6,-0.2725
411.7,-0.3300
411.8,-0.4500
411.9,-0.7155
412.0,-0.6811
412.1,-0.7209
412.2,-0.9776
412.3,-0.7466
412.4,-0.9038
412.5,-1.0909
412.6,-1.2398
412.7,-1.0568
412.8,-1.0830
412.9,-1.1517
413.0,-1.1443
413.1,-1.0091
413.2,-0.9226
413.3,-0.7092
413.4,-0.6083
413.5,-0.5044
413.6,-0.3120
413.7,-0.1142
413.8,-0.0040
413.9,0.1393
414.0,0.2615
414.1,0.5583
414.2,0.5623
414.3,0.6085
414.4,0.9108
414.5,0.9861
414.6,1.0820
414.7,1.0842
414.8,1.1146
414.9,1.1675
415.0,1.0846
415.1,1.1988
415.2,1.1423
415.3,0.9557
415.4,0.8738
415.5,0.7979
415.6,0.6448
415.7,0.6646
415.8,0.4354
415.9,0.2622
416.0,0.2484
416.1,0.1219
416.2,0.0876
416.3,-0.0870
416.4,-0.1160
416.5,-0.2621
416.6,-0.3848
416.7,-0.4415
416.8,-0.5483
416.9,-0.5932
417.0,-0.7356
417.1,-0.8909
417.2,-1.0178
417.3,-0.9234
417.4,-1.0567
417.5,-1.0272
417.6,-1.0360
417.7,-1.1434
417.8,-1.1683
417.9,-1.1017
418.0,-0.7253
418.1,-0.8716
418.2,-0.6672
418.3,-0.6886
418.4,-0.5945
418.5,-0.5438
418.6,-0.2014
418.7,-0.0004
418.8,0.1258
418.9,0.2043
419.0,0.4707
419.1,0.5349
419.2,0.5601
419.3,0.8143
419.4,0.9539
419.5,1.0348
419.6,1.1542
419.7,1.1908
419.8,1.0595
419.9,1.0475
420.0,0.9704
420.1,1.2229
420.2,0.8865
420.3,0.9530
420.4,0.9435
420.5,0.8116
420.6,0.6311
420.7,0.6387
420.8,0.4683
420.9,0.4147
421.0,0.2342
421.1,0.1488
421.2,-0.0996
421.3,-0.0900
421.4,-0.1351
421.5,-0.3500
421.6,-0.3585
421.7,-0.5296
421.8,-0.5613
421.9,-0.6550
422.0,-0.8521
422.1,-0.9024
422.2,-0.9266
422.3,-1.1139
422.4,-1.2337
422.5,-1.1709
422.6,-1.1305
422.7,-1.1449
422.8,-1.0936
422.9,-1.0895
423.0,-0.8891
423.1,-0.8967
423.2,-0.7876
423.3,-0.6240
423.4,-0.5534
423.5,-0.0220
423.6,-0.1342
423.7,0.0739
423.8,0.1249
423.9,0.3790
424.0,0.6446
424.1,0.7951
424.2,0.8676
424.3,1.0044
424.4,1.0151
424.5,0.9577
424.6,0.9563
424.7,1.1835
424.8,1.1455
424.9,1.1464
425.0,0.9973
425.1,1.0826
425.2,0.8692
425.3,0.8607
425.4,0.7784
425.5,0.6892
425.6,0.5416
425.7,0.4856
425.8,0.4518
425.9,0.2033
426.0,0.0170
426.1,0.0994
426.2,-0.1173
426.3,-0.1678
426.4,-0.3780
426.5,-0.4496
426.6,-0.5709
426.7,-0.6225
426.8,-0.6131
426.9,-0.6920
427.0,-0.9588
427.1,-1.0267
427.2,-1.0277
427.3,-1.0719
427.4,-1.1368
427.5,-1.0693
427.6,-1.1748
427.7,-1.0284
427.8,-0.9665
427.9,-0.9581
428.0,-0.9682
428.1,-0.8413
428.2,-0.6820
428.3,-0.3421
428.4,-0.2766
428.5,-0.1674
428.6,-0.0990
428.7,0.2677
428.8,0.2196
428.9,0.4359
429.0,0.6380
429.1,0.6730
429.2,0.8353
429.3,0.9252
429.4,1.0987
429.5,1.2784
429.6,1.2464
429.7,0.8830
429.8,1.0677
429.9,0.9810
430.0,1.0138
430.1,1.0424
430.2,0.9391
430.3,0.9085
430.4,0.7957
430.5,0.5851
430.6,0.5610
430.7,0.3508
430.8,0.2485
430.9,0.2086
431.0,0.1916
431.1,-0.1250
431.2,-0.1026
431.3,-0.2934
431.4,-0.4480
431.5,-0.5117
431.6,-0.5528
431.7,-0.6883
431.8,-0.7839
431.9,-0.7922
432.0,-0.8480
432.1,-1.0071
432.2,-1.0228
432.3,-1.2055
432.4,-1.0964
432.5,-1.2865
432.6,-1.1248
432.7,-0.9568
432.8,-0.9255
432.9,-0.8714
433.0,-0.8319
433.1,-0.6400
433.2,-0.4361
433.3,-0.3507
433.4,-0.2649
433.5,-0.1065
433.6,0.2131
433.7,0.2815
433.8,0.4112
433.9,0.5912
434.0,0.8372
434.1,0.8065
434.2,1.0052
434.3,1.1610
434.4,1.1131
434.5,1.1646
434.6,1.0789
434.7,1.0189
434.8,1.0396
434.9,1.0175
435.0,1.0216
435.1,0.9211
435.2,0.7384
435.3,0.6600
435.4,0.5772
435.5,0.5593
435.6,0.3459
435.7,0.2886
435.8,0.2641
435.9,0.0905
436.0,-0.0567
436.1,-0.2753
436.2,-0.3003
436.3,-0.3834
436.4,-0.5544
436.5,-0.6131
436.6,-0.7238
436.7,-0.8463
436.8,-0.9942
436.9,-0.8975
437.0,-1.0709
437.1,-1.1597
437.2,-1.0703
437.3,-1.1589
437.4,-1.2094
437.5,-1.2080
437.6,-1.0053
437.7,-0.9935
437.8,-0.9018
437.9,-0.7799
438.0,-0.6585
438.1,-0.6033
438.2,-0.2397
438.3,-0.0845
438.4,-0.0157
438.5,0.2312
438.6,0.2752
438.7,0.3521
438.8,0.6372
438.9,0.7565
439.0,0.8629
439.1,0.9915
439.2,1.0521
439.3,1.1722
439.4,1.1750
439.5,1.1007
439.6,1.2254
439.7,1.1349
439.8,0.8746
439.9,1.0068
440.0,0.9487
440.1,0.7975
440.2,0.6796
440.3,0.6161
440.4,0.4841
440.5,0.3902
440.6,0.3767
440.7,0.1278
440.8,0.1727
440.9,0.0595
441.0,-0.0805
441.1,-0.2581
441.2,-0.4409
441.3,-0.3628
441.4,-0.5443
441.5,-0.6754
441.6,-0.7223
441.7,-0.7602
441.8,-0.9212
441.9,-0.9430
442.0,-1.0615
442.1,-1.0892
442.2,-1.1099
442.3,-1.1865
442.4,-1.1129
442.5,-1.0940
442.6,-1.0581
442.7,-1.1191
442.8,-0.8405
442.9,-0.5828
443.0,-0.6786
443.1,-0.2706
443.2,-0.2839
443.3,-0.0205
443.4,0.1789
443.5,0.2636
443.6,0.2654
443.7,0.6365
443.8,0.6634
443.9,0.7355
444.0,0.9513
444.1,0.8932
444.2,1.0309
444.3,1.3944
444.4,1.0891
444.5,1.2082
444.6,1.0088
444.7,1.1600
444.8,1.1884
444.9,0.8736
445.0,0.8250
445.1,0.8285
445.2,0.7830
445.3,0.6064
445.4,0.5034
445.5,0.2145
445.6,0.2933
445.7,0.0562
445.8,0.0973
445.9,-0.0453
446.0,-0.2979
446.1,-0.3866
446.2,-0.3447
446.3,-0.4506
446.4,-0.7458
446.5,-0.6671
446.6,-0.8005
446.7,-0.9389
446.8,-0.8456
446.9,-0.9590
447.0,-0.9817
447.1,-1.2113
447.2,-1.1115
447.3,-1.1541
447.4,-1.1192
447.5,-1.0751
447.6,-0.9336
447.7,-0.8853
447.8,-0.7057
447.9,-0.6145
448.0,-0.5518
448.1,-0.2949
448.2,-0.1608
448.3,-0.0464
448.4,0.1836
448.5,0.4147
448.6,0.4381
448.7,0.6476
448.8,0.7370
448.9,0.8239
449.0,1.0841
449.1,1.1479
449.2,1.1164
449.3,1.1889
449.4,1.1388
449.5,1.0767
449.6,1.2435
449.7,1.0686
449.8,1.0320
449.9,0.9708
450.0,0.7575
450.1,0.8662
450.2,0.6666
450.3,0.5039
450.4,0.5614
450.5,0.3040
450.6,0.0232
450.7,0.1089
450.8,0.0461
450.9,-0.2796
451.0,-0.3876
451.1,-0.3723
451.2,-0.4878
451.3,-0.7007
451.4,-0.6677
451.5,-0.8624
451.6,-0.9074
451.7,-0.8297
451.8,-0.9958
451.9,-1.1178
452.0,-1.3249
452.1,-1.1813
452.2,-0.9383
452.3,-1.0134
452.4,-0.9711
452.5,-1.2199
452.6,-0.8679
452.7,-0.7447
452.8,-0.7176
452.9,-0.4003
453.0,-0.3637
453.1,-0.4125
453.2,0.0404
453.3,0.0559
453.4,0.3385
453.5,0.3913
453.6,0.4944
453.7,0.7367
453.8,0.7698
453.9,0.8865
454.0,1.0351
454.1,0.9769
454.2,0.9853
454.3,1.2619
454.4,1.1387
454.5,1.0409
454.6,1.0937
454.7,0.8700
454.8,0.8900
454.9,0.8814
455.0,0.7929
455.1,0.5192
455.2,0.6597
455.3,0.3149
455.4,0.2678
455.5,0.1487
455.6,0.0966
455.7,0.1964
455.8,-0.1091
455.9,-0.3460
456.0,-0.3674
456.1,-0.5012
456.2,-0.6301
456.3,-0.5756
456.4,-0.7675
456.5,-0.8955
456.6,-0.9997
456.7,-0.9671
456.8,-0.9801
456.9,-1.0547
457.0,-1.2117
457.1,-1.1567
457.2,-0.9491
457.3,-1.0242
457.4,-0.9374
457.5,-0.9441
457.6,-0.9317
457.7,-0.8974
457.8,-0.6015
457.9,-0.4577
458.0,-0.2668
458.1,-0.1196
458.2,0.0801
458.3,0.4065
458.4,0.3960
458.5,0.4970
458.6,0.7862
458.7,0.6954
458.8,0.7662
458.9,0.9896
459.0,1.0433
459.1,1.0807
459.2,1.1800
459.3,1.1073
459.4,1.2397
459.5,1.0698
459.6,0.9981
459.7,0.9508
459.8,0.9335
459.9,0.7222
460.0,0.6432
460.1,0.7821
460.2,0.5953
460.3,0.3428
460.4,0.0985
460.5,0.0428
460.6,0.1873
460.7,-0.1964
460.8,-0.2462
460.9,-0.3898
461.0,-0.5300
461.1,-0.5332
461.2,-0.6969
461.3,-0.8402
461.4,-0.9385
461.5,-0.9325
461.6,-0.9614
461.7,-1.0863
461.8,-1.1137
461.9,-1.1674
462.0,-1.2182
462.1,-1.0277
462.2,-1.1443
462.3,-1.0263
462.4,-1.0199
462.5,-0.8653
462.6,-0.7668
462.7,-0.6897
462.8,-0.5475
462.9,-0.2777
463.0,-0.0275
463.1,0.0155
463.2,0.1316
463.3,0.4731
463.4,0.4628
463.5,0.5173
463.6,0.7003
463.7,0.9668
463.8,1.1232
463.9,1.0851
464.0,1.1625
464.1,1.0498
464.2,1.3194
464.3,1.0389
464.4,1.1185
464.5,0.9727
464.6,0.9481
464.7,0.8925
464.8,0.8965
464.9,0.7462
465.0,0.5766
465.1,0.4593
465.2,0.4280
465.3,0.2336
465.4,0.1494
465.5,-0.0280
465.6,-0.0332
465.7,0.0149
465.8,-0.2913
465.9,-0.4823
466.0,-0.5360
466.1,-0.6509
466.2,-0.6332
466.3,-0.7491
466.4,-0.8860
466.5,-1.1405
466.6,-1.0069
466.7,-1.1817
466.8,-1.1516
466.9,-1.0481
467.0,-1.0601
467.1,-1.0689
467.2,-0.9693
467.3,-0.8143
467.4,-0.8686
467.5,-0.8928
467.6,-0.6138
467.7,-0.5686
467.8,-0.5236
467.9,-0.2925
468.0,-0.0033
468.1,0.2521
468.2,0.3762
468.3,0.3338
468.4,0.5689
468.5,0.6413
468.6,0.9684
468.7,1.0037
468.8,1.0229
468.9,1.0974
469.0,1.1155
469.1,1.2273
469.2,1.0785
469.3,1.0871
469.4,1.0914
469.5,0.8845
469.6,0.9656
469.7,0.7320
469.8,0.8063
469.9,0.5498
470.0,0.4852
470.1,0.5460
470.2,0.4172
470.3,0.2330
470.4,0.0912
470.5,-0.0712
470.6,-0.1819
470.7,-0.2012
470.8,-0.3407
470.9,-0.4389
471.0,-0.6482
471.1,-0.7020
471.2,-0.7702
471.3,-0.8349
471.4,-0.9364
471.5,-1.1069
471.6,-1.0568
471.7,-1.2361
471.8,-1.1082
471.9,-1.1722
472.0,-1.0311
472.1,-1.1150
472.2,-1.0156
472.3,-0.9224
472.4,-0.7127
472.5,-0.7893
472.6,-0.5719
472.7,-0.3487
472.8,-0.1927
472.9,-0.1000
473.0,0.2482
473.1,0.3406
473.2,0.4792
473.3,0.6843
473.4,0.6557
473.5,0.9462
473.6,0.8560
473.7,0.8337
473.8,1.0931
473.9,0.9525
474.0,1.0689
474.1,1.1963
474.2,1.0163
474.3,1.0825
474.4,0.9604
474.5,0.9082
474.6,0.8967
474.7,0.9492
474.8,0.7845
474.9,0.5670
475.0,0.3757
475.1,0.2701
475.2,0.2188
475.3,0.0999
475.4,-0.0603
475.5,-0.0661
475.6,-0.2513
475.7,-0.3150
475.8,-0.3541
475.9,-0.4250
476.0,-0.5386
476.1,-0.6412
476.2,-0.8446
476.3,-0.9608
476.4,-1.1265
476.5,-0.9510
476.6,-1.0177
476.7,-1.1909
476.8,-1.0394
476.9,-1.1559
477.0,-1.1936
477.1,-1.0746
477.2,-1.0323
477.3,-1.0005
477.4,-0.7572
477.5,-0.4841
477.6,-0.4545
477.7,-0.2250
477.8,-0.0387
477.9,0.0985
478.0,0.1116
478.1,0.3836
478.2,0.5261
478.3,0.6996
478.4,0.8780
478.5,0.8054
478.6,1.0126
478.7,1.0157
478.8,1.1350
478.9,0.9663
479.0,1.1940
479.1,1.0832
479.2,1.1105
479.3,0.9917
479.4,1.0157
479.5,0.9205
479.6,0.7690
479.7,0.7092
479.8,0.6158
479.9,0.4957
480.0,0.3554
480.1,0.3270
480.2,0.0486
480.3,0.0547
480.4,0.0066
480.5,-0.1793
480.6,-0.3845
480.7,-0.4562
480.8,-0.4388
480.9,-0.7634
481.0,-0.7710
481.1,-1.0135
481.2,-0.9994
481.3,-1.1039
481.4,-1.1546
481.5,-1.3204
481.6,-1.2864
481.7,-1.2922
481.8,-1.2553
481.9,-1.2973
482.0,-1.3498
482.1,-1.1514
482.2,-0.9486
482.3,-0.7863
482.4,-0.5642
482.5,-0.5184
482.6,-0.4322
482.7,-0.1304
482.8,0.1051
482.9,0.2987
483.0,0.4301
483.1,0.5851
483.2,0.8906
483.3,0.9536
483.4,1.0016
483.5,1.2726
483.6,1.1585
483.7,1.3098
483.8,1.3017
483.9,1.3658
484.0,1.4051
484.1,1.3722
484.2,1.2464
484.3,1.1275
484.4,1.1331
484.5,1.0492
484.6,0.9276
484.7,0.7775
484.8,0.5012
484.9,0.4485
485.0,0.5627
485.1,0.2766
485.2,0.0595
485.3,0.0770
485.4,-0.2175
485.5,-0.3489
485.6,-0.5492
485.7,-0.5557
485.8,-0.7504
485.9,-0.7970
486.0,-0.8047
486.1,-1.0439
486.2,-1.0433
486.3,-1.2609
486.4,-1.1230
486.5,-1.2495
486.6,-1.2233
486.7,-1.5207
486.8,-1.2615
486.9,-1.2028
487.0,-1.1497
487.1,-1.0182
487.2,-0.9035
487.3,-0.8918
487.4,-0.5073
487.5,-0.4325
487.6,-0.2815
487.7,-0.0475
487.8,0.1811
487.9,0.4277
488.0,0.5912
488.1,0.7222
488.2,0.8573
488.3,1.0440
488.4,1.0837
488.5,0.9637
488.6,1.3724
488.7,1.3421
488.8,1.2090
488.9,1.3009
489.0,1.3113
489.1,1.1828
489.2,1.0821
489.3,1.1100
489.4,0.8763
489.5,0.8361
489.6,0.7418
489.7,0.4686
489.8,0.5367
489.9,0.3855
490.0,0.3096
490.1,0.0894
490.2,0.0109
490.3,-0.1598
490.4,-0.2391
490.5,-0.5113
490.6,-0.5789
490.7,-0.7106
490.8,-0.7921
490.9,-0.8183
491.0,-0.9881
491.1,-1.0901
491.2,-1.1294
491.3,-1.0605
491.4,-1.2666
491.5,-1.2082
491.6,-1.4392
491.7,-1.2861
491.8,-1.2678
491.9,-1.2585
492.0,-1.0133
492.1,-1.0631
492.2,-0.7774
492.3,-0.4886
492.4,-0.5112
492.5,-0.4160
492.6,-0.0783
492.7,0.1106
492.8,0.3091
492.9,0.6947
493.0,0.7004
493.1,0.8530
493.2,0.8740
493.3,1.0241
493.4,1.3137
493.5,1.2492
493.6,1.3106
493.7,1.3192
493.8,1.2680
493.9,1.2013
494.0,1.2146
494.1,1.0446
494.2,1.1912
494.3,0.9611
494.4,0.8830
494.5,0.8469
494.6,0.5259
494.7,0.6186
494.8,0.4503
494.9,0.0626
495.0,0.0759
495.1,0.0147
495.2,-0.1055
495.3,-0.3431
495.4,-0.4564
495.5,-0.5356
495.6,-0.5801
495.7,-0.8144
495.8,-0.7214
495.9,-0.8840
496.0,-1.0850
496.1,-1.1743
496.2,-1.2558
496.3,-1.2959
496.4,-1.2910
496.5,-1.2935
496.6,-1.1638
496.7,-1.3374
496.8,-1.1257
496.9,-1.0873
497.0,-0.9930
497.1,-0.8654
497.2,-0.7682
497.3,-0.5173
497.4,-0.2240
497.5,-0.0789
497.6,0.0023
497.7,0.3730
497.8,0.5105
497.9,0.5648
498.0,0.7218
498.1,0.8009
498.2,1.0375
498.3,1.1671
498.4,1.2341
498.5,1.2528
498.6,1.3505
498.7,1.2335
498.8,1.3339
498.9,1.1548
499.0,1.0641
499.1,1.2318
499.2,1.1781
499.3,1.1024
499.4,0.7082
499.5,0.6549
499.6,0.4200
499.7,0.4871
499.8,0.3891
499.9,0.1391
500.0,0.0969
500.1,0.0140
500.2,-0.3524
500.3,-0.4302
500.4,-0.5075
500.5,-0.5733
500.6,-0.5649
500.7,-0.7973
500.8,-1.0623
500.9,-0.8976
501.0,-1.1026
501.1,-1.1393
501.2,-1.3192
501.3,-1.2607
501.4,-1.3651
501.5,-1.2497
501.6,-1.1884
501.7,-1.1984
501.8,-1.0814
501.9,-1.0946
502.0,-1.0030
502.1,-0.7539
502.2,-0.4973
502.3,-0.2607
502.4,-0.1893
502.5,0.0008
502.6,0.1475
502.7,0.4726
502.8,0.5982
502.9,0.7744
503.0,0.9695
503.1,0.9601
503.2,1.0393
503.3,1.2385
503.4,1.2191
503.5,1.1815
503.6,1.2461
503.7,1.1640
503.8,1.3179
503.9,1.1457
504.0,1.1333
504.1,1.0293
504.2,0.9971
504.3,0.8431
504.4,0.6368
504.5,0.7464
504.6,0.5391
504.7,0.3966
504.8,0.1658
504.9,0.1583
505.0,-0.1004
505.1,-0.0918
505.2,-0.4313
505.3,-0.3387
505.4,-0.5274
505.5,-0.7397
505.6,-0.8404
505.7,-0.8629
505.8,-0.9958
505.9,-1.1077
506.0,-1.1487
506.1,-1.2922
506.2,-1.4065
506.3,-1.2743
506.4,-1.2329
506.5,-1.3877
506.6,-1.1949
506.7,-1.2493
506.8,-1.1314
506.9,-0.9364
507.0,-0.6650
507.1,-0.6034
507.2,-0.3960
507.3,-0.0828
507.4,-0.0467
507.5,0.0614
507.6,0.4127
507.7,0.5099
507.8,0.6843
507.9,0.9626
508.0,0.8555
508.1,0.9692
508.2,1.0306
508.3,1.2335
508.4,1.2690
508.5,1.3323
508.6,1.2960
508.7,1.2601
508.8,1.1206
508.9,1.1930
509.0,0.9510
509.1,0.9784
509.2,0.8240
509.3,0.5947
509.4,0.6759
509.5,0.5374
509.6,0.4315
509.7,0.2276
509.8,0.1544
509.9,-0.0211
510.0,-0.1501
510.1,-0.3433
510.2,-0.3579
510.3,-0.5259
510.4,-0.7395
510.5,-0.7981
510.6,-0.8133
510.7,-1.0167
510.8,-1.0944
510.9,-1.1722
511.0,-1.2852
511.1,-1.3015
511.2,-1.3116
511.3,-1.3225
511.4,-1.2702
511.5,-1.1948
511.6,-1.0838
511.7,-1.0549
511.8,-0.8839
511.9,-0.9370
512.0,-0.7362
512.1,-0.3718
512.2,-0.3272
512.3,-0.0509
512.4,0.1705
512.5,0.2860
512.6,0.6125
512.7,0.6767
512.8,0.9526
512.9,0.8761
513.0,1.0000
513.1,1.1080
513.2,1.2816
513.3,1.3710
513.4,1.2204
513.5,1.4085
513.6,1.2750
513.7,1.1767
513.8,1.1356
513.9,1.0382
514.0,0.8971
514.1,0.9202
514.2,0.7052
514.3,0.7364
514.4,0.5915
514.5,0.4720
514.6,0.2307
514.7,0.0649
514.8,-0.1452
514.9,-0.2292
515.0,-0.2236
515.1,-0.3860
515.2,-0.5373
515.3,-0.6574
515.4,-0.7591
515.5,-0.9287
515.6,-1.1436
515.7,-1.0706
515.8,-1.0204
515.9,-1.2683
516.0,-1.3890
516.1,-1.3962
516.2,-1.3316
516.3,-1.2936
516.4,-1.1805
516.5,-1.1326
516.6,-1.2542
516.7,-1.0799
516.8,-0.7761
516.9,-0.5958
517.0,-0.4438
517.1,-0.3194
517.2,-0.0934
517.3,-0.0371
517.4,0.3737
517.5,0.4064
517.6,0.5270
517.7,0.7653
517.8,0.9560
517.9,0.9516
518.0,1.0809
518.1,1.1714
518.2,1.0753
518.3,1.2395
518.4,1.1368
518.5,1.2668
518.6,1.2273
518.7,1.1915
518.8,1.0980
518.9,0.9476
519.0,0.9502
519.1,0.7602
519.2,0.6757
519.3,0.5795
519.4,0.5004
519.5,0.3839
519.6,0.2308
519.7,0.0109
519.8,0.0564
519.9,-0.1279
520.0,-0.4179
520.1,-0.4244
520.2,-0.6318
520.3,-0.7001
520.4,-0.6661
520.5,-0.9104
520.6,-1.0168
520.7,-1.2011
520.8,-1.2908
520.9,-1.3019
521.0,-1.3335
521.1,-1.1386
521.2,-1.2170
521.3,-1.2326
521.4,-1.1652
521.5,-1.2383
521.6,-1.0515
521.7,-0.7772
521.8,-0.7335
521.9,-0.6497
522.0,-0.3634
522.1,-0.1799
522.2,0.0376
522.3,0.1240
522.4,0.4107
522.5,0.5050
522.6,0.6988
522.7,0.8474
522.8,1.0542
522.9,1.0938
523.0,1.1610
523.1,1.3854
523.2,1.2950
523.3,1.3190
523.4,1.2190
523.5,1.3003
523.6,1.4240
523.7,1.0425
523.8,1.0491
523.9,1.0403
524.0,0.7392
524.1,0.5921
524.2,0.5144
524.3,0.5703
524.4,0.2373
524.5,0.3078
524.6,0.1334
524.7,0.0741
524.8,-0.0788
524.9,-0.3537
525.0,-0.4136
525.1,-0.6750
525.2,-0.6964
525.3,-0.7772
525.4,-0.7972
525.5,-1.0272
525.6,-1.1554
525.7,-1.2273
525.8,-1.2518
525.9,-1.2927
526.0,-1.3948
526.1,-1.3985
526.2,-1.3410
526.3,-1.1909
526.4,-1.2009
526.5,-1.0274
526.6,-0.8953
526.7,-0.7572
526.8,-0.4736
526.9,-0.4755
527.0,-0.2203
527.1,-0.0473
527.2,0.1696
527.3,0.3501
527.4,0.5057
527.5,0.8332
527.6,0.9723
527.7,1.0449
527.8,1.0675
527.9,1.1846
528.0,1.3637
528.1,1.2566
528.2,1.4101
528.3,1.3481
528.4,1.2660
528.5,1.1801
528.6,1.2446
528.7,1.1602
528.8,1.0221
528.9,0.9012
529.0,0.7737
529.1,0.5999
529.2,0.4662
529.3,0.4094
529.4,0.2356
529.5,0.0248
529.6,0.0437
529.7,-0.0869
529.8,-0.0674
529.9,-0.4399
530.0,-0.5153
530.1,-0.6659
530.2,-0.7017
530.3,-0.7444
530.4,-1.0005
530.5,-1.0698
530.6,-1.1413
530.7,-1.2358
530.8,-1.2335
530.9,-1.2692
531.0,-1.3768
531.1,-1.2304
531.2,-1.2016
531.3,-1.2184
531.4,-1.0022
531.5,-1.0141
531.6,-0.7355
531.7,-0.6793
531.8,-0.6353
531.9,-0.2230
532.0,0.0993
532.1,0.0742
532.2,0.3142
532.3,0.3576
532.4,0.7540
532.5,0.6933
532.6,0.9797
532.7,1.1059
532.8,1.2553
532.9,1.3445
533.0,1.1032
533.1,1.2699
533.2,1.3107
533.3,1.2599
533.4,1.1643
533.5,1.1820
533.6,0.9462
533.7,1.0222
533.8,0.9125
533.9,0.8040
534.0,0.7209
534.1,0.4803
534.2,0.5417
534.3,0.3302
534.4,0.0179
534.5,0.0811
534.6,-0.0621
534.7,-0.1546
534.8,-0.4388
534.9,-0.5363
535.0,-0.7233
535.1,-0.7342
535.2,-0.9040
535.3,-0.9367
535.4,-1.0503
535.5,-1.2062
535.6,-1.2011
535.7,-1.2729
535.8,-1.2233
535.9,-1.3568
536.0,-1.2770
536.1,-1.1415
536.2,-1.2249
536.3,-1.1428
536.4,-0.8584
536.5,-0.8916
536.6,-0.6173
536.7,-0.5410
536.8,-0.4422
536.9,-0.2229
537.0,0.0698
537.1,0.2936
537.2,0.6398
537.3,0.5739
537.4,0.6534
537.5,0.8513
537.6,0.9886
537.7,1.0946
537.8,1.1913
537.9,1.2745
538.0,1.2821
538.1,1.1874
538.2,1.2018
538.3,1.2898
538.4,1.1766
538.5,1.0920
538.6,1.0750
538.7,0.8380
538.8,0.8004
538.9,0.6659
539.0,0.6123
539.1,0.4469
539.2,0.3014
539.3,0.2822
539.4,0.0875
539.5,0.0439
539.6,-0.2616
539.7,-0.4318
539.8,-0.3368
539.9,-0.6219
540.0,-0.5760
540.1,-0.6040
540.2,-0.6623
540.3,-0.6905
540.4,-0.8430
540.5,-0.9213
540.6,-0.9357
540.7,-1.1379
540.8,-0.8113
540.9,-1.1405
541.0,-0.9063
541.1,-0.8496
541.2,-0.8734
541.3,-0.9673
541.4,-0.7775
541.5,-0.4801
541.6,-0.4676
541.7,-0.2553
541.8,-0.0574
541.9,-0.0371
542.0,0.0432
542.1,0.2511
542.2,0.4151
542.3,0.4682
542.4,0.4265
542.5,0.8431
542.6,0.9434
542.7,1.0376
542.8,0.9231
542.9,1.0405
543.0,1.1146
543.1,0.9004
543.2,1.0844
543.3,1.0909
543.4,0.9136
543.5,0.6739
543.6,0.8596
543.7,0.6364
543.8,0.5767
543.9,0.5991
544.0,0.3176
544.1,0.1273
544.2,0.1168
544.3,-0.0491
544.4,0.0278
544.5,-0.0754
544.6,-0.2937
544.7,-0.3183
544.8,-0.4372
544.9,-0.4930
545.0,-0.7392
545.1,-0.7669
545.2,-0.7919
545.3,-0.9557
545.4,-0.9658
545.5,-0.8761
545.6,-1.0096
545.7,-0.9905
545.8,-0.9113
545.9,-0.9546
546.0,-0.9332
546.1,-0.7776
546.2,-0.7260
546.3,-0.7924
546.4,-0.5670
546.5,-0.4200
546.6,-0.2634
546.7,-0.1981
546.8,-0.0754
546.9,-0.0337
547.0,0.2763
547.1,0.4752
547.2,0.5301
547.3,0.5853
547.4,0.7011
547.5,0.8522
547.6,1.0299
547.7,1.0255
547.8,1.0334
547.9,1.0694
548.0,1.0112
548.1,0.9626
548.2,0.9098
548.3,1.0061
548.4,0.9157
548.5,0.6527
548.6,0.7069
548.7,0.5885
548.8,0.4334
548.9,0.3121
549.0,0.2366
549.1,0.1281
549.2,-0.0322
549.3,-0.1202
549.4,-0.0912
549.5,-0.2136
549.6,-0.3344
549.7,-0.4054
549.8,-0.4864
549.9,-0.4704
550.0,-0.6069
550.1,-0.8920
550.2,-0.8081
550.3,-0.7985
550.4,-0.7721
550.5,-0.9459
550.6,-1.0613
550.7,-0.9185
550.8,-0.9307
550.9,-1.0904
551.0,-0.9999
551.1,-0.7649
551.2,-0.6858
551.3,-0.5491
551.4,-0.4619
551.5,-0.4067
551.6,-0.1727
551.7,-0.0857
551.8,0.1328
551.9,0.4595
552.0,0.4183
552.1,0.6909
552.2,0.3794
552.3,0.5566
552.4,0.8774
552.5,0.9759
552.6,0.8222
552.7,0.9177
552.8,0.9995
552.9,1.0605
553.0,0.9151
553.1,1.0082
553.2,0.9714
553.3,0.8357
553.4,0.8318
553.5,0.6342
553.6,0.4988
553.7,0.4805
553.8,0.4300
553.9,0.3376
554.0,0.2828
554.1,0.0774
554.2,0.1144
554.3,-0.2353
554.4,-0.1789
554.5,-0.1698
554.6,-0.3790
554.7,-0.5540
554.8,-0.5688
554.9,-0.6885
555.0,-0.7138
555.1,-0.9144
555.2,-1.0225
555.3,-0.9695
555.4,-0.9418
555.5,-0.9925
555.6,-1.0234
555.7,-0.8917
555.8,-0.9138
555.9,-0.9208
556.0,-0.8480
556.1,-0.6168
556.2,-0.5258
556.3,-0.5260
556.4,-0.3703
556.5,-0.2361
556.6,-0.0324
556.7,-0.0497
556.8,0.2567
556.9,0.3893
557.0,0.4843
557.1,0.6268
557.2,0.7712
557.3,0.6878
557.4,0.9223
557.5,1.0175
557.6,0.9491
557.7,1.0804
557.8,1.0247
557.9,0.8368
558.0,1.0116
558.1,0.8645
558.2,0.9184
558.3,0.6800
558.4,0.6356
558.5,0.7287
558.6,0.5171
558.7,0.3385
558.8,0.3415
558.9,0.3039
559.0,0.0624
559.1,0.0282
559.2,0.0320
559.3,-0.0655
559.4,-0.1913
559.5,-0.3953
559.6,-0.4686
559.7,-0.6672
559.8,-0.6606
559.9,-0.8263
560.0,-0.7301
560.1,-0.8506
560.2,-0.9499
560.3,-1.0602
560.4,-0.9138
560.5,-0.9267
560.6,-0.9107
560.7,-0.9485
560.8,-0.9579
560.9,-0.8014
561.0,-0.8452
561.1,-0.7005
561.2,-0.6767
561.3,-0.4429
561.4,-0.2597
561.5,-0.2718
561.6,0.0614
561.7,0.0753
561.8,0.2038
561.9,0.5070
562.0,0.4120
562.1,0.6490
562.2,0.7241
562.3,0.6953
562.4,0.8300
562.5,0.8501
562.6,0.9913
562.7,1.0776
562.8,1.0068
562.9,0.8439
563.0,0.9157
563.1,0.8803
563.2,0.6755
563.3,0.8752
563.4,0.5900
563.5,0.5027
563.6,0.4708
563.7,0.3280
563.8,0.1493
563.9,0.1590
564.0,-0.0468
564.1,-0.0378
564.2,-0.0708
564.3,-0.1656
564.4,-0.4893
564.5,-0.2952
564.6,-0.4728
564.7,-0.5631
564.8,-0.6076
564.9,-0.8169
565.0,-0.8613
565.1,-0.8661
565.2,-0.8228
565.3,-1.0929
565.4,-0.9990
565.5,-0.9006
565.6,-0.8921
565.7,-0.9891
565.8,-0.7720
565.9,-0.8176
566.0,-0.6452
566.1,-0.7151
566.2,-0.2681
566.3,-0.3143
566.4,-0.2204
566.5,-0.0825
566.6,-0.0398
566.7,0.1651
566.8,0.2446
566.9,0.3682
567.0,0.5913
567.1,0.6669
567.2,0.8721
567.3,0.9621
567.4,1.0414
567.5,0.9195
567.6,0.8733
567.7,0.9010
567.8,1.0846
567.9,0.9890
568.0,0.8423
568.1,0.6645
568.2,0.7405
568.3,0.8390
568.4,0.6150
568.5,0.4794
568.6,0.3018
568.7,0.1560
568.8,0.2240
568.9,0.1953
569.0,-0.0308
569.1,-0.1678
569.2,-0.1463
569.3,-0.4059
569.4,-0.5009
569.5,-0.4864
569.6,-0.5783
569.7,-0.6595
569.8,-0.7423
569.9,-0.9622
570.0,-0.9387
570.1,-0.9934
570.2,-0.9661
570.3,-1.1308
570.4,-1.0552
570.5,-0.9251
570.6,-1.0088
570.7,-0.8709
570.8,-0.9155
570.9,-0.6967
571.0,-0.5870
571.1,-0.6352
571.2,-0.2205
571.3,-0.2329
571.4,-0.0682
571.5,0.2124
571.6,0.1492
571.7,0.3341
571.8,0.5402
571.9,0.6675
572.0,0.7970
572.1,0.8175
572.2,0.8923
572.3,1.0169
572.4,0.8850
572.5,0.9970
572.6,1.0759
572.7,0.9883
572.8,0.9552
572.9,1.0019
573.0,0.8160
573.1,0.7799
573.2,0.7252
573.3,0.5122
573.4,0.5096
573.5,0.4238
573.6,0.3593
573.7,0.2732
573.8,0.0679
573.9,0.0334
574.0,-0.0220
574.1,-0.2928
574.2,-0.2512
574.3,-0.2275
574.4,-0.5136
574.5,-0.5812
574.6,-0.5505
574.7,-0.7734
574.8,-0.8301
574.9,-0.9236
575.0,-1.0881
575.1,-1.0125
575.2,-1.0757
575.3,-1.1146
575.4,-0.9680
575.5,-0.8644
575.6,-1.0087
575.7,-0.8956
575.8,-0.8381
575.9,-0.7328
576.0,-0.4519
576.1,-0.4595
576.2,-0.1711
576.3,-0.1478
576.4,0.0191
576.5,0.2853
576.6,0.2394
576.7,0.3062
576.8,0.5411
576.9,0.8021
577.0,0.9442
577.1,0.7860
577.2,0.9178
577.3,1.0436
577.4,1.0266
577.5,0.8983
577.6,1.0131
577.7,0.9612
577.8,1.0688
577.9,0.9096
578.0,0.8043
578.1,0.6921
578.2,0.6666
578.3,0.5725
578.4,0.4686
578.5,0.3374
578.6,0.1782
578.7,0.1608
578.8,0.0271
578.9,-0.0891
579.0,-0.1121
579.1,-0.1915
579.2,-0.4035
579.3,-0.5709
579.4,-0.4096
579.5,-0.7190
579.6,-0.7102
579.7,-0.7894
579.8,-0.8646
579.9,-0.9682
580.0,-0.8415
580.1,-1.0304
580.2,-1.0577
580.3,-1.0260
580.4,-1.0494
580.5,-0.9354
580.6,-0.7722
580.7,-0.7936
580.8,-0.7464
580.9,-0.6690
581.0,-0.3559
581.1,-0.4215
581.2,-0.1130
581.3,-0.0593
581.4,0.0906
581.5,0.1565
581.6,0.4080
581.7,0.4894
581.8,0.6724
581.9,0.7550
582.0,0.7635
582.1,0.9419
582.2,0.9592
582.3,1.0198
582.4,1.1300
582.5,0.9364
582.6,1.0236
582.7,0.9907
582.8,0.9324
582.9,0.7711
583.0,0.7064
583.1,0.7527
583.2,0.6625
583.3,0.4186
583.4,0.4147
583.5,0.2377
583.6,0.2213
583.7,-0.0440
583.8,-0.0309
583.9,-0.1366
584.0,-0.1823
584.1,-0.4142
584.2,-0.6551
584.3,-0.5862
584.4,-0.6707
584.5,-0.7537
584.6,-0.8143
584.7,-0.6808
584.8,-0.8184
584.9,-0.9567
585.0,-0.9754
585.1,-0.9253
585.2,-1.1988
585.3,-1.0022
585.4,-1.0598
585.5,-0.8337
585.6,-0.7492
585.7,-0.6762
585.8,-0.7207
585.9,-0.5744
586.0,-0.2134
586.1,-0.2370
586.2,-0.1217
586.3,0.0862
586.4,0.2404
586.5,0.4001
586.6,0.6453
586.7,0.5470
586.8,0.7316
586.9,0.8638
587.0,0.8958
587.1,0.8731
587.2,0.7490
587.3,1.0976
587.4,0.9863
587.5,0.9975
587.6,1.0521
587.7,0.9097
587.8,0.8225
587.9,0.8574
588.0,0.5909
588.1,0.5188
588.2,0.3810
588.3,0.3178
588.4,0.3009
588.5,0.1540
588.6,0.1166
588.7,0.2083
588.8,-0.1056
588.9,-0.2407
589.0,-0.2868
589.1,-0.4022
589.2,-0.5045
589.3,-0.5773
589.4,-0.4182
589.5,-0.7314
589.6,-0.7329
589.7,-0.8830
589.8,-0.9001
589.9,-0.9292
590.0,-0.8982
590.1,-0.8377
590.2,-1.1152
590.3,-1.0072
590.4,-0.9131
590.5,-0.7382
590.6,-0.8072
590.7,-0.5640
590.8,-0.5664
590.9,-0.3718
591.0,-0.1592
591.1,-0.0490
591.2,0.1364
591.3,0.1022
591.4,0.3970
591.5,0.4523
591.6,0.5053
591.7,0.6896
591.8,0.7976
591.9,0.8620
592.0,1.0048
592.1,0.9334
592.2,1.0108
592.3,1.0117
592.4,0.9755
592.5,0.8630
592.6,1.0089
592.7,1.0005
592.8,0.8760
592.9,0.7445
593.0,0.6262
593.1,0.5691
593.2,0.5339
593.3,0.3779
593.4,0.1131
593.5,0.1177
593.6,-0.0252
593.7,-0.2393
593.8,-0.2383
593.9,-0.1381
594.0,-0.1967
594.1,-0.4648
594.2,-0.5253
594.3,-0.5915
594.4,-0.5726
594.5,-0.7439
594.6,-0.9895
594.7,-0.9039
594.8,-1.0123
594.9,-0.8594
595.0,-0.9390
595.1,-1.0189
595.2,-0.9617
595.3,-0.9123
595.4,-0.8602
595.5,-0.7191
595.6,-0.8007
595.7,-0.4228
595.8,-0.4506
595.9,-0.2622
596.0,-0.1126
596.1,0.1280
596.2,0.1958
596.3,0.2783
596.4,0.3984
596.5,0.5050
596.6,0.6777
596.7,0.8218
596.8,0.8349
596.9,0.8923
597.0,0.9393
597.1,1.1785
597.2,1.0472
597.3,0.9282
597.4,0.8041
597.5,0.8874
597.6,0.8186
597.7,0.7617
597.8,0.7232
597.9,0.6151
598.0,0.5375
598.1,0.4155
598.2,0.4044
598.3,0.2750
598.4,0.1324
598.5,0.0282
598.6,-0.0297
598.7,-0.0724
598.8,-0.3703
598.9,-0.2401
599.0,-0.5355
599.1,-0.4689
599.2,-0.5888
599.3,-0.7037
599.4,-0.7772
599.5,-0.8195
599.6,-0.7901
599.7,-0.9241
599.8,-1.0570
599.9,-1.0019
600.0,-1.2619
600.1,-1.1968
600.2,-1.0940
600.3,-1.0350
600.4,-1.0766
600.5,-0.8571
600.6,-0.7758
600.7,-0.4534
600.8,-0.3982
600.9,-0.1495
601.0,-0.0235
601.1,0.2818
601.2,0.3092
601.3,0.4986
601.4,0.4878
601.5,0.7976
601.6,1.0675
601.7,1.0320
601.8,1.1487
601.9,1.1556
602.0,1.4230
602.1,1.2711
602.2,1.1869
602.3,1.4112
602.4,1.1107
602.5,1.0372
602.6,1.1269
602.7,0.9246
602.8,0.8086
602.9,0.6549
603.0,0.7644
603.1,0.4919
603.2,0.3588
603.3,0.1146
603.4,0.1406
603.5,-0.0160
603.6,-0.2431
603.7,-0.2232
603.8,-0.4248
603.9,-0.5991
604.0,-0.7251
604.1,-0.6797
604.2,-0.9272
604.3,-0.9522
604.4,-0.8906
604.5,-1.1292
604.6,-1.1220
604.7,-1.1805
604.8,-1.0968
604.9,-1.2949
605.0,-1.2441
605.1,-1.3103
605.2,-1.1764
605.3,-1.1626
605.4,-0.9100
605.5,-0.7956
605.6,-0.6448
605.7,-0.3796
605.8,-0.3042
605.9,-0.0367
606.0,0.0532
606.1,0.1757
606.2,0.4857
606.3,0.7583
606.4,0.7699
606.5,0.9352
606.6,0.9861
606.7,1.2421
606.8,1.1745
606.9,1.2230
607.0,1.3296
607.1,1.3111
607.2,1.1780
607.3,1.1546
607.4,1.0821
607.5,1.0486
607.6,0.9140
607.7,0.8267
607.8,0.7444
607.9,0.6932
608.0,0.5430
608.1,0.4681
608.2,0.2179
608.3,0.2053
608.4,0.0719
608.5,-0.1527
608.6,-0.0729
608.7,-0.4443
608.8,-0.5357
608.9,-0.6056
609.0,-0.7632
609.1,-0.7695
609.2,-0.8840
609.3,-1.0016
609.4,-1.1631
609.5,-1.0274
609.6,-1.1278
609.7,-1.2337
609.8,-1.2379
609.9,-1.3064
610.0,-1.1135
610.1,-1.0857
610.2,-1.1794
610.3,-0.8722
610.4,-0.7665
610.5,-0.6422
610.6,-0.4356
610.7,-0.3106
610.8,-0.0761
610.9,0.0138
611.0,0.2536
611.1,0.3191
611.2,0.5877
611.3,0.7843
611.4,0.9830
611.5,0.9602
611.6,1.0408
611.7,1.1433
611.8,1.2421
611.9,1.1952
612.0,1.3261
612.1,1.2778
612.2,1.2324
612.3,1.2027
612.4,1.1294
612.5,0.9575
612.6,0.9959
612.7,0.7965
612.8,0.6644
612.9,0.5464
613.0,0.4352
613.1,0.1796
613.2,0.1166
613.3,0.0909
613.4,-0.1569
613.5,-0.1759
613.6,-0.3249
613.7,-0.3608
613.8,-0.8003
613.9,-0.7506
614.0,-0.6984
614.1,-1.0196
614.2,-1.1295
614.3,-1.1210
614.4,-1.1140
614.5,-1.1845
614.6,-1.2795
614.7,-1.2655
614.8,-1.3566
614.9,-1.2150
615.0,-1.2523
615.1,-1.1038
615.2,-0.8653
615.3,-0.9009
615.4,-0.5058
615.5,-0.5799
615.6,-0.2090
615.7,-0.2238
615.8,0.0450
615.9,0.1379
616.0,0.3936
616.1,0.5620
616.2,0.6056
616.3,0.8829
616.4,0.9418
616.5,0.9658
616.6,1.1640
616.7,1.3912
616.8,1.2651
616.9,1.2303
617.0,1.3200
617.1,1.1586
617.2,1.1676
617.3,0.9821
617.4,1.0732
617.5,0.8842
617.6,0.9723
617.7,0.6228
617.8,0.6159
617.9,0.4825
618.0,0.3597
618.1,0.3116
618.2,0.0861
618.3,-0.1355
618.4,-0.1711
618.5,-0.2139
618.6,-0.3826
618.7,-0.4407
618.8,-0.7204
618.9,-0.6643
619.0,-0.8606
619.1,-0.9616
619.2,-1.0707
619.3,-1.0930
619.4,-1.1389
619.5,-1.1953
619.6,-1.3181
619.7,-1.3466
619.8,-1.1469
619.9,-1.2220
620.0,-1.1136
620.1,-1.0505
620.2,-0.8674
620.3,-0.7095
620.4,-0.6838
620.5,-0.4209
620.6,-0.2762
620.7,0.0153
620.8,0.2226
620.9,0.2217
621.0,0.4329
621.1,0.5454
621.2,0.7078
621.3,0.9837
621.4,0.9382
621.5,1.0087
621.6,1.2943
621.7,1.3321
621.8,1.2372
621.9,1.3269
622.0,1.1948
622.1,1.1455
622.2,1.3141
622.3,0.9977
622.4,0.9982
622.5,0.9137
622.6,0.7931
622.7,0.5690
622.8,0.4775
622.9,0.2584
623.0,0.2700
623.1,0.0671
623.2,0.1448
623.3,-0.1898
623.4,-0.4450
623.5,-0.5200
623.6,-0.3783
623.7,-0.5748
623.8,-0.7701
623.9,-0.7985
624.0,-1.0582
624.1,-1.0467
624.2,-1.1150
624.3,-1.2109
624.4,-1.3544
624.5,-1.1624
624.6,-1.1644
624.7,-1.2281
624.8,-1.2662
624.9,-1.0919
625.0,-1.0786
625.1,-0.8488
625.2,-0.7979
625.3,-0.7484
625.4,-0.4654
625.5,-0.2478
625.6,-0.1246
625.7,0.0715
625.8,0.2913
625.9,0.4109
626.0,0.7007
626.1,0.8235
626.2,0.9195
626.3,0.9867
626.4,1.0595
626.5,1.1809
626.6,1.2040
626.7,1.2523
626.8,1.2152
626.9,1.2031
627.0,1.0031
627.1,1.0982
627.2,1.1415
627.3,0.9683
627.4,0.8406
627.5,0.8515
627.6,0.5469
627.7,0.4819
627.8,0.4890
627.9,0.2508
628.0,0.0981
628.1,0.0617
628.2,0.0098
628.3,-0.1023
628.4,-0.4570
628.5,-0.5289
628.6,-0.5286
628.7,-0.7922
628.8,-0.9494
628.9,-0.9706
629.0,-0.8994
629.1,-1.1823
629.2,-1.1257
629.3,-1.2466
629.4,-1.1870
629.5,-1.2344
629.6,-1.2632
629.7,-1.2280
629.8,-1.1483
629.9,-1.1351
630.0,-0.9165
630.1,-0.7863
630.2,-0.7354
630.3,-0.5585
630.4,-0.3513
630.5,-0.0346
630.6,0.1226
630.7,0.1583
630.8,0.4614
630.9,0.7053
631.0,0.6627
631.1,0.8963
631.2,1.0235
631.3,1.2588
631.4,1.2132
631.5,1.1927
631.6,1.1129
631.7,1.2962
631.8,1.2189
631.9,1.2867
632.0,1.1536
632.1,0.8915
632.2,0.9642
632.3,0.9761
632.4,0.8365
632.5,0.6303
632.6,0.6779
632.7,0.3542
632.8,0.2853
632.9,0.1127
633.0,0.0577
633.1,-0.2155
633.2,-0.2382
633.3,-0.4747
633.4,-0.2486
633.5,-0.5392
633.6,-0.8133
633.7,-0.7331
633.8,-0.8934
633.9,-1.0211
634.0,-1.1383
634.1,-1.2038
634.2,-1.2734
634.3,-1.2112
634.4,-1.3350
634.5,-1.2053
634.6,-1.1087
634.7,-1.1672
634.8,-0.9855
634.9,-1.1085
635.0,-0.9207
635.1,-0.7549
635.2,-0.7105
635.3,-0.2822
635.4,-0.2786
635.5,0.0118
635.6,0.2531
635.7,0.3104
635.8,0.4654
635.9,0.7059
636.0,0.8246
636.1,0.9735
636.2,1.1575
636.3,1.2762
636.4,1.2450
636.5,1.2197
636.6,1.1405
636.7,1.1206
636.8,1.3741
636.9,1.1240
637.0,1.3730
637.1,1.1483
637.2,0.9149
637.3,0.8092
637.4,0.6930
637.5,0.4960
637.6,0.4775
637.7,0.3510
637.8,0.2540
637.9,0.0639
638.0,0.0716
638.1,-0.2280
638.2,-0.3869
638.3,-0.3742
638.4,-0.5211
638.5,-0.5321
638.6,-0.7480
638.7,-0.8540
638.8,-1.0059
638.9,-1.0153
639.0,-1.2281
639.1,-1.2179
639.2,-1.2720
639.3,-1.2686
639.4,-1.1425
639.5,-1.2631
639.6,-1.1932
639.7,-1.1506
639.8,-1.0275
639.9,-0.9203
640.0,-0.7804
640.1,-0.7436
640.2,-0.3840
640.3,-0.3334
640.4,-0.1494
640.5,0.0889
640.6,0.4482
640.7,0.4703
640.8,0.7097
640.9,0.7455
641.0,0.8395
641.1,0.9519
641.2,1.1804
641.3,1.1341
641.4,1.3718
641.5,1.3094
641.6,1.2390
641.7,1.3105
641.8,1.1024
641.9,0.9836
642.0,0.9865
642.1,0.9752
642.2,0.8898
642.3,0.8483
642.4,0.7133
642.5,0.5568
642.6,0.3312
642.7,0.1901
642.8,0.1015
642.9,0.0822
643.0,0.0089
643.1,-0.1451
643.2,-0.3812
643.3,-0.5222
643.4,-0.6553
643.5,-0.6536
643.6,-0.7950
643.7,-0.9272
643.8,-0.9485
643.9,-1.1600
644.0,-1.1401
644.1,-1.2646
644.2,-1.3316
644.3,-1.0865
644.4,-1.1784
644.5,-1.1919
644.6,-1.0471
644.7,-1.0410
644.8,-0.9509
644.9,-0.6637
645.0,-0.7114
645.1,-0.4130
645.2,-0.1715
645.3,-0.1518
645.4,0.1425
645.5,0.3385
645.6,0.3997
645.7,0.5462
645.8,0.9726
645.9,1.0235
646.0,1.0648
646.1,1.1687
646.2,1.2579
646.3,1.2586
646.4,1.2758
646.5,1.2604
646.6,1.3389
646.7,1.1777
646.8,1.0991
646.9,1.0890
647.0,1.0037
647.1,0.7639
647.2,0.6881
647.3,0.5577
647.4,0.4482
647.5,0.4088
647.6,0.2868
647.7,0.2078
647.8,0.0581
647.9,-0.0563
648.0,-0.1387
648.1,-0.3536
648.2,-0.5800
648.3,-0.5763
648.4,-0.8303
648.5,-0.8301
648.6,-0.9178
648.7,-0.9770
648.8,-1.0539
648.9,-1.1642
649.0,-1.1867
649.1,-1.2917
649.2,-1.4547
649.3,-1.1612
649.4,-1.2576
649.5,-1.2217
649.6,-1.1580
649.7,-0.9300
649.8,-0.7636
649.9,-0.7640
650.0,-0.5231
650.1,-0.4593
650.2,-0.0469
650.3,-0.0804
650.4,0.4709
650.5,0.2704
650.6,0.5129
650.7,0.7175
650.8,0.8137
650.9,0.9672
651.0,1.1696
651.1,1.1637
651.2,1.1397
651.3,1.0111
651.4,1.2479
651.5,1.1849
651.6,1.2683
651.7,1.1725
651.8,1.0866
651.9,1.1475
652.0,0.9306
652.1,0.7318
652.2,0.6171
652.3,0.5845
652.4,0.4796
652.5,0.2418
652.6,0.2480
652.7,0.2641
652.8,-0.0210
652.9,-0.1171
653.0,-0.2192
653.1,-0.4427
653.2,-0.6033
653.3,-0.7253
653.4,-0.7838
653.5,-0.9575
653.6,-1.0902
653.7,-0.9648
653.8,-1.2208
653.9,-1.2176
654.0,-1.3544
654.1,-1.2487
654.2,-1.1842
654.3,-1.2297
654.4,-1.0951
654.5,-1.0350
654.6,-1.1097
654.7,-1.0028
654.8,-0.8377
654.9,-0.5350
655.0,-0.3773
655.1,-0.3141
655.2,0.0286
655.3,0.1900
655.4,0.3120
655.5,0.6598
655.6,0.5372
655.7,0.9332
655.8,1.0594
655.9,1.0336
656.0,1.1474
656.1,1.2435
656.2,1.3769
656.3,1.2745
656.4,1.3432
656.5,1.3252
656.6,1.2562
656.7,1.0632
656.8,1.0283
656.9,1.0026
657.0,0.7960
657.1,0.6548
657.2,0.5251
657.3,0.5859
657.4,0.2347
657.5,0.1679
657.6,0.0118
657.7,-0.0275
657.8,-0.1789
657.9,-0.3773
658.0,-0.3620
658.1,-0.6540
658.2,-0.7266
658.3,-0.6950
658.4,-1.0432
658.5,-1.0591
658.6,-1.0203
658.7,-1.1756
658.8,-1.1863
658.9,-1.2358
659.0,-1.2681
659.1,-1.2882
659.2,-1.2464
659.3,-1.3360
659.4,-1.1789
659.5,-0.8921
659.6,-0.8762
659.7,-0.6304
659.8,-0.6532
659.9,-0.3449
660.0,-0.1675
660.1,-0.0765
660.2,0.0904
660.3,0.2050
660.4,0.4214
660.5,0.4379
660.6,0.6062
660.7,0.5348
660.8,0.7265
660.9,0.7243
661.0,0.8523
661.1,0.7595
661.2,0.8440
661.3,0.8394
661.4,0.9964
661.5,0.8511
661.6,0.8489
661.7,0.6454
661.8,0.6616
661.9,0.4433
662.0,0.3498
662.1,0.5785
662.2,0.3336
662.3,0.1555
662.4,0.2507
662.5,0.2246
662.6,-0.1342
662.7,-0.0966
662.8,-0.1951
662.9,-0.0664
663.0,-0.3560
663.1,-0.4947
663.2,-0.6092
663.3,-0.5951
663.4,-0.7273
663.5,-0.8463
663.6,-0.8585
663.7,-0.8501
663.8,-0.8257
663.9,-0.8885
664.0,-0.9425
664.1,-0.8644
664.2,-1.0125
664.3,-0.8313
664.4,-0.9024
664.5,-0.6654
664.6,-0.3849
664.7,-0.4635
664.8,-0.5723
664.9,-0.4095
665.0,-0.0885
665.1,0.1018
665.2,0.1485
665.3,0.3721
665.4,0.5503
665.5,0.5282
665.6,0.6513
665.7,0.6701
665.8,0.7302
665.9,0.7622
666.0,0.8885
666.1,0.9472
666.2,0.8037
666.3,0.9183
666.4,0.8383
666.5,0.7002
666.6,0.6722
666.7,0.7753
666.8,0.5233
666.9,0.5927
667.0,0.5270
667.1,0.3019
667.2,0.2709
667.3,0.1941
667.4,-0.0586
667.5,-0.0155
667.6,0.0759
667.7,-0.2639
667.8,-0.3036
667.9,-0.3483
668.0,-0.3777
668.1,-0.3680
668.2,-0.5412
668.3,-0.6478
668.4,-0.7301
668.5,-0.6990
668.6,-0.7861
668.7,-0.7547
668.8,-1.0248
668.9,-0.9718
669.0,-0.8848
669.1,-0.8639
669.2,-0.7264
669.3,-0.6986
669.4,-0.6666
669.5,-0.4458
669.6,-0.4276
669.7,-0.4054
669.8,-0.3307
669.9,-0.0597
670.0,-0.0894
670.1,0.1879
670.2,0.2206
670.3,0.4621
670.4,0.5544
670.5,0.6190
670.6,0.5181
670.7,0.8017
670.8,0.8638
670.9,0.9065
671.0,0.9503
671.1,0.8685
671.2,1.0251
671.3,0.8661
671.4,0.8237
671.5,0.8177
671.6,0.6383
671.7,0.5221
671.8,0.5935
671.9,0.4644
672.0,0.3490
672.1,0.1789
672.2,0.2074
672.3,0.0773
672.4,0.1081
672.5,-0.1388
672.6,0.0376
672.7,-0.0415
672.8,-0.1127
672.9,-0.3593
673.0,-0.3280
673.1,-0.4634
673.2,-0.5376
673.3,-0.6776
673.4,-0.7253
673.5,-0.7856
673.6,-0.7848
673.7,-0.8797
673.8,-0.8941
673.9,-0.9399
674.0,-0.8918
674.1,-0.9184
674.2,-0.7286
674.3,-0.7707
674.4,-0.6604
674.5,-0.5567
674.6,-0.5880
674.7,-0.3439
674.8,-0.1776
674.9,-0.0081
675.0,0.1508
675.1,0.1288
675.2,0.4037
675.3,0.5171
675.4,0.6828
675.5,0.6621
675.6,0.8651
675.7,0.7490
675.8,0.8611
675.9,0.9915
676.0,0.8656
676.1,0.8695
676.2,0.8027
676.3,0.8984
676.4,0.8652
676.5,0.7547
676.6,0.5257
676.7,0.6876
676.8,0.3366
676.9,0.4613
677.0,0.4394
677.1,0.1918
677.2,0.0369
677.3,0.0616
677.4,0.0681
677.5,-0.1591
677.6,-0.2486
677.7,-0.3313
677.8,-0.1933
677.9,-0.4086
678.0,-0.5511
678.1,-0.6836
678.2,-0.6474
678.3,-0.6585
678.4,-0.9355
678.5,-0.8265
678.6,-0.7861
678.7,-0.8846
678.8,-0.8762
678.9,-0.9281
679.0,-0.8432
679.1,-0.7270
679.2,-0.7174
679.3,-0.5708
679.4,-0.6377
679.5,-0.4550
679.6,-0.3916
679.7,-0.2222
679.8,-0.1100
679.9,0.0709
680.0,0.2697
680.1,0.3586
680.2,0.5167
680.3,0.5649
680.4,0.6755
680.5,0.7595
680.6,0.7719
680.7,0.8766
680.8,0.6815
680.9,0.8840
681.0,0.9775
681.1,0.9309
681.2,0.7455
681.3,0.8688
681.4,0.6565
681.5,0.5948
681.6,0.5281
681.7,0.4067
681.8,0.4444
681.9,0.3172
682.0,0.1606
682.1,0.2437
682.2,0.1451
682.3,-0.1334
682.4,-0.1028
682.5,-0.2199
682.6,-0.3276
682.7,-0.2535
682.8,-0.4422
682.9,-0.4428
683.0,-0.4774
683.1,-0.5885
683.2,-0.6202
683.3,-0.7955
683.4,-0.9513
683.5,-0.6979
683.6,-0.8756
683.7,-0.9053
683.8,-0.7962
683.9,-0.8216
684.0,-0.8173
684.1,-0.6326
684.2,-0.6627
684.3,-0.5102
684.4,-0.4443
684.5,-0.3665
684.6,-0.2551
684.7,0.0939
684.8,0.2531
684.9,0.2403
685.0,0.1938
685.1,0.4202
685.2,0.5676
685.3,0.4860
685.4,0.6209
685.5,0.9485
685.6,0.7887
685.7,0.8764
685.8,0.8416
685.9,0.7697
686.0,0.8651
686.1,0.8266
686.2,0.8348
686.3,0.6498
686.4,0.7796
686.5,0.4924
686.6,0.5314
686.7,0.4242
686.8,0.4195
686.9,0.1032
687.0,0.1046
687.1,0.1701
687.2,0.0817
687.3,-0.0176
687.4,-0.1831
687.5,-0.2352
687.6,-0.3461
687.7,-0.4869
687.8,-0.4851
687.9,-0.5112
688.0,-0.3605
688.1,-0.8405
688.2,-0.8391
688.3,-0.7638
688.4,-0.7570
688.5,-0.9057
688.6,-0.8815
688.7,-0.9228
688.8,-0.7676
688.9,-0.8464
689.0,-0.8889
689.1,-0.6140
689.2,-0.6105
689.3,-0.4736
689.4,-0.4851
689.5,-0.2104
689.6,-0.0799
689.7,0.0288
689.8,0.1168
689.9,0.1605
690.0,0.3360
690.1,0.3418
690.2,0.6147
690.3,0.7325
690.4,0.6533
690.5,0.8862
690.6,0.9842
690.7,0.8932
690.8,0.9528
690.9,0.8943
691.0,0.8835
691.1,0.7541
691.2,0.7466
691.3,0.6057
691.4,0.7701
691.5,0.6380
691.6,0.4760
691.7,0.3697
691.8,0.2400
691.9,0.3075
692.0,0.2479
692.1,-0.0825
692.2,-0.1123
692.3,-0.1174
692.4,-0.0338
692.5,-0.3793
692.6,-0.4915
692.7,-0.4746
692.8,-0.5365
692.9,-0.5330
693.0,-0.6424
693.1,-0.6892
693.2,-0.7531
693.3,-0.8237
693.4,-0.8910
693.5,-0.9526
693.6,-0.9355
693.7,-0.7604
693.8,-0.9087
693.9,-0.6626
694.0,-0.5835
694.1,-0.7325
694.2,-0.3576
694.3,-0.3226
694.4,-0.3538
694.5,-0.1281
694.6,-0.0040
694.7,0.1572
694.8,0.3626
694.9,0.3954
695.0,0.4799
695.1,0.4931
695.2,0.6058
695.3,0.6162
695.4,0.7686
695.5,0.8118
695.6,0.8741
695.7,0.8985
695.8,0.8532
695.9,0.7275
696.0,0.8685
696.1,0.7674
696.2,0.8447
696.3,0.6276
696.4,0.3484
696.5,0.4170
696.6,0.4886
696.7,0.3217
696.8,0.2022
696.9,0.0890
697.0,0.2101
697.1,-0.0713
697.2,-0.0401
697.3,-0.1847
697.4,-0.2376
697.5,-0.4553
697.6,-0.3911
697.7,-0.5305
697.8,-0.5367
697.9,-0.5960
698.0,-0.8230
698.1,-0.6848
698.2,-0.8084
698.3,-0.8127
698.4,-0.8630
698.5,-0.9109
698.6,-0.7674
698.7,-0.8745
698.8,-0.7797
698.9,-0.7256
699.0,-0.6273
699.1,-0.6413
699.2,-0.4291
699.3,-0.3279
699.4,-0.2613
699.5,-0.0464
699.6,0.0587
699.7,0.1913
699.8,0.2010
699.9,0.4431
700.0,0.6437
700.1,0.6239
700.2,0.7950
700.3,0.6640
700.4,0.9525
700.5,0.8805
700.6,0.8461
700.7,0.8294
700.8,0.8715
700.9,0.9498
701.0,0.7122
701.1,0.7371
701.2,0.5814
701.3,0.6236
701.4,0.5109
701.5,0.4073
701.6,0.2946
701.7,0.2280
701.8,0.3032
701.9,0.1547
702.0,-0.0934
702.1,0.0304
702.2,-0.2119
702.3,-0.2154
702.4,-0.3687
702.5,-0.6006
702.6,-0.4294
702.7,-0.4796
702.8,-0.6132
702.9,-0.6115
703.0,-0.7376
703.1,-0.8129
703.2,-0.8068
703.3,-0.7689
703.4,-0.7058
703.5,-0.8801
703.6,-0.8935
703.7,-0.7184
703.8,-0.7633
703.9,-0.6484
704.0,-0.5722
704.1,-0.4410
704.2,-0.1799
704.3,-0.2833
704.4,0.0341
704.5,0.1475
704.6,0.1482
704.7,0.3602
704.8,0.4903
704.9,0.6307
705.0,0.6257
705.1,0.5506
705.2,0.8930
705.3,0.7226
705.4,0.9879
705.5,0.8090
705.6,0.8538
705.7,0.8647
705.8,0.8867
705.9,1.0209
706.0,0.6199
706.1,0.8560
706.2,0.6536
706.3,0.5102
706.4,0.4537
706.5,0.3764
706.6,0.4063
706.7,0.2108
706.8,0.0406
706.9,0.0174
707.0,-0.0877
707.1,-0.0925
707.2,-0.2448
707.3,-0.2457
707.4,-0.4016
707.5,-0.4922
707.6,-0.6312
707.7,-0.6607
707.8,-0.7020
707.9,-0.8038
708.0,-0.7311
708.1,-0.8431
708.2,-0.7385
708.3,-0.8920
708.4,-0.9645
708.5,-0.9455
708.6,-0.8389
708.7,-0.7847
708.8,-0.6020
708.9,-0.6548
709.0,-0.4401
709.1,-0.4627
709.2,-0.2411
709.3,-0.1813
709.4,0.1136
709.5,0.1111
709.6,0.3068
709.7,0.3814
709.8,0.5328
709.9,0.5868
710.0,0.6456
710.1,0.8212
710.2,0.8603
710.3,0.9913
710.4,0.8438
710.5,0.8554
710.6,0.8032
710.7,0.9010
710.8,0.8426
710.9,0.8168
711.0,0.6724
711.1,0.5565
711.2,0.5128
711.3,0.4560
711.4,0.3972
711.5,0.2737
711.6,0.0825
711.7,0.1456
711.8,0.0138
711.9,-0.1162
712.0,-0.0407
712.1,-0.1614
712.2,-0.2050
712.3,-0.2852
712.4,-0.3757
712.5,-0.4436
712.6,-0.7400
712.7,-0.8358
712.8,-0.7570
712.9,-0.7485
713.0,-0.7909
713.1,-0.8361
713.2,-0.8365
713.3,-1.0060
713.4,-0.9071
713.5,-0.8351
713.6,-0.8031
713.7,-0.7921
713.8,-0.5056
713.9,-0.6588
714.0,-0.4023
714.1,-0.2412
714.2,-0.2470
714.3,-0.1284
714.4,0.1521
714.5,0.1561
714.6,0.3559
714.7,0.5632
714.8,0.5484
714.9,0.7343
715.0,0.7380
715.1,0.8502
715.2,0.8982
715.3,0.8693
715.4,0.8578
715.5,0.9014
715.6,0.8315
715.7,0.7384
715.8,0.7504
715.9,0.7487
716.0,0.6041
716.1,0.6012
716.2,0.5343
716.3,0.5244
716.4,0.2934
716.5,0.3219
716.6,0.1546
716.7,0.0268
716.8,-0.0016
716.9,-0.1341
717.0,-0.1538
717.1,-0.2045
717.2,-0.3275
717.3,-0.4001
717.4,-0.6484
717.5,-0.4983
717.6,-0.5854
717.7,-0.6310
717.8,-0.7699
717.9,-0.8343
718.0,-0.8545
718.1,-0.9736
718.2,-0.7971
718.3,-0.8734
718.4,-0.8485
718.5,-0.8246
718.6,-0.7796
718.7,-0.6965
718.8,-0.5100
718.9,-0.3822
719.0,-0.3817
719.1,-0.1802
719.2,-0.0621
719.3,-0.0076
719.4,0.2191
719.5,0.3480
719.6,0.4399
719.7,0.5100
719.8,0.4167
719.9,0.6856
720.0,1.2068
720.1,0.8799
720.2,0.9416
720.3,1.0729
720.4,1.1276
720.5,0.9893
720.6,0.8844
720.7,0.8498
720.8,0.6852
720.9,0.7724
721.0,0.6978
721.1,0.5214
721.2,0.4097
721.3,0.2905
721.4,0.3814
721.5,0.2066
721.6,0.0968
721.7,0.0018
721.8,-0.0107
721.9,-0.1850
722.0,-0.3138
722.1,-0.4339
722.2,-0.2922
722.3,-0.5379
722.4,-0.6868
722.5,-0.6570
722.6,-0.8393
722.7,-0.9284
722.8,-1.1019
722.9,-0.9415
723.0,-1.0242
723.1,-1.1115
723.2,-0.9915
723.3,-0.9831
723.4,-0.9375
723.5,-0.8677
723.6,-0.6331
723.7,-0.6031
723.8,-0.7254
723.9,-0.3702
724.0,-0.3580
724.1,-0.0627
724.2,0.0572
724.3,0.2304
724.4,0.2693
724.5,0.4188
724.6,0.6589
724.7,0.8007
724.8,0.9146
724.9,0.9361
725.0,1.0549
725.1,0.9522
725.2,1.1130
725.3,0.9181
725.4,1.1014
725.5,0.8830
725.6,0.9899
725.7,0.7955
725.8,0.8693
725.9,0.7258
726.0,0.5225
726.1,0.5796
726.2,0.4090
726.3,0.3425
726.4,0.2810
726.5,0.1374
726.6,0.1237
726.7,0.0154
726.8,-0.2606
726.9,-0.3453
727.0,-0.4680
727.1,-0.5403
727.2,-0.5083
727.3,-0.6726
727.4,-0.7018
727.5,-0.9190
727.6,-1.0265
727.7,-0.7934
727.8,-0.9725
727.9,-1.0445
728.0,-1.0529
728.1,-1.0204
728.2,-1.0635
728.3,-1.0372
728.4,-0.9932
728.5,-0.7785
728.6,-0.6835
728.7,-0.5301
728.8,-0.4164
728.9,-0.3169
729.0,-0.1777
729.1,-0.0015
729.2,0.1120
729.3,0.3603
729.4,0.3911
729.5,0.5500
729.6,0.5618
729.7,0.8862
729.8,0.9003
729.9,1.1107
730.0,1.0637
730.1,0.9550
730.2,0.9906
730.3,1.0358
730.4,0.9440
730.5,1.0185
730.6,0.9202
730.7,0.8570
730.8,0.6598
730.9,0.6030
731.0,0.6277
731.1,0.4645
731.2,0.2668
731.3,0.2183
731.4,0.1077
731.5,-0.0077
731.6,0.0761
731.7,-0.1812
731.8,-0.3033
731.9,-0.3801
732.0,-0.3904
732.1,-0.6118
732.2,-0.6965
732.3,-0.7200
732.4,-0.7465
732.5,-0.9172
732.6,-0.9416
732.7,-1.1039
732.8,-0.8951
732.9,-0.9724
733.0,-0.9187
733.1,-1.0260
733.2,-1.0702
733.3,-0.8434
733.4,-0.7881
733.5,-0.6928
733.6,-0.7388
733.7,-0.3286
733.8,-0.3276
733.9,-0.2916
734.0,-0.0409
734.1,0.0826
734.2,0.3019
734.3,0.3701
734.4,0.4997
734.5,0.7760
734.6,0.7278
734.7,0.7313
734.8,1.0657
734.9,1.1220
735.0,1.2476
735.1,1.0689
735.2,0.8842
735.3,1.0763
735.4,0.9906
735.5,0.9465
735.6,0.8063
735.7,0.6667
735.8,0.8094
735.9,0.5914
736.0,0.5175
736.1,0.4500
736.2,0.4177
736.3,0.1723
736.4,0.1121
736.5,-0.0086
736.6,-0.1640
736.7,-0.1867
736.8,-0.3488
736.9,-0.4498
737.0,-0.3225
737.1,-0.7121
737.2,-0.7990
737.3,-0.9046
737.4,-0.8611
737.5,-1.0070
737.6,-1.0551
737.7,-0.9868
737.8,-1.0810
737.9,-1.1663
738.0,-0.9071
738.1,-0.9590
738.2,-1.0258
738.3,-0.7837
738.4,-0.6917
738.5,-0.6978
738.6,-0.4750
738.7,-0.3362
738.8,-0.3662
738.9,0.0513
739.0,0.1587
739.1,0.2775
739.2,0.3642
739.3,0.6640
739.4,0.6934
739.5,0.6198
739.6,0.7780
739.7,1.0239
739.8,0.9031
739.9,1.0276
740.0,1.0965
740.1,0.9696
740.2,0.9954
740.3,0.8825
740.4,1.0754
740.5,0.9246
740.6,0.8606
740.7,0.6533
740.8,0.6272
740.9,0.4677
741.0,0.3332
741.1,0.3850
741.2,0.3409
741.3,0.1803
741.4,0.0634
741.5,-0.0895
741.6,-0.1413
741.7,-0.3427
741.8,-0.2497
741.9,-0.4977
742.0,-0.6561
742.1,-0.6992
742.2,-0.5397
742.3,-0.6703
742.4,-1.0609
742.5,-0.9592
742.6,-1.0676
742.7,-1.0754
742.8,-1.0508
742.9,-0.9921
743.0,-0.9860
743.1,-0.9736
743.2,-0.8510
743.3,-0.9432
743.4,-0.7006
743.5,-0.5675
743.6,-0.5143
743.7,-0.2557
743.8,-0.0930
743.9,0.0285
744.0,0.2026
744.1,0.4805
744.2,0.3889
744.3,0.5769
744.4,0.6786
744.5,0.8301
744.6,0.8881
744.7,0.9402
744.8,1.0830
744.9,0.9577
745.0,1.0698
745.1,1.0405
745.2,0.9844
745.3,0.8171
745.4,0.7854
745.5,0.7552
745.6,0.7042
745.7,0.7186
745.8,0.4815
745.9,0.4495
746.0,0.3833
746.1,0.1458
746.2,0.0217
746.3,0.1179
746.4,-0.1626
746.5,-0.2104
746.6,-0.2488
746.7,-0.1906
746.8,-0.4676
746.9,-0.5872
747.0,-0.6631
747.1,-0.6825
747.2,-0.7652
747.3,-0.9917
747.4,-0.9765
747.5,-1.0224
747.6,-1.1572
747.7,-1.0215
747.8,-0.9945
747.9,-1.0026
748.0,-1.0167
748.1,-0.9279
748.2,-0.7296
748.3,-0.7732
748.4,-0.6892
748.5,-0.3324
748.6,-0.4653
748.7,-0.0940
748.8,0.0313
748.9,0.0705
749.0,0.2900
749.1,0.3343
749.2,0.5786
749.3,0.7931
749.4,0.8162
749.5,0.7504
749.6,1.0220
749.7,1.0306
749.8,0.9496
749.9,1.0594
750.0,1.1758
750.1,1.0239
750.2,0.7914
750.3,1.0444
750.4,0.8187
750.5,0.6299
750.6,0.6207
750.7,0.4165
750.8,0.5649
750.9,0.4117
751.0,0.2613
751.1,0.2118
751.2,0.0430
751.3,-0.1180
751.4,-0.1128
751.5,-0.2211
751.6,-0.3934
751.7,-0.3769
751.8,-0.6213
751.9,-0.7550
752.0,-0.6770
752.1,-0.7556
752.2,-0.9518
752.3,-1.0261
752.4,-0.8384
752.5,-1.2408
752.6,-1.0863
752.7,-0.9919
752.8,-1.0511
752.9,-1.0451
753.0,-0.8835
753.1,-0.6625
753.2,-0.6673
753.3,-0.7439
753.4,-0.5971
753.5,-0.4065
753.6,-0.2964
753.7,-0.0074
753.8,0.0907
753.9,0.2210
754.0,0.2688
754.1,0.4822
754.2,0.6188
754.3,0.9637
754.4,0.9698
754.5,0.9688
754.6,1.0522
754.7,1.0806
754.8,1.0433
754.9,1.0644
755.0,1.0773
755.1,1.0471
755.2,0.8346
755.3,0.8146
755.4,0.7070
755.5,0.5903
755.6,0.6441
755.7,0.5915
755.8,0.5240
755.9,0.3180
756.0,0.0597
756.1,0.1520
756.2,-0.0696
756.3,0.0072
756.4,-0.1252
756.5,-0.4026
756.6,-0.2861
756.7,-0.4198
756.8,-0.7204
756.9,-0.5974
757.0,-0.7952
757.1,-0.7155
757.2,-0.8371
757.3,-0.9463
757.4,-1.0079
757.5,-1.1340
757.6,-0.9292
757.7,-1.1595
757.8,-1.0445
757.9,-1.0309
758.0,-0.7543
758.1,-0.9091
758.2,-0.6726
758.3,-0.4885
758.4,-0.2778
758.5,-0.3336
758.6,-0.0943
758.7,-0.0218
758.8,0.2070
758.9,0.4015
759.0,0.5749
759.1,0.7335
759.2,0.6910
759.3,0.8831
759.4,0.9873
759.5,0.9687
759.6,1.0148
759.7,1.0805
759.8,0.9434
759.9,0.9654
760.0,0.9314
760.1,0.8770
760.2,0.9630
760.3,0.8900
760.4,0.6527
760.5,0.5447
760.6,0.5164
760.7,0.4849
760.8,0.3765
760.9,0.2635
761.0,0.1188
761.1,-0.0030
761.2,-0.1703
761.3,-0.1930
761.4,-0.2157
761.5,-0.4424
761.6,-0.4347
761.7,-0.6808
761.8,-0.7487
761.9,-0.8142
762.0,-0.8654
762.1,-0.7325
762.2,-0.8726
762.3,-0.9759
762.4,-1.1418
762.5,-0.9584
762.6,-0.9661
762.7,-1.1261
762.8,-0.9026
762.9,-0.9793
763.0,-0.7502
763.1,-0.5889
763.2,-0.5043
763.3,-0.4973
763.4,-0.2998
763.5,-0.3801
763.6,0.1456
763.7,0.0915
763.8,0.3968
763.9,0.5274
764.0,0.3855
764.1,0.8270
764.2,0.7208
764.3,0.8961
764.4,0.8678
764.5,0.9836
764.6,0.9663
764.7,1.0207
764.8,1.0329
764.9,0.9748
765.0,0.8620
765.1,0.9649
765.2,0.7693
765.3,0.7728
765.4,0.4791
765.5,0.5176
765.6,0.2913
765.7,0.3980
765.8,0.2789
765.9,0.2303
766.0,0.0392
766.1,-0.1616
766.2,-0.1164
766.3,-0.2774
766.4,-0.3203
766.5,-0.4459
766.6,-0.6505
766.7,-0.4964
766.8,-0.6175
766.9,-0.7595
767.0,-0.8500
767.1,-0.9464
767.2,-1.0850
767.3,-0.8695
767.4,-1.1362
767.5,-1.0872
767.6,-1.0556
767.7,-1.0368
767.8,-0.9501
767.9,-0.8777
768.0,-0.7627
768.1,-0.6084
768.2,-0.4451
768.3,-0.2315
768.4,-0.1607
768.5,-0.0433
768.6,0.1900
768.7,0.3608
768.8,0.2644
768.9,0.5206
769.0,0.6979
769.1,0.8737
769.2,0.7014
769.3,0.9261
769.4,1.0906
769.5,1.0458
769.6,1.0221
769.7,1.0645
769.8,1.0604
769.9,1.0451
770.0,0.9944
770.1,0.8443
770.2,0.6583
770.3,0.6866
770.4,0.6981
770.5,0.6472
770.6,0.4358
770.7,0.2981
770.8,0.0530
770.9,0.1302
771.0,-0.0581
771.1,-0.0822
771.2,-0.1301
771.3,-0.3627
771.4,-0.5262
771.5,-0.5773
771.6,-0.5519
771.7,-0.6667
771.8,-0.7176
771.9,-0.8456
772.0,-0.9127
772.1,-0.9860
772.2,-1.0652
772.3,-0.8809
772.4,-0.9852
772.5,-0.8717
772.6,-1.0033
772.7,-0.9760
772.8,-0.8995
772.9,-0.7822
773.0,-0.7503
773.1,-0.5964
773.2,-0.4522
773.3,-0.1953
773.4,-0.0489
773.5,0.1723
773.6,0.0981
773.7,0.3624
773.8,0.6802
773.9,0.6557
774.0,0.9073
774.1,0.9574
774.2,0.8259
774.3,1.1775
774.4,1.0623
774.5,1.1933
774.6,1.0185
774.7,1.0002
774.8,0.9217
774.9,0.9066
775.0,0.9112
775.1,0.8374
775.2,0.6452
775.3,0.6733
775.4,0.6698
775.5,0.3538
775.6,0.4221
775.7,0.1363
775.8,0.1747
775.9,0.0417
776.0,-0.1952
776.1,-0.1285
776.2,-0.3003
776.3,-0.3839
776.4,-0.4833
776.5,-0.5598
776.6,-0.6754
776.7,-0.7174
776.8,-0.7697
776.9,-0.9252
777.0,-0.8819
777.1,-1.1382
777.2,-1.1056
777.3,-0.9736
777.4,-0.9522
777.5,-1.0340
777.6,-0.9657
777.7,-0.8479
777.8,-0.8415
777.9,-0.7044
778.0,-0.6826
778.1,-0.4469
778.2,-0.2155
778.3,-0.0834
778.4,0.1435
778.5,0.1174
778.6,0.3873
778.7,0.5501
778.8,0.4831
778.9,0.7884
779.0,0.8026
779.1,0.9730
779.2,1.0915
779.3,0.7940
779.4,0.9391
779.5,1.0815
779.6,1.0590
779.7,1.1272
779.8,0.9379
779.9,0.8819
780.0,1.0535
780.1,1.0423
780.2,0.8190
780.3,0.8077
780.4,0.4569
780.5,0.3582
780.6,0.2371
780.7,0.0692
780.8,0.0123
780.9,0.0489
781.0,-0.2008
781.1,-0.4593
781.2,-0.5603
781.3,-0.5078
781.4,-0.7222
781.5,-0.7790
781.6,-0.9062
781.7,-0.9331
781.8,-1.1977
781.9,-1.2102
782.0,-1.2477
782.1,-1.2789
782.2,-1.3003
782.3,-1.3544
782.4,-1.2180
782.5,-1.1343
782.6,-0.9596
782.7,-1.0459
782.8,-0.9763
782.9,-0.5869
783.0,-0.6499
783.1,-0.3956
783.2,-0.1912
783.3,-0.0386
783.4,0.2641
783.5,0.3851
783.6,0.5618
783.7,0.7235
783.8,1.1053
783.9,1.1524
784.0,1.1706
784.1,1.1409
784.2,1.2446
784.3,1.2921
784.4,1.3019
784.5,1.2848
784.6,1.2351
784.7,1.2858
784.8,1.1750
784.9,1.0173
785.0,0.9393
785.1,0.9120
785.2,0.6736
785.3,0.5504
785.4,0.3230
785.5,0.1843
785.6,0.3200
785.7,-0.0029
785.8,-0.0471
785.9,-0.2955
786.0,-0.4558
786.1,-0.3731
786.2,-0.6330
786.3,-0.6739
786.4,-0.9144
786.5,-0.8709
786.6,-1.0081
786.7,-1.0681
786.8,-1.2971
786.9,-1.3057
787.0,-1.2072
787.1,-1.1610
787.2,-1.3111
787.3,-1.2724
787.4,-1.1751
787.5,-1.1050
787.6,-1.0567
787.7,-0.8562
787.8,-0.8540
787.9,-0.6178
788.0,-0.3267
788.1,-0.3943
788.2,-0.0486
788.3,0.2327
788.4,0.3210
788.5,0.4620
788.6,0.6385
788.7,0.8136
788.8,0.9089
788.9,0.9973
789.0,1.1066
789.1,1.1558
789.2,1.2585
789.3,1.2841
789.4,1.3536
789.5,1.1819
789.6,1.2680
789.7,1.0373
789.8,0.9992
789.9,0.9216
790.0,0.8492
790.1,0.7129
790.2,0.7038
790.3,0.4164
790.4,0.3161
790.5,0.2798
790.6,0.0162
790.7,-0.1025
790.8,-0.0330
790.9,-0.2524
791.0,-0.3530
791.1,-0.4759
791.2,-0.6113
791.3,-0.7536
791.4,-0.8565
791.5,-1.0570
791.6,-1.2272
791.7,-1.1573
791.8,-1.1674
791.9,-1.3578
792.0,-1.3456
792.1,-1.1693
792.2,-1.2923
792.3,-1.2548
792.4,-1.1066
792.5,-1.0128
792.6,-0.9490
792.7,-0.8134
792.8,-0.6446
792.9,-0.4080
793.0,-0.4221
793.1,0.1091
793.2,0.1557
793.3,0.3256
793.4,0.5923
793.5,0.6823
793.6,0.7885
793.7,0.9396
793.8,1.0653
793.9,1.1151
794.0,1.2603
794.1,1.2492
794.2,1.2260
794.3,1.4016
794.4,1.3050
794.5,1.2712
794.6,1.1121
794.7,1.1240
794.8,1.0638
794.9,1.0579
795.0,0.6578
795.1,0.5888
795.2,0.4994
795.3,0.3349
795.4,0.2029
795.5,0.2211
795.6,-0.1182
795.7,-0.1015
795.8,-0.2924
795.9,-0.2891
796.0,-0.5461
796.1,-0.6596
796.2,-0.6634
796.3,-0.8276
796.4,-1.0168
796.5,-1.0577
796.6,-1.1382
796.7,-1.0696
796.8,-1.3137
796.9,-1.2364
797.0,-1.3729
797.1,-1.3806
797.2,-1.2168
797.3,-1.2223
797.4,-1.1507
797.5,-0.9333
797.6,-0.8013
797.7,-0.5537
797.8,-0.5361
797.9,-0.4629
798.0,-0.1669
798.1,-0.0562
798.2,0.3035
798.3,0.5054
798.4,0.6679
798.5,0.8337
798.6,0.9963
798.7,1.0580
798.8,1.3396
798.9,1.2297
799.0,1.2617
799.1,1.2725
799.2,1.2934
799.3,1.2307
799.4,1.3156
799.5,1.1189
799.6,1.0589
799.7,0.9853
799.8,0.8968
799.9,0.8194
800.0,0.6126
800.1,0.6527
800.2,0.3291
800.3,0.2852
800.4,0.1025
800.5,0.0905
800.6,-0.0998
800.7,-0.1001
800.8,-0.2886
800.9,-0.5481
801.0,-0.6691
801.1,-0.7493
801.2,-0.9090
801.3,-0.8871
801.4,-1.0102
801.5,-1.0833
801.6,-1.2101
801.7,-1.2693
801.8,-1.1802
801.9,-1.3316
802.0,-1.4043
802.1,-1.2215
802.2,-1.2446
802.3,-1.0563
802.4,-1.1149
802.5,-0.7642
802.6,-0.8795
802.7,-0.6024
802.8,-0.3367
802.9,-0.1139
803.0,0.0110
803.1,0.1494
803.2,0.3735
803.3,0.6708
803.4,0.6638
803.5,0.9323
803.6,1.0668
803.7,1.1331
803.8,1.1547
803.9,1.2388
804.0,1.4400
804.1,1.2545
804.2,1.3186
804.3,1.3294
804.4,1.2472
804.5,1.1761
804.6,1.0755
804.7,0.9018
804.8,0.7772
804.9,0.8977
805.0,0.6505
805.1,0.3636
805.2,0.1001
805.3,0.1119
805.4,-0.0497
805.5,-0.2167
805.6,-0.1489
805.7,-0.4110
805.8,-0.4113
805.9,-0.6680
806.0,-0.5994
806.1,-0.7178
806.2,-0.9390
806.3,-1.0503
806.4,-1.1774
806.5,-1.3414
806.6,-1.1084
806.7,-1.4987
806.8,-1.3505
806.9,-1.3457
807.0,-1.1914
807.1,-1.1331
807.2,-1.2928
807.3,-0.9902
807.4,-0.9419
807.5,-0.7226
807.6,-0.6100
807.7,-0.3873
807.8,-0.1875
807.9,-0.0628
808.0,0.1315
808.1,0.3723
808.2,0.6083
808.3,0.8576
808.4,0.8990
808.5,0.9867
808.6,1.1631
808.7,1.1868
808.8,1.1316
808.9,1.4132
809.0,1.4207
809.1,1.3801
809.2,1.2836
809.3,1.2837
809.4,1.1540
809.5,1.0860
809.6,1.0744
809.7,0.8036
809.8,0.7568
809.9,0.5568
810.0,0.3553
810.1,0.4938
810.2,0.2572
810.3,0.1560
810.4,0.0377
810.5,-0.0687
810.6,-0.2065
810.7,-0.3698
810.8,-0.4224
810.9,-0.6809
811.0,-0.7951
811.1,-0.9133
811.2,-1.0333
811.3,-1.1718
811.4,-1.1870
811.5,-1.1955
811.6,-1.2081
811.7,-1.4397
811.8,-1.3078
811.9,-1.3025
812.0,-1.2849
812.1,-1.1885
812.2,-1.1243
812.3,-1.0341
812.4,-0.7099
812.5,-0.6810
812.6,-0.4805
812.7,-0.2169
812.8,-0.1596
812.9,0.1227
813.0,0.2608
813.1,0.2983
813.2,0.7348
813.3,0.8239
813.4,0.9837
813.5,0.9643
813.6,1.0941
813.7,1.2958
813.8,1.2530
813.9,1.3215
814.0,1.2882
814.1,1.2357
814.2,1.2592
814.3,1.1432
814.4,1.0684
814.5,0.8681
814.6,0.7764
814.7,0.8042
814.8,0.7617
814.9,0.6581
815.0,0.5399
815.1,0.2450
815.2,0.2470
815.3,-0.0026
815.4,-0.0133
815.5,-0.2197
815.6,-0.2846
815.7,-0.6133
815.8,-0.7550
815.9,-0.6442
816.0,-0.9985
816.1,-1.0336
816.2,-0.9759
816.3,-1.0283
816.4,-1.1336
816.5,-1.1480
816.6,-1.4169
816.7,-1.3113
816.8,-1.2874
816.9,-1.3727
817.0,-1.3544
817.1,-1.1213
817.2,-1.1107
817.3,-0.8018
817.4,-0.7339
817.5,-0.6125
817.6,-0.2716
817.7,-0.0971
817.8,0.1524
817.9,0.2281
818.0,0.3870
818.1,0.6008
818.2,0.8568
818.3,0.9985
818.4,1.0517
818.5,1.1367
818.6,1.1345
818.7,1.2107
818.8,1.2450
818.9,1.2467
819.0,1.1300
819.1,1.3036
819.2,1.0857
819.3,0.9686
819.4,1.0029
819.5,0.9447
819.6,0.8625
819.7,0.6211
819.8,0.5697
819.9,0.4875
820.0,0.1963
820.1,-0.0424
820.2,0.0263
820.3,-0.1022
820.4,-0.2249
820.5,-0.3626
820.6,-0.4106
820.7,-0.5254
820.8,-0.7266
820.9,-0.8419
821.0,-0.9931
821.1,-1.0538
821.2,-1.0769
821.3,-1.2129
821.4,-1.0813
821.5,-1.3444
821.6,-1.4495
821.7,-1.1273
821.8,-1.3279
821.9,-1.2987
822.0,-1.1193
822.1,-0.9121
822.2,-0.9900
822.3,-0.7482
822.4,-0.6345
822.5,-0.4274
822.6,-0.0936
822.7,-0.0629
822.8,0.0738
822.9,0.3793
823.0,0.6009
823.1,0.6122
823.2,1.0406
823.3,1.0548
823.4,1.0347
823.5,1.1132
823.6,1.3851
823.7,1.1997
823.8,1.3049
823.9,1.3250
824.0,1.2533
824.1,1.2045
824.2,1.1518
824.3,1.0189
824.4,0.9120
824.5,0.8858
824.6,0.7158
824.7,0.6379
824.8,0.6332
824.9,0.3452
825.0,0.1968
825.1,0.0716
825.2,0.0032
825.3,-0.1519
825.4,-0.3141
825.5,-0.5541
825.6,-0.5695
825.7,-0.7640
825.8,-0.7596
825.9,-0.9291
826.0,-1.0009
826.1,-1.0875
826.2,-1.2242
826.3,-1.2337
826.4,-1.1893
826.5,-1.1752
826.6,-1.3325
826.7,-1.1528
826.8,-1.1570
826.9,-1.3179
827.0,-1.0974
827.1,-0.7555
827.2,-0.7254
827.3,-0.6272
827.4,-0.5006
827.5,-0.3819
827.6,-0.0981
827.7,0.1772
827.8,0.3893
827.9,0.5589
828.0,0.6912
828.1,0.7942
828.2,0.9447
828.3,1.1756
828.4,1.1226
828.5,1.3396
828.6,1.2428
828.7,1.2490
828.8,1.3205
828.9,1.3590
829.0,1.2130
829.1,1.2127
829.2,1.0924
829.3,1.0441
829.4,0.8603
829.5,0.6187
829.6,0.7770
829.7,0.5120
829.8,0.4694
829.9,0.1808
830.0,0.1740
830.1,-0.1423
830.2,-0.1956
830.3,-0.2680
830.4,-0.4142
830.5,-0.5674
830.6,-0.7834
830.7,-0.8379
830.8,-1.0307
830.9,-1.1041
831.0,-1.2315
831.1,-1.2429
831.2,-1.3006
831.3,-1.2567
831.4,-1.2464
831.5,-1.2154
831.6,-1.2139
831.7,-1.0988
831.8,-1.1727
831.9,-1.0684
832.0,-0.9088
832.1,-0.8920
832.2,-0.6060
832.3,-0.6553
832.4,-0.3715
832.5,-0.1608
832.6,0.0904
832.7,0.2201
832.8,0.4327
832.9,0.5598
833.0,0.6798
833.1,0.9349
833.2,1.1428
833.3,1.2035
833.4,1.1728
833.5,1.1695
833.6,1.2440
833.7,1.2507
833.8,1.1945
833.9,1.2082
834.0,1.2783
834.1,1.0803
834.2,0.8492
834.3,0.9392
834.4,0.8822
834.5,0.7522
834.6,0.5591
834.7,0.4397
834.8,0.1989
834.9,0.1671
835.0,0.0591
835.1,-0.0733
835.2,-0.2833
835.3,-0.3248
835.4,-0.6117
835.5,-0.5994
835.6,-0.7774
835.7,-0.6900
835.8,-0.9902
835.9,-1.1244
836.0,-1.1393
836.1,-1.2453
836.2,-1.3180
836.3,-1.4375
836.4,-1.3058
836.5,-1.3593
836.6,-1.3353
836.7,-1.2248
836.8,-1.0684
836.9,-1.0648
837.0,-0.8080
837.1,-0.7298
837.2,-0.5519
837.3,-0.2592
837.4,-0.2885
837.5,0.0651
837.6,0.1878
837.7,0.2965
837.8,0.6009
837.9,0.8677
838.0,0.9893
838.1,1.1570
838.2,1.1992
838.3,1.2153
838.4,1.2956
838.5,1.3358
838.6,1.3540
838.7,1.2554
838.8,1.2083
838.9,1.0788
839.0,1.3201
839.1,1.1137
839.2,0.8045
839.3,0.8449
839.4,0.7476
839.5,0.5545
839.6,0.5135
839.7,0.3788
839.8,0.2739
839.9,-0.0496
840.0,0.0241
840.1,-0.1390
840.2,-0.1363
840.3,-0.1952
840.4,-0.3198
840.5,-0.3002
840.6,-0.4115
840.7,-0.4842
840.8,-0.5486
840.9,-0.6977
841.0,-0.6352
841.1,-0.7928
841.2,-0.8210
841.3,-0.7776
841.4,-0.7816
841.5,-0.7254
841.6,-0.4783
841.7,-0.7013
841.8,-0.6549
841.9,-0.4027
842.0,-0.4170
842.1,-0.3071
842.2,-0.1765
842.3,-0.2008
842.4,0.0325
842.5,-0.0174
842.6,0.2028
842.7,0.3397
842.8,0.3942
842.9,0.4876
843.0,0.6469
843.1,0.7820
843.2,0.5926
843.3,0.6861
843.4,0.6728
843.5,0.7636
843.6,0.8226
843.7,0.4732
843.8,0.7659
843.9,0.7136
844.0,0.6399
844.1,0.5614
844.2,0.4878
844.3,0.4400
844.4,0.2737
844.5,0.3063
844.6,0.3801
844.7,0.1346
844.8,0.0887
844.9,0.0631
845.0,-0.0750
845.1,-0.0770
845.2,-0.2810
845.3,-0.2601
845.4,-0.5416
845.5,-0.3992
845.6,-0.4267
845.7,-0.5770
845.8,-0.5397
845.9,-0.6904
846.0,-0.6564
846.1,-0.6659
846.2,-0.5636
846.3,-0.7776
846.4,-0.7019
846.5,-0.6346
846.6,-0.6490
846.7,-0.5631
846.8,-0.4558
846.9,-0.4368
847.0,-0.2461
847.1,-0.2627
847.2,-0.1173
847.3,-0.0445
847.4,0.1242
847.5,0.1606
847.6,0.3785
847.7,0.4438
847.8,0.5105
847.9,0.5725
848.0,0.5841
848.1,0.5826
848.2,0.6644
848.3,0.7415
848.4,0.7410
848.5,0.7776
848.6,0.6535
848.7,0.6700
848.8,0.6620
848.9,0.6125
849.0,0.6112
849.1,0.4292
849.2,0.5621
849.3,0.4182
849.4,0.3430
849.5,0.1849
849.6,0.1062
849.7,0.1204
849.8,-0.0484
849.9,-0.0365
850.0,-0.1561
850.1,-0.3173
850.2,-0.3785
850.3,-0.4245
850.4,-0.3812
850.5,-0.4331
850.6,-0.6970
850.7,-0.6848
850.8,-0.7519
850.9,-0.7159
851.0,-0.7726
851.1,-0.6405
851.2,-0.7183
851.3,-0.6857
851.4,-0.6466
851.5,-0.6731
851.6,-0.6118
851.7,-0.5997
851.8,-0.2920
851.9,-0.5147
852.0,-0.2576
852.1,-0.2206
852.2,-0.1761
852.3,0.0005
852.4,0.0501
852.5,0.0986
852.6,0.3606
852.7,0.5831
852.8,0.5494
852.9,0.5627
853.0,0.6847
853.1,0.7202
853.2,0.7420
853.3,0.7944
853.4,0.6331
853.5,0.6800
853.6,0.5787
853.7,0.7520
853.8,0.5206
853.9,0.6195
854.0,0.5329
854.1,0.5414
854.2,0.4459
854.3,0.3896
854.4,0.2264
854.5,0.1650
854.6,0.0865
854.7,-0.0604
854.8,-0.0241
854.9,-0.1253
855.0,-0.1910
855.1,-0.3088
855.2,-0.3176
855.3,-0.4085
855.4,-0.5512
855.5,-0.5127
855.6,-0.4724
855.7,-0.6772
855.8,-0.6670
855.9,-0.6297
856.0,-0.6395
856.1,-0.7003
856.2,-0.7902
856.3,-0.7489
856.4,-0.5828
856.5,-0.6122
856.6,-0.4747
856.7,-0.4609
856.8,-0.3709
856.9,-0.3455
857.0,-0.3194
857.1,-0.1769
857.2,0.0666
857.3,0.1867
857.4,0.1679
857.5,0.3325
857.6,0.3484
857.7,0.3805
857.8,0.5819
857.9,0.7576
858.0,0.6217
858.1,0.7285
858.2,0.7565
858.3,0.6916
858.4,0.8579
858.5,0.7249
858.6,0.6531
858.7,0.5701
858.8,0.4977
858.9,0.3445
859.0,0.4894
859.1,0.3868
859.2,0.1175
859.3,0.2671
859.4,0.2316
859.5,0.1491
859.6,0.1215
859.7,-0.0974
859.8,-0.1538
859.9,-0.2756
860.0,-0.2847
860.1,-0.3408
860.2,-0.4283
860.3,-0.3386
860.4,-0.4666
860.5,-0.6104
860.6,-0.6054
860.7,-0.6053
860.8,-0.6394
860.9,-0.6089
861.0,-0.7737
861.1,-0.8208
861.2,-0.6305
861.3,-0.7600
861.4,-0.5077
861.5,-0.6339
861.6,-0.5320
861.7,-0.3865
861.8,-0.4311
861.9,-0.2042
862.0,-0.1526
862.1,-0.1670
862.2,-0.0265
862.3,0.1264
862.4,0.3963
862.5,0.4918
862.6,0.4523
862.7,0.5644
862.8,0.5863
862.9,0.7137
863.0,0.7091
863.1,0.7887
863.2,0.7563
863.3,0.7151
863.4,0.6607
863.5,0.5374
863.6,0.6542
863.7,0.5599
863.8,0.4797
863.9,0.5170
864.0,0.2828
864.1,0.2180
864.2,0.2610
864.3,0.1980
864.4,0.1517
864.5,0.0169
864.6,0.1299
864.7,-0.0529
864.8,-0.2177
864.9,-0.3101
865.0,-0.1822
865.1,-0.2376
865.2,-0.2267
865.3,-0.5242
865.4,-0.5357
865.5,-0.5683
865.6,-0.6983
865.7,-0.6490
865.8,-0.7131
865.9,-0.7000
866.0,-0.6811
866.1,-0.7906
866.2,-0.7062
866.3,-0.6955
866.4,-0.6636
866.5,-0.6058
866.6,-0.3551
866.7,-0.1509
866.8,-0.2137
866.9,-0.2157
867.0,-0.1384
867.1,0.0993
867.2,0.2887
867.3,0.2220
867.4,0.3957
867.5,0.4865
867.6,0.7161
867.7,0.4305
867.8,0.6246
867.9,0.6729
868.0,0.6913
868.1,0.6275
868.2,0.7343
868.3,0.7490
868.4,0.7185
868.5,0.5592
868.6,0.4360
868.7,0.3857
868.8,0.5725
868.9,0.3581
869.0,0.4006
869.1,0.2317
869.2,0.1426
869.3,0.1777
869.4,0.0666
869.5,-0.0944
869.6,-0.0818
869.7,0.0113
869.8,-0.0670
869.9,-0.2954
870.0,-0.3618
870.1,-0.3322
870.2,-0.4579
870.3,-0.4860
870.4,-0.6255
870.5,-0.8140
870.6,-0.7576
870.7,-0.7166
870.8,-0.6438
870.9,-0.6677
871.0,-0.6672
871.1,-0.7101
871.2,-0.6312
871.3,-0.6300
871.4,-0.5174
871.5,-0.5368
871.6,-0.2620
871.7,-0.4068
871.8,-0.0904
871.9,-0.1816
872.0,0.0201
872.1,0.1814
872.2,0.1312
872.3,0.3801
872.4,0.4002
872.5,0.5809
872.6,0.7153
872.7,0.6363
872.8,0.6749
872.9,0.7654
873.0,0.7075
873.1,0.7264
873.2,0.7448
873.3,0.7257
873.4,0.6717
873.5,0.6003
873.6,0.5534
873.7,0.5562
873.8,0.3427
873.9,0.3567
874.0,0.3194
874.1,0.3242
874.2,-0.0146
874.3,-0.0398
874.4,-0.0844
874.5,-0.0833
874.6,-0.0605
874.7,-0.2789
874.8,-0.3784
874.9,-0.2009
875.0,-0.3830
875.1,-0.5306
875.2,-0.5149
875.3,-0.5786
875.4,-0.6071
875.5,-0.6346
875.6,-0.6266
875.7,-0.5862
875.8,-0.6574
875.9,-0.7356
876.0,-0.6601
876.1,-0.6401
876.2,-0.5708
876.3,-0.5103
876.4,-0.6220
876.5,-0.3225
876.6,-0.3705
876.7,-0.1035
876.8,-0.0654
876.9,-0.1091
877.0,0.1247
877.1,0.2057
877.2,0.2414
877.3,0.4514
877.4,0.4653
877.5,0.4629
877.6,0.5773
877.7,0.5496
877.8,0.7721
877.9,0.7653
878.0,0.6999
878.1,0.6400
878.2,0.6513
878.3,0.6646
878.4,0.6801
878.5,0.4471
878.6,0.4356
878.7,0.5373
878.8,0.3574
878.9,0.2627
879.0,0.2847
879.1,0.1767
879.2,0.1632
879.3,-0.0130
879.4,-0.0228
879.5,-0.0837
879.6,-0.1198
879.7,-0.1053
879.8,-0.2881
879.9,-0.5207
880.0,-0.6102
880.1,-0.3952
880.2,-0.4120
880.3,-0.5812
880.4,-0.7210
880.5,-0.7793
880.6,-0.7056
880.7,-0.8056
880.8,-0.6190
880.9,-0.8098
881.0,-0.7129
881.1,-0.4911
881.2,-0.4878
881.3,-0.6755
881.4,-0.2912
881.5,-0.4011
881.6,-0.2553
881.7,-0.1401
881.8,0.0372
881.9,0.1100
882.0,0.2130
882.1,0.3419
882.2,0.3348
882.3,0.5087
882.4,0.4168
882.5,0.4546
882.6,0.6031
882.7,0.6373
882.8,0.7461
882.9,0.7792
883.0,0.7051
883.1,0.7393
883.2,0.6354
883.3,0.6564
883.4,0.5262
883.5,0.5581
883.6,0.3076
883.7,0.3564
883.8,0.4143
883.9,0.2558
884.0,0.1278
884.1,0.2134
884.2,-0.0148
884.3,-0.0361
884.4,-0.1569
884.5,-0.2498
884.6,-0.3407
884.7,-0.1934
884.8,-0.5055
884.9,-0.4962
885.0,-0.5304
885.1,-0.5505
885.2,-0.5518
885.3,-0.5193
885.4,-0.7036
885.5,-0.6300
885.6,-0.8270
885.7,-0.6469
885.8,-0.7733
885.9,-0.6276
886.0,-0.4489
886.1,-0.6543
886.2,-0.5283
886.3,-0.5260
886.4,-0.4420
886.5,-0.3107
886.6,-0.1951
886.7,-0.1411
886.8,0.0392
886.9,0.0133
887.0,0.3626
887.1,0.4011
887.2,0.4373
887.3,0.3457
887.4,0.5142
887.5,0.5770
887.6,0.5576
887.7,0.6660
887.8,0.7531
887.9,0.7591
888.0,0.7196
888.1,0.5876
888.2,0.5271
888.3,0.6553
888.4,0.5086
888.5,0.4244
888.6,0.4226
888.7,0.3694
888.8,0.2777
888.9,0.1049
889.0,0.1236
889.1,0.1126
889.2,0.0234
889.3,-0.0182
889.4,-0.0170
889.5,-0.2848
889.6,-0.2420
889.7,-0.3760
889.8,-0.3867
889.9,-0.3119
890.0,-0.5457
890.1,-0.5309
890.2,-0.7306
890.3,-0.5304
890.4,-0.6559
890.5,-0.6583
890.6,-0.7866
890.7,-0.7083
890.8,-0.7355
890.9,-0.6995
891.0,-0.5563
891.1,-0.5205
891.2,-0.4937
891.3,-0.5014
891.4,-0.3401
891.5,-0.1681
891.6,-0.1959
891.7,-0.0129
891.8,0.0652
891.9,0.1385
892.0,0.3798
892.1,0.3503
892.2,0.5870
892.3,0.6595
892.4,0.5703
892.5,0.7387
892.6,0.6850
892.7,0.5643
892.8,0.7242
892.9,0.7699
893.0,0.8124
893.1,0.6551
893.2,0.5626
893.3,0.5215
893.4,0.3986
893.5,0.5056
893.6,0.3485
893.7,0.3327
893.8,0.1487
893.9,0.0552
894.0,0.0528
894.1,0.1215
894.2,0.0298
894.3,-0.1191
894.4,-0.1746
894.5,-0.3695
894.6,-0.2489
894.7,-0.4229
894.8,-0.4712
894.9,-0.3471
895.0,-0.4303
895.1,-0.4578
895.2,-0.5328
895.3,-0.7607
895.4,-0.7803
895.5,-0.6299
895.6,-0.8157
895.7,-0.6277
895.8,-0.4853
895.9,-0.5970
896.0,-0.5667
896.1,-0.4370
896.2,-0.3721
896.3,-0.4348
896.4,-0.2317
896.5,-0.0516
896.6,-0.0553
896.7,0.0460
896.8,0.1972
896.9,0.2918
897.0,0.3829
897.1,0.5980
897.2,0.6543
897.3,0.5766
897.4,0.6742
897.5,0.8065
897.6,0.5373
897.7,0.6296
897.8,0.7194
897.9,0.5965
898.0,0.6468
898.1,0.4662
898.2,0.5369
898.3,0.2756
898.4,0.5034
898.5,0.2924
898.6,0.4182
898.7,0.1852
898.8,0.2048
898.9,0.2022
899.0,0.0857
899.1,0.0433
899.2,-0.0175
899.3,-0.1094
899.4,-0.3553
899.5,-0.3643
899.6,-0.4637
899.7,-0.3975
899.8,-0.4296
899.9,-0.5071
