time_s,eeg_uv
0.000000,3.607880
0.007812,17.891349
0.015625,22.345048
0.023438,21.653414
0.031250,17.508368
0.039062,10.505236
0.046875,0.542270
0.054688,-8.847705
0.062500,-20.277233
0.070312,-29.799421
0.078125,-29.047973
0.085938,-19.055721
0.093750,-8.668987
0.101562,4.114647
0.109375,14.929250
0.117188,17.752464
0.125000,14.228530
0.132812,9.311783
0.140625,2.700188
0.148438,-5.031774
0.156250,-17.012687
0.164062,-22.998764
0.171875,-28.546097
0.179688,-31.179147
0.187500,-22.169249
0.195312,-10.025348
0.203125,0.880223
0.210938,5.322894
0.218750,5.940550
0.226562,4.607112
0.234375,-0.991291
0.242188,-3.799556
0.250000,-9.733408
0.257812,-20.668653
0.265625,-31.515538
0.273438,-37.012283
0.281250,-33.255071
0.289062,-24.097021
0.296875,-12.163911
0.304688,1.842994
0.312500,8.104685
0.320312,7.041562
0.328125,3.081930
0.335938,-0.910602
0.343750,-5.232375
0.351562,-11.736984
0.359375,-20.503936
0.367188,-27.735673
0.375000,-31.306357
0.382812,-24.211357
0.390625,-14.436641
0.398438,-2.361792
0.406250,12.717199
0.414062,17.943822
0.421875,17.598135
0.429688,13.185633
0.437500,8.848719
0.445312,2.021273
0.453125,-4.564044
0.460938,-11.555309
0.468750,-17.666772
0.476562,-20.371887
0.484375,-16.805945
0.492188,-4.583180
0.500000,10.069566
0.507812,19.450001
0.515625,23.001313
0.523438,18.276563
0.531250,15.745758
0.539062,10.934553
0.546875,8.470328
0.554688,1.131029
0.562500,-7.528507
0.570312,-14.963883
0.578125,-13.805969
0.585938,-4.526930
0.593750,6.034258
0.601562,16.994059
0.609375,27.229196
0.617188,30.422317
0.625000,29.332623
0.632812,24.497101
0.640625,22.039244
0.648438,13.961301
0.656250,2.563870
0.664062,-4.630092
0.671875,-10.829500
0.679688,-10.222478
0.687500,-3.279049
0.695312,9.253831
0.703125,14.999624
0.710938,20.941355
0.718750,22.490835
0.726562,22.300503
0.734375,18.410506
0.742188,10.451392
0.750000,6.893086
0.757812,0.953351
0.765625,-7.493024
0.773438,-11.010880
0.781250,-5.656776
0.789062,2.880302
0.796875,14.334451
0.804688,25.872554
0.812500,29.474819
0.820312,27.998615
0.828125,26.762371
0.835938,21.653674
0.843750,13.276735
0.851562,5.363666
0.859375,-2.232999
0.867188,-7.407651
0.875000,-11.506453
0.882812,-9.086189
0.890625,-0.912779
0.898438,7.575292
0.906250,17.023694
0.914062,18.680193
0.921875,17.901937
0.929688,15.076756
0.937500,11.016879
0.945312,5.691173
0.953125,-0.805340
0.960938,-8.960481
0.968750,-13.035547
0.976562,-18.456532
0.984375,-12.611684
0.992188,-1.009510
1.000000,11.749900
1.007812,19.110402
1.015625,24.516422
1.023438,25.277540
1.031250,19.496335
1.039062,14.922530
1.046875,9.497026
1.054688,4.125100
1.062500,-9.076205
1.070312,-17.066865
1.078125,-19.515944
1.085938,-14.466179
1.093750,-4.024438
1.101562,4.274064
1.109375,10.685586
1.117188,15.238345
1.125000,12.471834
1.132812,11.214671
1.140625,7.784604
1.148438,3.271582
1.156250,-4.800742
1.164062,-10.198877
1.171875,-14.093475
1.179688,-13.301690
1.187500,-8.791982
1.195312,0.105271
1.203125,7.504307
1.210938,17.383269
1.218750,20.226255
1.226562,14.551449
1.234375,10.256671
1.242188,7.783063
1.250000,2.711666
1.257812,-7.864554
1.265625,-15.430436
1.273438,-19.185497
1.281250,-18.020657
1.289062,-10.057279
1.296875,1.355220
1.304688,8.489321
1.312500,13.137735
1.320312,17.245544
1.328125,13.463853
1.335938,9.981493
1.343750,7.735052
1.351562,3.250225
1.359375,-2.560330
1.367188,-8.317771
1.375000,-14.847979
1.382812,-14.572195
1.390625,-5.739689
1.398438,6.843851
1.406250,12.049010
1.414062,15.721029
1.421875,19.396522
1.429688,19.166612
1.437500,16.407703
1.445312,11.933249
1.453125,6.178952
1.460938,-2.533743
1.468750,-10.504702
1.476562,-12.105788
1.484375,-9.938908
1.492188,-1.351206
1.500000,7.090035
1.507812,15.876748
1.515625,19.405622
1.523438,21.888231
1.531250,19.388762
1.539062,16.404214
1.546875,9.834676
1.554688,4.675202
1.562500,-7.695247
1.570312,-16.745164
1.578125,-17.504184
1.585938,-14.699105
1.593750,-7.717549
1.601562,2.495496
1.609375,10.497244
1.617188,12.158691
1.625000,10.753804
1.632812,7.105485
1.640625,7.747849
1.648438,5.099932
1.656250,-1.626670
1.664062,-12.591412
1.671875,-19.434834
1.679688,-20.582322
1.687500,-15.722671
1.695312,-6.841802
1.703125,3.700607
1.710938,12.828459
1.718750,15.626418
1.726562,13.308846
1.734375,11.112118
1.742188,9.734686
1.750000,2.551870
1.757812,-6.888586
1.765625,-18.237733
1.773438,-25.368963
1.781250,-26.543032
1.789062,-18.716152
1.796875,-8.152723
1.804688,-1.872868
1.812500,5.286888
1.820312,11.442981
1.828125,11.584104
1.835938,10.535853
1.843750,6.676816
1.851562,-2.297496
1.859375,-10.245543
1.867188,-20.891574
1.875000,-26.633585
1.882812,-29.442866
1.890625,-22.309235
1.898438,-13.533464
1.906250,-1.104927
1.914062,1.649005
1.921875,1.439234
1.929688,3.691270
1.937500,3.490794
1.945312,1.570883
1.953125,-7.151088
1.960938,-16.312434
1.968750,-24.348024
1.976562,-29.026480
1.984375,-29.831805
1.992188,-21.926687
2.000000,-9.815852
2.007812,0.584897
2.015625,8.897971
2.023438,10.185317
2.031250,6.865936
2.039062,3.658010
2.046875,-3.444097
2.054688,-13.903405
2.062500,-24.385077
2.070312,-31.772441
2.078125,-35.834966
2.085938,-32.862301
2.093750,-27.850314
2.101562,-14.265923
2.109375,-3.050349
2.117188,1.775328
2.125000,3.916176
2.132812,3.858665
2.140625,3.310309
2.148438,-2.232798
2.156250,-12.133968
2.164062,-24.762987
2.171875,-30.727874
2.179688,-35.344033
2.187500,-28.032388
2.195312,-17.178848
2.203125,-2.634935
2.210938,4.623562
2.218750,8.213240
2.226562,6.450403
2.234375,3.132504
2.242188,1.732413
2.250000,-7.794914
2.257812,-17.930974
2.265625,-29.970978
2.273438,-34.424337
2.281250,-34.928482
2.289062,-25.764163
2.296875,-14.878094
2.304688,-5.033094
2.312500,6.483393
2.320312,9.880087
2.328125,10.496332
2.335938,7.501195
2.343750,8.675760
2.351562,-1.278455
2.359375,-13.782521
2.367188,-24.339587
2.375000,-27.764682
2.382812,-27.770938
2.390625,-17.119034
2.398438,-5.625629
2.406250,6.373017
2.414062,14.589629
2.421875,15.938323
2.429688,14.597043
2.437500,16.595123
2.445312,12.038362
2.453125,1.150448
2.460938,-11.095893
2.468750,-24.334819
2.476562,-32.006212
2.484375,-30.746562
2.492188,-22.872033
2.500000,-9.007619
2.507812,2.014573
2.515625,8.077131
2.523438,7.785013
2.531250,6.757446
2.539062,4.791430
2.546875,-0.293943
2.554688,-11.227740
2.562500,-24.606433
2.570312,-32.438022
2.578125,-32.874358
2.585938,-30.479272
2.593750,-20.079037
2.601562,-4.403542
2.609375,7.833145
2.617188,16.604586
2.625000,20.711362
2.632812,15.844096
2.640625,12.549623
2.648438,6.586019
2.656250,-2.655784
2.664062,-13.791485
2.671875,-20.806038
2.679688,-17.791843
2.687500,-13.092615
2.695312,-4.344220
2.703125,10.251730
2.710938,19.345364
2.718750,23.790374
2.726562,20.388995
2.734375,16.514418
2.742188,12.159191
2.750000,2.471685
2.757812,-7.904293
2.765625,-23.468097
2.773438,-32.656016
2.781250,-30.564838
2.789062,-22.603073
2.796875,-7.930679
2.804688,1.900042
2.812500,11.237893
2.820312,12.729683
2.828125,12.840832
2.835938,11.352345
2.843750,4.174614
2.851562,-5.532416
2.859375,-16.022057
2.867188,-23.368465
2.875000,-25.388377
2.882812,-21.981335
2.890625,-12.428141
2.898438,3.065079
2.906250,13.923856
2.914062,23.793768
2.921875,28.296503
2.929688,26.951664
2.937500,20.785457
2.945312,14.303948
2.953125,5.971964
2.960938,-6.750966
2.968750,-19.211195
2.976562,-23.756447
2.984375,-21.202716
2.992188,-10.577419
3.000000,4.407200
3.007812,18.706759
3.015625,21.518604
3.023438,21.963188
3.031250,23.854633
3.039062,20.885579
3.046875,10.625567
3.054688,-0.557509
3.062500,-12.860150
3.070312,-22.048515
3.078125,-23.264108
3.085938,-18.106420
3.093750,-6.500239
3.101562,7.325728
3.109375,18.194962
3.117188,21.964880
3.125000,19.707542
3.132812,16.812391
3.140625,13.995322
3.148438,5.807673
3.156250,-3.121737
3.164062,-14.567646
3.171875,-21.781468
3.179688,-22.336509
3.187500,-12.819563
3.195312,0.877243
3.203125,14.567178
3.210938,21.326875
3.218750,23.764312
3.226562,21.410515
3.234375,16.677840
3.242188,12.648714
3.250000,3.313311
3.257812,-6.082258
3.265625,-14.382042
3.273438,-18.563762
3.281250,-18.518825
3.289062,-11.574188
3.296875,0.896622
3.304688,15.132644
3.312500,23.926955
3.320312,24.426491
3.328125,23.292951
3.335938,17.602535
3.343750,12.009893
3.351562,5.059829
3.359375,-6.692984
3.367188,-11.114902
3.375000,-15.281485
3.382812,-12.582956
3.390625,-1.686842
3.398438,13.681471
3.406250,24.805773
3.414062,32.240199
3.421875,33.199561
3.429688,23.314747
3.437500,16.859783
3.445312,9.148153
3.453125,-2.976535
3.460938,-11.865881
3.468750,-19.809020
3.476562,-20.757433
3.484375,-17.963818
3.492188,-5.115759
3.500000,6.978351
3.507812,13.530209
3.515625,14.550317
3.523438,16.406752
3.531250,10.142862
3.539062,5.534142
3.546875,-3.380937
3.554688,-12.893728
3.562500,-22.518002
3.570312,-29.289893
3.578125,-32.489929
3.585938,-24.363295
3.593750,-10.675394
3.601562,2.039234
3.609375,11.804198
3.617188,16.786890
3.625000,17.960659
3.632812,13.391107
3.640625,7.925934
3.648438,3.500788
3.656250,-8.242918
3.664062,-18.178139
3.671875,-25.545086
3.679688,-21.848435
3.687500,-14.940318
3.695312,-2.043155
3.703125,10.472702
3.710938,16.285211
3.718750,14.223432
3.726562,13.629275
3.734375,12.114283
3.742188,6.853847
3.750000,-2.173176
3.757812,-13.892802
3.765625,-21.190848
3.773438,-24.404495
3.781250,-22.934781
3.789062,-14.942123
3.796875,-3.237637
3.804688,6.419986
3.812500,11.371448
3.820312,14.337559
3.828125,14.563159
3.835938,12.132463
3.843750,7.636189
3.851562,0.214708
3.859375,-7.410239
3.867188,-13.541189
3.875000,-17.186042
3.882812,-13.040690
3.890625,-3.600110
3.898438,12.287914
3.906250,20.898373
3.914062,25.716428
3.921875,26.662279
3.929688,22.672245
3.937500,16.301644
3.945312,11.419518
3.953125,6.401731
3.960938,-0.037877
3.968750,-5.909379
3.976562,-8.474246
3.984375,-5.366487
3.992188,1.950653
4.000000,10.457683
4.007812,18.243614
4.015625,23.853613
4.023438,22.619223
4.031250,16.510027
4.039062,11.367210
4.046875,3.509039
4.054688,-5.237362
4.062500,-11.155754
4.070312,-19.712576
4.078125,-17.761409
4.085938,-14.201683
4.093750,-6.527835
4.101562,7.551494
4.109375,11.446958
4.117188,14.265760
4.125000,11.980847
4.132812,10.947668
4.140625,7.071699
4.148438,-0.594421
4.156250,-8.856099
4.164062,-16.547226
4.171875,-23.855155
4.179688,-25.998223
4.187500,-18.430200
4.195312,-6.387932
4.203125,6.788040
4.210938,9.415480
4.218750,12.174469
4.226562,11.164097
4.234375,6.239779
4.242188,4.646888
4.250000,-0.767233
4.257812,-8.198414
4.265625,-14.229115
4.273438,-20.298670
4.281250,-19.678158
4.289062,-16.507555
4.296875,-4.339323
4.304688,4.030646
4.312500,9.840478
4.320312,8.773836
4.328125,8.228594
4.335938,3.615620
4.343750,0.566847
4.351562,-2.493853
4.359375,-10.131106
4.367188,-19.086201
4.375000,-21.960634
4.382812,-18.415310
4.390625,-12.692827
4.398438,-1.258538
4.406250,5.269862
4.414062,6.630627
4.421875,7.461161
4.429688,5.675021
4.437500,4.614709
4.445312,-1.058852
4.453125,-6.603272
4.460938,-13.892126
4.468750,-18.308282
4.476562,-20.330204
4.484375,-15.955553
4.492188,-6.622100
4.500000,3.511877
4.507812,7.403943
4.515625,14.041326
4.523438,15.296735
4.531250,12.722167
4.539062,9.465671
4.546875,4.987576
4.554688,1.336242
4.562500,-6.031235
4.570312,-14.437125
4.578125,-17.683818
4.585938,-16.224565
4.593750,-7.703031
4.601562,3.538793
4.609375,10.792067
4.617188,13.570615
4.625000,12.798144
4.632812,9.787465
4.640625,6.905635
4.648438,2.555795
4.656250,-6.172581
4.664062,-13.819110
4.671875,-24.734078
4.679688,-26.362558
4.687500,-20.516345
4.695312,-11.875492
4.703125,-2.466261
4.710938,3.939712
4.718750,4.104884
4.726562,3.908693
4.734375,2.118612
4.742188,-4.014287
4.750000,-12.096050
4.757812,-20.059757
4.765625,-30.700810
4.773438,-38.229643
4.781250,-38.312277
4.789062,-33.074671
4.796875,-23.084299
4.804688,-16.540351
4.812500,-8.986583
4.820312,-6.602599
4.828125,-3.399448
4.835938,-7.156474
4.843750,-9.760456
4.851562,-14.033625
4.859375,-20.197876
4.867188,-27.092177
4.875000,-30.550373
4.882812,-29.778316
4.890625,-21.965163
4.898438,-11.563829
4.906250,-2.421510
4.914062,5.402823
4.921875,7.650136
4.929688,2.527747
4.937500,0.391360
4.945312,-3.994767
4.953125,-10.694232
4.960938,-14.601108
4.968750,-25.497303
4.976562,-30.903887
4.984375,-28.493040
4.992188,-22.552201
5.000000,-11.455748
5.007812,-4.418163
5.015625,-3.613900
5.023438,-2.822935
5.031250,-1.903041
5.039062,-2.659054
5.046875,-4.227641
5.054688,-13.783233
5.062500,-22.722793
5.070312,-28.996780
5.078125,-32.237575
5.085938,-31.213808
5.093750,-19.648914
5.101562,-9.192185
5.109375,-0.921043
5.117188,1.828718
5.125000,4.380665
5.132812,5.657153
5.140625,3.276652
5.148438,-1.081421
5.156250,-7.528499
5.164062,-21.176907
5.171875,-25.627627
5.179688,-26.655735
5.187500,-21.739028
5.195312,-10.871898
5.203125,0.153122
5.210938,5.436339
5.218750,11.568915
5.226562,12.570307
5.234375,10.159567
5.242188,8.392582
5.250000,0.556487
5.257812,-8.723885
5.265625,-17.295707
5.273438,-24.548294
5.281250,-22.706676
5.289062,-14.511626
5.296875,-6.242470
5.304688,2.375633
5.312500,12.012693
5.320312,15.482770
5.328125,20.882257
5.335938,20.970433
5.343750,15.843207
5.351562,6.347229
5.359375,-7.800975
5.367188,-17.065476
5.375000,-24.482201
5.382812,-24.732214
5.390625,-17.457434
5.398438,-5.966163
5.406250,7.346849
5.414062,13.249438
5.421875,16.037676
5.429688,16.039209
5.437500,13.231701
5.445312,11.638036
5.453125,4.176818
5.460938,-7.977639
5.468750,-17.096737
5.476562,-19.889261
5.484375,-18.939638
5.492188,-11.151017
5.500000,-0.938595
5.507812,8.456032
5.515625,15.499203
5.523438,20.470068
5.531250,20.710295
5.539062,21.612316
5.546875,14.463683
5.554688,5.336705
5.562500,-5.116695
5.570312,-14.979805
5.578125,-19.596342
5.585938,-15.271162
5.593750,-8.496210
5.601562,3.531149
5.609375,13.124212
5.617188,19.499579
5.625000,23.483861
5.632812,22.067599
5.640625,20.533156
5.648438,14.107075
5.656250,0.919200
5.664062,-10.808795
5.671875,-18.309266
5.679688,-21.033919
5.687500,-16.650853
5.695312,-6.909698
5.703125,3.628320
5.710938,15.344560
5.718750,21.679766
5.726562,21.934726
5.734375,17.415875
5.742188,15.531813
5.750000,7.962017
5.757812,-5.563814
5.765625,-16.916093
5.773438,-21.488264
5.781250,-19.640237
5.789062,-15.574915
5.796875,-3.725965
5.804688,9.767806
5.812500,20.806247
5.820312,26.015397
5.828125,25.800807
5.835938,21.662868
5.843750,16.611949
5.851562,9.761456
5.859375,-3.340671
5.867188,-17.708835
5.875000,-24.023366
5.882812,-22.307741
5.890625,-13.758991
5.898438,2.783333
5.906250,13.858004
5.914062,19.888842
5.921875,23.921251
5.929688,23.332346
5.937500,19.923230
5.945312,16.319020
5.953125,3.991936
5.960938,-10.741806
5.968750,-19.628628
5.976562,-24.733948
5.984375,-20.221540
5.992188,-11.982142
6.000000,1.940933
6.007812,9.818809
6.015625,16.615943
6.023438,20.171458
6.031250,20.653586
6.039062,18.642734
6.046875,14.049665
6.054688,4.757478
6.062500,-6.408341
6.070312,-17.083863
6.078125,-20.680088
6.085938,-14.871957
6.093750,-2.674187
6.101562,10.305912
6.109375,21.240960
6.117188,26.973592
6.125000,31.076384
6.132812,29.215893
6.140625,24.227311
6.148438,20.300122
6.156250,6.740571
6.164062,-3.592785
6.171875,-11.701294
6.179688,-11.997020
6.187500,-5.425277
6.195312,8.935605
6.203125,18.809488
6.210938,27.622370
6.218750,31.372365
6.226562,28.756991
6.234375,25.912838
6.242188,17.979569
6.250000,7.506689
6.257812,-3.880638
6.265625,-14.811252
6.273438,-21.421190
6.281250,-21.441349
6.289062,-11.057432
6.296875,0.706346
6.304688,14.423054
6.312500,21.628473
6.320312,23.185051
6.328125,23.943992
6.335938,21.781513
6.343750,18.136900
6.351562,5.263222
6.359375,-4.207131
6.367188,-13.764514
6.375000,-18.225224
6.382812,-14.377662
6.390625,-3.250325
6.398438,7.960967
6.406250,20.550249
6.414062,27.754040
6.421875,30.187113
6.429688,26.247362
6.437500,22.239684
6.445312,16.384846
6.453125,3.858750
6.460938,-7.155382
6.468750,-17.226659
6.476562,-21.277261
6.484375,-16.738804
6.492188,-3.713294
6.500000,7.835786
6.507812,16.263843
6.515625,22.020857
6.523438,24.031616
6.531250,19.546542
6.539062,15.127010
6.546875,7.313611
6.554688,-3.943289
6.562500,-16.117370
6.570312,-25.634765
6.578125,-28.133695
6.585938,-18.206473
6.593750,-5.708722
6.601562,7.234616
6.609375,18.198185
6.617188,22.901134
6.625000,23.456945
6.632812,21.582681
6.640625,15.189720
6.648438,7.152532
6.656250,-3.840868
6.664062,-15.083019
6.671875,-21.916925
6.679688,-23.085113
6.687500,-16.426930
6.695312,-3.727837
6.703125,8.197780
6.710938,19.171606
6.718750,21.143135
6.726562,21.639382
6.734375,17.424916
6.742188,12.794567
6.750000,7.443816
6.757812,-5.220478
6.765625,-15.031619
6.773438,-23.145636
6.781250,-20.675578
6.789062,-13.891858
6.796875,-0.626315
6.804688,10.856583
6.812500,17.498228
6.820312,20.558640
6.828125,16.674259
6.835938,12.153229
6.843750,5.388072
6.851562,-1.888519
6.859375,-11.653371
6.867188,-21.685086
6.875000,-22.949562
6.882812,-18.914200
6.890625,-9.168142
6.898438,2.382779
6.906250,10.529790
6.914062,17.942750
6.921875,18.401156
6.929688,13.694097
6.937500,6.743733
6.945312,-0.467263
6.953125,-8.532050
6.960938,-14.898957
6.968750,-21.091676
6.976562,-18.901146
6.984375,-13.902192
6.992188,-2.305525
7.000000,12.740515
7.007812,20.461832
7.015625,23.509501
7.023438,20.889903
7.031250,16.993774
7.039062,9.753470
7.046875,5.479419
7.054688,-3.557715
7.062500,-14.582502
7.070312,-22.946213
7.078125,-24.054837
7.085938,-18.545949
7.093750,-4.071655
7.101562,9.932348
7.109375,15.686094
7.117188,15.767845
7.125000,16.765220
7.132812,11.991285
7.140625,9.155462
7.148438,0.745004
7.156250,-8.826198
7.164062,-16.624360
7.171875,-20.947338
7.179688,-17.423682
7.187500,-6.819383
7.195312,8.253258
7.203125,19.811503
7.210938,22.183358
7.218750,23.455703
7.226562,21.025604
7.234375,16.008251
7.242188,12.544424
7.250000,10.176975
7.257812,2.471270
7.265625,-5.855167
7.273438,-10.754511
7.281250,-7.354447
7.289062,1.796145
7.296875,13.435585
7.304688,26.577236
7.312500,29.090069
7.320312,25.627767
7.328125,22.764430
7.335938,18.049107
7.343750,12.674033
7.351562,6.055635
7.359375,-1.552130
7.367188,-11.135506
7.375000,-14.711354
7.382812,-9.507470
7.390625,1.980358
7.398438,13.251287
7.406250,21.919190
7.414062,23.384010
7.421875,19.653875
7.429688,13.385609
7.437500,9.808788
7.445312,4.359762
7.453125,-4.345714
7.460938,-10.485876
7.468750,-15.590120
7.476562,-18.520739
7.484375,-14.417371
7.492188,-4.831897
7.500000,6.512214
7.507812,12.517121
7.515625,14.942668
7.523438,13.709163
7.531250,10.989210
7.539062,8.949918
7.546875,-0.250550
7.554688,-7.124865
7.562500,-15.773876
7.570312,-22.557023
7.578125,-21.661520
7.585938,-18.785344
7.593750,-9.592060
7.601562,2.683421
7.609375,8.251311
7.617188,11.898408
7.625000,9.518636
7.632812,6.796218
7.640625,2.308198
7.648438,-1.036844
7.656250,-7.707993
7.664062,-11.657090
7.671875,-21.108174
7.679688,-19.211382
7.687500,-12.156002
7.695312,0.067311
7.703125,10.666522
7.710938,14.624439
7.718750,18.502062
7.726562,14.959569
7.734375,16.324241
7.742188,11.645393
7.750000,7.543561
7.757812,1.915723
7.765625,-7.561054
7.773438,-13.033587
7.781250,-14.608223
7.789062,-7.479967
7.796875,2.321609
7.804688,10.283796
7.812500,15.843919
7.820312,20.585012
7.828125,18.412224
7.835938,18.242437
7.843750,12.069111
7.851562,8.190937
7.859375,0.391811
7.867188,-6.862499
7.875000,-10.821610
7.882812,-9.055908
7.890625,-0.386884
7.898438,10.569720
7.906250,15.188787
7.914062,19.416151
7.921875,21.151733
7.929688,15.200671
7.937500,11.784623
7.945312,8.453289
7.953125,-0.487258
7.960938,-7.436693
7.968750,-17.171726
7.976562,-19.786064
7.984375,-17.737555
7.992188,-9.370450
8.000000,1.675768
8.007812,7.510027
8.015625,10.581785
8.023438,11.902982
8.031250,9.504083
8.039062,7.183092
8.046875,4.905785
8.054688,-2.650683
8.062500,-11.077690
8.070312,-18.048632
8.078125,-23.952380
8.085938,-16.363455
8.093750,-7.518099
8.101562,0.438019
8.109375,5.945897
8.117188,11.451288
8.125000,13.918097
8.132812,10.819828
8.140625,9.972948
8.148438,3.807113
8.156250,-1.278733
8.164062,-11.176637
8.171875,-17.891877
8.179688,-18.977907
8.187500,-15.688086
8.195312,-6.265434
8.203125,3.206210
8.210938,11.400211
8.218750,13.154239
8.226562,14.590943
8.234375,13.658805
8.242188,8.511063
8.250000,6.909668
8.257812,-1.187165
8.265625,-9.246068
8.273438,-15.569885
8.281250,-17.240327
8.289062,-9.866678
8.296875,1.911169
8.304688,10.108449
8.312500,18.860139
8.320312,20.177700
8.328125,19.938088
8.335938,15.882214
8.343750,12.188951
8.351562,5.666336
8.359375,-2.431988
8.367188,-10.376720
8.375000,-17.772292
8.382812,-14.735282
8.390625,-5.977006
8.398438,2.159846
8.406250,11.396599
8.414062,15.388725
8.421875,19.433797
8.429688,14.702851
8.437500,13.633474
8.445312,7.139085
8.453125,-1.105593
8.460938,-11.361792
8.468750,-20.208758
8.476562,-22.138871
8.484375,-18.886791
8.492188,-10.038032
8.500000,0.098011
8.507812,10.603359
8.515625,14.651913
8.523438,19.874903
8.531250,22.988690
8.539062,24.418201
8.546875,21.556081
8.554688,13.376183
8.562500,4.410491
8.570312,-2.962671
8.578125,-7.807954
8.585938,-3.986079
8.593750,2.404348
8.601562,12.755545
8.609375,21.660682
8.617188,26.026896
8.625000,25.269197
8.632812,27.184179
8.640625,24.416075
8.648438,17.779619
8.656250,10.990538
8.664062,-0.050883
8.671875,-10.476798
8.679688,-12.403387
8.687500,-9.028448
8.695312,2.266867
8.703125,14.237095
8.710938,23.255952
8.718750,24.239443
8.726562,25.619100
8.734375,23.215533
8.742188,20.439426
8.750000,12.342608
8.757812,-1.722562
8.765625,-16.121255
8.773438,-24.962574
8.781250,-28.385258
8.789062,-24.323779
8.796875,-10.228831
8.804688,-0.274425
8.812500,8.975281
8.820312,12.312761
8.828125,12.403961
8.835938,9.486415
8.843750,2.281334
8.851562,-2.581441
8.859375,-14.705862
8.867188,-21.120548
8.875000,-26.932991
8.882812,-26.098387
8.890625,-22.561300
8.898438,-10.647284
8.906250,-2.910288
8.914062,5.787835
8.921875,12.802435
8.929688,13.494504
8.937500,13.771152
8.945312,6.308312
8.953125,-4.935103
8.960938,-19.174692
8.968750,-27.553962
8.976562,-33.306999
8.984375,-26.078891
8.992188,-16.936159
9.000000,-6.373357
9.007812,2.691431
9.015625,8.298506
9.023438,8.666290
9.031250,6.431164
9.039062,3.560858
9.046875,-2.328471
9.054688,-12.315294
9.062500,-23.694231
9.070312,-35.880195
9.078125,-39.113781
9.085938,-32.469852
9.093750,-22.204005
9.101562,-12.061643
9.109375,-3.089880
9.117188,4.561745
9.125000,7.523703
9.132812,5.597634
9.140625,1.244118
9.148438,-6.226255
9.156250,-13.487939
9.164062,-25.356683
9.171875,-32.604014
9.179688,-35.095389
9.187500,-27.648763
9.195312,-16.007837
9.203125,-3.476942
9.210938,4.291671
9.218750,10.816154
9.226562,8.017768
9.234375,3.041459
9.242188,-0.867936
9.250000,-8.775733
9.257812,-19.653064
9.265625,-31.076275
9.273438,-35.861407
9.281250,-35.924753
9.289062,-24.356214
9.296875,-14.492547
9.304688,-1.516910
9.312500,6.320815
9.320312,12.111578
9.328125,12.175467
9.335938,11.388151
9.343750,7.966986
9.351562,3.120383
9.359375,-9.511841
9.367188,-23.583513
9.375000,-29.990402
9.382812,-31.714374
9.390625,-21.586943
9.398438,-10.430007
9.406250,3.088192
9.414062,11.792703
9.421875,15.122064
9.429688,12.745616
9.437500,10.265491
9.445312,2.566192
9.453125,-8.435191
9.460938,-19.906183
9.468750,-27.604908
9.476562,-30.727597
9.484375,-25.665384
9.492188,-15.998673
9.500000,-2.026404
9.507812,10.223991
9.515625,17.380226
9.523438,18.931954
9.531250,15.533480
9.539062,12.196896
9.546875,2.614480
9.554688,-5.309271
9.562500,-17.194911
9.570312,-27.832485
9.578125,-31.414243
9.585938,-26.308235
9.593750,-12.185929
9.601562,3.801128
9.609375,12.962075
9.617188,15.409345
9.625000,17.918949
9.632812,17.066854
9.640625,9.999585
9.648438,1.005929
9.656250,-9.967316
9.664062,-21.573145
9.671875,-30.378527
9.679688,-33.362194
9.687500,-25.120786
9.695312,-13.535084
9.703125,-0.273321
9.710938,11.155451
9.718750,12.829700
9.726562,11.930612
9.734375,6.249889
9.742188,-0.254549
9.750000,-9.570231
9.757812,-20.162975
9.765625,-32.308784
9.773438,-39.753195
9.781250,-38.826549
9.789062,-27.090341
9.796875,-10.770111
9.804688,1.412386
9.812500,10.281874
9.820312,10.443574
9.828125,12.461839
9.835938,8.506267
9.843750,4.206663
9.851562,-3.731429
9.859375,-16.997386
9.867188,-28.880283
9.875000,-33.499378
9.882812,-30.600200
9.890625,-16.251225
9.898438,-0.800873
9.906250,11.986401
9.914062,20.563612
9.921875,23.303322
9.929688,23.537361
9.937500,15.476428
9.945312,7.806897
9.953125,-1.861088
9.960938,-11.693680
9.968750,-19.832031
9.976562,-20.470303
9.984375,-17.868223
9.992188,-8.325494
10.000000,4.508267
10.007812,14.395614
10.015625,18.846294
10.023438,18.897236
10.031250,17.097965
10.039062,15.047820
10.046875,7.417175
10.054688,-5.796334
10.062500,-18.158321
10.070312,-27.522121
10.078125,-28.734629
10.085938,-18.613099
10.093750,-5.904709
10.101562,4.974263
10.109375,14.969909
10.117188,18.245323
10.125000,17.006012
10.132812,6.898076
10.140625,0.052673
10.148438,-5.387323
10.156250,-14.457999
10.164062,-24.037504
10.171875,-29.250640
10.179688,-32.230686
10.187500,-22.966640
10.195312,-9.027065
10.203125,0.992559
10.210938,8.670589
10.218750,8.504120
10.226562,4.864527
10.234375,-0.766312
10.242188,-9.716308
10.250000,-18.642396
10.257812,-29.176473
10.265625,-40.855429
10.273438,-43.368815
10.281250,-40.861511
10.289062,-29.149699
10.296875,-17.518425
10.304688,-5.430247
10.312500,3.218810
10.320312,2.993103
10.328125,4.610312
10.335938,1.705917
10.343750,-5.561982
10.351562,-14.261177
10.359375,-23.889894
10.367188,-31.982903
10.375000,-34.635678
10.382812,-30.723895
10.390625,-20.095712
10.398438,-7.848268
10.406250,0.177701
10.414062,5.272332
10.421875,5.098529
10.429688,1.403900
10.437500,-2.344025
10.445312,-7.879432
10.453125,-15.784379
10.460938,-22.024269
10.468750,-29.262769
10.476562,-28.039032
10.484375,-22.900573
10.492188,-14.628382
10.500000,-2.025989
10.507812,8.062885
10.515625,10.991159
10.523438,13.365224
10.531250,7.752384
10.539062,1.262719
10.546875,-5.466918
10.554688,-14.066333
10.562500,-23.280854
10.570312,-28.908768
10.578125,-27.692322
10.585938,-23.065523
10.593750,-12.316315
10.601562,-2.956416
10.609375,6.334215
10.617188,9.455991
10.625000,8.571518
10.632812,7.472506
10.640625,0.425423
10.648438,-4.991157
10.656250,-15.830553
10.664062,-24.267483
10.671875,-27.301377
10.679688,-23.615808
10.687500,-16.764316
10.695312,-3.539901
10.703125,7.904139
10.710938,14.753681
10.718750,15.135671
10.726562,14.625926
10.734375,13.274352
10.742188,8.434720
10.750000,2.971146
10.757812,-2.067308
10.765625,-9.336970
10.773438,-17.353802
10.781250,-16.862542
10.789062,-9.538488
10.796875,-0.898230
10.804688,9.011154
10.812500,11.401027
10.820312,12.909620
10.828125,11.438110
10.835938,5.042590
10.843750,-0.176459
10.851562,-6.356630
10.859375,-15.291413
10.867188,-23.151140
10.875000,-25.581743
10.882812,-22.150209
10.890625,-12.216145
10.898438,1.509791
10.906250,11.811762
10.914062,16.503833
10.921875,18.247807
10.929688,17.645560
10.937500,12.282640
10.945312,9.288035
10.953125,3.486596
10.960938,-3.083671
10.968750,-12.225165
10.976562,-14.736777
10.984375,-11.941500
10.992188,-2.760390
11.000000,3.284154
11.007812,10.485787
11.015625,13.782173
11.023438,13.497249
11.031250,9.332973
11.039062,4.966611
11.046875,-0.596189
11.054688,-8.027857
11.062500,-18.663235
11.070312,-26.788004
11.078125,-27.611747
11.085938,-23.122826
11.093750,-11.161476
11.101562,-1.464057
11.109375,3.851688
11.117188,6.053691
11.125000,8.239315
11.132812,5.569864
11.140625,-0.389724
11.148438,-5.868377
11.156250,-14.440924
11.164062,-21.939133
11.171875,-26.301484
11.179688,-28.492259
11.187500,-23.570287
11.195312,-12.259544
11.203125,-0.502446
11.210938,7.990070
11.218750,11.138517
11.226562,9.502629
11.234375,8.783535
11.242188,9.039124
11.250000,4.746042
11.257812,-3.023351
11.265625,-11.220827
11.273438,-16.463203
11.281250,-15.117687
11.289062,-10.825688
11.296875,-2.279259
11.304688,8.648633
11.312500,14.867403
11.320312,14.176515
11.328125,10.544039
11.335938,9.836792
11.343750,4.604161
11.351562,-1.057150
11.359375,-9.818587
11.367188,-17.892879
11.375000,-18.013826
11.382812,-16.850458
11.390625,-10.071583
11.398438,0.487859
11.406250,7.520765
11.414062,14.622136
11.421875,15.815341
11.429688,15.065490
11.437500,13.143702
11.445312,10.438490
11.453125,2.840374
11.460938,-8.182089
11.468750,-16.105707
11.476562,-19.861227
11.484375,-18.518227
11.492188,-10.937649
11.500000,-1.330246
11.507812,7.654212
11.515625,12.499412
11.523438,13.763530
11.531250,17.976612
11.539062,13.747926
11.546875,10.898849
11.554688,2.658555
11.562500,-1.579921
11.570312,-4.223769
11.578125,-5.410246
11.585938,-0.973401
11.593750,11.067412
11.601562,19.835019
11.609375,24.307451
11.617188,25.431978
11.625000,24.427978
11.632812,24.536592
11.640625,20.943648
11.648438,17.790687
11.656250,9.826659
11.664062,-0.112021
11.671875,-10.589022
11.679688,-13.842106
11.687500,-8.329839
11.695312,-0.546406
11.703125,8.253478
11.710938,16.904942
11.718750,22.172150
11.726562,20.478683
11.734375,20.295235
11.742188,14.776437
11.750000,7.770887
11.757812,-0.482936
11.765625,-10.614648
11.773438,-16.911562
11.781250,-17.459527
11.789062,-11.213001
11.796875,-3.584104
11.804688,2.851035
11.812500,10.530803
11.820312,13.355738
11.828125,13.367459
11.835938,13.015114
11.843750,13.322690
11.851562,5.995868
11.859375,-0.178583
11.867188,-8.828403
11.875000,-14.664459
11.882812,-15.940409
11.890625,-9.593302
11.898438,1.047988
11.906250,9.792456
11.914062,16.773108
11.921875,16.633372
11.929688,17.335704
11.937500,18.455128
11.945312,15.476105
11.953125,8.360241
11.960938,-2.329806
11.968750,-12.239776
11.976562,-18.206477
11.984375,-15.564359
11.992188,-6.702479
12.000000,3.433881
12.007812,13.825289
12.015625,16.561984
12.023438,17.602986
12.031250,19.213769
12.039062,18.779530
12.046875,16.802873
12.054688,8.370412
12.062500,-1.727487
12.070312,-11.619656
12.078125,-16.316912
12.085938,-16.014629
12.093750,-7.507139
12.101562,0.593369
12.109375,10.599244
12.117188,15.220003
12.125000,15.716674
12.132812,11.952126
12.140625,11.246050
12.148438,7.886865
12.156250,-1.729195
12.164062,-11.592907
12.171875,-23.287278
12.179688,-21.963715
12.187500,-16.387143
12.195312,-5.640019
12.203125,7.431251
12.210938,18.028405
12.218750,25.285863
12.226562,25.646972
12.234375,21.881762
12.242188,14.260387
12.250000,10.319751
12.257812,-1.951725
12.265625,-15.616153
12.273438,-22.041118
12.281250,-22.798994
12.289062,-19.695090
12.296875,-6.714426
12.304688,4.734903
12.312500,12.244604
12.320312,19.014818
12.328125,19.030662
12.335938,15.492873
12.343750,11.138056
12.351562,2.918661
12.359375,-10.335938
12.367188,-19.828726
12.375000,-25.695162
12.382812,-24.713725
12.390625,-12.921750
12.398438,-2.338842
12.406250,11.779632
12.414062,20.323898
12.421875,20.296145
12.429688,19.734685
12.437500,18.249114
12.445312,13.008281
12.453125,5.378412
12.460938,-6.343793
12.468750,-15.827998
12.476562,-19.730494
12.484375,-17.263447
12.492188,-5.535413
12.500000,8.503709
12.507812,17.218326
12.515625,25.220361
12.523438,26.948248
12.531250,25.289994
12.539062,23.198950
12.546875,15.766679
12.554688,6.995348
12.562500,-7.232327
12.570312,-19.790021
12.578125,-25.417137
12.585938,-18.868348
12.593750,-7.041018
12.601562,6.351826
12.609375,19.060949
12.617188,26.106215
12.625000,27.156097
12.632812,24.258935
12.640625,19.399603
12.648438,14.903975
12.656250,5.391650
12.664062,-6.336175
12.671875,-14.466999
12.679688,-16.270219
12.687500,-11.861478
12.695312,-1.050304
12.703125,9.145071
12.710938,20.388779
12.718750,27.425927
12.726562,26.140395
12.734375,24.248918
12.742188,16.773206
12.750000,9.513676
12.757812,-4.717947
12.765625,-15.331480
12.773438,-22.027913
12.781250,-20.886416
12.789062,-10.865302
12.796875,0.332396
12.804688,13.614204
12.812500,20.937573
12.820312,25.539804
12.828125,25.045104
12.835938,20.398973
12.843750,12.518843
12.851562,3.697231
12.859375,-9.181224
12.867188,-18.010344
12.875000,-29.650617
12.882812,-26.481329
12.890625,-13.394469
12.898438,-0.621292
12.906250,12.041335
12.914062,19.670588
12.921875,20.248018
12.929688,18.500357
12.937500,11.018567
12.945312,1.058150
12.953125,-8.996088
12.960938,-19.105942
12.968750,-26.924528
12.976562,-31.621490
12.984375,-30.439535
12.992188,-18.483048
13.000000,-4.270965
13.007812,3.809903
13.015625,10.177461
13.023438,10.822424
13.031250,7.318044
13.039062,4.316853
13.046875,-1.171538
13.054688,-10.521480
13.062500,-20.710271
13.070312,-30.353358
13.078125,-31.907767
13.085938,-24.906540
13.093750,-12.842166
13.101562,0.170896
13.109375,11.804503
13.117188,12.764474
13.125000,14.160906
13.132812,13.517980
13.140625,6.636339
13.148438,-2.333793
13.156250,-10.586411
13.164062,-20.395625
13.171875,-24.710521
13.179688,-23.386841
13.187500,-14.473071
13.195312,-2.799761
13.203125,11.976584
13.210938,21.050980
13.218750,24.017996
13.226562,20.199329
13.234375,17.135492
13.242188,9.444202
13.250000,2.374902
13.257812,-9.223845
13.265625,-19.377025
13.273438,-23.966466
13.281250,-19.837240
13.289062,-9.092725
13.296875,7.012577
13.304688,17.835075
13.312500,28.789487
13.320312,28.503098
13.328125,26.206694
13.335938,20.778721
13.343750,12.760804
13.351562,4.268042
13.359375,-9.754346
13.367188,-20.712282
13.375000,-25.090784
13.382812,-25.131062
13.390625,-17.160792
13.398438,0.014035
13.406250,12.305195
13.414062,17.132655
13.421875,17.669851
13.429688,18.620160
13.437500,12.576168
13.445312,2.542900
13.453125,-6.717408
13.460938,-18.033585
13.468750,-26.452709
13.476562,-27.662625
13.484375,-20.771731
13.492188,-8.969171
13.500000,4.220840
13.507812,15.022781
13.515625,21.055367
13.523438,21.213471
13.531250,16.706654
13.539062,9.420258
13.546875,1.674244
13.554688,-8.919434
13.562500,-19.093704
13.570312,-23.835390
13.578125,-23.278904
13.585938,-16.354872
13.593750,-8.695957
13.601562,5.347789
13.609375,13.905891
13.617188,17.914193
13.625000,15.532326
13.632812,10.622650
13.640625,6.023403
13.648438,0.841098
13.656250,-8.154527
13.664062,-17.054859
13.671875,-20.527183
13.679688,-19.816248
13.687500,-12.014389
13.695312,-2.241123
13.703125,9.351124
13.710938,17.699480
13.718750,20.640661
13.726562,20.816382
13.734375,15.651178
13.742188,11.074943
13.750000,3.972214
13.757812,-9.817022
13.765625,-19.119900
13.773438,-22.828106
13.781250,-19.288029
13.789062,-8.698341
13.796875,0.566338
13.804688,13.486411
13.812500,19.142940
13.820312,18.572512
13.828125,17.597692
13.835938,15.626333
13.843750,11.036178
13.851562,3.005727
13.859375,-5.796606
13.867188,-13.647811
13.875000,-13.645863
13.882812,-11.239538
13.890625,-2.284964
13.898438,7.467909
13.906250,19.335915
13.914062,24.246099
13.921875,21.855700
13.929688,18.075462
13.937500,13.982123
13.945312,9.036747
13.953125,-1.104532
13.960938,-9.012743
13.968750,-15.586211
13.976562,-17.555646
13.984375,-12.239198
13.992188,-4.214382
14.000000,7.247953
14.007812,15.994727
14.015625,18.560156
14.023438,16.415840
14.031250,14.101875
14.039062,9.813620
14.046875,3.388567
14.054688,-7.660188
14.062500,-15.777832
14.070312,-22.772112
14.078125,-22.544910
14.085938,-15.164104
14.093750,-6.293291
14.101562,3.091914
14.109375,11.167539
14.117188,12.217060
14.125000,11.977469
14.132812,8.776157
14.140625,1.351077
14.148438,-6.089721
14.156250,-13.352613
14.164062,-22.387442
14.171875,-23.738195
14.179688,-21.939247
14.187500,-15.069050
14.195312,-3.452255
14.203125,8.075783
14.210938,17.632762
14.218750,21.204422
14.226562,17.899326
14.234375,12.725846
14.242188,7.487123
14.250000,-0.086596
14.257812,-8.720601
14.265625,-15.278880
14.273438,-22.791190
14.281250,-22.283050
14.289062,-13.184135
14.296875,-3.481183
14.304688,6.488417
14.312500,9.234052
14.320312,11.108185
14.328125,8.981930
14.335938,7.775844
14.343750,4.664112
14.351562,-1.620836
14.359375,-10.221515
14.367188,-16.483138
14.375000,-19.143081
14.382812,-16.548900
14.390625,-9.376140
14.398438,-1.495916
14.406250,8.080411
14.414062,14.970828
14.421875,12.150342
14.429688,12.161227
14.437500,9.446027
14.445312,1.112967
14.453125,-5.481689
14.460938,-14.499675
14.468750,-20.530049
14.476562,-22.988495
14.484375,-18.410244
14.492188,-10.333955
14.500000,0.223606
14.507812,5.904719
14.515625,8.322820
14.523438,5.499997
14.531250,4.430807
14.539062,3.010372
14.546875,-1.870741
14.554688,-10.947169
14.562500,-21.391020
14.570312,-28.537529
14.578125,-29.684002
14.585938,-24.158586
14.593750,-15.009215
14.601562,-6.413713
14.609375,1.019212
14.617188,2.730564
14.625000,3.826687
14.632812,3.053406
14.640625,1.028786
14.648438,-0.289178
14.656250,-9.875522
14.664062,-17.254037
14.671875,-21.855764
14.679688,-26.734399
14.687500,-21.763687
14.695312,-10.159852
14.703125,0.101633
14.710938,6.232991
14.718750,11.698764
14.726562,13.977119
14.734375,12.013319
14.742188,7.204309
14.750000,0.331646
14.757812,-9.012694
14.765625,-16.907022
14.773438,-23.307282
14.781250,-21.940294
14.789062,-16.254594
14.796875,-9.414058
14.804688,0.828052
14.812500,6.991447
14.820312,8.568865
14.828125,7.808440
14.835938,3.902100
14.843750,1.412145
14.851562,-4.637111
14.859375,-12.330364
14.867188,-20.573710
14.875000,-28.309566
14.882812,-32.310640
14.890625,-21.298014
14.898438,-8.842162
14.906250,-0.283659
14.914062,3.728074
14.921875,6.142349
14.929688,2.099472
14.937500,1.757746
14.945312,-0.628326
14.953125,-4.105636
14.960938,-12.459074
14.968750,-18.617010
14.976562,-23.617720
14.984375,-21.988118
14.992188,-13.901506
15.000000,-2.978681
15.007812,1.786097
15.015625,7.421097
15.023438,8.455905
15.031250,11.386842
15.039062,9.082629
15.046875,2.816916
15.054688,-6.782223
15.062500,-13.211182
15.070312,-18.562363
15.078125,-20.025908
15.085938,-18.241719
15.093750,-12.323894
15.101562,-0.778558
15.109375,5.325209
15.117188,9.845460
15.125000,9.768206
15.132812,10.186837
15.140625,6.131554
15.148438,-0.885622
15.156250,-10.246609
15.164062,-19.805871
15.171875,-25.979163
15.179688,-25.359244
15.187500,-22.253008
15.195312,-11.635497
15.203125,-2.083940
15.210938,5.961132
15.218750,9.385546
15.226562,8.476409
15.234375,7.736693
15.242188,6.428258
15.250000,2.039234
15.257812,-8.211189
15.265625,-18.060096
15.273438,-24.014904
15.281250,-19.693500
15.289062,-10.573588
15.296875,0.131101
15.304688,8.960146
15.312500,13.768157
15.320312,18.827446
15.328125,17.531176
15.335938,15.845023
15.343750,13.009354
15.351562,6.518444
15.359375,-1.325486
15.367188,-11.907949
15.375000,-17.121155
15.382812,-20.659173
15.390625,-10.065773
15.398438,2.853891
15.406250,14.904651
15.414062,22.629049
15.421875,24.888389
15.429688,23.645136
15.437500,23.988789
15.445312,19.494983
15.453125,9.211315
15.460938,-1.936477
15.468750,-10.757407
15.476562,-16.870550
15.484375,-18.087507
15.492188,-8.712594
15.500000,1.960899
15.507812,14.502089
15.515625,21.993927
15.523438,24.528614
15.531250,25.134086
15.539062,17.712456
15.546875,11.772361
15.554688,1.634765
15.562500,-9.533444
15.570312,-19.484895
15.578125,-21.727327
15.585938,-21.131038
15.593750,-14.089725
15.601562,-3.369135
15.609375,5.008700
15.617188,10.687065
15.625000,13.263000
15.632812,12.062311
15.640625,8.025600
15.648438,5.000584
15.656250,-5.430197
15.664062,-15.005693
15.671875,-22.417307
15.679688,-22.259162
15.687500,-18.292808
15.695312,-9.849190
15.703125,-0.679967
15.710938,10.635344
15.718750,16.548522
15.726562,16.592844
15.734375,12.666505
15.742188,12.389754
15.750000,5.206840
15.757812,-4.312028
15.765625,-16.590165
15.773438,-26.310962
15.781250,-22.940986
15.789062,-17.074747
15.796875,-8.353636
15.804688,4.059688
15.812500,10.877838
15.820312,13.868488
15.828125,16.830128
15.835938,14.336322
15.843750,12.570647
15.851562,4.549311
15.859375,-10.926893
15.867188,-22.913070
15.875000,-27.035103
15.882812,-22.982552
15.890625,-12.248853
15.898438,-1.398683
15.906250,12.273479
15.914062,21.429362
15.921875,24.404609
15.929688,24.893402
15.937500,20.827977
15.945312,15.178540
15.953125,9.292866
15.960938,0.820606
15.968750,-9.926817
15.976562,-16.839312
15.984375,-15.158467
15.992188,-2.560212
16.000000,10.551944
16.007812,22.110741
16.015625,29.545195
16.023438,32.605778
16.031250,31.129013
16.039062,26.420890
16.046875,18.954628
16.054688,6.667102
16.062500,-2.272877
16.070312,-11.919751
16.078125,-13.776334
16.085938,-11.821517
16.093750,0.546707
16.101562,15.801604
16.109375,25.788621
16.117188,28.965261
16.125000,31.064883
16.132812,25.550210
16.140625,19.575745
16.148438,7.999510
16.156250,-5.669382
16.164062,-14.522039
16.171875,-19.430943
16.179688,-18.785075
16.187500,-12.403034
16.195312,-0.804777
16.203125,9.927315
16.210938,19.619891
16.218750,24.372484
16.226562,25.427876
16.234375,23.423696
16.242188,16.851667
16.250000,7.032041
16.257812,-3.867422
16.265625,-14.086745
16.273438,-22.827915
16.281250,-25.460530
16.289062,-16.014429
16.296875,-4.702310
16.304688,7.452766
16.312500,18.937262
16.320312,23.011620
16.328125,23.757138
16.335938,19.767041
16.343750,12.523550
16.351562,3.767917
16.359375,-6.620990
16.367188,-15.338994
16.375000,-20.718412
16.382812,-19.327892
16.390625,-10.769236
16.398438,3.069372
16.406250,15.899576
16.414062,26.179582
16.421875,27.808382
16.429688,25.323280
16.437500,21.008693
16.445312,16.968449
16.453125,9.900605
16.460938,-0.283129
16.468750,-10.511639
16.476562,-12.404927
16.484375,-9.774487
16.492188,0.720900
16.500000,14.385657
16.507812,27.368229
16.515625,32.912729
16.523438,32.581954
16.531250,30.084161
16.539062,25.134849
16.546875,15.858350
16.554688,6.451196
16.562500,-8.550946
16.570312,-17.985085
16.578125,-18.530575
16.585938,-12.286396
16.593750,2.312227
16.601562,16.577854
16.609375,26.203470
16.617188,29.048434
16.625000,28.382618
16.632812,25.906924
16.640625,20.697073
16.648438,10.733123
16.656250,0.670989
16.664062,-11.625359
16.671875,-19.071531
16.679688,-16.254782
16.687500,-8.134869
16.695312,1.953773
16.703125,15.704824
16.710938,24.547834
16.718750,24.653400
16.726562,22.019626
16.734375,17.017996
16.742188,13.721853
16.750000,4.912207
16.757812,-0.180310
16.765625,-7.575823
16.773438,-15.541854
16.781250,-11.387065
16.789062,-4.156898
16.796875,9.807608
16.804688,23.588057
16.812500,28.473903
16.820312,29.650576
16.828125,23.078245
16.835938,15.211396
16.843750,6.857117
16.851562,-1.197811
16.859375,-12.629142
16.867188,-20.477423
16.875000,-24.535136
16.882812,-20.817937
16.890625,-9.946211
16.898438,0.665534
16.906250,11.241245
16.914062,14.244897
16.921875,14.621546
16.929688,10.131874
16.937500,3.381611
16.945312,-6.790373
16.953125,-11.892838
16.960938,-20.635605
16.968750,-31.708277
16.976562,-34.207153
16.984375,-26.752441
16.992188,-16.548477
17.000000,-4.643819
17.007812,6.509596
17.015625,12.162229
17.023438,13.525336
17.031250,9.639129
17.039062,1.874752
17.046875,-3.736072
17.054688,-12.397068
17.062500,-19.851895
17.070312,-24.223322
17.078125,-25.779848
17.085938,-15.454559
17.093750,-3.349479
17.101562,7.983476
17.109375,16.911569
17.117188,21.201616
17.125000,17.756478
17.132812,15.077949
17.140625,10.773645
17.148438,4.992179
17.156250,-4.382944
17.164062,-12.143191
17.171875,-18.925234
17.179688,-15.278422
17.187500,-10.721054
17.195312,0.592708
17.203125,12.579641
17.210938,19.472929
17.218750,19.771596
17.226562,16.674700
17.234375,12.133557
17.242188,6.941937
17.250000,1.745749
17.257812,-7.290722
17.265625,-13.350272
17.273438,-17.801935
17.281250,-15.313714
17.289062,-6.585209
17.296875,6.346987
17.304688,17.712226
17.312500,23.827693
17.320312,25.250185
17.328125,18.512272
17.335938,15.603639
17.343750,7.785960
17.351562,1.562424
17.359375,-8.419493
17.367188,-13.531760
17.375000,-14.947739
17.382812,-11.027536
17.390625,-1.195851
17.398438,10.936979
17.406250,20.627315
17.414062,22.020081
17.421875,19.780838
17.429688,14.962123
17.437500,7.392328
17.445312,3.353956
17.453125,-1.224034
17.460938,-8.654794
17.468750,-13.504539
17.476562,-16.493109
17.484375,-11.811616
17.492188,0.033497
17.500000,12.389255
17.507812,16.856713
17.515625,20.463744
17.523438,20.682596
17.531250,15.960168
17.539062,5.895920
17.546875,0.077279
17.554688,-5.662202
17.562500,-14.564605
17.570312,-19.585234
17.578125,-20.244039
17.585938,-16.103848
17.593750,-7.400769
17.601562,2.487591
17.609375,10.004743
17.617188,16.954687
17.625000,16.390792
17.632812,12.634813
17.640625,6.250167
17.648438,0.920186
17.656250,-6.049742
17.664062,-11.474977
17.671875,-16.013435
17.679688,-15.911921
17.687500,-9.225774
17.695312,0.600474
17.703125,6.253910
17.710938,10.675200
17.718750,12.050639
17.726562,10.670992
17.734375,9.958648
17.742188,7.851817
17.750000,-0.767161
17.757812,-13.023321
17.765625,-19.661671
17.773438,-22.209811
17.781250,-21.794088
17.789062,-14.791292
17.796875,-3.939589
17.804688,3.295839
17.812500,9.992780
17.820312,8.600304
17.828125,7.676867
17.835938,4.179079
17.843750,-3.271996
17.851562,-7.101423
17.859375,-15.190422
17.867188,-24.534610
17.875000,-25.525777
17.882812,-21.701122
17.890625,-15.960620
17.898438,-4.347684
17.906250,5.533201
17.914062,7.357970
17.921875,8.468927
17.929688,6.036796
17.937500,3.232566
17.945312,-0.475616
17.953125,-4.819953
17.960938,-10.821662
17.968750,-18.013676
17.976562,-22.536045
17.984375,-17.747859
17.992188,-8.348474
18.000000,7.569994
18.007812,15.156191
18.015625,19.553992
18.023438,18.542175
18.031250,19.561826
18.039062,16.349856
18.046875,11.750939
18.054688,8.336817
18.062500,5.728002
18.070312,-2.605003
18.078125,-5.506703
18.085938,-0.692503
18.093750,6.044222
18.101562,16.902505
18.109375,22.140323
18.117188,24.021641
18.125000,23.930190
18.132812,22.848993
18.140625,18.852640
18.148438,10.988095
18.156250,1.898991
18.164062,-5.822363
18.171875,-10.664940
18.179688,-11.327811
18.187500,-8.732655
18.195312,0.895440
18.203125,5.289057
18.210938,10.494781
18.218750,14.011225
18.226562,14.890237
18.234375,13.297654
18.242188,9.866984
18.250000,3.819268
18.257812,-7.317638
18.265625,-15.701358
18.273438,-22.011948
18.281250,-25.133980
18.289062,-20.943375
18.296875,-9.028420
18.304688,1.512558
18.312500,8.274634
18.320312,12.270760
18.328125,13.174805
18.335938,12.507163
18.343750,8.956911
18.351562,1.604079
18.359375,-7.987998
18.367188,-17.680706
18.375000,-21.778022
18.382812,-17.390297
18.390625,-8.866817
18.398438,1.291815
18.406250,10.068548
18.414062,15.065518
18.421875,14.082060
18.429688,13.984504
18.437500,9.572239
18.445312,5.785353
18.453125,0.281718
18.460938,-9.151230
18.468750,-16.973813
18.476562,-20.571588
18.484375,-16.796388
18.492188,-5.254585
18.500000,3.702623
18.507812,16.021012
18.515625,22.998260
18.523438,21.451256
18.531250,21.859745
18.539062,20.712758
18.546875,10.985071
18.554688,4.805446
18.562500,-5.803695
18.570312,-12.856533
18.578125,-17.967314
18.585938,-14.229104
18.593750,-3.972888
18.601562,4.418010
18.609375,13.497500
18.617188,15.882995
18.625000,16.271466
18.632812,16.249510
18.640625,14.501938
18.648438,9.119379
18.656250,-0.163104
18.664062,-11.146750
18.671875,-17.471928
18.679688,-19.443335
18.687500,-16.302552
18.695312,-7.042002
18.703125,3.277013
18.710938,11.878997
18.718750,17.825066
18.726562,19.152048
18.734375,21.938788
18.742188,18.004435
18.750000,14.021631
18.757812,2.565215
18.765625,-10.342934
18.773438,-17.967064
18.781250,-18.782676
18.789062,-14.960540
18.796875,-3.721389
18.804688,5.632523
18.812500,13.586063
18.820312,14.661167
18.828125,14.707825
18.835938,14.041290
18.843750,11.893615
18.851562,4.791984
18.859375,-6.000058
18.867188,-19.099991
18.875000,-23.847890
18.882812,-24.524654
18.890625,-18.205452
18.898438,-7.326807
18.906250,1.473373
18.914062,5.643682
18.921875,8.340244
18.929688,9.474324
18.937500,8.598911
18.945312,4.468726
18.953125,-3.132409
18.960938,-18.543302
18.968750,-27.132789
18.976562,-33.300344
18.984375,-32.537324
18.992188,-22.402522
19.000000,-9.476191
19.007812,1.956475
19.015625,7.613098
19.023438,11.187963
19.031250,11.052220
19.039062,10.295188
19.046875,3.460404
19.054688,-5.728016
19.062500,-13.628250
19.070312,-26.341692
19.078125,-32.023115
19.085938,-25.450343
19.093750,-14.648495
19.101562,-0.405313
19.109375,11.489884
19.117188,16.826914
19.125000,17.846556
19.132812,17.222393
19.140625,13.349993
19.148438,4.219469
19.156250,-10.117749
19.164062,-19.773618
19.171875,-28.592990
19.179688,-31.318371
19.187500,-25.913448
19.195312,-12.540882
19.203125,0.107388
19.210938,11.436829
19.218750,17.586601
19.226562,15.928804
19.234375,13.175265
19.242188,9.586676
19.250000,0.397006
19.257812,-12.217728
19.265625,-26.736006
19.273438,-36.683256
19.281250,-32.561612
19.289062,-26.927863
19.296875,-11.494899
19.304688,-0.799309
19.312500,9.772633
19.320312,14.651189
19.328125,15.490333
19.335938,13.131195
19.343750,7.755155
19.351562,-4.136336
19.359375,-14.327169
19.367188,-24.104939
19.375000,-32.468993
19.382812,-28.235280
19.390625,-19.886276
19.398438,-10.006482
19.406250,0.653986
19.414062,10.134810
19.421875,10.889074
19.429688,11.087637
19.437500,7.876174
19.445312,0.431687
19.453125,-4.744359
19.460938,-19.970962
19.468750,-31.756123
19.476562,-35.345388
19.484375,-28.205863
19.492188,-17.183796
19.500000,-5.214040
19.507812,6.258281
19.515625,14.379263
19.523438,17.472125
19.531250,16.492728
19.539062,11.759444
19.546875,3.655367
19.554688,-6.962723
19.562500,-16.202904
19.570312,-26.217700
19.578125,-30.379395
19.585938,-24.504539
19.593750,-12.896531
19.601562,3.809069
19.609375,17.234610
19.617188,22.212806
19.625000,23.151420
19.632812,19.086863
19.640625,11.350543
19.648438,3.852637
19.656250,-5.194060
19.664062,-16.190195
19.671875,-24.168211
19.679688,-20.922938
19.687500,-12.543818
19.695312,2.714749
19.703125,16.322970
19.710938,26.753973
19.718750,27.243038
19.726562,26.342431
19.734375,22.552495
19.742188,16.218676
19.750000,8.604893
19.757812,-0.732189
19.765625,-12.720861
19.773438,-17.259578
19.781250,-15.623871
19.789062,-5.224213
19.796875,8.002887
19.804688,21.912407
19.812500,27.189595
19.820312,30.970710
19.828125,27.648612
19.835938,23.160456
19.843750,15.125373
19.851562,5.981076
19.859375,-2.826997
19.867188,-13.641488
19.875000,-17.567991
19.882812,-13.463496
19.890625,-1.084917
19.898438,12.123281
19.906250,20.665713
19.914062,28.783353
19.921875,28.843523
19.929688,27.509194
19.937500,21.145319
19.945312,10.786286
19.953125,-1.469484
19.960938,-10.147292
19.968750,-21.188507
19.976562,-20.243493
19.984375,-13.241532
19.992188,-3.178964
20.000000,9.121704
20.007812,18.126755
20.015625,22.309123
20.023438,21.924689
20.031250,20.402568
20.039062,14.029759
20.046875,2.060277
20.054688,-7.487387
20.062500,-18.838742
20.070312,-23.743778
20.078125,-27.956728
20.085938,-18.806315
20.093750,-4.418667
20.101562,11.211257
20.109375,21.009700
20.117188,25.524633
20.125000,23.490803
20.132812,19.198958
20.140625,12.587992
20.148438,2.346771
20.156250,-6.142305
20.164062,-15.068875
20.171875,-21.794752
20.179688,-23.780135
20.187500,-15.948478
20.195312,-3.296091
20.203125,9.031793
20.210938,19.245796
20.218750,21.202044
20.226562,15.046703
20.234375,13.788879
20.242188,9.028788
20.250000,2.825942
20.257812,-3.517160
20.265625,-13.148254
20.273438,-16.922608
20.281250,-13.786734
20.289062,-3.881501
20.296875,9.510669
20.304688,23.334477
20.312500,25.722383
20.320312,26.613045
20.328125,21.090418
20.335938,13.207430
20.343750,5.788079
20.351562,-5.281027
20.359375,-14.857616
20.367188,-21.975830
20.375000,-25.362884
20.382812,-20.221035
20.390625,-9.528859
20.398438,0.104584
20.406250,10.888573
20.414062,17.872326
20.421875,17.281901
20.429688,12.426884
20.437500,8.726683
20.445312,2.596469
20.453125,-6.704509
20.460938,-14.538308
20.468750,-23.491948
20.476562,-24.844231
20.484375,-18.435203
20.492188,-6.602345
20.500000,6.303210
20.507812,13.454294
20.515625,16.653517
20.523438,14.709722
20.531250,8.067654
20.539062,5.644023
20.546875,0.522931
20.554688,-7.262971
20.562500,-15.916152
20.570312,-21.635345
20.578125,-21.763747
20.585938,-14.759761
20.593750,-1.212405
20.601562,9.929199
20.609375,13.857254
20.617188,17.564357
20.625000,17.745907
20.632812,13.508066
20.640625,6.877040
20.648438,-0.000366
20.656250,-10.287311
20.664062,-17.210394
20.671875,-22.851143
20.679688,-21.623162
20.687500,-14.410282
20.695312,-0.688805
20.703125,13.405641
20.710938,18.839700
20.718750,17.947559
20.726562,15.010986
20.734375,9.894941
20.742188,2.032967
20.750000,-1.476276
20.757812,-10.575014
20.765625,-17.306400
20.773438,-20.753888
20.781250,-21.538805
20.789062,-12.914636
20.796875,-1.296791
20.804688,7.970821
20.812500,11.544296
20.820312,12.003866
20.828125,11.075977
20.835938,5.025664
20.843750,-0.888392
20.851562,-4.725944
20.859375,-11.882940
20.867188,-18.900969
20.875000,-24.825138
20.882812,-23.062888
20.890625,-16.163268
20.898438,-6.675984
20.906250,2.550031
20.914062,7.013762
20.921875,8.856627
20.929688,5.865866
20.937500,2.476260
20.945312,-3.814533
20.953125,-10.737666
20.960938,-19.519749
20.968750,-26.505015
20.976562,-27.105927
20.984375,-18.436607
20.992188,-6.346270
21.000000,4.736302
21.007812,13.186516
21.015625,16.318142
21.023438,18.338031
21.031250,14.761086
21.039062,9.375415
21.046875,8.193749
21.054688,1.993021
21.062500,-7.544131
21.070312,-13.621884
21.078125,-15.568750
21.085938,-11.874635
21.093750,-4.723661
21.101562,4.565786
21.109375,11.735548
21.117188,16.751138
21.125000,17.117569
21.132812,15.992439
21.140625,11.680036
21.148438,7.123797
21.156250,-2.308279
21.164062,-9.601680
21.171875,-14.694601
21.179688,-16.008728
21.187500,-11.974922
21.195312,-1.815305
21.203125,7.355933
21.210938,13.783370
21.218750,19.219176
21.226562,18.480281
21.234375,18.469723
21.242188,14.173193
21.250000,6.233486
21.257812,-2.505222
21.265625,-10.913380
21.273438,-18.028289
21.281250,-22.110090
21.289062,-16.908266
21.296875,-7.560730
21.304688,-2.308453
21.312500,4.788245
21.320312,2.961010
21.328125,2.138761
21.335938,-1.277442
21.343750,-6.413906
21.351562,-8.313099
21.359375,-16.632906
21.367188,-22.737240
21.375000,-25.186939
21.382812,-24.163507
21.390625,-15.206904
21.398438,-5.523557
21.406250,4.665209
21.414062,10.485666
21.421875,14.322835
21.429688,14.097748
21.437500,11.395571
21.445312,7.368271
21.453125,-0.386274
21.460938,-7.972923
21.468750,-16.121052
21.476562,-19.357233
21.484375,-20.789832
21.492188,-12.150327
21.500000,-1.895359
21.507812,5.548427
21.515625,8.166589
21.523438,11.544499
21.531250,8.753815
21.539062,5.822165
21.546875,0.212004
21.554688,-8.367246
21.562500,-15.027169
21.570312,-24.137785
21.578125,-26.107295
21.585938,-22.559935
21.593750,-13.512948
21.601562,-6.259611
21.609375,3.036070
21.617188,7.848508
21.625000,6.318829
21.632812,7.526879
21.640625,6.272773
21.648438,-0.957714
21.656250,-8.280236
21.664062,-20.833229
21.671875,-31.546880
21.679688,-33.617894
21.687500,-27.217498
21.695312,-17.821666
21.703125,-7.298062
21.710938,-2.825861
21.718750,-0.039868
21.726562,1.166556
21.734375,1.474962
21.742188,2.461898
21.750000,-2.499308
21.757812,-8.818939
21.765625,-17.428806
21.773438,-23.110302
21.781250,-25.301944
21.789062,-16.436356
21.796875,-5.290572
21.804688,5.053424
21.812500,12.192880
21.820312,15.665173
21.828125,17.425706
21.835938,18.367835
21.843750,14.255473
21.851562,9.762244
21.859375,-0.882511
21.867188,-14.306277
21.875000,-18.482744
21.882812,-15.280827
21.890625,-3.990362
21.898438,6.066287
21.906250,14.259052
21.914062,20.255635
21.921875,22.706635
21.929688,25.456482
21.937500,23.633892
21.945312,16.585624
21.953125,8.503363
21.960938,-0.481230
21.968750,-12.488943
21.976562,-15.094204
21.984375,-12.679999
21.992188,-4.706777
22.000000,6.901804
22.007812,13.949053
22.015625,17.841569
22.023438,20.457937
22.031250,21.752591
22.039062,18.228424
22.046875,15.959046
22.054688,10.091903
22.062500,-3.134304
22.070312,-11.795211
22.078125,-14.875172
22.085938,-12.184708
22.093750,-1.793128
22.101562,8.226621
22.109375,19.275488
22.117188,24.117968
22.125000,27.025670
22.132812,27.603800
22.140625,21.623965
22.148438,12.767830
22.156250,4.018490
22.164062,-5.894882
22.171875,-13.871789
22.179688,-16.779444
22.187500,-9.052166
22.195312,-0.560957
22.203125,11.008844
22.210938,18.832665
22.218750,20.785967
22.226562,21.928171
22.234375,20.382593
22.242188,15.487049
22.250000,5.604089
22.257812,-3.296465
22.265625,-14.601307
22.273438,-24.654130
22.281250,-22.603712
22.289062,-13.468678
22.296875,-3.698382
22.304688,5.852353
22.312500,14.320291
22.320312,18.213932
22.328125,14.275913
22.335938,16.572405
22.343750,12.828867
22.351562,1.241356
22.359375,-8.372405
22.367188,-16.248915
22.375000,-21.490649
22.382812,-17.928034
22.390625,-10.803573
22.398438,0.005325
22.406250,12.799144
22.414062,20.102155
22.421875,22.197719
22.429688,23.346161
22.437500,23.017965
22.445312,15.632956
22.453125,4.156504
22.460938,-6.031163
22.468750,-17.489400
22.476562,-23.538416
22.484375,-22.180060
22.492188,-10.697795
22.500000,2.278113
22.507812,13.307214
22.515625,19.303922
22.523438,20.493760
22.531250,19.381079
22.539062,17.053292
22.546875,10.545167
22.554688,0.014491
22.562500,-11.667103
22.570312,-21.044033
22.578125,-30.185817
22.585938,-28.942872
22.593750,-18.440424
22.601562,-8.534707
22.609375,0.352979
22.617188,1.433560
22.625000,1.103937
22.632812,-0.384417
22.640625,-3.213726
22.648438,-13.017763
22.656250,-22.691969
22.664062,-29.841676
22.671875,-38.199933
22.679688,-37.893605
22.687500,-26.173719
22.695312,-13.883531
22.703125,-3.144239
22.710938,5.537600
22.718750,8.478841
22.726562,12.390987
22.734375,9.558737
22.742188,4.481129
22.750000,-5.432203
22.757812,-18.553116
22.765625,-28.670309
22.773438,-36.686530
22.781250,-35.238608
22.789062,-23.905833
22.796875,-7.731018
22.804688,6.148938
22.812500,15.411820
22.820312,18.511797
22.828125,16.273909
22.835938,13.222779
22.843750,6.989296
22.851562,-4.975134
22.859375,-17.013342
22.867188,-27.189103
22.875000,-31.370669
22.882812,-28.764431
22.890625,-15.648553
22.898438,-2.180521
22.906250,11.836985
22.914062,19.430933
22.921875,23.417250
22.929688,20.275701
22.937500,15.991408
22.945312,7.327203
22.953125,-5.492639
22.960938,-15.860925
22.968750,-23.259687
22.976562,-27.236657
22.984375,-18.888077
22.992188,-7.578632
23.000000,4.558935
23.007812,17.178949
23.015625,21.660571
23.023438,18.217411
23.031250,16.148159
23.039062,12.356688
23.046875,5.426630
23.054688,-4.621359
23.062500,-14.779180
23.070312,-25.711775
23.078125,-27.395936
23.085938,-22.303396
23.093750,-11.731803
23.101562,3.878351
23.109375,12.886186
23.117188,20.572610
23.125000,19.615393
23.132812,15.149330
23.140625,9.556007
23.148438,-0.021099
23.156250,-13.695246
23.164062,-24.779593
23.171875,-32.330788
23.179688,-33.407380
23.187500,-28.532344
23.195312,-16.258602
23.203125,-2.042739
23.210938,8.900385
23.218750,12.898225
23.226562,11.567911
23.234375,6.500507
23.242188,1.808160
23.250000,-8.230312
23.257812,-18.835137
23.265625,-26.318016
23.273438,-29.433153
23.281250,-30.381289
23.289062,-18.407781
23.296875,-7.081989
23.304688,4.167586
23.312500,11.807872
23.320312,14.951396
23.328125,13.023668
23.335938,8.589480
23.343750,1.022366
23.351562,-3.287125
23.359375,-13.098466
23.367188,-23.437470
23.375000,-25.129134
23.382812,-21.951304
23.390625,-9.293170
23.398438,3.798338
23.406250,16.031252
23.414062,22.104530
23.421875,23.510392
23.429688,18.814948
23.437500,12.989391
23.445312,8.287731
23.453125,-1.978454
23.460938,-14.132015
23.468750,-20.657263
23.476562,-21.411824
23.484375,-15.677734
23.492188,-4.277392
23.500000,5.980711
23.507812,12.604197
23.515625,17.637240
23.523438,19.391516
23.531250,15.379245
23.539062,10.111933
23.546875,5.395470
23.554688,-3.787170
23.562500,-14.596970
23.570312,-24.596202
23.578125,-27.377788
23.585938,-20.854967
23.593750,-9.711702
23.601562,5.216054
23.609375,13.314101
23.617188,15.564527
23.625000,14.569523
23.632812,11.096051
23.640625,4.635575
23.648438,-1.882532
23.656250,-10.868125
23.664062,-21.778932
23.671875,-24.313480
23.679688,-20.741229
23.687500,-12.747344
23.695312,-0.420843
23.703125,13.866479
23.710938,19.602403
23.718750,21.891632
23.726562,19.728261
23.734375,15.829320
23.742188,15.203415
23.750000,4.174689
23.757812,-5.577290
23.765625,-14.704542
23.773438,-19.612126
23.781250,-18.066157
23.789062,-7.883469
23.796875,5.299885
23.804688,18.073533
23.812500,23.380692
23.820312,26.245109
23.828125,20.421245
23.835938,15.641644
23.843750,9.898866
23.851562,0.412861
23.859375,-8.048710
23.867188,-15.030273
23.875000,-16.316897
23.882812,-9.314827
23.890625,-1.617412
23.898438,8.573562
23.906250,17.571572
23.914062,22.957342
23.921875,25.570061
23.929688,24.795243
23.937500,17.917198
23.945312,12.632244
23.953125,3.441072
23.960938,-4.089979
23.968750,-12.022064
23.976562,-14.430683
23.984375,-7.006269
23.992188,1.648802
24.000000,12.948401
24.007812,18.902366
24.015625,21.866331
24.023438,22.949822
24.031250,14.547911
24.039062,9.172523
24.046875,2.943307
24.054688,-5.794963
24.062500,-11.481944
24.070312,-15.628330
24.078125,-15.932066
24.085938,-8.468017
24.093750,1.493771
24.101562,12.526171
24.109375,19.152325
24.117188,21.425516
24.125000,19.931414
24.132812,16.836209
24.140625,13.521107
24.148438,4.073021
24.156250,-2.396110
24.164062,-10.829444
24.171875,-17.946697
24.179688,-19.948355
24.187500,-11.610265
24.195312,0.523693
24.203125,13.634764
24.210938,19.991585
24.218750,19.784641
24.226562,17.531449
24.234375,13.636434
24.242188,6.978204
24.250000,3.745570
24.257812,-3.704952
24.265625,-11.202903
24.273438,-14.910014
24.281250,-12.243062
24.289062,-6.121368
24.296875,1.670496
24.304688,10.853594
24.312500,18.606842
24.320312,19.768651
24.328125,17.973707
24.335938,12.067333
24.343750,5.522147
24.351562,0.478039
24.359375,-5.142323
24.367188,-13.353445
24.375000,-16.546319
24.382812,-16.406789
24.390625,-7.258491
24.398438,0.616367
24.406250,8.825845
24.414062,14.071058
24.421875,13.140381
24.429688,8.532122
24.437500,6.940417
24.445312,3.411518
24.453125,-4.007763
24.460938,-11.424788
24.468750,-17.249933
24.476562,-19.464702
24.484375,-18.330847
24.492188,-6.839788
24.500000,5.708724
24.507812,11.453453
24.515625,14.851811
24.523438,16.667432
24.531250,16.935698
24.539062,12.800588
24.546875,12.949559
24.554688,7.162275
24.562500,-1.408657
24.570312,-6.776770
24.578125,-6.679382
24.585938,-3.139493
24.593750,3.977211
24.601562,12.784271
24.609375,20.355459
24.617188,25.044921
24.625000,23.738388
24.632812,24.192616
24.640625,21.805671
24.648438,15.964095
24.656250,6.357781
24.664062,-0.674373
24.671875,-7.975885
24.679688,-10.031787
24.687500,-4.706541
24.695312,5.833416
24.703125,13.580156
24.710938,18.150992
24.718750,18.313847
24.726562,16.845899
24.734375,14.035919
24.742188,8.718716
24.750000,3.840558
24.757812,-3.375977
24.765625,-9.115224
24.773438,-15.592014
24.781250,-16.240963
24.789062,-11.395555
24.796875,-2.411234
24.804688,5.234506
24.812500,11.113066
24.820312,16.291348
24.828125,14.514760
24.835938,14.687522
24.843750,11.269094
24.851562,3.930005
24.859375,-5.799034
24.867188,-13.346850
24.875000,-21.613423
24.882812,-19.044169
24.890625,-11.753545
24.898438,-2.152501
24.906250,8.970650
24.914062,14.519492
24.921875,17.397891
24.929688,15.152011
24.937500,16.821092
24.945312,15.471407
24.953125,8.750464
24.960938,-1.070092
24.968750,-7.672173
24.976562,-11.030705
24.984375,-6.986703
24.992188,0.158951
25.000000,8.414998
25.007812,17.300249
25.015625,19.961464
25.023438,21.430688
25.031250,22.614678
25.039062,19.189484
25.046875,14.547656
25.054688,4.716536
25.062500,-6.926650
25.070312,-15.850209
25.078125,-18.104965
25.085938,-15.276922
25.093750,-5.349215
25.101562,1.884476
25.109375,11.111448
25.117188,15.025080
25.125000,16.886469
25.132812,16.995634
25.140625,14.676877
25.148438,6.691598
25.156250,-0.869919
25.164062,-11.223878
25.171875,-16.956679
25.179688,-21.912296
25.187500,-19.103036
25.195312,-8.773770
25.203125,1.916388
25.210938,10.955475
25.218750,14.655294
25.226562,18.352060
25.234375,16.732488
25.242188,12.169994
25.250000,7.626188
25.257812,3.446360
25.265625,-4.872486
25.273438,-14.914426
25.281250,-17.688776
25.289062,-10.537646
25.296875,2.594448
25.304688,14.852348
25.312500,14.660081
25.320312,19.696942
25.328125,20.153931
25.335938,19.644323
25.343750,16.224453
25.351562,8.385893
25.359375,-3.076914
25.367188,-13.192195
25.375000,-22.289921
25.382812,-23.990994
25.390625,-16.833451
25.398438,-5.669036
25.406250,3.012599
25.414062,9.011893
25.421875,10.598310
25.429688,12.732168
25.437500,13.985297
25.445312,11.449953
25.453125,3.006419
25.460938,-7.735452
25.468750,-14.345268
25.476562,-20.186386
25.484375,-17.184594
25.492188,-9.624056
25.500000,2.391384
25.507812,14.209451
25.515625,18.676752
25.523438,20.385734
25.531250,22.319618
25.539062,19.534333
25.546875,12.778532
25.554688,6.046735
25.562500,-7.477141
25.570312,-15.919051
25.578125,-17.324983
25.585938,-13.939028
25.593750,-6.504795
25.601562,5.958170
25.609375,13.099755
25.617188,20.657428
25.625000,22.831512
25.632812,22.885526
25.640625,18.488892
25.648438,16.473041
25.656250,5.593608
25.664062,-8.597342
25.671875,-16.263636
25.679688,-18.015290
25.687500,-13.156287
25.695312,-4.020163
25.703125,8.646953
25.710938,17.987398
25.718750,23.150232
25.726562,24.236423
25.734375,23.958290
25.742188,21.210962
25.750000,10.004917
25.757812,0.330740
25.765625,-11.451583
25.773438,-21.073424
25.781250,-21.746679
25.789062,-14.463472
25.796875,-1.468386
25.804688,16.058210
25.812500,27.013549
25.820312,32.999728
25.828125,29.854740
25.835938,27.941258
25.843750,19.832282
25.851562,14.233863
25.859375,5.815664
25.867188,-8.677602
25.875000,-15.483466
25.882812,-16.796597
25.890625,-8.880016
25.898438,1.585418
25.906250,13.139839
25.914062,19.475572
25.921875,18.084029
25.929688,14.187309
25.937500,14.354350
25.945312,10.677347
25.953125,-2.305008
25.960938,-12.108414
25.968750,-19.891727
25.976562,-25.574071
25.984375,-22.405520
25.992188,-14.377107
26.000000,-3.197301
26.007812,10.419205
26.015625,12.160088
26.023438,14.149456
26.031250,12.564796
26.039062,12.058749
26.046875,5.099162
26.054688,-6.744584
26.062500,-17.018971
26.070312,-26.281466
26.078125,-26.952836
26.085938,-22.366492
26.093750,-13.801891
26.101562,1.788516
26.109375,15.418140
26.117188,21.849568
26.125000,26.230400
26.132812,24.905223
26.140625,19.307560
26.148438,9.491288
26.156250,-1.843140
26.164062,-14.376726
26.171875,-24.638118
26.179688,-25.022387
26.187500,-18.812223
26.195312,-3.638511
26.203125,9.877348
26.210938,20.377677
26.218750,25.124378
26.226562,25.766695
26.234375,22.776294
26.242188,16.102726
26.250000,5.327863
26.257812,-6.413630
26.265625,-19.897250
26.273438,-26.681476
26.281250,-24.582560
26.289062,-14.395030
26.296875,-2.284429
26.304688,5.567373
26.312500,15.891093
26.320312,21.982773
26.328125,21.913124
26.335938,24.897258
26.343750,17.370614
26.351562,6.709774
26.359375,-7.900660
26.367188,-18.495714
26.375000,-25.309747
26.382812,-26.539626
26.390625,-15.208565
26.398438,-1.134342
26.406250,10.139146
26.414062,17.527520
26.421875,18.412643
26.429688,15.174621
26.437500,9.378290
26.445312,4.060887
26.453125,-5.207249
26.460938,-18.210689
26.468750,-27.507710
26.476562,-33.463667
26.484375,-31.131919
26.492188,-20.934120
26.500000,-6.803628
26.507812,5.341435
26.515625,8.555758
26.523438,12.930035
26.531250,10.579715
26.539062,4.957279
26.546875,-1.011620
26.554688,-11.192729
26.562500,-20.999254
26.570312,-30.506087
26.578125,-29.240164
26.585938,-20.533101
26.593750,-7.506212
26.601562,5.053307
26.609375,14.771391
26.617188,20.871924
26.625000,18.146205
26.632812,12.404116
26.640625,9.560569
26.648438,0.211388
26.656250,-11.580180
26.664062,-21.304261
26.671875,-28.064232
26.679688,-25.323299
26.687500,-14.820018
26.695312,-1.391729
26.703125,11.489686
26.710938,18.479129
26.718750,25.626721
26.726562,23.301283
26.734375,20.600939
26.742188,12.124667
26.750000,-0.662879
26.757812,-9.686585
26.765625,-21.473124
26.773438,-26.814926
26.781250,-22.453093
26.789062,-14.502695
26.796875,-3.122989
26.804688,7.279380
26.812500,13.705305
26.820312,14.580651
26.828125,11.005035
26.835938,3.131866
26.843750,-2.233738
26.851562,-9.569989
26.859375,-20.064509
26.867188,-25.038600
26.875000,-28.568169
26.882812,-24.279888
26.890625,-13.062855
26.898438,3.219490
26.906250,14.498700
26.914062,21.195171
26.921875,22.062102
26.929688,16.662064
26.937500,12.675379
26.945312,7.854584
26.953125,-2.258796
26.960938,-11.649444
26.968750,-19.682625
26.976562,-21.313849
26.984375,-15.020773
26.992188,-5.131047
27.000000,8.650088
27.007812,17.979043
27.015625,21.903388
27.023438,19.738202
27.031250,18.769342
27.039062,11.637057
27.046875,6.965382
27.054688,-1.116356
27.062500,-8.625916
27.070312,-15.614017
27.078125,-14.644769
27.085938,-8.926523
27.093750,5.037007
27.101562,18.282595
27.109375,25.471008
27.117188,29.363758
27.125000,29.022658
27.132812,23.336102
27.140625,16.385825
27.148438,7.918912
27.156250,-0.053468
27.164062,-3.710063
27.171875,-12.691363
27.179688,-12.853115
27.187500,-5.894956
27.195312,6.821113
27.203125,16.561372
27.210938,22.219582
27.218750,24.647979
27.226562,21.675201
27.234375,16.376060
27.242188,7.752814
27.250000,-3.861368
27.257812,-11.804560
27.265625,-18.267927
27.273438,-23.372693
27.281250,-18.848257
27.289062,-9.074618
27.296875,3.078588
27.304688,11.935905
27.312500,20.774822
27.320312,20.400120
27.328125,15.730732
27.335938,11.175508
27.343750,4.147351
27.351562,-3.428057
27.359375,-10.073926
27.367188,-14.987707
27.375000,-21.552983
27.382812,-17.440244
27.390625,-7.269281
27.398438,8.043166
27.406250,18.909650
27.414062,23.640015
27.421875,22.605291
27.429688,18.350733
27.437500,9.131969
27.445312,3.977518
27.453125,-4.935279
27.460938,-13.160834
27.468750,-20.508792
27.476562,-22.013035
27.484375,-16.814790
27.492188,-5.346324
27.500000,2.984518
27.507812,9.210155
27.515625,13.333271
27.523438,11.233734
27.531250,8.561532
27.539062,3.699376
27.546875,0.177954
27.554688,-5.946687
27.562500,-13.098165
27.570312,-18.201549
27.578125,-18.392884
27.585938,-11.833150
27.593750,-3.072754
27.601562,6.964511
27.609375,17.579716
27.617188,18.251213
27.625000,17.214729
27.632812,15.580164
27.640625,12.214131
27.648438,3.846095
27.656250,-0.330198
27.664062,-6.826789
27.671875,-12.114798
27.679688,-11.943915
27.687500,-2.381106
27.695312,9.513816
27.703125,17.661400
27.710938,22.703761
27.718750,19.898379
27.726562,19.770426
27.734375,15.812797
27.742188,12.563004
27.750000,8.456203
27.757812,2.690090
27.765625,-4.106975
27.773438,-8.553726
27.781250,-6.173269
27.789062,0.894006
27.796875,9.877379
27.804688,19.197430
27.812500,25.647535
27.820312,25.163852
27.828125,20.844276
27.835938,22.792983
27.843750,17.260554
27.851562,7.767487
27.859375,0.802743
27.867188,-11.125857
27.875000,-18.468718
27.882812,-13.890671
27.890625,-8.292825
27.898438,0.709698
27.906250,12.041365
27.914062,15.703588
27.921875,19.455685
27.929688,16.894134
27.937500,13.123567
27.945312,8.463655
27.953125,0.718861
27.960938,-13.769519
27.968750,-21.981282
27.976562,-26.104992
27.984375,-21.587034
27.992188,-11.543787
28.000000,-2.792717
28.007812,5.306321
28.015625,6.574202
28.023438,7.148682
28.031250,1.994709
28.039062,-1.844764
28.046875,-6.224557
28.054688,-11.048107
28.062500,-19.045832
28.070312,-25.303350
28.078125,-27.788574
28.085938,-24.369569
28.093750,-17.014472
28.101562,-4.894530
28.109375,0.920218
28.117188,6.954616
28.125000,7.040393
28.132812,4.550869
28.140625,4.056015
28.148438,0.813759
28.156250,-5.010539
28.164062,-15.602901
28.171875,-21.376045
28.179688,-20.572079
28.187500,-17.284124
28.195312,-6.955594
28.203125,0.007254
28.210938,10.091643
28.218750,10.449626
28.226562,12.156526
28.234375,13.109759
28.242188,10.819567
28.250000,1.642479
28.257812,-6.127641
28.265625,-13.641597
28.273438,-20.887074
28.281250,-24.410523
28.289062,-18.696060
28.296875,-10.384606
28.304688,-0.245554
28.312500,4.031883
28.320312,8.524929
28.328125,8.568540
28.335938,7.042238
28.343750,4.413084
28.351562,-1.444929
28.359375,-14.131142
28.367188,-24.458577
28.375000,-29.269640
28.382812,-26.808234
28.390625,-19.133988
28.398438,-8.607210
28.406250,2.789272
28.414062,7.108559
28.421875,8.828648
28.429688,10.041203
28.437500,5.993176
28.445312,3.401226
28.453125,1.691100
28.460938,-6.955716
28.468750,-13.704756
28.476562,-18.217571
28.484375,-15.764988
28.492188,-7.935913
28.500000,2.984545
28.507812,9.205834
28.515625,14.505199
28.523438,19.463354
28.531250,22.000448
28.539062,17.588130
28.546875,10.586723
28.554688,1.538481
28.562500,-8.196491
28.570312,-15.643407
28.578125,-19.087664
28.585938,-16.243205
28.593750,-9.977910
28.601562,-1.306457
28.609375,6.797451
28.617188,12.172836
28.625000,13.208083
28.632812,13.897782
28.640625,11.381149
28.648438,3.403354
28.656250,-7.291168
28.664062,-16.072298
28.671875,-23.335475
28.679688,-24.681916
28.687500,-18.655311
28.695312,-8.094473
28.703125,2.649227
28.710938,12.154052
28.718750,14.439525
28.726562,14.998902
28.734375,14.041446
28.742188,12.191595
28.750000,5.401910
28.757812,-2.404716
28.765625,-14.889354
28.773438,-20.508761
28.781250,-21.265783
28.789062,-14.568479
28.796875,-3.720375
28.804688,8.136763
28.812500,14.612966
28.820312,18.141822
28.828125,19.929216
28.835938,19.668166
28.843750,14.155354
28.851562,4.467915
28.859375,-6.336876
28.867188,-16.591148
28.875000,-24.872792
28.882812,-25.626082
28.890625,-18.180113
28.898438,-5.787412
28.906250,6.903665
28.914062,11.485246
28.921875,13.781621
28.929688,13.692715
28.937500,14.137214
28.945312,8.598030
28.953125,-0.669183
28.960938,-8.325296
28.968750,-16.427843
28.976562,-22.462679
28.984375,-16.565231
28.992188,-7.550370
29.000000,3.118627
29.007812,13.041854
29.015625,19.448675
29.023438,22.615524
29.031250,23.785435
29.039062,21.726416
29.046875,18.866703
29.054688,11.580499
29.062500,0.990404
29.070312,-9.843492
29.078125,-14.346780
29.085938,-14.900743
29.093750,-5.334026
29.101562,6.033488
29.109375,15.609376
29.117188,24.651088
29.125000,24.112976
29.132812,25.875184
29.140625,19.363178
29.148438,13.713426
29.156250,2.843830
29.164062,-11.545397
29.171875,-21.307358
29.179688,-27.408032
29.187500,-24.977955
29.195312,-15.288092
29.203125,-4.336736
29.210938,4.947170
29.218750,5.084101
29.226562,4.886974
29.234375,7.203004
29.242188,7.061642
29.250000,2.508511
29.257812,-6.354302
29.265625,-19.416708
29.273438,-27.216958
29.281250,-27.129336
29.289062,-20.563219
29.296875,-8.831179
29.304688,4.529868
29.312500,11.746355
29.320312,17.732199
29.328125,16.223987
29.335938,13.361805
29.343750,5.279599
29.351562,0.582647
29.359375,-9.316385
29.367188,-19.918442
29.375000,-23.939694
29.382812,-21.441076
29.390625,-9.835637
29.398438,3.327442
29.406250,17.121007
29.414062,24.283470
29.421875,25.828851
29.429688,22.506336
29.437500,15.106038
29.445312,7.739732
29.453125,-4.584116
29.460938,-15.668672
29.468750,-22.715786
29.476562,-26.907359
29.484375,-26.235836
29.492188,-16.727421
29.500000,-3.235932
29.507812,4.162377
29.515625,12.420162
29.523438,15.293208
29.531250,15.849339
29.539062,11.072408
29.546875,2.701008
29.554688,-10.292524
29.562500,-25.016761
29.570312,-35.338543
29.578125,-39.161741
29.585938,-31.286086
29.593750,-20.173620
29.601562,-7.186807
29.609375,7.181129
29.617188,10.950514
29.625000,14.617356
29.632812,9.555723
29.640625,4.102326
29.648438,-2.956685
29.656250,-14.170610
29.664062,-24.897393
29.671875,-34.326655
29.679688,-32.449370
29.687500,-21.062459
29.695312,-9.088152
29.703125,6.232859
29.710938,14.153104
29.718750,20.154891
29.726562,15.814101
29.734375,10.960337
29.742188,2.962445
29.750000,-2.824470
29.757812,-16.902801
29.765625,-27.156672
29.773438,-32.463483
29.781250,-33.499503
29.789062,-23.111479
29.796875,-7.691085
29.804688,3.842888
29.812500,13.756666
29.820312,16.963883
29.828125,16.147130
29.835938,10.713883
29.843750,4.556650
29.851562,-5.774191
29.859375,-15.784953
29.867188,-28.657964
29.875000,-34.378622
29.882812,-33.909815
29.890625,-20.999276
29.898438,-7.648525
29.906250,4.943727
29.914062,12.158431
29.921875,12.489422
29.929688,9.980467
29.937500,7.464161
29.945312,-0.021819
29.953125,-9.567791
29.960938,-24.694549
29.968750,-29.079338
29.976562,-30.298630
29.984375,-25.628797
29.992188,-15.544539
30.000000,-0.485825
30.007812,8.313702
30.015625,13.112949
30.023438,10.368825
30.031250,8.723452
30.039062,0.452846
30.046875,-7.653463
30.054688,-13.885721
30.062500,-21.569852
30.070312,-29.081939
30.078125,-26.721292
30.085938,-20.047936
30.093750,-8.307289
30.101562,3.184922
30.109375,14.086911
30.117188,20.448604
30.125000,17.580006
30.132812,16.200292
30.140625,15.918299
30.148438,8.771515
30.156250,-2.719058
30.164062,-13.199325
30.171875,-20.693438
30.179688,-19.579284
30.187500,-9.865634
30.195312,0.460423
30.203125,16.225982
30.210938,26.596952
30.218750,27.846725
30.226562,23.918580
30.234375,18.088108
30.242188,10.705313
30.250000,5.712043
30.257812,-4.200216
30.265625,-15.138060
30.273438,-17.350630
30.281250,-15.439658
30.289062,-5.675853
30.296875,10.146057
30.304688,21.149182
30.312500,29.983702
30.320312,29.726304
30.328125,24.998037
30.335938,20.326183
30.343750,14.725933
30.351562,4.632972
30.359375,-3.391851
30.367188,-12.184434
30.375000,-13.539603
30.382812,-9.525779
30.390625,1.025699
30.398438,13.542823
30.406250,19.528784
30.414062,23.007127
30.421875,21.639016
30.429688,20.962236
30.437500,15.668079
30.445312,7.679515
30.453125,0.532592
30.460938,-6.577581
30.468750,-13.435022
30.476562,-16.012807
30.484375,-9.736284
30.492188,4.437539
30.500000,17.394619
30.507812,26.995414
30.515625,29.780732
30.523438,33.270215
30.531250,32.564737
30.539062,28.555964
30.546875,22.525107
30.554688,17.165721
30.562500,6.558712
30.570312,-1.051552
30.578125,-3.069660
30.585938,3.597083
30.593750,15.523682
30.601562,20.987166
30.609375,29.203899
30.617188,29.341417
30.625000,23.233836
30.632812,16.520484
30.640625,10.868886
30.648438,2.874019
30.656250,-9.231357
30.664062,-18.210672
30.671875,-25.900256
30.679688,-26.679746
30.687500,-16.604613
30.695312,-8.633943
30.703125,5.563768
30.710938,12.774735
30.718750,14.641350
30.726562,8.268401
30.734375,5.662056
30.742188,0.173778
30.750000,-4.998088
30.757812,-11.581905
30.765625,-16.223767
30.773438,-20.963675
30.781250,-20.724865
30.789062,-9.802077
30.796875,3.873143
30.804688,13.636191
30.812500,19.822038
30.820312,24.461197
30.828125,20.469253
30.835938,17.191265
30.843750,13.193388
30.851562,6.191046
30.859375,-3.933684
30.867188,-12.451311
30.875000,-15.540704
30.882812,-10.212815
30.890625,-3.203608
30.898438,5.602277
30.906250,14.683750
30.914062,19.721459
30.921875,20.644452
30.929688,17.048461
30.937500,13.988880
30.945312,8.108644
30.953125,-1.714300
30.960938,-8.356498
30.968750,-13.285158
30.976562,-11.629568
30.984375,-6.289366
30.992188,4.772843
31.000000,15.397620
31.007812,22.210118
31.015625,25.196672
31.023438,22.796997
31.031250,19.143140
31.039062,13.128742
31.046875,6.607773
31.054688,-0.665567
31.062500,-7.611425
31.070312,-17.814049
31.078125,-16.685613
31.085938,-12.626933
31.093750,-4.022319
31.101562,5.854851
31.109375,11.539810
31.117188,16.007866
31.125000,12.698052
31.132812,14.231351
31.140625,12.921818
31.148438,7.607971
31.156250,-0.415131
31.164062,-10.660162
31.171875,-17.428030
31.179688,-17.207843
31.187500,-8.840632
31.195312,2.176659
31.203125,11.903202
31.210938,19.690742
31.218750,22.617054
31.226562,21.499848
31.234375,20.364198
31.242188,16.959612
31.250000,10.544083
31.257812,4.125776
31.265625,-1.273948
31.273438,-7.995410
31.281250,-8.003952
31.289062,-3.875910
31.296875,4.915262
31.304688,10.986389
31.312500,13.284152
31.320312,14.874044
31.328125,11.988157
31.335938,10.923597
31.343750,9.005549
31.351562,3.588499
31.359375,-6.298341
31.367188,-12.839314
31.375000,-14.398543
31.382812,-11.934805
31.390625,-3.894880
31.398438,5.443345
31.406250,13.606200
31.414062,19.383470
31.421875,20.026582
31.429688,18.095721
31.437500,13.189793
31.445312,10.453427
31.453125,2.801074
31.460938,-2.992188
31.468750,-12.425829
31.476562,-14.871422
31.484375,-10.758689
31.492188,0.730204
31.500000,7.026058
31.507812,15.436479
31.515625,17.393910
31.523438,16.442904
31.531250,14.351690
31.539062,9.530040
31.546875,7.389497
31.554688,0.315208
31.562500,-8.844619
31.570312,-15.336877
31.578125,-17.474105
31.585938,-14.416367
31.593750,-4.581099
31.601562,3.596376
31.609375,11.574367
31.617188,15.223711
31.625000,14.065770
31.632812,11.157629
31.640625,10.258667
31.648438,4.361556
31.656250,-1.550567
31.664062,-10.767377
31.671875,-16.771175
31.679688,-17.412574
31.687500,-12.494870
31.695312,-1.938736
31.703125,6.955537
31.710938,13.512928
31.718750,18.066408
31.726562,19.167273
31.734375,16.784633
31.742188,15.153959
31.750000,10.221159
31.757812,0.863774
31.765625,-8.126823
31.773438,-12.977181
31.781250,-13.513305
31.789062,-6.963995
31.796875,2.393698
31.804688,12.986379
31.812500,21.650814
31.820312,25.382037
31.828125,23.646012
31.835938,20.410341
31.843750,16.533399
31.851562,9.845072
31.859375,-2.332801
31.867188,-12.949296
31.875000,-19.638932
31.882812,-23.177421
31.890625,-14.702473
31.898438,-5.063355
31.906250,0.646728
31.914062,6.746137
31.921875,6.940461
31.929688,9.404937
31.937500,9.891589
31.945312,7.861328
31.953125,-3.364358
31.960938,-11.583574
31.968750,-22.351942
31.976562,-28.498282
31.984375,-25.666882
31.992188,-18.386815
32.000000,-4.132777
32.007812,6.012772
32.015625,12.649248
32.023438,14.694620
32.031250,16.770638
32.039062,12.418297
32.046875,7.193563
32.054688,-0.670110
32.062500,-9.605329
32.070312,-19.097981
32.078125,-23.589179
32.085938,-23.533191
32.093750,-14.537816
32.101562,-2.613469
32.109375,6.554437
32.117188,15.315486
32.125000,17.659753
32.132812,17.523076
32.140625,15.661247
32.148438,8.232772
32.156250,-2.396364
32.164062,-12.474888
32.171875,-20.198537
32.179688,-21.781996
32.187500,-16.573959
32.195312,-2.633756
32.203125,9.837412
32.210938,18.173684
32.218750,20.496164
32.226562,22.369654
32.234375,18.345225
32.242188,14.099920
32.250000,8.617474
32.257812,0.698147
32.265625,-12.289671
32.273438,-19.826802
32.281250,-19.396045
32.289062,-11.259950
32.296875,-3.068048
32.304688,7.199529
32.312500,13.696407
32.320312,16.651842
32.328125,20.881641
32.335938,17.524948
32.343750,13.396836
32.351562,6.668087
32.359375,-4.027025
32.367188,-16.978352
32.375000,-22.894497
32.382812,-20.101316
32.390625,-14.231544
32.398438,-3.591050
32.406250,6.869873
32.414062,17.503481
32.421875,20.787936
32.429688,22.172539
32.437500,17.090965
32.445312,15.457850
32.453125,8.799592
32.460938,-1.490353
32.468750,-13.566650
32.476562,-18.610318
32.484375,-12.840449
32.492188,-4.338256
32.500000,7.496236
32.507812,18.188246
32.515625,24.450353
32.523438,26.559204
32.531250,25.422336
32.539062,20.940313
32.546875,14.004198
32.554688,6.693261
32.562500,-4.184157
32.570312,-14.790422
32.578125,-20.676694
32.585938,-15.072806
32.593750,-3.761178
32.601562,7.407163
32.609375,18.372898
32.617188,25.457286
32.625000,27.380288
32.632812,26.006381
32.640625,21.215084
32.648438,12.451669
32.656250,-1.456045
32.664062,-12.128318
32.671875,-21.583494
32.679688,-24.376576
32.687500,-21.562555
32.695312,-6.083817
32.703125,5.855645
32.710938,13.774179
32.718750,20.115042
32.726562,22.811655
32.734375,23.227827
32.742188,20.070246
32.750000,8.175843
32.757812,-2.462725
32.765625,-15.397382
32.773438,-22.802898
32.781250,-24.794730
32.789062,-13.575254
32.796875,1.556290
32.804688,12.557513
32.812500,18.980019
32.820312,23.839053
32.828125,22.541878
32.835938,19.988658
32.843750,15.456858
32.851562,3.917127
32.859375,-8.772667
32.867188,-17.775853
32.875000,-22.603020
32.882812,-19.182012
32.890625,-8.687648
32.898438,3.486499
32.906250,14.316430
32.914062,22.116120
32.921875,25.446262
32.929688,24.026320
32.937500,17.728559
32.945312,9.662106
32.953125,-0.444582
32.960938,-11.754170
32.968750,-24.725471
32.976562,-29.257730
32.984375,-24.529370
32.992188,-12.168053
33.000000,0.362660
33.007812,10.116253
33.015625,15.766120
33.023438,17.284491
33.031250,16.327693
33.039062,10.591549
33.046875,-0.276413
33.054688,-7.148838
33.062500,-20.020970
33.070312,-28.897088
33.078125,-29.431302
33.085938,-24.336093
33.093750,-10.983814
33.101562,4.370845
33.109375,13.820048
33.117188,21.086058
33.125000,23.010602
33.132812,20.526439
33.140625,13.010773
33.148438,3.231937
33.156250,-5.423110
33.164062,-16.831608
33.171875,-24.424001
33.179688,-26.424960
33.187500,-18.789168
33.195312,-6.829449
33.203125,7.628619
33.210938,15.616111
33.218750,20.410454
33.226562,19.917165
33.234375,18.581896
33.242188,11.140011
33.250000,-0.139577
33.257812,-11.372705
33.265625,-20.018969
33.273438,-28.118024
33.281250,-26.689882
33.289062,-15.503446
33.296875,-3.910082
33.304688,10.579646
33.312500,18.929831
33.320312,24.372665
33.328125,21.191256
33.335938,18.964095
33.343750,9.990440
33.351562,0.980458
33.359375,-12.845897
33.367188,-20.038417
33.375000,-21.309301
33.382812,-17.958052
33.390625,-7.919515
33.398438,3.106769
33.406250,14.828127
33.414062,22.559019
33.421875,20.216839
33.429688,18.878495
33.437500,13.805244
33.445312,3.617955
33.453125,-5.350468
33.460938,-13.312715
33.468750,-20.649882
33.476562,-24.961377
33.484375,-18.097892
33.492188,-5.864298
33.500000,11.642519
33.507812,23.890872
33.515625,28.571679
33.523438,29.986876
33.531250,24.112709
33.539062,15.443031
33.546875,6.012988
33.554688,-4.433346
33.562500,-12.148143
33.570312,-21.045319
33.578125,-24.818581
33.585938,-20.382538
33.593750,-10.746461
33.601562,2.805150
33.609375,15.348531
33.617188,17.351890
33.625000,16.870381
33.632812,12.499443
33.640625,6.433299
33.648438,0.571981
33.656250,-6.487556
33.664062,-17.111733
33.671875,-21.542975
33.679688,-20.588787
33.687500,-14.570238
33.695312,-0.430216
33.703125,10.270495
33.710938,18.400012
33.718750,17.985463
33.726562,15.271939
33.734375,11.120044
33.742188,5.021742
33.750000,-3.172712
33.757812,-7.629410
33.765625,-18.182299
33.773438,-21.343109
33.781250,-18.546406
33.789062,-9.369641
33.796875,0.730218
33.804688,9.867432
33.812500,13.762189
33.820312,17.034195
33.828125,13.031905
33.835938,9.948286
33.843750,2.522867
33.851562,-6.066261
33.859375,-12.670863
33.867188,-24.520733
33.875000,-27.182111
33.882812,-22.807773
33.890625,-14.302056
33.898438,0.103800
33.906250,11.539858
33.914062,16.300709
33.921875,14.510648
33.929688,10.283383
33.937500,6.566158
33.945312,2.998056
33.953125,-4.270159
33.960938,-11.162662
33.968750,-16.846056
33.976562,-17.038854
33.984375,-13.169324
33.992188,-3.493128
34.000000,8.519613
34.007812,17.758963
34.015625,21.406794
34.023438,19.305889
34.031250,14.128522
34.039062,8.144224
34.046875,-0.838286
34.054688,-10.061411
34.062500,-16.900653
34.070312,-23.198698
34.078125,-22.498495
34.085938,-14.480694
34.093750,-3.802739
34.101562,8.191059
34.109375,14.323265
34.117188,15.292450
34.125000,11.708597
34.132812,9.168667
34.140625,6.358160
34.148438,2.315749
34.156250,-4.797333
34.164062,-12.852571
34.171875,-16.805322
34.179688,-18.510002
34.187500,-11.511826
34.195312,0.851319
34.203125,13.077222
34.210938,20.417892
34.218750,21.530974
34.226562,17.615233
34.234375,12.643502
34.242188,5.531812
34.250000,0.270369
34.257812,-6.630224
34.265625,-15.764429
34.273438,-20.451223
34.281250,-20.057028
34.289062,-15.212382
34.296875,-4.342449
34.304688,4.982713
34.312500,12.213010
34.320312,15.846324
34.328125,13.715880
34.335938,11.830923
34.343750,7.372196
34.351562,1.380668
34.359375,-6.175997
34.367188,-12.166181
34.375000,-19.825718
34.382812,-17.304643
34.390625,-7.290719
34.398438,4.599477
34.406250,13.485027
34.414062,17.830417
34.421875,18.600049
34.429688,15.605487
34.437500,11.423100
34.445312,9.738938
34.453125,5.226455
34.460938,-0.554003
34.468750,-8.990219
34.476562,-14.229446
34.484375,-12.148513
34.492188,-4.791975
34.500000,5.890351
34.507812,12.610989
34.515625,17.037544
34.523438,16.332888
34.531250,18.546041
34.539062,15.722442
34.546875,11.949284
34.554688,4.837469
34.562500,-2.163379
34.570312,-6.846892
34.578125,-7.603221
34.585938,-3.849861
34.593750,3.122032
34.601562,16.282486
34.609375,23.163431
34.617188,23.807196
34.625000,23.300977
34.632812,21.567413
34.640625,18.834756
34.648438,16.371831
34.656250,6.275389
34.664062,0.116184
34.671875,-7.290791
34.679688,-10.696697
34.687500,-7.455293
34.695312,2.733874
34.703125,8.898097
34.710938,15.370006
34.718750,17.032448
34.726562,15.486357
34.734375,13.192442
34.742188,10.320331
34.750000,3.984936
34.757812,-3.046047
34.765625,-9.653386
34.773438,-17.334115
34.781250,-18.179658
34.789062,-11.963613
34.796875,-4.652935
34.804688,3.644737
34.812500,8.583334
34.820312,7.945592
34.828125,5.956528
34.835938,5.485431
34.843750,4.185044
34.851562,0.328160
34.859375,-7.788004
34.867188,-17.709278
34.875000,-21.884039
34.882812,-20.944310
34.890625,-17.070021
34.898438,-6.390180
34.906250,1.378506
34.914062,7.276032
34.921875,10.426896
34.929688,11.605714
34.937500,11.236210
34.945312,7.184196
34.953125,-0.256697
34.960938,-7.755461
34.968750,-17.263135
34.976562,-21.800695
34.984375,-20.426132
34.992188,-14.531849
35.000000,-2.289076
35.007812,5.978109
35.015625,12.331625
35.023438,16.193723
35.031250,16.098007
35.039062,14.046222
35.046875,9.270685
35.054688,3.953174
35.062500,-5.951311
35.070312,-13.350734
35.078125,-15.658226
35.085938,-11.122445
35.093750,-4.469666
35.101562,8.461559
35.109375,16.379156
35.117188,20.178964
35.125000,22.364261
35.132812,23.663688
35.140625,22.431290
35.148438,16.374022
35.156250,7.053969
35.164062,-0.420610
35.171875,-9.891621
35.179688,-13.971420
35.187500,-11.257328
35.195312,-1.100796
35.203125,9.207917
35.210938,15.067851
35.218750,17.562586
35.226562,18.878895
35.234375,17.141783
35.242188,13.223361
35.250000,4.857504
35.257812,-5.045937
35.265625,-12.820188
35.273438,-19.521218
35.281250,-19.282794
35.289062,-11.901638
35.296875,-0.530052
35.304688,11.056482
35.312500,18.237313
35.320312,21.133104
35.328125,25.750715
35.335938,24.298292
35.343750,23.846989
35.351562,14.251475
35.359375,2.692190
35.367188,-8.072343
35.375000,-12.166206
35.382812,-12.263224
35.390625,-4.274052
35.398438,6.062133
35.406250,11.954394
35.414062,19.536200
35.421875,21.645262
35.429688,19.419691
35.437500,17.631047
35.445312,10.358202
35.453125,1.294297
35.460938,-5.377203
35.468750,-15.141467
35.476562,-19.568549
35.484375,-18.540196
35.492188,-10.699811
35.500000,-0.035844
35.507812,13.572870
35.515625,18.944196
35.523438,20.432268
35.531250,19.019544
35.539062,19.251111
35.546875,16.316804
35.554688,8.253845
35.562500,-0.457127
35.570312,-12.888575
35.578125,-17.578160
35.585938,-14.295819
35.593750,-3.283372
35.601562,8.440901
35.609375,17.558724
35.617188,20.540260
35.625000,24.438946
35.632812,24.384357
35.640625,20.846910
35.648438,15.345155
35.656250,6.012340
35.664062,-6.412245
35.671875,-18.556753
35.679688,-25.305536
35.687500,-18.869884
35.695312,-7.273069
35.703125,3.061124
35.710938,8.566944
35.718750,11.744331
35.726562,11.733391
35.734375,11.647573
35.742188,3.911200
35.750000,-4.315995
35.757812,-19.941609
35.765625,-31.158214
35.773438,-40.223480
35.781250,-39.320177
35.789062,-31.472286
35.796875,-20.626214
35.804688,-8.997689
35.812500,-2.704533
35.820312,1.819370
35.828125,3.451798
35.835938,1.483625
35.843750,1.619412
35.851562,-4.387938
35.859375,-12.580803
35.867188,-24.074198
35.875000,-29.073252
35.882812,-28.822866
35.890625,-19.652246
35.898438,-8.792694
35.906250,1.070829
35.914062,10.987119
35.921875,15.206162
35.929688,19.614459
35.937500,16.788677
35.945312,11.947629
35.953125,1.948052
35.960938,-11.232333
35.968750,-19.233630
35.976562,-24.241304
35.984375,-22.489563
35.992188,-15.124817
36.000000,-0.501005
36.007812,10.170039
36.015625,16.450665
36.023438,16.821373
36.031250,14.342583
36.039062,12.101811
36.046875,2.602094
36.054688,-6.721915
36.062500,-18.116637
36.070312,-26.992877
36.078125,-32.633100
36.085938,-27.008157
36.093750,-16.514330
36.101562,-6.256825
36.109375,4.271260
36.117188,9.936097
36.125000,15.468315
36.132812,10.909048
36.140625,3.138435
36.148438,-0.056931
36.156250,-6.912658
36.164062,-19.968603
36.171875,-26.704456
36.179688,-26.909998
36.187500,-17.596251
36.195312,-7.659780
36.203125,5.168589
36.210938,12.609560
36.218750,16.602237
36.226562,16.795850
36.234375,14.205656
36.242188,9.036270
36.250000,0.080489
36.257812,-12.543770
36.265625,-22.317771
36.273438,-28.495172
36.281250,-26.879626
36.289062,-22.636692
36.296875,-6.611691
36.304688,3.785498
36.312500,12.879314
36.320312,13.712227
36.328125,14.880385
36.335938,7.891794
36.343750,3.269706
36.351562,-2.780942
36.359375,-12.351221
36.367188,-24.844852
36.375000,-27.746382
36.382812,-20.996007
36.390625,-9.252688
36.398438,4.770403
36.406250,16.411076
36.414062,24.395648
36.421875,24.725733
36.429688,20.676934
36.437500,17.627088
36.445312,7.927077
36.453125,-4.078086
36.460938,-17.844170
36.468750,-26.045482
36.476562,-26.580471
36.484375,-21.788096
36.492188,-7.923318
36.500000,3.016105
36.507812,11.817292
36.515625,14.419640
36.523438,13.767982
36.531250,14.124163
36.539062,8.586597
36.546875,6.051636
36.554688,-6.179312
36.562500,-15.537214
36.570312,-20.145446
36.578125,-18.441509
36.585938,-12.574181
36.593750,-2.322613
36.601562,10.997098
36.609375,22.985838
36.617188,30.537110
36.625000,28.426565
36.632812,24.309257
36.640625,19.803099
36.648438,10.371089
36.656250,-0.869436
36.664062,-14.724914
36.671875,-20.213275
36.679688,-18.858505
36.687500,-12.062347
36.695312,1.398343
36.703125,14.070969
36.710938,19.703925
36.718750,18.891202
36.726562,19.023683
36.734375,14.985214
36.742188,10.043133
36.750000,1.486223
36.757812,-7.487194
36.765625,-19.147700
36.773438,-25.381305
36.781250,-22.804620
36.789062,-12.810307
36.796875,2.490732
36.804688,14.676502
36.812500,20.139753
36.820312,21.626430
36.828125,17.979474
36.835938,8.034978
36.843750,1.496564
36.851562,-4.537613
36.859375,-15.510512
36.867188,-22.570215
36.875000,-23.993085
36.882812,-17.455908
36.890625,-7.878670
36.898438,4.006855
36.906250,13.788769
36.914062,16.460474
36.921875,16.628643
36.929688,12.096685
36.937500,6.394324
36.945312,1.404125
36.953125,-4.555334
36.960938,-17.517006
36.968750,-27.283819
36.976562,-29.788456
36.984375,-22.551837
36.992188,-12.400292
37.000000,0.847543
37.007812,12.238563
37.015625,17.914757
37.023438,18.267355
37.031250,15.593770
37.039062,10.537728
37.046875,3.988120
37.054688,-7.241209
37.062500,-16.101316
37.070312,-21.863060
37.078125,-20.119671
37.085938,-15.004709
37.093750,-7.239577
37.101562,3.449199
37.109375,12.751245
37.117188,15.911278
37.125000,14.567748
37.132812,10.779533
37.140625,4.927741
37.148438,-2.873593
37.156250,-14.721437
37.164062,-22.840572
37.171875,-29.247383
37.179688,-26.546130
37.187500,-18.481044
37.195312,-4.408359
37.203125,6.634829
37.210938,14.510418
37.218750,15.328714
37.226562,10.936228
37.234375,9.178245
37.242188,6.347340
37.250000,-0.148486
37.257812,-8.428731
37.265625,-20.732278
37.273438,-25.492902
37.281250,-24.349072
37.289062,-16.766117
37.296875,-2.900120
37.304688,5.162682
37.312500,10.282992
37.320312,13.912500
37.328125,10.850812
37.335938,7.212978
37.343750,1.204614
37.351562,-7.673128
37.359375,-16.783977
37.367188,-22.569994
37.375000,-27.033625
37.382812,-25.002245
37.390625,-11.152421
37.398438,0.735303
37.406250,11.265998
37.414062,13.763245
37.421875,10.220428
37.429688,7.799321
37.437500,3.747541
37.445312,0.780796
37.453125,-7.202205
37.460938,-14.595615
37.468750,-21.927863
37.476562,-25.188970
37.484375,-16.658689
37.492188,-4.446834
37.500000,8.126792
37.507812,18.054503
37.515625,18.525710
37.523438,19.378669
37.531250,17.191817
37.539062,13.091473
37.546875,8.174397
37.554688,-0.079187
37.562500,-9.595676
37.570312,-16.782490
37.578125,-17.622862
37.585938,-12.349977
37.593750,-1.647859
37.601562,9.166562
37.609375,14.763509
37.617188,15.853938
37.625000,16.510893
37.632812,14.672118
37.640625,12.640356
37.648438,4.710074
37.656250,-2.727113
37.664062,-8.199817
37.671875,-13.028923
37.679688,-15.407955
37.687500,-6.483529
37.695312,1.521366
37.703125,10.268253
37.710938,14.027533
37.718750,16.855389
37.726562,17.597309
37.734375,15.673421
37.742188,11.149087
37.750000,5.055556
37.757812,-6.115744
37.765625,-14.972493
37.773438,-20.003235
37.781250,-17.679206
37.789062,-11.786390
37.796875,-0.300151
37.804688,7.464571
37.812500,9.116251
37.820312,10.710466
37.828125,11.896747
37.835938,6.530038
37.843750,6.422479
37.851562,-0.390172
37.859375,-10.821424
37.867188,-19.317815
37.875000,-23.554046
37.882812,-19.928485
37.890625,-15.268880
37.898438,-7.010165
37.906250,3.489765
37.914062,6.677980
37.921875,6.692002
37.929688,8.589493
37.937500,3.593922
37.945312,2.385555
37.953125,-2.898801
37.960938,-10.450490
37.968750,-19.710031
37.976562,-21.604275
37.984375,-19.985324
37.992188,-8.706529
38.000000,3.269879
38.007812,12.802975
38.015625,13.637065
38.023438,12.063740
38.031250,11.052842
38.039062,10.199151
38.046875,4.322848
38.054688,-3.361009
38.062500,-13.956221
38.070312,-19.553248
38.078125,-22.133293
38.085938,-19.549567
38.093750,-9.988638
38.101562,-0.357394
38.109375,7.251331
38.117188,11.251330
38.125000,12.237738
38.132812,8.696271
38.140625,6.187498
38.148438,1.659665
38.156250,-2.913649
38.164062,-12.585371
38.171875,-19.408120
38.179688,-22.421367
38.187500,-16.284024
38.195312,-7.848037
38.203125,4.718387
38.210938,12.031006
38.218750,15.168392
38.226562,15.027921
38.234375,14.371259
38.242188,14.310813
38.250000,11.948094
38.257812,3.571274
38.265625,-7.212864
38.273438,-15.436337
38.281250,-14.583458
38.289062,-8.585979
38.296875,0.642249
38.304688,6.322452
38.312500,11.979005
38.320312,11.290778
38.328125,15.914755
38.335938,13.828935
38.343750,10.295284
38.351562,7.414014
38.359375,-2.884894
38.367188,-12.883198
38.375000,-18.669199
38.382812,-16.856768
38.390625,-8.372591
38.398438,-0.199302
38.406250,11.947511
38.414062,16.418249
38.421875,17.189840
38.429688,17.765037
38.437500,18.111848
38.445312,14.510926
38.453125,7.464844
38.460938,-1.460146
38.468750,-10.809159
38.476562,-14.997103
38.484375,-16.743907
38.492188,-9.329182
38.500000,-2.975410
38.507812,4.928735
38.515625,8.807478
38.523438,11.874314
38.531250,12.009522
38.539062,9.321419
38.546875,5.973966
38.554688,-2.386249
38.562500,-9.847402
38.570312,-19.625042
38.578125,-21.078700
38.585938,-18.196202
38.593750,-8.223827
38.601562,1.804918
38.609375,9.896733
38.617188,14.097535
38.625000,14.404526
38.632812,14.860090
38.640625,11.601605
38.648438,5.099184
38.656250,-1.356698
38.664062,-12.490015
38.671875,-22.037577
38.679688,-24.396645
38.687500,-16.768047
38.695312,-4.130923
38.703125,7.463418
38.710938,15.055894
38.718750,18.575444
38.726562,19.784014
38.734375,19.147304
38.742188,18.247805
38.750000,10.329517
38.757812,0.568000
38.765625,-12.829837
38.773438,-22.188418
38.781250,-24.781000
38.789062,-20.653253
38.796875,-8.831618
38.804688,5.130289
38.812500,17.162125
38.820312,20.091991
38.828125,19.660737
38.835938,13.904677
38.843750,8.703310
38.851562,3.680600
38.859375,-7.781943
38.867188,-21.004383
38.875000,-25.623076
38.882812,-23.710992
38.890625,-15.194565
38.898438,-1.215012
38.906250,10.817051
38.914062,15.090986
38.921875,17.728441
38.929688,18.156591
38.937500,20.572271
38.945312,17.107785
38.953125,7.413285
38.960938,-7.835406
38.968750,-16.792641
38.976562,-22.809323
38.984375,-19.979577
38.992188,-7.537574
39.000000,5.132588
39.007812,18.206233
39.015625,25.987856
39.023438,26.271197
39.031250,24.665606
39.039062,18.698551
39.046875,16.895826
39.054688,6.954971
39.062500,-5.032750
39.070312,-15.694723
39.078125,-23.619416
39.085938,-20.023072
39.093750,-10.734796
39.101562,3.169877
39.109375,12.572131
39.117188,18.749338
39.125000,21.700712
39.132812,20.681941
39.140625,16.729329
39.148438,7.326985
39.156250,-1.900139
39.164062,-12.442237
39.171875,-21.898615
39.179688,-24.372968
39.187500,-16.739434
39.195312,-5.900884
39.203125,8.730612
39.210938,19.694279
39.218750,26.695830
39.226562,31.279730
39.234375,29.631070
39.242188,22.701913
39.250000,14.242837
39.257812,2.101655
39.265625,-9.395170
39.273438,-16.542428
39.281250,-20.274416
39.289062,-10.386050
39.296875,0.770629
39.304688,11.606158
39.312500,19.171744
39.320312,20.161118
39.328125,20.464203
39.335938,17.541243
39.343750,14.091887
39.351562,6.761996
39.359375,-8.656512
39.367188,-17.657181
39.375000,-23.523773
39.382812,-20.061028
39.390625,-11.480334
39.398438,0.392267
39.406250,11.160547
39.414062,19.581029
39.421875,21.913915
39.429688,20.344992
39.437500,17.319087
39.445312,10.874523
39.453125,-1.238350
39.460938,-10.592069
39.468750,-18.304157
39.476562,-24.093595
39.484375,-22.096081
39.492188,-13.634955
39.500000,1.086146
39.507812,13.991360
39.515625,16.465577
39.523438,15.955585
39.531250,13.952779
39.539062,8.317946
39.546875,2.643610
39.554688,-7.535368
39.562500,-19.216000
39.570312,-28.043078
39.578125,-29.594838
39.585938,-26.750187
39.593750,-14.024266
39.601562,1.468681
39.609375,11.181446
39.617188,15.856364
39.625000,14.542473
39.632812,10.766985
39.640625,4.019338
39.648438,-3.827432
39.656250,-16.124461
39.664062,-27.783983
39.671875,-36.089668
39.679688,-35.794426
39.687500,-27.462490
39.695312,-15.270050
39.703125,-1.874399
39.710938,6.445836
39.718750,12.592527
39.726562,13.523365
39.734375,9.765488
39.742188,4.525005
39.750000,-6.636290
39.757812,-16.106390
39.765625,-26.702990
39.773438,-30.944794
39.781250,-27.638624
39.789062,-18.659401
39.796875,-4.514040
39.804688,5.346094
39.812500,11.993235
39.820312,16.413621
39.828125,14.964282
39.835938,8.461718
39.843750,-0.003336
39.851562,-10.438201
39.859375,-21.141158
39.867188,-29.795566
39.875000,-33.233275
39.882812,-29.381710
39.890625,-19.155671
39.898438,-3.430547
39.906250,5.853052
39.914062,14.175137
39.921875,18.282401
39.929688,16.365517
39.937500,10.433905
39.945312,-0.682376
39.953125,-11.556011
39.960938,-21.034275
39.968750,-33.618755
39.976562,-31.151612
39.984375,-25.415929
39.992188,-13.419222
