time_s,eeg_uv
0.000000,-9.7867
0.005000,2.3856
0.010000,-16.0779
0.015000,-10.9588
0.020000,3.4228
0.025000,-12.5730
0.030000,-18.4078
0.035000,5.7825
0.040000,5.3079
0.045000,-1.5120
0.050000,6.5076
0.055000,24.6643
0.060000,21.4011
0.065000,12.8445
0.070000,30.0463
0.075000,18.4971
0.080000,17.2257
0.085000,33.2454
0.090000,17.2474
0.095000,0.4277
0.100000,8.0936
0.105000,7.4968
0.110000,3.1044
0.115000,8.3673
0.120000,26.0166
0.125000,1.8856
0.130000,10.2079
0.135000,35.6836
0.140000,32.9553
0.145000,29.1487
0.150000,45.0340
0.155000,51.3271
0.160000,31.6298
0.165000,34.8855
0.170000,47.1539
0.175000,31.3785
0.180000,25.9258
0.185000,37.0805
0.190000,14.9609
0.195000,10.3731
0.200000,18.4808
0.205000,32.0164
0.210000,9.8172
0.215000,8.6365
0.220000,31.4582
0.225000,2.6958
0.230000,12.0219
0.235000,26.6211
0.240000,21.5529
0.245000,14.9298
0.250000,24.6947
0.255000,30.3316
0.260000,15.9394
0.265000,18.3926
0.270000,30.4408
0.275000,6.3154
0.280000,5.5980
0.285000,9.3892
0.290000,6.9896
0.295000,-10.5627
0.300000,-2.0511
0.305000,-9.3447
0.310000,-15.5886
0.315000,-25.1983
0.320000,-14.3457
0.325000,-16.6069
0.330000,-23.6819
0.335000,-3.3283
0.340000,-4.9948
0.345000,-11.7183
0.350000,-0.0799
0.355000,-0.7945
0.360000,-14.0040
0.365000,-16.3699
0.370000,5.2062
0.375000,-21.1516
0.380000,-20.4228
0.385000,-18.4847
0.390000,-26.3165
0.395000,-30.7798
0.400000,-28.4751
0.405000,-31.4474
0.410000,-43.9159
0.415000,-45.2466
0.420000,-26.2105
0.425000,-32.2794
0.430000,-31.3187
0.435000,-20.3419
0.440000,-24.1835
0.445000,-25.2809
0.450000,-15.6814
0.455000,-10.8653
0.460000,-18.3774
0.465000,-18.5520
0.470000,-9.2330
0.475000,-31.5258
0.480000,-35.6618
0.485000,-23.6594
0.490000,-30.7062
0.495000,-49.5666
0.500000,-38.5978
0.505000,-37.4862
0.510000,-65.0930
0.515000,-55.0946
0.520000,-44.1488
0.525000,-54.8517
0.530000,-51.5701
0.535000,-32.7083
0.540000,-38.0827
0.545000,-41.7360
0.550000,-27.4558
0.555000,-26.3955
0.560000,-33.6453
0.565000,-28.0532
0.570000,-20.3920
0.575000,-38.1242
0.580000,-43.3681
0.585000,-25.4588
0.590000,-31.8150
0.595000,-56.9494
0.600000,-34.5253
0.605000,-34.9891
0.610000,-57.4219
0.615000,-45.7565
0.620000,-46.3842
0.625000,-51.6833
0.630000,-57.0917
0.635000,-28.8202
0.640000,-29.0841
0.645000,-39.5193
0.650000,-5.7412
0.655000,3.6680
0.660000,-6.5279
0.665000,-6.6590
0.670000,9.6837
0.675000,5.6072
0.680000,-8.5615
0.685000,2.7571
0.690000,-1.9251
0.695000,-13.6939
0.700000,-16.9286
0.705000,-6.1727
0.710000,-23.8431
0.715000,-18.2360
0.720000,-4.0183
0.725000,-17.5271
0.730000,-5.0908
0.735000,16.9915
0.740000,18.4098
0.745000,10.4265
0.750000,36.3870
0.755000,42.4203
0.760000,18.0006
0.765000,27.4920
0.770000,43.5995
0.775000,34.1727
0.780000,26.6654
0.785000,40.1098
0.790000,28.7783
0.795000,27.4694
0.800000,24.8056
0.805000,28.3025
0.810000,6.1325
0.815000,12.1071
0.820000,24.4283
0.825000,6.4439
0.830000,17.7822
0.835000,37.0033
0.840000,37.4928
0.845000,36.3292
0.850000,56.9386
0.855000,55.1313
0.860000,39.1749
0.865000,45.1074
0.870000,50.7113
0.875000,36.2674
0.880000,31.6391
0.885000,50.8892
0.890000,40.6885
0.895000,17.1787
0.900000,29.2435
0.905000,34.4058
0.910000,17.0296
0.915000,17.7565
0.920000,28.2105
0.925000,9.3454
0.930000,11.4603
0.935000,26.9744
0.940000,30.2971
0.945000,19.3892
0.950000,30.0032
0.955000,43.5265
0.960000,23.0612
0.965000,28.2896
0.970000,35.9790
0.975000,12.0784
0.980000,3.5849
0.985000,17.1814
0.990000,6.2679
0.995000,-20.1573
1.000000,-14.0842
1.005000,9.7999
1.010000,-26.8187
1.015000,-32.9986
1.020000,-7.4656
1.025000,-22.6254
1.030000,-12.5588
1.035000,-2.6427
1.040000,-8.6403
1.045000,-10.5381
1.050000,-0.0606
1.055000,2.4550
1.060000,-2.9315
1.065000,-4.1855
1.070000,3.3955
1.075000,-12.4474
1.080000,-23.9296
1.085000,-18.1050
1.090000,-19.0629
1.095000,-41.5246
1.100000,-29.9531
1.105000,-31.2210
1.110000,-49.2087
1.115000,-43.3490
1.120000,-37.9200
1.125000,-50.3290
1.130000,-49.9306
1.135000,-37.4215
1.140000,-30.9548
1.145000,-43.7474
1.150000,-39.2535
1.155000,-21.8507
1.160000,-29.6609
1.165000,-19.4372
1.170000,-18.3556
1.175000,-28.9979
1.180000,-39.1240
1.185000,-23.7791
1.190000,-32.1382
1.195000,-55.8614
1.200000,-40.8336
1.205000,-39.8352
1.210000,-53.6365
1.215000,-52.3254
1.220000,-41.8461
1.225000,-51.5212
1.230000,-54.1925
1.235000,-27.4598
1.240000,-20.4913
1.245000,-21.8986
1.250000,-17.1891
1.255000,-13.3688
1.260000,-25.5027
1.265000,-12.7188
1.270000,-6.6247
1.275000,-15.9089
1.280000,-22.9941
1.285000,-8.3270
1.290000,-23.7128
1.295000,-31.3821
1.300000,-21.2617
1.305000,-18.3523
1.310000,-31.8163
1.315000,-26.1644
1.320000,-10.0096
1.325000,-10.2401
1.330000,-15.2067
1.335000,0.5352
1.340000,2.7994
1.345000,-6.5986
1.350000,12.9409
1.355000,31.4298
1.360000,18.6147
1.365000,25.7580
1.370000,34.7103
1.375000,40.1089
1.380000,25.7843
1.385000,33.1348
1.390000,26.6080
1.395000,8.3066
1.400000,21.3415
1.405000,18.8365
1.410000,1.9845
1.415000,-1.5558
1.420000,15.5873
1.425000,6.0609
1.430000,-1.4192
1.435000,18.9068
1.440000,19.1356
1.445000,6.2049
1.450000,27.2305
1.455000,41.8945
1.460000,39.7548
1.465000,37.0154
1.470000,48.0461
1.475000,23.1036
1.480000,33.3876
1.485000,39.1174
1.490000,23.1331
1.495000,4.8161
1.500000,15.8007
1.505000,20.6384
1.510000,4.2181
1.515000,11.5261
1.520000,19.7423
1.525000,4.6929
1.530000,7.6035
1.535000,35.4035
1.540000,21.9545
1.545000,15.9583
1.550000,35.1902
1.555000,47.1923
1.560000,31.5068
1.565000,34.4882
1.570000,45.2202
1.575000,24.4495
1.580000,18.6373
1.585000,35.7130
1.590000,21.3839
1.595000,6.5640
1.600000,5.8530
1.605000,17.7460
1.610000,-6.6804
1.615000,3.6310
1.620000,5.4716
1.625000,-7.6001
1.630000,-6.2867
1.635000,9.1235
1.640000,10.4058
1.645000,4.3355
1.650000,12.3616
1.655000,26.8290
1.660000,-2.2314
1.665000,10.5006
1.670000,7.1925
1.675000,1.1165
1.680000,-7.2525
1.685000,-0.5675
1.690000,-1.0435
1.695000,-26.5125
1.700000,-25.9638
1.705000,-22.7704
1.710000,-46.8614
1.715000,-34.2707
1.720000,-25.8508
1.725000,-36.0284
1.730000,-40.2420
1.735000,-39.7291
1.740000,-33.7883
1.745000,-33.0422
1.750000,-28.7310
1.755000,-11.0270
1.760000,-31.7909
1.765000,-26.4593
1.770000,-16.9919
1.775000,-42.5224
1.780000,-47.5940
1.785000,-35.4552
1.790000,-43.5408
1.795000,-58.1102
1.800000,-62.2477
1.805000,-58.7133
1.810000,-73.8512
1.815000,-66.8899
1.820000,-59.2787
1.825000,-70.6208
1.830000,-71.9465
1.835000,-48.0697
1.840000,-52.6722
1.845000,-58.4478
1.850000,-44.3527
1.855000,-38.2883
1.860000,-38.6751
1.865000,-31.1105
1.870000,-9.1667
1.875000,-44.3949
1.880000,-51.6510
1.885000,-31.8968
1.890000,-42.8028
1.895000,-57.6183
1.900000,-41.6423
1.905000,-44.2340
1.910000,-61.6397
1.915000,-58.5047
1.920000,-47.5501
1.925000,-57.2765
1.930000,-53.3431
1.935000,-37.2809
1.940000,-42.9437
1.945000,-52.7880
1.950000,-30.6296
1.955000,-28.0285
1.960000,-36.4981
1.965000,-33.5262
1.970000,-24.3840
1.975000,-24.1514
1.980000,-28.5890
1.985000,-18.9645
1.990000,-18.2983
1.995000,-47.2318
2.000000,-30.0655
2.005000,-26.3782
2.010000,-36.6709
2.015000,-25.2563
2.020000,-13.3024
2.025000,-13.4575
2.030000,-14.5301
2.035000,5.6592
2.040000,11.8199
2.045000,12.3007
2.050000,15.4074
2.055000,21.7075
2.060000,14.3246
2.065000,15.3179
2.070000,35.5650
2.075000,20.6441
2.080000,16.0302
2.085000,30.4311
2.090000,19.4359
2.095000,6.6284
2.100000,18.1952
2.105000,24.2827
2.110000,9.3733
2.115000,16.0325
2.120000,31.8045
2.125000,24.7470
2.130000,25.5008
2.135000,47.3977
2.140000,44.3961
2.145000,28.3021
2.150000,52.1392
2.155000,57.6135
2.160000,49.6329
2.165000,53.3347
2.170000,63.3895
2.175000,56.8530
2.180000,41.9457
2.185000,58.4782
2.190000,44.6642
2.195000,36.3242
2.200000,42.1646
2.205000,54.8230
2.210000,27.8855
2.215000,35.3795
2.220000,52.1849
2.225000,42.3128
2.230000,28.0599
2.235000,43.1716
2.240000,44.4981
2.245000,34.3045
2.250000,52.5158
2.255000,61.3482
2.260000,43.0595
2.265000,44.6782
2.270000,49.2025
2.275000,35.9313
2.280000,21.0470
2.285000,29.6190
2.290000,30.6249
2.295000,18.8073
2.300000,22.9649
2.305000,22.5672
2.310000,12.7683
2.315000,12.0908
2.320000,22.7629
2.325000,18.6851
2.330000,16.4725
2.335000,21.4145
2.340000,14.1498
2.345000,8.3314
2.350000,26.5001
2.355000,25.2063
2.360000,20.0970
2.365000,18.9637
2.370000,26.2786
2.375000,11.3645
2.380000,-3.4345
2.385000,10.4498
2.390000,6.7296
2.395000,-17.0067
2.400000,-1.4500
2.405000,-11.6236
2.410000,-30.5158
2.415000,-13.5139
2.420000,-9.9644
2.425000,-19.9262
2.430000,-33.0212
2.435000,-22.0154
2.440000,-18.1153
2.445000,-32.1651
2.450000,-18.4629
2.455000,-10.7027
2.460000,-20.8432
2.465000,-26.2616
2.470000,-20.4812
2.475000,-20.0387
2.480000,-35.4891
2.485000,-26.6259
2.490000,-30.7678
2.495000,-45.5578
2.500000,-37.6278
2.505000,-36.3730
2.510000,-47.8305
2.515000,-38.0905
2.520000,-23.8570
2.525000,-34.4010
2.530000,-50.1383
2.535000,-29.2622
2.540000,-35.7430
2.545000,-42.5714
2.550000,-23.2297
2.555000,-16.0497
2.560000,-35.6393
2.565000,-27.6013
2.570000,-11.6687
2.575000,-22.3867
2.580000,-35.3958
2.585000,-11.7837
2.590000,-25.9094
2.595000,-35.6767
2.600000,-20.6782
2.605000,-20.0388
2.610000,-29.9913
2.615000,-27.1769
2.620000,-17.6422
2.625000,-20.2636
2.630000,-21.0540
2.635000,-15.6500
2.640000,-13.7968
2.645000,-18.6980
2.650000,-7.3950
2.655000,-0.2740
2.660000,-9.8685
2.665000,-1.3279
2.670000,18.7862
2.675000,7.1671
2.680000,2.7498
2.685000,8.7491
2.690000,2.1518
2.695000,-8.2476
2.700000,0.3522
2.705000,14.0290
2.710000,-0.4188
2.715000,17.9324
2.720000,35.0212
2.725000,15.0760
2.730000,9.1860
2.735000,30.5607
2.740000,28.8327
2.745000,23.7363
2.750000,38.6935
2.755000,42.1075
2.760000,35.4729
2.765000,47.4915
2.770000,62.2145
2.775000,26.3541
2.780000,28.5726
2.785000,45.7497
2.790000,39.7897
2.795000,25.8682
2.800000,37.2645
2.805000,46.5895
2.810000,28.2714
2.815000,41.9187
2.820000,46.0076
2.825000,33.3438
2.830000,33.8272
2.835000,57.7842
2.840000,52.2384
2.845000,50.0033
2.850000,46.1326
2.855000,45.9484
2.860000,39.3746
2.865000,49.3067
2.870000,61.5362
2.875000,40.5981
2.880000,39.7387
2.885000,50.0770
2.890000,46.8428
2.895000,35.4728
2.900000,43.3891
2.905000,45.1784
2.910000,32.1654
2.915000,27.0332
2.920000,45.9793
2.925000,30.1260
2.930000,27.2028
2.935000,43.6250
2.940000,40.3389
2.945000,36.9471
2.950000,52.4220
2.955000,50.1214
2.960000,27.3843
2.965000,40.2709
2.970000,51.8193
2.975000,30.1143
2.980000,18.7130
2.985000,31.5973
2.990000,33.0168
2.995000,16.9976
3.000000,21.9086
3.005000,12.1764
3.010000,-0.2502
3.015000,-2.2235
3.020000,-2.4208
3.025000,-5.9555
3.030000,-5.0613
3.035000,9.5938
3.040000,-0.5999
3.045000,-4.5995
3.050000,5.9496
3.055000,12.6553
3.060000,-2.4959
3.065000,9.7205
3.070000,17.5798
3.075000,-6.5366
3.080000,-15.5189
3.085000,15.2340
3.090000,-5.2784
3.095000,-23.1570
3.100000,-3.0961
3.105000,0.3572
3.110000,-15.8553
3.115000,-15.9149
3.120000,-6.2020
3.125000,-13.4269
3.130000,-19.7530
3.135000,1.4546
3.140000,0.5443
3.145000,-10.2334
3.150000,-2.7079
3.155000,4.7575
3.160000,-10.0965
3.165000,-17.1362
3.170000,-4.2691
3.175000,-8.7190
3.180000,-27.4069
3.185000,-17.5353
3.190000,-17.0385
3.195000,-33.3407
3.200000,-14.8769
3.205000,-25.1095
3.210000,-42.4804
3.215000,-35.6039
3.220000,-20.7616
3.225000,-30.8883
3.230000,-32.3467
3.235000,-18.4414
3.240000,-25.9959
3.245000,-27.0588
3.250000,-11.0132
3.255000,-5.2819
3.260000,-16.1593
3.265000,-10.3275
3.270000,7.4449
3.275000,-11.8562
3.280000,-11.0100
3.285000,-2.0577
3.290000,-5.0886
3.295000,-14.5430
3.300000,-5.1897
3.305000,0.0173
3.310000,-6.5407
3.315000,-4.8330
3.320000,-0.2426
3.325000,-12.2790
3.330000,-12.6000
3.335000,11.2807
3.340000,14.5789
3.345000,2.7830
3.350000,12.7508
3.355000,14.3869
3.360000,6.1038
3.365000,11.8055
3.370000,24.4068
3.375000,14.9087
3.380000,4.8410
3.385000,17.2124
3.390000,19.8451
3.395000,9.5258
3.400000,20.9086
3.405000,26.5716
3.410000,7.0818
3.415000,19.7778
3.420000,21.2288
3.425000,14.7099
3.430000,6.3943
3.435000,38.7146
3.440000,16.8202
3.445000,20.4287
3.450000,39.6728
3.455000,35.7361
3.460000,32.0929
3.465000,31.4450
3.470000,39.8298
3.475000,23.4859
3.480000,24.6151
3.485000,32.7472
3.490000,27.6082
3.495000,9.4404
3.500000,24.2455
3.505000,28.5065
3.510000,13.1845
3.515000,16.9177
3.520000,34.9616
3.525000,20.1066
3.530000,28.2937
3.535000,43.0368
3.540000,35.6144
3.545000,22.0688
3.550000,33.9055
3.555000,37.5561
3.560000,18.3524
3.565000,29.4530
3.570000,47.5538
3.575000,28.0926
3.580000,29.4463
3.585000,42.6758
3.590000,29.2203
3.595000,19.6338
3.600000,19.5110
3.605000,25.8740
3.610000,-3.7869
3.615000,4.7308
3.620000,5.5332
3.625000,-7.4218
3.630000,-1.3547
3.635000,17.4384
3.640000,1.4975
3.645000,4.4513
3.650000,22.5191
3.655000,12.7861
3.660000,1.1368
3.665000,6.2384
3.670000,11.6673
3.675000,-1.8418
3.680000,-3.3308
3.685000,9.9686
3.690000,-3.8604
3.695000,-23.1787
3.700000,3.6705
3.705000,-1.0174
3.710000,-16.5594
3.715000,-10.7335
3.720000,4.2953
3.725000,-13.9858
3.730000,-21.2732
3.735000,-3.5011
3.740000,-2.6074
3.745000,-10.3969
3.750000,0.6376
3.755000,1.1505
3.760000,-2.6461
3.765000,-1.8503
3.770000,3.0174
3.775000,-11.2663
3.780000,-11.2019
3.785000,6.4696
3.790000,-5.4938
3.795000,-29.4166
3.800000,-15.1093
3.805000,-15.3889
3.810000,-29.3590
3.815000,-24.0559
3.820000,-3.9197
3.825000,-26.4650
3.830000,-32.9451
3.835000,-13.2887
3.840000,-25.8677
3.845000,-27.0602
3.850000,-15.8466
3.855000,-8.4634
3.860000,-19.0864
3.865000,-22.0374
3.870000,-8.9769
3.875000,-10.0914
3.880000,-18.3054
3.885000,-1.7095
3.890000,-12.7297
3.895000,-22.9398
3.900000,-19.6344
3.905000,-19.3375
3.910000,-36.3505
3.915000,-27.9758
3.920000,-24.5843
3.925000,-23.0122
3.930000,-26.9754
3.935000,-14.4744
3.940000,-12.8928
3.945000,-26.4579
3.950000,-11.1585
3.955000,1.0575
3.960000,-11.1388
3.965000,-16.2098
3.970000,1.0215
3.975000,-11.6127
3.980000,-9.4233
3.985000,-8.1204
3.990000,-12.3769
3.995000,-25.1087
4.000000,-7.3804
4.005000,0.0565
4.010000,-17.7699
4.015000,-8.0650
4.020000,5.7208
4.025000,-9.2494
4.030000,-12.9698
4.035000,8.4056
4.040000,1.7902
4.045000,-5.4968
4.050000,10.7766
4.055000,27.7309
4.060000,9.7374
4.065000,17.6368
4.070000,12.7702
4.075000,16.2376
4.080000,12.1834
4.085000,27.9081
4.090000,8.6737
4.095000,-4.9120
4.100000,3.8608
4.105000,11.9210
4.110000,-13.5472
4.115000,-1.6169
4.120000,15.5390
4.125000,1.4594
4.130000,7.6639
4.135000,27.5147
4.140000,28.2813
4.145000,18.3076
4.150000,29.6703
4.155000,29.3095
4.160000,20.7099
4.165000,26.9905
4.170000,32.6132
4.175000,17.0311
4.180000,9.7670
4.185000,17.2154
4.190000,10.8069
4.195000,-0.6504
4.200000,12.5461
4.205000,14.0331
4.210000,-4.5930
4.215000,-0.7939
4.220000,8.2385
4.225000,0.4003
4.230000,-0.3750
4.235000,8.4989
4.240000,14.9566
4.245000,3.6641
4.250000,22.6029
4.255000,25.2329
4.260000,1.8800
4.265000,11.4458
4.270000,14.1247
4.275000,5.8875
4.280000,-3.2749
4.285000,1.8109
4.290000,0.0933
4.295000,-9.3255
4.300000,-9.6056
4.305000,-12.8097
4.310000,-26.0175
4.315000,-21.9895
4.320000,-4.5737
4.325000,-17.2201
4.330000,-31.4172
4.335000,1.4398
4.340000,-3.6895
4.345000,-11.3343
4.350000,10.4690
4.355000,4.9038
4.360000,-4.2353
4.365000,-14.1944
4.370000,-6.8438
4.375000,-8.3517
4.380000,-28.2584
4.385000,-18.8802
4.390000,-21.4128
4.395000,-36.7595
4.400000,-24.4757
4.405000,-25.1392
4.410000,-29.0967
4.415000,-26.7156
4.420000,-16.4225
4.425000,-25.5953
4.430000,-25.9044
4.435000,-0.0435
4.440000,-11.5401
4.445000,-22.9440
4.450000,-3.2578
4.455000,2.4921
4.460000,-9.8222
4.465000,-4.3719
4.470000,4.6192
4.475000,-22.7717
4.480000,-12.7219
4.485000,-2.7922
4.490000,-15.9210
4.495000,-30.6803
4.500000,-15.8752
4.505000,-21.8622
4.510000,-45.2775
4.515000,-41.2324
4.520000,-29.4208
4.525000,-40.5644
4.530000,-36.0233
4.535000,-19.6656
4.540000,-31.1876
4.545000,-21.3128
4.550000,-14.6585
4.555000,-13.0620
4.560000,-19.5253
4.565000,-9.2436
4.570000,-2.7759
4.575000,-21.6270
4.580000,-28.4742
4.585000,-1.1012
4.590000,-24.5742
4.595000,-37.2201
4.600000,-24.4274
4.605000,-24.8121
4.610000,-37.3596
4.615000,-27.7468
4.620000,-24.8727
4.625000,-47.6178
4.630000,-45.7460
4.635000,-26.7372
4.640000,-20.6392
4.645000,-36.0878
4.650000,-4.8524
4.655000,2.5129
4.660000,-3.5888
4.665000,4.1350
4.670000,12.8017
4.675000,-0.4042
4.680000,-10.5701
4.685000,-3.1444
4.690000,0.1683
4.695000,-20.9613
4.700000,-21.6737
4.705000,-15.7108
4.710000,-25.9599
4.715000,-22.5485
4.720000,-10.7382
4.725000,-13.9048
4.730000,-8.2364
4.735000,7.4246
4.740000,5.3511
4.745000,-2.9860
4.750000,19.8558
4.755000,24.6916
4.760000,13.5021
4.765000,13.9437
4.770000,33.5128
4.775000,16.3609
4.780000,19.5450
4.785000,24.8029
4.790000,17.6473
4.795000,5.3969
4.800000,10.4770
4.805000,10.0326
4.810000,-14.3167
4.815000,-4.2077
4.820000,14.2197
4.825000,-11.1725
4.830000,-1.2385
4.835000,17.0908
4.840000,17.3646
4.845000,11.2264
4.850000,31.5249
4.855000,24.9946
4.860000,19.9802
4.865000,28.7981
4.870000,26.2961
4.875000,24.2711
4.880000,14.8347
4.885000,16.6159
4.890000,17.3622
4.895000,-2.9826
4.900000,2.8018
4.905000,9.9589
4.910000,-2.7636
4.915000,0.7643
4.920000,10.5321
4.925000,-2.2565
4.930000,-3.7802
4.935000,9.3038
4.940000,12.0758
4.945000,2.4574
4.950000,19.4414
4.955000,21.3269
4.960000,10.0850
4.965000,19.6211
4.970000,30.2253
4.975000,6.8428
4.980000,1.1163
4.985000,9.8574
4.990000,1.7336
4.995000,-20.6995
5.000000,-5.1620
5.005000,1.0320
5.010000,-21.6666
5.015000,-27.7717
5.020000,-12.1583
5.025000,-20.0512
5.030000,-10.2710
5.035000,0.5495
5.040000,-9.5628
5.045000,-5.9235
5.050000,9.2632
5.055000,11.2004
5.060000,-0.1785
5.065000,0.6429
5.070000,15.8281
5.075000,4.3720
5.080000,-11.8445
5.085000,-4.2115
5.090000,-7.8776
5.095000,-21.9254
5.100000,-16.5435
5.105000,-9.6010
5.110000,-30.2232
5.115000,-35.5949
5.120000,-17.1684
5.125000,-30.8294
5.130000,-32.4446
5.135000,-18.5560
5.140000,-21.2015
5.145000,-18.3817
5.150000,-9.6293
5.155000,-0.4723
5.160000,-7.3841
5.165000,-0.2175
5.170000,11.3854
5.175000,-5.4323
5.180000,-12.1262
5.185000,-8.3761
5.190000,-7.2961
5.195000,-30.4498
5.200000,-30.7110
5.205000,-22.2541
5.210000,-43.6810
5.215000,-29.5179
5.220000,-21.3833
5.225000,-36.9124
5.230000,-29.4241
5.235000,-4.1400
5.240000,0.3913
5.245000,1.5448
5.250000,6.4868
5.255000,-0.5555
5.260000,-4.8672
5.265000,0.2981
5.270000,12.6194
5.275000,2.5269
5.280000,-11.7884
5.285000,9.6158
5.290000,-5.7516
5.295000,-23.9711
5.300000,-9.4670
5.305000,-11.3973
5.310000,-28.2837
5.315000,-14.4600
5.320000,1.5309
5.325000,-8.0168
5.330000,-5.2607
5.335000,4.8938
5.340000,1.6851
5.345000,-7.4709
5.350000,15.7619
5.355000,21.8907
5.360000,12.4553
5.365000,20.2706
5.370000,33.7302
5.375000,25.9231
5.380000,11.0073
5.385000,25.2104
5.390000,24.6362
5.395000,5.0171
5.400000,11.0885
5.405000,-0.2411
5.410000,-13.9575
5.415000,-14.1326
5.420000,1.6984
5.425000,-15.4111
5.430000,-14.8147
5.435000,0.9714
5.440000,-1.9674
5.445000,-5.0473
5.450000,12.5974
5.455000,30.4125
5.460000,13.6921
5.465000,9.7861
5.470000,31.4524
5.475000,11.9538
5.480000,5.4218
5.485000,23.6276
5.490000,4.7724
5.495000,-18.6738
5.500000,1.6917
5.505000,-3.2070
5.510000,-18.1260
5.515000,-16.8809
5.520000,0.7537
5.525000,-15.2368
5.530000,-16.2619
5.535000,2.9652
5.540000,7.3693
5.545000,5.2267
5.550000,23.0983
5.555000,13.1142
5.560000,7.9989
5.565000,15.4162
5.570000,26.9900
5.575000,11.6873
5.580000,1.4721
5.585000,9.3282
5.590000,0.5636
5.595000,-17.6039
5.600000,-2.6522
5.605000,4.0457
5.610000,-21.9912
5.615000,-8.6332
5.620000,3.3930
5.625000,-16.3644
5.630000,-5.7280
5.635000,13.5013
5.640000,9.4238
5.645000,2.4568
5.650000,6.0858
5.655000,20.9744
5.660000,5.6259
5.665000,3.9534
5.670000,13.0501
5.675000,-3.4521
5.680000,-2.0637
5.685000,-0.3881
5.690000,-6.1170
5.695000,-19.0030
5.700000,-20.7355
5.705000,-19.7932
5.710000,-44.0514
5.715000,-31.6668
5.720000,-19.9255
5.725000,-21.7935
5.730000,-32.1063
5.735000,-20.8210
5.740000,-21.2286
5.745000,-23.4687
5.750000,-12.5735
5.755000,-4.1976
5.760000,-11.4914
5.765000,-17.1949
5.770000,-5.6452
5.775000,-20.8800
5.780000,-32.9705
5.785000,-13.9520
5.790000,-16.6763
5.795000,-43.3869
5.800000,-45.4364
5.805000,-49.4371
5.810000,-56.6399
5.815000,-52.8827
5.820000,-42.7530
5.825000,-51.2454
5.830000,-52.0766
5.835000,-34.9686
5.840000,-29.6780
5.845000,-40.9023
5.850000,-23.4662
5.855000,-22.9627
5.860000,-22.9126
5.865000,-10.5368
5.870000,2.3466
5.875000,-23.9960
5.880000,-23.8799
5.885000,-21.5804
5.890000,-29.4405
5.895000,-36.7765
5.900000,-18.5168
5.905000,-25.4248
5.910000,-51.1538
5.915000,-41.7959
5.920000,-35.4348
5.925000,-45.1661
5.930000,-46.6078
5.935000,-28.8039
5.940000,-34.0325
5.945000,-39.8166
5.950000,-19.3108
5.955000,-19.3876
5.960000,-29.0726
5.965000,-24.2973
5.970000,-10.6106
5.975000,-29.1684
5.980000,-21.9099
5.985000,-13.9438
5.990000,-22.3546
5.995000,-36.9397
6.000000,-34.7675
6.005000,-21.3945
6.010000,-39.1471
6.015000,-20.5970
6.020000,-7.2579
6.025000,-16.9614
6.030000,-16.2654
6.035000,6.3454
6.040000,7.5762
6.045000,-1.5238
6.050000,3.4693
6.055000,13.1399
6.060000,10.9919
6.065000,11.1805
6.070000,23.5559
6.075000,16.2998
6.080000,11.1143
6.085000,12.8558
6.090000,10.0479
6.095000,-3.0972
6.100000,-4.1009
6.105000,5.8865
6.110000,-4.5714
6.115000,4.4626
6.120000,26.6188
6.125000,5.8661
6.130000,15.0010
6.135000,33.4558
6.140000,35.4740
6.145000,20.0256
6.150000,37.5259
6.155000,53.3343
6.160000,44.1268
6.165000,36.9375
6.170000,59.4275
6.175000,44.5779
6.180000,36.2456
6.185000,42.2990
6.190000,32.5610
6.195000,19.1076
6.200000,27.2736
6.205000,35.5233
6.210000,11.0463
6.215000,22.7860
6.220000,38.0228
6.225000,22.1606
6.230000,20.4461
6.235000,31.5867
6.240000,35.1845
6.245000,24.9566
6.250000,48.9610
6.255000,48.5600
6.260000,39.6574
6.265000,30.1227
6.270000,43.2702
6.275000,28.6274
6.280000,20.9533
6.285000,31.3449
6.290000,25.6633
6.295000,19.0625
6.300000,14.9799
6.305000,23.0103
6.310000,-0.0718
6.315000,3.0267
6.320000,15.8419
6.325000,9.0785
6.330000,9.5785
6.335000,18.5970
6.340000,15.1328
6.345000,7.6883
6.350000,28.8748
6.355000,30.7003
6.360000,12.1845
6.365000,30.6796
6.370000,27.5013
6.375000,7.4948
6.380000,-0.3297
6.385000,9.8902
6.390000,8.1910
6.395000,-6.9802
6.400000,3.6189
6.405000,-9.1881
6.410000,-10.1444
6.415000,-9.0006
6.420000,-5.2107
6.425000,-17.8359
6.430000,-25.3056
6.435000,-8.1059
6.440000,-13.3283
6.445000,-17.9545
6.450000,-1.2316
6.455000,-3.4856
6.460000,-12.0703
6.465000,-16.8944
6.470000,-13.6963
6.475000,-23.4713
6.480000,-39.1645
6.485000,-11.0620
6.490000,-16.6725
6.495000,-40.5680
6.500000,-24.9373
6.505000,-30.3947
6.510000,-42.3178
6.515000,-34.5629
6.520000,-14.1510
6.525000,-29.1389
6.530000,-36.7273
6.535000,-20.0326
6.540000,-13.1519
6.545000,-38.2547
6.550000,-25.3921
6.555000,-19.1283
6.560000,-23.5564
6.565000,-36.7490
6.570000,-6.4623
6.575000,-21.3227
6.580000,-24.8490
6.585000,-4.4849
6.590000,-17.8626
6.595000,-27.1434
6.600000,-17.5673
6.605000,-20.0047
6.610000,-32.2439
6.615000,-21.7045
6.620000,-13.7978
6.625000,-30.4400
6.630000,-23.1347
6.635000,-7.7676
6.640000,-13.3369
6.645000,-19.2461
6.650000,-6.7812
6.655000,7.3441
6.660000,-1.6109
6.665000,-7.3377
6.670000,12.4605
6.675000,-1.6009
6.680000,3.8400
6.685000,10.8238
6.690000,-6.6052
6.695000,-7.4456
6.700000,2.0282
6.705000,13.0543
6.710000,5.0898
6.715000,15.0038
6.720000,27.0309
6.725000,20.8768
6.730000,20.5102
6.735000,28.7516
6.740000,32.8167
6.745000,26.6696
6.750000,31.7339
6.755000,49.0817
6.760000,31.1554
6.765000,45.1422
6.770000,60.0208
6.775000,41.4045
6.780000,29.4990
6.785000,41.8633
6.790000,37.2636
6.795000,22.6547
6.800000,39.7929
6.805000,45.0310
6.810000,23.6928
6.815000,34.9966
6.820000,41.0662
6.825000,24.2817
6.830000,38.3590
6.835000,53.8102
6.840000,49.0375
6.845000,38.4680
6.850000,50.9166
6.855000,48.3356
6.860000,32.4508
6.865000,44.0937
6.870000,62.9247
6.875000,42.6675
6.880000,38.1785
6.885000,49.6959
6.890000,51.4917
6.895000,34.6849
6.900000,40.9683
6.905000,45.3475
6.910000,26.5533
6.915000,37.6873
6.920000,49.0131
6.925000,46.4844
6.930000,47.7566
6.935000,42.8994
6.940000,47.6297
6.945000,39.9846
6.950000,50.4811
6.955000,51.0892
6.960000,33.9316
6.965000,38.3452
6.970000,53.1982
6.975000,36.1067
6.980000,21.3609
6.985000,32.2023
6.990000,21.1370
6.995000,15.6349
7.000000,16.4571
7.005000,15.2592
7.010000,-5.3013
7.015000,3.0116
7.020000,12.3615
7.025000,-8.9253
7.030000,-23.2930
7.035000,4.8535
7.040000,9.5416
7.045000,-8.2115
7.050000,3.2787
7.055000,10.6997
7.060000,-5.9178
7.065000,-3.6790
7.070000,14.4011
7.075000,-6.3421
7.080000,-14.6550
7.085000,9.1136
7.090000,-9.7217
7.095000,-18.4070
7.100000,-3.8613
7.105000,-13.0382
7.110000,-16.6891
7.115000,-15.5279
7.120000,-9.5122
7.125000,-20.5114
7.130000,-24.0488
7.135000,-5.2006
7.140000,-12.4085
7.145000,-19.5308
7.150000,-10.0882
7.155000,-3.8360
7.160000,-27.4471
7.165000,-17.8253
7.170000,-11.3847
7.175000,-18.0798
7.180000,-29.4910
7.185000,-24.8936
7.190000,-18.4542
7.195000,-35.6898
7.200000,-22.3787
7.205000,-20.5406
7.210000,-38.9038
7.215000,-40.5362
7.220000,-28.2866
7.225000,-45.9688
7.230000,-39.7448
7.235000,-27.6697
7.240000,-37.7530
7.245000,-29.9229
7.250000,-17.7362
7.255000,-6.2104
7.260000,-27.1507
7.265000,-17.7763
7.270000,-12.0329
7.275000,-23.7380
7.280000,-19.4878
7.285000,-9.4720
7.290000,-12.0359
7.295000,-24.6590
7.300000,-8.5591
7.305000,-7.5696
7.310000,-16.3223
7.315000,-13.4104
7.320000,6.8835
7.325000,-11.6185
7.330000,-7.1158
7.335000,10.4245
7.340000,19.2616
7.345000,0.8625
7.350000,21.7642
7.355000,14.7078
7.360000,8.1963
7.365000,22.2749
7.370000,21.8340
7.375000,15.1926
7.380000,12.4182
7.385000,17.9755
7.390000,26.8789
7.395000,9.7053
7.400000,36.7941
7.405000,34.8318
7.410000,14.9261
7.415000,26.7116
7.420000,24.2702
7.425000,17.6433
7.430000,23.9593
7.435000,39.5320
7.440000,24.3747
7.445000,23.9055
7.450000,60.1886
7.455000,42.3328
7.460000,34.6908
7.465000,36.2445
7.470000,53.5160
7.475000,35.3461
7.480000,39.3802
7.485000,48.7907
7.490000,41.9225
7.495000,29.9348
7.500000,40.9996
7.505000,45.6123
7.510000,28.0272
7.515000,30.0662
7.520000,48.9979
7.525000,32.5720
7.530000,38.3403
7.535000,53.8665
7.540000,46.4806
7.545000,38.5805
7.550000,44.4352
7.555000,41.1768
7.560000,29.7529
7.565000,44.1067
7.570000,49.7700
7.575000,44.6534
7.580000,41.8957
7.585000,51.8190
7.590000,40.6045
7.595000,23.4741
7.600000,29.7373
7.605000,29.3979
7.610000,5.5710
7.615000,7.2138
7.620000,19.6914
7.625000,3.8520
7.630000,3.1433
7.635000,24.8886
7.640000,10.7623
7.645000,7.8233
7.650000,26.5885
7.655000,22.9303
7.660000,-4.3770
7.665000,13.8024
7.670000,10.0992
7.675000,2.9745
7.680000,2.3821
7.685000,16.7575
7.690000,1.0762
7.695000,-10.3322
7.700000,-3.3096
7.705000,-6.6576
7.710000,-19.0407
7.715000,-12.5054
7.720000,-5.7359
7.725000,-18.7428
7.730000,-28.4111
7.735000,-10.8769
7.740000,-12.8312
7.745000,-15.9399
7.750000,-3.3030
7.755000,-16.5548
7.760000,-21.4687
7.765000,-21.6644
7.770000,-6.5290
7.775000,-28.0734
7.780000,-26.7269
7.785000,-8.3751
7.790000,-24.5426
7.795000,-49.1037
7.800000,-37.4753
7.805000,-22.7500
7.810000,-47.6338
7.815000,-39.0918
7.820000,-30.1255
7.825000,-39.3062
7.830000,-56.1600
7.835000,-38.9049
7.840000,-45.1561
7.845000,-49.3626
7.850000,-31.6256
7.855000,-34.6019
7.860000,-48.0777
7.865000,-45.0848
7.870000,-19.7823
7.875000,-34.3116
7.880000,-34.0849
7.885000,-29.0989
7.890000,-31.0881
7.895000,-35.4353
7.900000,-37.4800
7.905000,-44.8746
7.910000,-46.9908
7.915000,-46.0286
7.920000,-36.6560
7.925000,-41.6410
7.930000,-41.3698
7.935000,-26.5185
7.940000,-24.5562
7.945000,-28.6500
7.950000,-27.7515
7.955000,-4.7387
7.960000,-20.7508
7.965000,-29.6913
7.970000,-7.5564
7.975000,-12.1998
7.980000,-18.8380
7.985000,-5.5229
7.990000,-12.9986
7.995000,-27.4938
8.000000,-12.3914
8.005000,3.0858
8.010000,-9.2851
8.015000,-7.7704
8.020000,8.4259
8.025000,-9.8213
8.030000,-8.8195
8.035000,12.3064
8.040000,8.6747
8.045000,-9.5180
8.050000,11.9355
8.055000,30.2569
8.060000,15.8412
8.065000,19.6716
8.070000,29.1612
8.075000,12.6618
8.080000,22.5557
8.085000,34.5800
8.090000,32.0491
8.095000,10.8983
8.100000,18.2495
8.105000,20.3078
8.110000,8.9252
8.115000,23.4769
8.120000,36.5180
8.125000,16.2963
8.130000,20.6032
8.135000,44.1004
8.140000,43.7224
8.145000,30.2947
8.150000,55.2155
8.155000,53.7622
8.160000,39.1618
8.165000,50.3700
8.170000,50.5430
8.175000,41.1289
8.180000,30.5700
8.185000,44.6162
8.190000,36.7690
8.195000,19.3197
8.200000,19.2949
8.205000,39.3248
8.210000,17.1857
8.215000,34.5101
8.220000,29.0294
8.225000,19.8483
8.230000,20.6783
8.235000,34.2900
8.240000,29.2021
8.245000,16.8920
8.250000,34.6094
8.255000,42.5556
8.260000,20.1701
8.265000,24.6276
8.270000,30.4548
8.275000,9.1803
8.280000,6.4045
8.285000,21.1887
8.290000,8.4747
8.295000,-8.6101
8.300000,2.3854
8.305000,-8.7331
8.310000,-22.6861
8.315000,-27.4852
8.320000,-9.6751
8.325000,-14.4665
8.330000,-22.3035
8.335000,1.1594
8.340000,-0.9790
8.345000,-17.0099
8.350000,-2.1172
8.355000,4.0301
8.360000,-9.6636
8.365000,-20.0378
8.370000,-10.8389
8.375000,-17.2537
8.380000,-27.4449
8.385000,-24.6491
8.390000,-33.0815
8.395000,-34.4806
8.400000,-34.1928
8.405000,-28.4023
8.410000,-41.2743
8.415000,-38.8115
8.420000,-24.0784
8.425000,-40.5867
8.430000,-39.8864
8.435000,-25.0640
8.440000,-26.4186
8.445000,-39.6793
8.450000,-25.4888
8.455000,-18.1629
8.460000,-32.8580
8.465000,-21.8215
8.470000,-17.5731
8.475000,-34.5949
8.480000,-40.6663
8.485000,-31.7304
8.490000,-40.5870
8.495000,-50.1046
8.500000,-43.0790
8.505000,-39.7693
8.510000,-65.6817
8.515000,-60.8500
8.520000,-49.7106
8.525000,-64.5880
8.530000,-56.4354
8.535000,-37.8104
8.540000,-39.2120
8.545000,-44.8498
8.550000,-38.3213
8.555000,-30.6597
8.560000,-43.9989
8.565000,-37.4379
8.570000,-22.5180
8.575000,-27.4292
8.580000,-38.2094
8.585000,-27.3360
8.590000,-36.9785
8.595000,-59.5707
8.600000,-43.5959
8.605000,-38.2202
8.610000,-52.8435
8.615000,-52.7921
8.620000,-54.2845
8.625000,-50.8506
8.630000,-55.3160
8.635000,-28.2742
8.640000,-25.6405
8.645000,-37.1679
8.650000,-15.9115
8.655000,-3.1789
8.660000,-7.2352
8.665000,-3.4098
8.670000,10.9272
8.675000,-3.5861
8.680000,-9.2646
8.685000,-1.4499
8.690000,-2.4090
8.695000,-19.9936
8.700000,-19.0499
8.705000,-8.0835
8.710000,-8.8599
8.715000,-13.7635
8.720000,0.1670
8.725000,-5.1746
8.730000,4.9403
8.735000,19.2815
8.740000,20.8472
8.745000,10.7973
8.750000,28.2355
8.755000,39.2204
8.760000,23.1509
8.765000,33.2476
8.770000,40.8345
8.775000,21.1715
8.780000,31.3352
8.785000,49.8410
8.790000,31.8404
8.795000,19.2781
8.800000,28.2865
8.805000,33.8288
8.810000,2.6002
8.815000,21.4127
8.820000,25.7633
8.825000,18.1888
8.830000,10.1756
8.835000,37.0525
8.840000,37.7414
8.845000,40.1543
8.850000,55.3661
8.855000,65.0057
8.860000,32.1244
8.865000,43.0211
8.870000,48.9635
8.875000,39.7541
8.880000,34.8276
8.885000,43.5139
8.890000,31.1110
8.895000,20.6728
8.900000,33.7159
8.905000,29.9805
8.910000,17.8907
8.915000,10.2352
8.920000,24.0197
8.925000,8.5547
8.930000,11.7527
8.935000,33.1580
8.940000,29.6256
8.945000,12.5562
8.950000,25.0612
8.955000,36.3907
8.960000,20.1263
8.965000,20.8610
8.970000,38.6257
8.975000,22.5273
8.980000,4.7594
8.985000,16.4557
8.990000,8.9097
8.995000,-15.6738
9.000000,-2.6564
9.005000,10.8360
9.010000,-27.1922
9.015000,-26.7550
9.020000,-15.2115
9.025000,-22.8401
9.030000,-15.8613
9.035000,-4.0198
9.040000,-7.5505
9.045000,-12.3218
9.050000,4.2346
9.055000,5.1658
9.060000,-0.6472
9.065000,-6.0286
9.070000,6.6326
9.075000,-6.7581
9.080000,-20.6991
9.085000,-14.0108
9.090000,-25.3137
9.095000,-32.9331
9.100000,-25.2147
9.105000,-20.0360
9.110000,-45.0098
9.115000,-35.4383
9.120000,-30.1176
9.125000,-41.2858
9.130000,-48.4668
9.135000,-30.5239
9.140000,-31.1379
9.145000,-38.6329
9.150000,-24.6954
9.155000,-14.3295
9.160000,-23.1258
9.165000,-21.0960
9.170000,-9.3033
9.175000,-27.3354
9.180000,-28.6939
9.185000,-19.3754
9.190000,-28.8166
9.195000,-45.5858
9.200000,-39.8803
9.205000,-33.6009
9.210000,-50.9918
9.215000,-44.9835
9.220000,-39.1033
9.225000,-40.4428
9.230000,-42.8721
9.235000,-18.7244
9.240000,-16.6647
9.245000,-21.9886
9.250000,-13.6210
9.255000,-6.3305
9.260000,-12.0369
9.265000,-1.1695
9.270000,0.2279
9.275000,-5.9445
9.280000,-11.6868
9.285000,-6.0524
9.290000,-6.9205
9.295000,-27.2737
9.300000,-15.1437
9.305000,-10.8459
9.310000,-18.2962
9.315000,-13.8401
9.320000,-9.1367
9.325000,-13.6050
9.330000,-13.2204
9.335000,3.0657
9.340000,12.5345
9.345000,-1.0766
9.350000,15.1588
9.355000,38.2745
9.360000,8.0726
9.365000,18.8588
9.370000,33.0909
9.375000,19.8378
9.380000,20.5356
9.385000,27.5427
9.390000,24.8448
9.395000,8.2551
9.400000,18.3124
9.405000,7.6447
9.410000,-2.3428
9.415000,-7.5982
9.420000,2.4264
9.425000,1.5194
9.430000,-10.7251
9.435000,7.9239
9.440000,4.3183
9.445000,3.8260
9.450000,24.3934
9.455000,40.1317
9.460000,29.8894
9.465000,30.6148
9.470000,39.0495
9.475000,22.7598
9.480000,12.3926
9.485000,27.7093
9.490000,15.7338
9.495000,-8.6607
9.500000,8.9299
9.505000,3.0013
9.510000,-3.9753
9.515000,-2.2266
9.520000,1.4603
9.525000,-1.8938
9.530000,-6.6138
9.535000,2.4163
9.540000,18.6951
9.545000,6.6930
9.550000,23.8688
9.555000,36.6653
9.560000,28.9180
9.565000,23.3905
9.570000,34.5231
9.575000,10.5754
9.580000,4.7243
9.585000,25.7296
9.590000,13.1037
9.595000,-8.8954
9.600000,-5.8649
9.605000,1.8871
9.610000,-18.9868
9.615000,-2.2433
9.620000,0.8051
9.625000,1.9786
9.630000,-8.3044
9.635000,13.2245
9.640000,9.0327
9.645000,0.6460
9.650000,5.3337
9.655000,24.3096
9.660000,11.4988
9.665000,0.3050
9.670000,14.6540
9.675000,-6.3963
9.680000,-2.0516
9.685000,-7.0793
9.690000,-0.4575
9.695000,-28.4836
9.700000,-27.1172
9.705000,-20.5327
9.710000,-31.4346
9.715000,-42.0110
9.720000,-25.1345
9.725000,-35.0328
9.730000,-29.1282
9.735000,-25.2308
9.740000,-26.1582
9.745000,-26.6723
9.750000,-17.7660
9.755000,-6.8024
9.760000,-23.6588
9.765000,-23.2351
9.770000,-20.1579
9.775000,-26.1863
9.780000,-33.8801
9.785000,-22.5494
9.790000,-27.2269
9.795000,-49.2444
9.800000,-54.0391
9.805000,-45.5153
9.810000,-58.0162
9.815000,-65.7290
9.820000,-47.9008
9.825000,-65.4619
9.830000,-59.4270
9.835000,-37.7529
9.840000,-42.7673
9.845000,-41.7102
9.850000,-34.5566
9.855000,-13.6081
9.860000,-25.9785
9.865000,-15.8365
9.870000,-10.5844
9.875000,-30.0316
9.880000,-30.3040
9.885000,-14.2591
9.890000,-38.2491
9.895000,-41.8618
9.900000,-24.3078
9.905000,-24.2471
9.910000,-54.5732
9.915000,-48.2581
9.920000,-39.0136
9.925000,-45.4874
9.930000,-49.7109
9.935000,-29.3074
9.940000,-35.6958
9.945000,-46.5188
9.950000,-21.7133
9.955000,-17.7313
9.960000,-34.9945
9.965000,-26.7201
9.970000,-12.8609
9.975000,-19.9836
9.980000,-16.2234
9.985000,-10.4438
9.990000,-23.1121
9.995000,-48.5849
10.000000,-30.1043
10.005000,-25.9884
10.010000,-44.1881
10.015000,-29.2508
10.020000,-12.8660
10.025000,-22.0928
10.030000,-8.3181
10.035000,14.8059
10.040000,12.0014
10.045000,-0.6805
10.050000,5.5694
10.055000,10.3514
10.060000,9.5821
10.065000,5.4418
10.070000,20.7854
10.075000,18.6793
10.080000,9.6130
10.085000,14.8074
10.090000,4.3299
10.095000,-14.8327
10.100000,4.6774
10.105000,3.0018
10.110000,-9.9294
10.115000,2.3561
10.120000,22.2323
10.125000,8.0036
10.130000,3.6453
10.135000,28.0284
10.140000,34.9181
10.145000,20.6522
10.150000,38.0254
10.155000,47.6636
10.160000,33.6237
10.165000,39.4589
10.170000,55.1351
10.175000,38.5478
10.180000,32.2780
10.185000,38.7805
10.190000,27.4634
10.195000,20.4098
10.200000,32.0944
10.205000,30.9894
10.210000,13.1043
10.215000,20.3957
10.220000,38.5145
10.225000,14.2606
10.230000,9.3557
10.235000,32.4783
10.240000,35.6254
10.245000,27.4470
10.250000,48.1169
10.255000,49.5434
10.260000,37.2388
10.265000,36.5882
10.270000,44.1271
10.275000,25.7854
10.280000,14.4181
10.285000,24.6731
10.290000,23.5160
10.295000,9.7745
10.300000,15.4234
10.305000,24.4282
10.310000,-5.1375
10.315000,0.3143
10.320000,12.7093
10.325000,-3.2092
10.330000,7.9625
10.335000,23.6181
10.340000,23.6622
10.345000,8.2791
10.350000,23.2604
10.355000,26.5560
10.360000,25.6757
10.365000,30.4845
10.370000,29.3035
10.375000,22.6424
10.380000,-2.3568
10.385000,10.8582
10.390000,14.7889
10.395000,-12.6583
10.400000,9.7366
10.405000,-4.8210
10.410000,-12.9777
10.415000,-5.9359
10.420000,1.8541
10.425000,-9.2279
10.430000,-13.8054
10.435000,-1.0044
10.440000,-7.7663
10.445000,-20.0992
10.450000,-8.0551
10.455000,-5.2973
10.460000,0.0965
10.465000,-4.9150
10.470000,1.6414
10.475000,-11.1818
10.480000,-27.1258
10.485000,-2.2488
10.490000,-16.2860
10.495000,-31.4810
10.500000,-12.1786
10.505000,-18.7941
10.510000,-24.4407
10.515000,-24.4981
10.520000,-12.3797
10.525000,-21.3313
10.530000,-36.7637
10.535000,-18.7556
10.540000,-13.2963
10.545000,-23.1852
10.550000,-14.5328
10.555000,-0.2611
10.560000,-18.6172
10.565000,-20.1468
10.570000,2.5507
10.575000,-16.0516
10.580000,-14.9994
10.585000,6.9366
10.590000,-5.6430
10.595000,-30.1109
10.600000,-15.2212
10.605000,-14.0254
10.610000,-25.2089
10.615000,-19.0571
10.620000,-9.3394
10.625000,-25.9926
10.630000,-13.9069
10.635000,-0.5968
10.640000,-2.1564
10.645000,-22.5665
10.650000,-3.1366
10.655000,10.5710
10.660000,-9.8320
10.665000,10.0129
10.670000,24.9168
10.675000,9.7102
10.680000,1.0060
10.685000,5.8655
10.690000,-7.4008
10.695000,-14.2316
10.700000,-0.6295
10.705000,9.3594
10.710000,-4.0853
10.715000,9.1298
10.720000,27.3698
10.725000,12.8833
10.730000,14.7304
10.735000,23.5936
10.740000,29.4241
10.745000,15.7164
10.750000,28.1487
10.755000,38.5743
10.760000,25.6579
10.765000,33.3221
10.770000,51.6529
10.775000,22.6863
10.780000,15.8141
10.785000,25.8721
10.790000,18.0091
10.795000,10.4864
10.800000,33.9032
10.805000,30.0362
10.810000,21.7351
10.815000,18.2818
10.820000,30.0626
10.825000,7.6566
10.830000,16.4554
10.835000,45.1019
10.840000,27.6994
10.845000,27.1412
10.850000,28.7561
10.855000,30.0960
10.860000,22.3597
10.865000,36.1134
10.870000,48.4880
10.875000,33.9353
10.880000,24.3052
10.885000,37.9465
10.890000,37.2232
10.895000,16.8723
10.900000,28.9582
10.905000,37.4614
10.910000,16.3773
10.915000,14.5912
10.920000,35.6391
10.925000,25.0217
10.930000,20.2860
10.935000,33.3250
10.940000,36.0146
10.945000,31.5927
10.950000,40.2931
10.955000,42.4212
10.960000,23.5817
10.965000,33.6570
10.970000,45.3702
10.975000,26.4142
10.980000,14.0550
10.985000,30.8523
10.990000,23.9336
10.995000,9.0317
11.000000,18.5920
11.005000,13.5498
11.010000,-2.9169
11.015000,-4.1916
11.020000,13.0052
11.025000,-2.7558
11.030000,-12.2033
11.035000,9.3723
11.040000,5.2048
11.045000,-3.4079
11.050000,10.5324
11.055000,20.7140
11.060000,-0.9835
11.065000,9.2475
11.070000,22.9849
11.075000,3.2484
11.080000,4.1403
11.085000,22.9498
11.090000,3.3936
11.095000,-6.4507
11.100000,14.3013
11.105000,-4.7376
11.110000,-5.9174
11.115000,-3.2320
11.120000,4.5106
11.125000,-7.8237
11.130000,-7.4171
11.135000,13.1812
11.140000,11.8716
11.145000,1.0248
11.150000,19.3946
11.155000,14.4981
11.160000,-4.9010
11.165000,4.8089
11.170000,0.3802
11.175000,0.7069
11.180000,-4.3136
11.185000,-2.8012
11.190000,0.1623
11.195000,-16.9159
11.200000,-11.7371
11.205000,-14.7793
11.210000,-25.6317
11.215000,-11.2829
11.220000,-7.4372
11.225000,-20.2616
11.230000,-18.9503
11.235000,-11.8804
11.240000,-14.7767
11.245000,-15.5132
11.250000,5.5104
11.255000,9.9664
11.260000,-13.2812
11.265000,-5.2367
11.270000,7.8556
11.275000,-11.0617
11.280000,-7.4849
11.285000,4.7524
11.290000,5.4266
11.295000,-8.2134
11.300000,0.8150
11.305000,-1.4365
11.310000,-12.0569
11.315000,-10.6697
11.320000,2.0945
11.325000,-6.1665
11.330000,-8.5634
11.335000,6.0021
11.340000,12.0123
11.345000,-4.7585
11.350000,15.5641
11.355000,21.6410
11.360000,0.9576
11.365000,12.5448
11.370000,22.8088
11.375000,7.7976
11.380000,2.8296
11.385000,16.0496
11.390000,16.0329
11.395000,2.2398
11.400000,17.8705
11.405000,25.4937
11.410000,12.0329
11.415000,11.2696
11.420000,19.9709
11.425000,12.5861
11.430000,1.5747
11.435000,27.9088
11.440000,10.5328
11.445000,9.2889
11.450000,38.5596
11.455000,25.2612
11.460000,20.4460
11.465000,24.2632
11.470000,29.4268
11.475000,16.4165
11.480000,11.3784
11.485000,26.3445
11.490000,19.3475
11.495000,8.1370
11.500000,16.4732
11.505000,19.0500
11.510000,4.9733
11.515000,13.5071
11.520000,33.3742
11.525000,15.1705
11.530000,9.6326
11.535000,38.6750
11.540000,24.2126
11.545000,14.0588
11.550000,37.5186
11.555000,28.8016
11.560000,8.6412
11.565000,23.8927
11.570000,33.2109
11.575000,17.0247
11.580000,17.4752
11.585000,27.8994
11.590000,33.0430
11.595000,5.6575
11.600000,18.6039
11.605000,20.0067
11.610000,-4.2142
11.615000,-2.8673
11.620000,10.4230
11.625000,0.4489
11.630000,-3.2393
11.635000,8.4553
11.640000,3.1824
11.645000,-2.7149
11.650000,10.5380
11.655000,22.7507
11.660000,-2.2333
11.665000,13.6630
11.670000,20.3640
11.675000,4.6180
11.680000,2.1520
11.685000,6.3663
11.690000,6.0495
11.695000,-14.6174
11.700000,6.3506
11.705000,2.6518
11.710000,-9.7985
11.715000,-3.5957
11.720000,-0.0410
11.725000,-6.3003
11.730000,-11.9786
11.735000,4.3423
11.740000,-5.7826
11.745000,-4.0313
11.750000,9.1422
11.755000,6.0956
11.760000,-8.7147
11.765000,-2.6128
11.770000,11.4377
11.775000,-12.8679
11.780000,-13.7836
11.785000,-1.7205
11.790000,-1.9208
11.795000,-19.9655
11.800000,-2.3897
11.805000,0.6503
11.810000,-21.0251
11.815000,-17.5655
11.820000,-4.8296
11.825000,-26.2524
11.830000,-25.3957
11.835000,-6.4608
11.840000,-20.9588
11.845000,-21.4311
11.850000,-9.8804
11.855000,-6.4394
11.860000,-20.2644
11.865000,-17.0094
11.870000,-9.3041
11.875000,-19.8773
11.880000,-22.5601
11.885000,4.3371
11.890000,2.2579
11.895000,-27.7201
11.900000,-9.6699
11.905000,-17.1158
11.910000,-30.7364
11.915000,-28.7097
11.920000,-19.1334
11.925000,-32.0277
11.930000,-29.8960
11.935000,-10.6235
11.940000,-7.0823
11.945000,-19.0439
11.950000,-22.4178
11.955000,-1.5356
11.960000,-23.4528
11.965000,-21.3439
11.970000,-6.3437
11.975000,-10.9795
11.980000,-12.9313
11.985000,-4.9222
11.990000,-19.2830
11.995000,-23.1315
12.000000,0.1975
12.005000,2.6470
12.010000,-8.5814
12.015000,-8.2214
12.020000,9.5346
12.025000,-10.5228
12.030000,-17.0304
12.035000,10.9277
12.040000,1.9232
12.045000,-9.2032
12.050000,4.7623
12.055000,23.1676
12.060000,12.5211
12.065000,4.8169
12.070000,15.5573
12.075000,5.4496
12.080000,8.5804
12.085000,25.6103
12.090000,7.3813
12.095000,-7.4224
12.100000,8.2097
12.105000,2.6610
12.110000,-7.1124
12.115000,-2.1521
12.120000,14.4719
12.125000,1.2699
12.130000,-0.6485
12.135000,28.1766
12.140000,28.2351
12.145000,15.9238
12.150000,31.7957
12.155000,41.6446
12.160000,13.8331
12.165000,32.3989
12.170000,29.9660
12.175000,23.8916
12.180000,21.7356
12.185000,24.4296
12.190000,20.2414
12.195000,8.8672
12.200000,12.8762
12.205000,28.6373
12.210000,-3.1646
12.215000,2.6937
12.220000,16.2041
12.225000,-1.8850
12.230000,1.2823
12.235000,11.8012
12.240000,17.5259
12.245000,8.0497
12.250000,24.5422
12.255000,16.5988
12.260000,-1.2542
12.265000,7.0640
12.270000,18.5381
12.275000,1.0542
12.280000,-2.1690
12.285000,13.0867
12.290000,1.0396
12.295000,-16.1294
12.300000,-9.0185
12.305000,-9.8668
12.310000,-34.9484
12.315000,-28.2113
12.320000,-12.7190
12.325000,-10.7457
12.330000,-26.9560
12.335000,-1.2166
12.340000,-5.6998
12.345000,-7.5725
12.350000,-5.8650
12.355000,6.6620
12.360000,-5.8629
12.365000,-16.7548
12.370000,-3.2780
12.375000,-15.5090
12.380000,-23.0591
12.385000,-21.3336
12.390000,-24.1946
12.395000,-39.4285
12.400000,-31.3575
12.405000,-24.4203
12.410000,-31.9583
12.415000,-33.0707
12.420000,-15.8205
12.425000,-35.7584
12.430000,-25.4233
12.435000,-6.8834
12.440000,-16.1081
12.445000,-12.0775
12.450000,-13.2699
12.455000,-4.8564
12.460000,-24.9331
12.465000,-5.7385
12.470000,-0.0017
12.475000,-20.7699
12.480000,-29.4215
12.485000,-9.4691
12.490000,-24.9271
12.495000,-35.2837
12.500000,-25.7640
12.505000,-25.2740
12.510000,-49.0061
12.515000,-48.5876
12.520000,-31.1468
12.525000,-49.2678
12.530000,-42.0104
12.535000,-23.4828
12.540000,-28.3498
12.545000,-34.1809
12.550000,-27.9698
12.555000,-22.0025
12.560000,-30.4524
12.565000,-22.5051
12.570000,-11.7083
12.575000,-30.3022
12.580000,-34.7248
12.585000,-8.8558
12.590000,-30.7794
12.595000,-51.2301
12.600000,-27.8295
12.605000,-25.2146
12.610000,-62.2944
12.615000,-40.0053
12.620000,-36.0084
12.625000,-44.3426
12.630000,-58.6774
12.635000,-29.3217
12.640000,-27.3809
12.645000,-36.7436
12.650000,-19.7482
12.655000,-1.0291
12.660000,-18.8167
12.665000,-6.1219
12.670000,10.1415
12.675000,-0.1556
12.680000,-1.1710
12.685000,2.5061
12.690000,-4.5782
12.695000,-22.2821
12.700000,-8.3758
12.705000,-0.1779
12.710000,-22.7345
12.715000,-25.3430
12.720000,-11.6693
12.725000,-12.8483
12.730000,-10.3514
12.735000,14.3998
12.740000,11.9799
12.745000,9.9200
12.750000,27.3298
12.755000,32.2201
12.760000,23.1742
12.765000,28.3878
12.770000,39.7810
12.775000,30.6744
12.780000,16.2543
12.785000,36.6643
12.790000,23.1607
12.795000,8.0698
12.800000,24.5050
12.805000,20.1653
12.810000,-4.1436
12.815000,7.3212
12.820000,22.0590
12.825000,10.4911
12.830000,9.7137
12.835000,30.7959
12.840000,29.9179
12.845000,25.5109
12.850000,42.8588
12.855000,42.9528
12.860000,27.2019
12.865000,33.5174
12.870000,38.7530
12.875000,32.7160
12.880000,22.5706
12.885000,39.7618
12.890000,29.2989
12.895000,12.4895
12.900000,22.7499
12.905000,20.4385
12.910000,8.3580
12.915000,8.5609
12.920000,21.4165
12.925000,5.0363
12.930000,12.1499
12.935000,23.3390
12.940000,20.3342
12.945000,13.8664
12.950000,23.5103
12.955000,30.9652
12.960000,16.4637
12.965000,27.0472
12.970000,29.3890
12.975000,16.9621
12.980000,6.7836
12.985000,11.9198
12.990000,0.8867
12.995000,-15.9676
13.000000,-1.5417
13.005000,4.4088
13.010000,-30.8944
13.015000,-28.6116
13.020000,-12.6082
13.025000,-11.3892
13.030000,-17.1700
13.035000,2.6224
13.040000,-7.9336
13.045000,-9.8375
13.050000,7.7854
13.055000,10.2400
13.060000,-8.1284
13.065000,-6.9883
13.070000,11.1971
13.075000,-9.0112
13.080000,-13.5396
13.085000,-3.1850
13.090000,-21.2847
13.095000,-26.4469
13.100000,-16.6338
13.105000,-21.6965
13.110000,-40.5402
13.115000,-44.5198
13.120000,-33.7304
13.125000,-39.9270
13.130000,-45.4076
13.135000,-36.1310
13.140000,-31.9392
13.145000,-36.4761
13.150000,-20.8701
13.155000,-13.2633
13.160000,-23.9718
13.165000,-23.8052
13.170000,-4.5095
13.175000,-14.6659
13.180000,-27.5590
13.185000,-17.1070
13.190000,-30.3201
13.195000,-47.4627
13.200000,-28.2122
13.205000,-29.3965
13.210000,-51.6413
13.215000,-41.7055
13.220000,-33.3395
13.225000,-46.7570
13.230000,-42.8886
13.235000,-24.8089
13.240000,-10.6820
13.245000,-20.5554
13.250000,-7.4465
13.255000,-1.0057
13.260000,-17.3476
13.265000,-5.6661
13.270000,1.7143
13.275000,-12.9751
13.280000,-16.9418
13.285000,0.8378
13.290000,-19.2080
13.295000,-25.1978
13.300000,-15.5826
13.305000,-15.7831
13.310000,-23.9229
13.315000,-18.3613
13.320000,-10.1041
13.325000,-14.4850
13.330000,-20.2153
13.335000,2.2846
13.340000,2.7627
13.345000,-2.7276
13.350000,18.0580
13.355000,21.1969
13.360000,14.7088
13.365000,26.0805
13.370000,33.9681
13.375000,26.4099
13.380000,24.0250
13.385000,29.3391
13.390000,32.4705
13.395000,9.5426
13.400000,19.5324
13.405000,19.7772
13.410000,-0.9498
13.415000,-2.5646
13.420000,7.1547
13.425000,-7.5542
13.430000,-1.4441
13.435000,10.6726
13.440000,12.5444
13.445000,8.1982
13.450000,24.3878
13.455000,40.5307
13.460000,24.1315
13.465000,30.9004
13.470000,45.9390
13.475000,23.2028
13.480000,26.1949
13.485000,33.6568
13.490000,17.8258
13.495000,14.2021
13.500000,7.5799
13.505000,10.9525
13.510000,-5.4409
13.515000,8.3237
13.520000,10.8506
13.525000,-3.7684
13.530000,-3.5003
13.535000,19.6204
13.540000,17.9446
13.545000,15.5657
13.550000,31.3786
13.555000,43.4129
13.560000,31.8922
13.565000,31.2467
13.570000,41.2743
13.575000,24.0325
13.580000,17.8428
13.585000,29.6873
13.590000,18.6435
13.595000,-4.9885
13.600000,10.9195
13.605000,10.6123
13.610000,-12.4306
13.615000,-0.5048
13.620000,11.2054
13.625000,-7.2281
13.630000,-4.1546
13.635000,20.4448
13.640000,19.3586
13.645000,5.6281
13.650000,17.8132
13.655000,24.5908
13.660000,12.2089
13.665000,11.4158
13.670000,17.1188
13.675000,4.2149
13.680000,-5.9360
13.685000,0.9440
13.690000,-6.1879
13.695000,-23.2613
13.700000,-30.6232
13.705000,-37.2902
13.710000,-45.3169
13.715000,-40.9964
13.720000,-28.3438
13.725000,-37.4093
13.730000,-43.6591
13.735000,-24.1161
13.740000,-33.1557
13.745000,-42.3582
13.750000,-21.4061
13.755000,-17.9577
13.760000,-26.9068
13.765000,-27.8990
13.770000,-11.2837
13.775000,-33.8218
13.780000,-37.2469
13.785000,-38.5013
13.790000,-42.1583
13.795000,-62.4460
13.800000,-59.0529
13.805000,-61.0023
13.810000,-78.1593
13.815000,-65.7687
13.820000,-60.9860
13.825000,-73.3728
13.830000,-68.9994
13.835000,-50.2530
13.840000,-50.3121
13.845000,-50.5211
13.850000,-47.3228
13.855000,-37.7403
13.860000,-32.5042
13.865000,-29.0316
13.870000,-20.3408
13.875000,-30.8512
13.880000,-35.4252
13.885000,-28.4843
13.890000,-39.0864
13.895000,-50.4479
13.900000,-39.1424
13.905000,-40.4122
13.910000,-65.7025
13.915000,-58.0779
13.920000,-51.2508
13.925000,-60.5482
13.930000,-52.2981
13.935000,-44.0056
13.940000,-37.2590
13.945000,-55.1039
13.950000,-27.9898
13.955000,-22.7299
13.960000,-29.5742
13.965000,-21.8795
13.970000,-16.4847
13.975000,-17.1258
13.980000,-24.0426
13.985000,-23.3080
13.990000,-26.8484
13.995000,-41.9010
14.000000,-35.3406
14.005000,-23.8035
14.010000,-44.8491
14.015000,-22.1881
14.020000,-10.3807
14.025000,-17.7096
14.030000,-6.1705
14.035000,2.8441
14.040000,12.0642
14.045000,2.8885
14.050000,15.5662
14.055000,29.1213
14.060000,25.0761
14.065000,17.0479
14.070000,36.1846
14.075000,25.9894
14.080000,19.2677
14.085000,30.4152
14.090000,19.4141
14.095000,-1.9198
14.100000,10.0207
14.105000,14.9119
14.110000,2.3799
14.115000,13.5199
14.120000,42.0783
14.125000,28.4928
14.130000,25.1106
14.135000,53.1473
14.140000,44.1316
14.145000,44.7097
14.150000,56.7464
14.155000,63.3717
14.160000,42.1870
14.165000,62.4218
14.170000,70.0184
14.175000,62.2009
14.180000,50.4620
14.185000,55.1075
14.190000,38.0749
14.195000,25.6318
14.200000,57.1503
14.205000,50.3347
14.210000,30.0583
14.215000,33.0003
14.220000,47.6339
14.225000,43.9370
14.230000,27.7631
14.235000,52.0045
14.240000,47.4441
14.245000,42.5556
14.250000,54.9173
14.255000,64.0964
14.260000,41.3876
14.265000,44.9174
14.270000,54.5747
14.275000,35.2085
14.280000,28.9768
14.285000,32.2886
14.290000,24.3314
14.295000,18.0781
14.300000,31.6766
14.305000,25.2524
14.310000,4.0434
14.315000,-2.5037
14.320000,11.9451
14.325000,15.5437
14.330000,-0.7353
14.335000,18.2496
14.340000,19.7316
14.345000,17.1419
14.350000,21.5229
14.355000,33.9355
14.360000,17.3362
14.365000,26.1620
14.370000,30.3869
14.375000,11.2200
14.380000,-1.6039
14.385000,10.6648
14.390000,5.4696
14.395000,-8.9236
14.400000,-12.5525
14.405000,-3.6679
14.410000,-28.7745
14.415000,-24.9339
14.420000,-9.0937
14.425000,-26.6596
14.430000,-33.7758
14.435000,-15.0280
14.440000,-23.0174
14.445000,-25.5137
14.450000,-23.7909
14.455000,-20.6581
14.460000,-25.8643
14.465000,-26.0168
14.470000,-17.6817
14.475000,-26.7570
14.480000,-32.5764
14.485000,-26.8092
14.490000,-33.6902
14.495000,-45.8792
14.500000,-40.4527
14.505000,-43.8895
14.510000,-59.7554
14.515000,-51.5303
14.520000,-30.7281
14.525000,-45.2907
14.530000,-49.5529
14.535000,-34.9280
14.540000,-32.5740
14.545000,-49.0014
14.550000,-30.6201
14.555000,-24.9514
14.560000,-30.6915
14.565000,-41.3116
14.570000,-24.3187
14.575000,-38.0800
14.580000,-36.2060
14.585000,-10.5369
14.590000,-36.3547
14.595000,-38.5711
14.600000,-31.3453
14.605000,-27.4809
14.610000,-39.8077
14.615000,-38.9954
14.620000,-26.3847
14.625000,-26.7910
14.630000,-25.5961
14.635000,-15.7149
14.640000,-11.6197
14.645000,-23.0411
14.650000,-9.9266
14.655000,4.5392
14.660000,-12.2627
14.665000,3.3831
14.670000,9.6748
14.675000,9.6110
14.680000,3.2550
14.685000,10.5672
14.690000,-0.0241
14.695000,-8.6829
14.700000,-0.2634
14.705000,13.3440
14.710000,1.5368
14.715000,11.1986
14.720000,30.3992
14.725000,29.9806
14.730000,19.3286
14.735000,25.3929
14.740000,38.0520
14.745000,28.2346
14.750000,31.6914
14.755000,50.7493
14.760000,40.9641
14.765000,43.8355
14.770000,62.5322
14.775000,47.0104
14.780000,37.3855
14.785000,51.1831
14.790000,42.6000
14.795000,30.8326
14.800000,52.1646
14.805000,45.4222
14.810000,30.9291
14.815000,39.2749
14.820000,53.1390
14.825000,35.6415
14.830000,42.5186
14.835000,61.8442
14.840000,47.3786
14.845000,44.1449
14.850000,44.4488
14.855000,52.3470
14.860000,44.3626
14.865000,58.3925
14.870000,68.7932
14.875000,59.8019
14.880000,39.0533
14.885000,61.0262
14.890000,63.9578
14.895000,43.2222
14.900000,52.5377
14.905000,48.7552
14.910000,36.6262
14.915000,38.8648
14.920000,57.0675
14.925000,33.3368
14.930000,39.9985
14.935000,41.8936
14.940000,38.4353
14.945000,41.3131
14.950000,52.7514
14.955000,50.0700
14.960000,30.5308
14.965000,37.1437
14.970000,53.7766
14.975000,32.7184
14.980000,24.0165
14.985000,33.8220
14.990000,29.7545
14.995000,10.7536
15.000000,20.8184
15.005000,18.1869
15.010000,-4.5819
15.015000,3.7519
15.020000,8.2951
15.025000,-5.6423
15.030000,-11.1324
15.035000,8.5462
15.040000,3.0244
15.045000,-6.6122
15.050000,-2.4831
15.055000,-0.6560
15.060000,-3.4101
15.065000,-0.8324
15.070000,11.8851
15.075000,-5.8212
15.080000,-8.4897
15.085000,9.3668
15.090000,-16.3823
15.095000,-27.6989
15.100000,-6.2570
15.105000,-9.9813
15.110000,-27.5578
15.115000,-19.4929
15.120000,-13.1562
15.125000,-18.3600
15.130000,-34.9285
15.135000,-4.8659
15.140000,-13.6680
15.145000,-22.8954
15.150000,4.4626
15.155000,-0.8740
15.160000,-20.8371
15.165000,-21.8212
15.170000,-13.0714
15.175000,-23.8915
15.180000,-28.7388
15.185000,-25.0944
15.190000,-25.3295
15.195000,-40.1570
15.200000,-26.5234
15.205000,-36.7752
15.210000,-48.9158
15.215000,-33.3423
15.220000,-31.9827
15.225000,-31.4931
15.230000,-44.3165
15.235000,-26.6039
15.240000,-29.1651
15.245000,-39.4201
15.250000,-11.6878
15.255000,-6.3383
15.260000,-19.8616
15.265000,-21.7200
15.270000,-11.2111
15.275000,-13.1600
15.280000,-14.8778
15.285000,-6.3355
15.290000,-1.6109
15.295000,-29.3802
15.300000,-11.2873
15.305000,2.7158
15.310000,-10.2085
15.315000,-10.5112
15.320000,-5.2003
15.325000,-14.9344
15.330000,-2.3019
15.335000,6.6303
15.340000,10.1966
15.345000,-0.1513
15.350000,11.3039
15.355000,27.3991
15.360000,2.1395
15.365000,14.7838
15.370000,25.8784
15.375000,19.7554
15.380000,9.3495
15.385000,14.2375
15.390000,20.2181
15.395000,8.9234
15.400000,28.0695
15.405000,36.2414
15.410000,13.9410
15.415000,19.9694
15.420000,28.6247
15.425000,21.1851
15.430000,18.2805
15.435000,31.2162
15.440000,27.7599
15.445000,27.5848
15.450000,50.3713
15.455000,45.2842
15.460000,37.0849
15.465000,35.3504
15.470000,46.4417
15.475000,32.9142
15.480000,30.2767
15.485000,51.0113
15.490000,37.6547
15.495000,20.3415
15.500000,36.7291
15.505000,38.9059
15.510000,21.5217
15.515000,24.1644
15.520000,44.0896
15.525000,25.2969
15.530000,37.1309
15.535000,54.3393
15.540000,51.8349
15.545000,35.0233
15.550000,41.3630
15.555000,47.6899
15.560000,23.3837
15.565000,39.5172
15.570000,51.9343
15.575000,37.3760
15.580000,35.9632
15.585000,52.0521
15.590000,39.7219
15.595000,27.2574
15.600000,24.3519
15.605000,23.4902
15.610000,13.2304
15.615000,10.6695
15.620000,13.5889
15.625000,7.1930
15.630000,4.7123
15.635000,18.7754
15.640000,15.9500
15.645000,7.0176
15.650000,27.7966
15.655000,26.7924
15.660000,1.9625
15.665000,3.3112
15.670000,17.5500
15.675000,0.5991
15.680000,-1.4431
15.685000,11.7243
15.690000,4.0710
15.695000,-9.9715
15.700000,3.9949
15.705000,-5.8555
15.710000,-18.7234
15.715000,-14.3156
15.720000,-4.7494
15.725000,-18.6628
15.730000,-17.9582
15.735000,-6.6440
15.740000,-13.1222
15.745000,-11.1823
15.750000,5.4759
15.755000,-1.6167
15.760000,-23.7353
15.765000,-13.2758
15.770000,2.3754
15.775000,-23.9604
15.780000,-21.7509
15.785000,-9.8018
15.790000,-12.3825
15.795000,-39.7209
15.800000,-25.3862
15.805000,-21.0704
15.810000,-33.4608
15.815000,-33.7416
15.820000,-18.6556
15.825000,-39.5447
15.830000,-39.8970
15.835000,-22.2740
15.840000,-40.4609
15.845000,-35.6331
15.850000,-33.7923
15.855000,-25.6427
15.860000,-33.6646
15.865000,-31.1964
15.870000,-8.8816
15.875000,-26.2052
15.880000,-26.4224
15.885000,-22.2587
15.890000,-23.6561
15.895000,-29.5432
15.900000,-17.1118
15.905000,-24.5572
15.910000,-33.6958
15.915000,-38.5499
15.920000,-33.1871
15.925000,-36.1469
15.930000,-38.0550
15.935000,-27.5110
15.940000,-16.9095
15.945000,-34.3359
15.950000,-21.2617
15.955000,-19.2250
15.960000,-25.4070
15.965000,-26.2988
15.970000,1.0316
15.975000,-15.8378
15.980000,-20.5191
15.985000,-6.8281
15.990000,-14.7469
15.995000,-25.3439
16.000000,-8.6114
16.005000,4.3699
16.010000,-15.5584
16.015000,-4.0814
16.020000,10.1915
16.025000,-6.9718
16.030000,-7.3794
16.035000,12.7820
16.040000,-2.7884
16.045000,-4.8366
16.050000,14.7038
16.055000,15.4136
16.060000,13.7891
16.065000,7.1396
16.070000,28.2122
16.075000,8.6182
16.080000,13.1607
16.085000,20.7453
16.090000,23.8140
16.095000,-1.9343
16.100000,10.2809
16.105000,23.8172
16.110000,6.5355
16.115000,18.4549
16.120000,26.2852
16.125000,10.5783
16.130000,13.0092
16.135000,41.4375
16.140000,27.4819
16.145000,27.1733
16.150000,32.2240
16.155000,45.8405
16.160000,21.3004
16.165000,30.7089
16.170000,33.6529
16.175000,21.6146
16.180000,25.3663
16.185000,28.7362
16.190000,18.3007
16.195000,5.7595
16.200000,18.9159
16.205000,24.4869
16.210000,11.0655
16.215000,15.2380
16.220000,28.4743
16.225000,5.4596
16.230000,4.5228
16.235000,28.8704
16.240000,15.8985
16.245000,15.2369
16.250000,21.4840
16.255000,22.7783
16.260000,3.4442
16.265000,12.5204
16.270000,12.3052
16.275000,-7.5017
16.280000,9.0448
16.285000,5.7375
16.290000,4.5267
16.295000,-9.6843
16.300000,-12.1256
16.305000,-6.9817
16.310000,-28.3156
16.315000,-20.6460
16.320000,-11.6178
16.325000,-17.0843
16.330000,-24.7450
16.335000,-5.2539
16.340000,-5.2634
16.345000,-8.3721
16.350000,1.4907
16.355000,-1.3765
16.360000,-19.4400
16.365000,-17.5704
16.370000,-3.5676
16.375000,-14.8895
16.380000,-25.7992
16.385000,-14.0342
16.390000,-23.7428
16.395000,-36.0327
16.400000,-26.0192
16.405000,-25.8621
16.410000,-32.5352
16.415000,-28.1375
16.420000,-16.0507
16.425000,-29.8811
16.430000,-32.6913
16.435000,-11.1646
16.440000,-16.5891
16.445000,-28.2124
16.450000,-6.6071
16.455000,-4.8852
16.460000,-17.2566
16.465000,-12.4814
16.470000,-5.2850
16.475000,-25.9695
16.480000,-26.8482
16.485000,-12.6755
16.490000,-24.2010
16.495000,-36.6348
16.500000,-23.7088
16.505000,-29.7107
16.510000,-59.8279
16.515000,-40.4185
16.520000,-28.7065
16.525000,-47.5425
16.530000,-43.7772
16.535000,-27.5396
16.540000,-27.1268
16.545000,-33.0433
16.550000,-21.4753
16.555000,-22.3858
16.560000,-30.6883
16.565000,-25.3876
16.570000,-4.7556
16.575000,-26.7445
16.580000,-28.1473
16.585000,-15.2242
16.590000,-22.9456
16.595000,-44.3719
16.600000,-25.4487
16.605000,-24.2211
16.610000,-41.0180
16.615000,-42.8346
16.620000,-28.3506
16.625000,-44.4243
16.630000,-46.2232
16.635000,-25.8111
16.640000,-28.0233
16.645000,-31.8386
16.650000,-0.5161
16.655000,-2.6645
16.660000,-13.6726
16.665000,0.6318
16.670000,0.6305
16.675000,-7.2425
16.680000,-13.2175
16.685000,-5.2806
16.690000,-6.6204
16.695000,-19.1639
16.700000,-11.5323
16.705000,-11.9786
16.710000,-24.7353
16.715000,-15.6783
16.720000,1.0408
16.725000,-6.5352
16.730000,-7.0569
16.735000,10.8126
16.740000,3.1738
16.745000,-2.8251
16.750000,21.2549
16.755000,29.0669
16.760000,15.7450
16.765000,17.9444
16.770000,30.3472
16.775000,29.0233
16.780000,12.2013
16.785000,18.8884
16.790000,19.4346
16.795000,0.7946
16.800000,14.5505
16.805000,19.1260
16.810000,-6.0454
16.815000,-5.0996
16.820000,9.6706
16.825000,-1.4554
16.830000,1.7415
16.835000,27.0718
16.840000,21.0247
16.845000,13.2602
16.850000,35.5104
16.855000,32.5227
16.860000,14.1776
16.865000,19.4052
16.870000,33.8016
16.875000,18.5262
16.880000,13.3464
16.885000,26.7089
16.890000,22.9352
16.895000,11.4684
16.900000,11.2214
16.905000,15.4039
16.910000,-0.8435
16.915000,10.2581
16.920000,6.0589
16.925000,-1.7918
16.930000,-4.3747
16.935000,14.7862
16.940000,18.7538
16.945000,4.4256
16.950000,19.7778
16.955000,25.9035
16.960000,3.6674
16.965000,13.5579
16.970000,25.0467
16.975000,3.9712
16.980000,-2.3450
16.985000,13.2445
16.990000,3.7348
16.995000,-17.5621
17.000000,0.2649
17.005000,-1.9550
17.010000,-29.5710
17.015000,-21.8918
17.020000,-7.8916
17.025000,-16.2587
17.030000,-11.0681
17.035000,-1.8550
17.040000,-6.0823
17.045000,-16.3128
17.050000,6.8293
17.055000,8.4284
17.060000,-1.9290
17.065000,-2.4444
17.070000,5.6452
17.075000,-5.7688
17.080000,-10.2815
17.085000,-0.7899
17.090000,-9.4998
17.095000,-22.1947
17.100000,-18.1265
17.105000,-6.7901
17.110000,-29.0713
17.115000,-33.0962
17.120000,-15.2754
17.125000,-33.6070
17.130000,-37.1564
17.135000,-15.4132
17.140000,-15.8172
17.145000,-28.4365
17.150000,-12.9977
17.155000,-1.5527
17.160000,-10.6243
17.165000,-6.4733
17.170000,-1.2861
17.175000,-6.0810
17.180000,-9.1672
17.185000,-7.2023
17.190000,-19.4669
17.195000,-22.8249
17.200000,-22.4357
17.205000,-15.2436
17.210000,-32.9032
17.215000,-39.8050
17.220000,-16.6245
17.225000,-29.3298
17.230000,-26.9777
17.235000,-9.3692
17.240000,-5.2661
17.245000,-8.1733
17.250000,5.1132
17.255000,2.0708
17.260000,-9.3489
17.265000,1.8705
17.270000,5.4070
17.275000,0.6139
17.280000,-5.3162
17.285000,6.9740
17.290000,-1.0636
17.295000,-22.6356
17.300000,-11.0152
17.305000,-10.6725
17.310000,-19.6625
17.315000,-5.8583
17.320000,-2.9871
17.325000,-9.2156
17.330000,-13.9460
17.335000,6.3382
17.340000,12.5240
17.345000,-1.8652
17.350000,14.2543
17.355000,24.2893
17.360000,14.3708
17.365000,22.8390
17.370000,29.0194
17.375000,23.1022
17.380000,14.3953
17.385000,29.5687
17.390000,16.6177
17.395000,-1.5014
17.400000,8.0603
17.405000,9.0722
17.410000,-11.8182
17.415000,-8.0702
17.420000,2.9350
17.425000,-12.7804
17.430000,-16.9022
17.435000,-9.2419
17.440000,-8.6675
17.445000,-9.5835
17.450000,9.6430
17.455000,23.8060
17.460000,7.5401
17.465000,18.0580
17.470000,20.2850
17.475000,11.6454
17.480000,4.9776
17.485000,15.2350
17.490000,-1.8153
17.495000,-12.9637
17.500000,-6.8536
17.505000,-0.7359
17.510000,-16.2568
17.515000,-15.1004
17.520000,-5.8237
17.525000,-18.6188
17.530000,-21.7866
17.535000,5.1210
17.540000,-1.6795
17.545000,-4.9753
17.550000,13.6100
17.555000,17.8750
17.560000,12.9665
17.565000,18.2315
17.570000,17.0141
17.575000,0.0897
17.580000,3.1028
17.585000,11.4437
17.590000,3.9280
17.595000,-10.6335
17.600000,-3.9361
17.605000,-0.6701
17.610000,-18.2571
17.615000,-8.7435
17.620000,0.0457
17.625000,-9.2669
17.630000,-8.5858
17.635000,6.4607
17.640000,10.8301
17.645000,-4.5032
17.650000,15.8963
17.655000,16.0835
17.660000,8.1622
17.665000,2.9065
17.670000,14.9865
17.675000,-2.0266
17.680000,-8.6302
17.685000,7.5155
17.690000,-7.1326
17.695000,-22.0646
17.700000,-27.2717
17.705000,-19.6449
17.710000,-36.8800
17.715000,-27.3501
17.720000,-19.0751
17.725000,-29.4895
17.730000,-28.9001
17.735000,-16.6267
17.740000,-17.9210
17.745000,-25.3300
17.750000,-4.2361
17.755000,1.5623
17.760000,-9.0574
17.765000,-13.0054
17.770000,-0.0458
17.775000,-16.6873
17.780000,-28.6893
17.785000,-9.5137
17.790000,-18.8384
17.795000,-37.2743
17.800000,-34.6587
17.805000,-30.7769
17.810000,-50.8356
17.815000,-44.7727
17.820000,-42.0475
17.825000,-50.1121
17.830000,-45.5080
17.835000,-31.3830
17.840000,-37.1228
17.845000,-27.7857
17.850000,-20.0365
17.855000,-13.1910
17.860000,-20.0899
17.865000,-7.0995
17.870000,4.9271
17.875000,-16.8338
17.880000,-13.8287
17.885000,-7.5296
17.890000,-25.2718
17.895000,-35.6969
17.900000,-24.5545
17.905000,-19.7285
17.910000,-45.9437
17.915000,-38.5762
17.920000,-33.4591
17.925000,-43.7641
17.930000,-43.7730
17.935000,-30.3226
17.940000,-29.7579
17.945000,-40.6442
17.950000,-13.0891
17.955000,-8.2629
17.960000,-21.2632
17.965000,-13.5235
17.970000,-0.3427
17.975000,-7.1027
17.980000,-25.1731
17.985000,-5.0183
17.990000,-16.6248
17.995000,-39.5109
18.000000,-29.8624
18.005000,-23.7087
18.010000,-31.9386
18.015000,-28.5814
18.020000,-9.5025
18.025000,-24.0272
18.030000,-8.4356
18.035000,0.4166
18.040000,1.1665
18.045000,-1.9082
18.050000,12.5479
18.055000,15.8623
18.060000,10.3251
18.065000,11.2297
18.070000,32.1826
18.075000,12.3348
18.080000,-2.7175
18.085000,10.7890
18.090000,-0.9697
18.095000,-9.3282
18.100000,-8.7548
18.105000,2.6966
18.110000,-11.3297
18.115000,-3.8062
18.120000,21.6901
18.125000,3.7907
18.130000,-2.9328
18.135000,23.0497
18.140000,35.5691
18.145000,24.8040
18.150000,41.3054
18.155000,41.5621
18.160000,35.5324
18.165000,35.3235
18.170000,49.7786
18.175000,43.3240
18.180000,26.3284
18.185000,39.2376
18.190000,24.9535
18.195000,4.9067
18.200000,30.8276
18.205000,20.4681
18.210000,12.9858
18.215000,15.8851
18.220000,26.6519
18.225000,14.2844
18.230000,7.8629
18.235000,31.2583
18.240000,28.5666
18.245000,22.1790
18.250000,35.9304
18.255000,50.8203
18.260000,33.6836
18.265000,32.8276
18.270000,45.2442
18.275000,18.6761
18.280000,15.9798
18.285000,20.3077
18.290000,3.8021
18.295000,8.4317
18.300000,15.4855
18.305000,14.1112
18.310000,-0.7216
18.315000,-9.5536
18.320000,-0.8032
18.325000,4.1253
18.330000,6.7984
18.335000,15.6289
18.340000,20.6906
18.345000,11.0693
18.350000,33.1115
18.355000,36.0046
18.360000,26.5104
18.365000,21.7073
18.370000,33.2515
18.375000,15.4178
18.380000,6.9303
18.385000,13.2656
18.390000,13.2452
18.395000,-3.6534
18.400000,4.8333
18.405000,3.1601
18.410000,-16.3811
18.415000,-11.2064
18.420000,6.1820
18.425000,-9.9524
18.430000,-17.6056
18.435000,-4.3377
18.440000,-5.2392
18.445000,-10.5143
18.450000,-9.2841
18.455000,6.6933
18.460000,-0.0192
18.465000,-14.2132
18.470000,-2.0924
18.475000,-12.8440
18.480000,-20.9616
18.485000,0.5120
18.490000,-17.1315
18.495000,-29.9577
18.500000,-19.1730
18.505000,-16.4594
18.510000,-32.5582
18.515000,-30.8728
18.520000,-13.6644
18.525000,-22.7698
18.530000,-36.5415
18.535000,-14.1521
18.540000,-11.1597
18.545000,-27.8588
18.550000,-16.6058
18.555000,-6.1647
18.560000,-13.8892
18.565000,-16.5899
18.570000,-2.3798
18.575000,-13.7446
18.580000,-7.0775
18.585000,2.0637
18.590000,1.1710
18.595000,-27.4156
18.600000,-19.2144
18.605000,-15.4684
18.610000,-34.7646
18.615000,-15.8008
18.620000,-19.8963
18.625000,-18.1301
18.630000,-18.6005
18.635000,-4.2226
18.640000,-6.9258
18.645000,-23.9449
18.650000,6.4093
18.655000,11.9432
18.660000,3.2188
18.665000,0.4910
18.670000,16.6821
18.675000,8.9333
18.680000,7.6713
18.685000,14.3705
18.690000,0.4221
18.695000,-17.6093
18.700000,-8.0351
18.705000,7.7793
18.710000,-4.6258
18.715000,4.6161
18.720000,21.2441
18.725000,20.5507
18.730000,6.1030
18.735000,26.0202
18.740000,21.7157
18.745000,19.5382
18.750000,38.3985
18.755000,41.1285
18.760000,27.0647
18.765000,34.7929
18.770000,51.1753
18.775000,18.0430
18.780000,27.6865
18.785000,33.4973
18.790000,26.0899
18.795000,17.1347
18.800000,31.0984
18.805000,33.1554
18.810000,11.3986
18.815000,15.7024
18.820000,29.6949
18.825000,16.7413
18.830000,20.2634
18.835000,41.6204
18.840000,38.0058
18.845000,33.5056
18.850000,42.7223
18.855000,44.3713
18.860000,32.3025
18.865000,52.1306
18.870000,55.4531
18.875000,46.1577
18.880000,34.3602
18.885000,43.2997
18.890000,44.0405
18.895000,23.4775
18.900000,32.4972
18.905000,40.4713
18.910000,20.8672
18.915000,25.5093
18.920000,36.4949
18.925000,29.8968
18.930000,24.4587
18.935000,44.0655
18.940000,40.5524
18.945000,40.5246
18.950000,38.3062
18.955000,46.5289
18.960000,33.7075
18.965000,39.7500
18.970000,55.5040
18.975000,37.5123
18.980000,15.3665
18.985000,26.5713
18.990000,28.7216
18.995000,2.6816
19.000000,13.5720
19.005000,8.2826
19.010000,4.4610
19.015000,-0.5526
19.020000,12.9668
19.025000,-12.6554
19.030000,-10.1247
19.035000,5.5966
19.040000,8.8183
19.045000,2.0432
19.050000,6.9868
19.055000,19.3935
19.060000,-4.9624
19.065000,6.2823
19.070000,17.8828
19.075000,-9.9821
19.080000,-5.9136
19.085000,10.1961
19.090000,-1.0576
19.095000,-19.3001
19.100000,-4.9052
19.105000,-7.5342
19.110000,-16.9361
19.115000,-5.5435
19.120000,-4.8794
19.125000,-18.6509
19.130000,-22.4688
19.135000,3.4898
19.140000,2.7937
19.145000,-10.9213
19.150000,10.8022
19.155000,10.8952
19.160000,-9.1609
19.165000,-5.5512
19.170000,-5.6782
19.175000,-10.0749
19.180000,-12.9773
19.185000,-10.0307
19.190000,-13.0905
19.195000,-30.0143
19.200000,-20.2349
19.205000,-15.8892
19.210000,-33.2582
19.215000,-20.8733
19.220000,-17.1058
19.225000,-28.9341
19.230000,-38.3422
19.235000,-19.6844
19.240000,-20.0377
19.245000,-34.8039
19.250000,-3.9863
19.255000,-0.2937
19.260000,-15.0557
19.265000,-16.0489
19.270000,-1.0205
19.275000,-12.8581
19.280000,-5.8893
19.285000,1.3847
19.290000,-0.0700
19.295000,-14.1233
19.300000,-1.1701
19.305000,4.5168
19.310000,-9.3794
19.315000,-12.3145
19.320000,-6.1953
19.325000,-7.6496
19.330000,-13.9681
19.335000,11.3099
19.340000,6.4419
19.345000,-5.0574
19.350000,8.2563
19.355000,13.9732
19.360000,3.3897
19.365000,19.2612
19.370000,33.1924
19.375000,7.1957
19.380000,5.1022
19.385000,19.0849
19.390000,23.1906
19.395000,7.5603
19.400000,31.6584
19.405000,34.3814
19.410000,16.7877
19.415000,14.9465
19.420000,38.9432
19.425000,19.6212
19.430000,17.8360
19.435000,30.7985
19.440000,29.4672
19.445000,19.5909
19.450000,39.2647
19.455000,47.3991
19.460000,30.4266
19.465000,33.8461
19.470000,45.1990
19.475000,28.7486
19.480000,28.4270
19.485000,42.1369
19.490000,32.6472
19.495000,23.8520
19.500000,25.2574
19.505000,41.7999
19.510000,18.7021
19.515000,32.0587
19.520000,51.0876
19.525000,30.1809
19.530000,30.4824
19.535000,52.0579
19.540000,38.4174
19.545000,37.0355
19.550000,27.9576
19.555000,41.9109
19.560000,33.2731
19.565000,30.8045
19.570000,43.5366
19.575000,31.3836
19.580000,29.7587
19.585000,44.6962
19.590000,41.6071
19.595000,21.4843
19.600000,24.2798
19.605000,26.0548
19.610000,7.1230
19.615000,5.2789
19.620000,21.5537
19.625000,0.9928
19.630000,6.2846
19.635000,15.5901
19.640000,9.3260
19.645000,-1.4795
19.650000,23.2388
19.655000,17.8766
19.660000,1.1005
19.665000,9.8120
19.670000,6.1897
19.675000,-1.1446
19.680000,-2.2772
19.685000,10.6070
19.690000,5.4068
19.695000,-24.9694
19.700000,0.1635
19.705000,-7.4960
19.710000,-10.1140
19.715000,-2.5967
19.720000,-9.1818
19.725000,-16.3999
19.730000,-18.3278
19.735000,-4.9668
19.740000,-10.9518
19.745000,-6.6016
19.750000,-5.7764
19.755000,-4.2729
19.760000,-12.3345
19.765000,-11.4646
19.770000,-0.5421
19.775000,-23.4154
19.780000,-16.1796
19.785000,-5.8059
19.790000,-23.1954
19.795000,-44.7518
19.800000,-27.3688
19.805000,-22.6970
19.810000,-34.7800
19.815000,-35.4961
19.820000,-29.2357
19.825000,-35.3273
19.830000,-45.0969
19.835000,-27.6542
19.840000,-44.0327
19.845000,-46.3781
19.850000,-25.3995
19.855000,-27.5423
19.860000,-45.1985
19.865000,-38.3750
19.870000,-22.6606
19.875000,-34.2182
19.880000,-31.8945
19.885000,-29.3274
19.890000,-27.5976
19.895000,-34.8090
19.900000,-25.5469
19.905000,-27.6327
19.910000,-48.0147
19.915000,-42.5936
19.920000,-27.9562
19.925000,-32.8601
19.930000,-39.9721
19.935000,-20.6028
19.940000,-23.3030
19.945000,-36.9334
19.950000,-29.4417
19.955000,-13.0518
19.960000,-26.3968
19.965000,-24.5775
19.970000,-8.6448
19.975000,-13.6071
19.980000,-18.9560
19.985000,-5.9528
19.990000,-15.4388
19.995000,-19.5283
20.000000,1.7194
20.005000,2.9180
20.010000,-8.7746
20.015000,-11.0363
20.020000,13.8288
20.025000,-4.5914
20.030000,-9.3205
20.035000,6.5120
20.040000,-2.6516
20.045000,2.4252
20.050000,16.3622
20.055000,22.8933
20.060000,16.1688
20.065000,14.4565
20.070000,26.1735
20.075000,11.6561
20.080000,19.4664
20.085000,28.5678
20.090000,21.1743
20.095000,14.1369
20.100000,12.7317
20.105000,18.6010
20.110000,14.8496
20.115000,23.5488
20.120000,34.9044
20.125000,13.1396
20.130000,23.5386
20.135000,42.1638
20.140000,34.6586
20.145000,29.0085
20.150000,40.8510
20.155000,50.5454
20.160000,31.1824
20.165000,39.3328
20.170000,44.7351
20.175000,26.3457
20.180000,34.4168
20.185000,39.1880
20.190000,30.1296
20.195000,16.9017
20.200000,23.7312
20.205000,38.3115
20.210000,26.9872
20.215000,17.6915
20.220000,32.4763
20.225000,20.5410
20.230000,19.4547
20.235000,33.3418
20.240000,27.4607
20.245000,20.9570
20.250000,32.6615
20.255000,32.6128
20.260000,15.0076
20.265000,15.3479
20.270000,24.4728
20.275000,6.1794
20.280000,6.5191
20.285000,15.0118
20.290000,4.3045
20.295000,-8.1313
20.300000,3.6864
20.305000,-2.3777
20.310000,-16.3384
20.315000,-15.6024
20.320000,-4.8938
20.325000,-15.6596
20.330000,-23.5126
20.335000,7.6078
20.340000,-6.4446
20.345000,-7.5164
20.350000,2.7950
20.355000,3.2897
20.360000,-15.1998
20.365000,-20.0226
20.370000,-6.9057
20.375000,-19.7288
20.380000,-28.3916
20.385000,-19.9749
20.390000,-23.7132
20.395000,-43.8232
20.400000,-34.3699
20.405000,-25.9076
20.410000,-41.8941
20.415000,-38.8780
20.420000,-29.4704
20.425000,-35.0748
20.430000,-39.3067
20.435000,-22.0045
20.440000,-29.1315
20.445000,-43.4640
20.450000,-23.7540
20.455000,-16.5046
20.460000,-35.9770
20.465000,-25.8203
20.470000,-19.9243
20.475000,-32.5475
20.480000,-45.1588
20.485000,-33.7118
20.490000,-41.8006
20.495000,-52.1574
20.500000,-37.3163
20.505000,-41.8788
20.510000,-59.5887
20.515000,-59.2226
20.520000,-44.0442
20.525000,-62.6151
20.530000,-55.0307
20.535000,-40.5826
20.540000,-40.5691
20.545000,-56.3240
20.550000,-45.6256
20.555000,-33.1848
20.560000,-47.9261
20.565000,-41.0419
20.570000,-23.2637
20.575000,-38.5520
20.580000,-46.4903
20.585000,-25.9819
20.590000,-33.9336
20.595000,-55.5396
20.600000,-40.0849
20.605000,-29.7581
20.610000,-55.7512
20.615000,-50.6986
20.620000,-43.2964
20.625000,-46.4798
20.630000,-52.6751
20.635000,-30.8523
20.640000,-34.5531
20.645000,-40.8199
20.650000,-16.4445
20.655000,-1.7875
20.660000,-15.5625
20.665000,-6.9412
20.670000,13.6079
20.675000,-9.7825
20.680000,-8.2368
20.685000,9.3684
20.690000,-9.6134
20.695000,-13.9042
20.700000,-10.3264
20.705000,-11.9979
20.710000,-14.0444
20.715000,-15.1694
20.720000,3.5510
20.725000,3.3504
20.730000,-1.7140
20.735000,25.5342
20.740000,22.2629
20.745000,11.1361
20.750000,34.4384
20.755000,41.0276
20.760000,24.9509
20.765000,26.0096
20.770000,49.6380
20.775000,29.4069
20.780000,23.8565
20.785000,35.2433
20.790000,31.1028
20.795000,25.3007
20.800000,37.3854
20.805000,33.7871
20.810000,16.9599
20.815000,25.1995
20.820000,25.4820
20.825000,19.8626
20.830000,18.9033
20.835000,50.5364
20.840000,42.2295
20.845000,35.8838
20.850000,57.1893
20.855000,56.9832
20.860000,32.7508
20.865000,47.1915
20.870000,52.4321
20.875000,51.1854
20.880000,44.0929
20.885000,51.0815
20.890000,39.5248
20.895000,31.2530
20.900000,34.6487
20.905000,41.2149
20.910000,21.0628
20.915000,23.9267
20.920000,28.2191
20.925000,14.3486
20.930000,13.9385
20.935000,31.9984
20.940000,34.1150
20.945000,14.1144
20.950000,30.7106
20.955000,32.0534
20.960000,12.2404
20.965000,29.3888
20.970000,28.8075
20.975000,9.5486
20.980000,6.1142
20.985000,16.0041
20.990000,12.4600
20.995000,-16.6666
21.000000,6.3661
21.005000,4.7677
21.010000,-15.3411
21.015000,-33.9751
21.020000,-4.7521
21.025000,-15.8089
21.030000,-17.7219
21.035000,-0.7494
21.040000,-17.0327
21.045000,-14.2714
21.050000,8.1579
21.055000,8.9050
21.060000,-8.2827
21.065000,-12.4858
21.070000,0.7812
21.075000,-15.0856
21.080000,-14.7369
21.085000,-23.1144
21.090000,-16.0875
21.095000,-40.3045
21.100000,-28.8286
21.105000,-28.7062
21.110000,-50.3621
21.115000,-46.8681
21.120000,-25.9802
21.125000,-52.1543
21.130000,-59.4209
21.135000,-39.6409
21.140000,-35.4448
21.145000,-40.6776
21.150000,-27.3366
21.155000,-27.1472
21.160000,-37.6785
21.165000,-21.5253
21.170000,-20.1195
21.175000,-37.4036
21.180000,-32.3534
21.185000,-26.3454
21.190000,-40.0472
21.195000,-48.8110
21.200000,-39.3199
21.205000,-36.9056
21.210000,-58.3016
21.215000,-52.5447
21.220000,-43.8800
21.225000,-49.1378
21.230000,-42.5426
21.235000,-38.8621
21.240000,-29.3494
21.245000,-20.8345
21.250000,-11.9653
21.255000,-21.1337
21.260000,-26.8238
21.265000,-14.6979
21.270000,-10.7653
21.275000,-23.2817
21.280000,-19.0084
21.285000,-9.0318
21.290000,-21.1594
21.295000,-36.8931
21.300000,-15.7025
21.305000,-21.9338
21.310000,-27.2937
21.315000,-29.4649
21.320000,-10.7906
21.325000,-16.1559
21.330000,-9.4645
21.335000,4.5999
21.340000,-0.5637
21.345000,0.4765
21.350000,17.6703
21.355000,22.6039
21.360000,16.8787
21.365000,21.0886
21.370000,34.6393
21.375000,18.9554
21.380000,20.8504
21.385000,27.6940
21.390000,28.6025
21.395000,12.2447
21.400000,25.0604
21.405000,23.5564
21.410000,-0.1886
21.415000,1.0423
21.420000,4.1729
21.425000,0.5763
21.430000,0.8193
21.435000,8.8733
21.440000,6.0575
21.445000,13.4575
21.450000,31.3053
21.455000,45.3349
21.460000,28.2708
21.465000,37.8539
21.470000,46.0219
21.475000,21.9736
21.480000,26.0512
21.485000,38.8745
21.490000,20.7779
21.495000,6.3994
21.500000,19.6668
21.505000,22.3052
21.510000,4.4234
21.515000,4.0985
21.520000,17.4960
21.525000,2.0559
21.530000,-5.7609
21.535000,23.4296
21.540000,21.0084
21.545000,15.0390
21.550000,24.4412
21.555000,38.9082
21.560000,34.2462
21.565000,30.5853
21.570000,36.6397
21.575000,17.0769
21.580000,17.1857
21.585000,37.1111
21.590000,16.3750
21.595000,2.6461
21.600000,10.0750
21.605000,10.4884
21.610000,-14.4859
21.615000,2.0340
21.620000,18.6458
21.625000,-2.6512
21.630000,-0.6751
21.635000,21.1900
21.640000,13.9191
21.645000,16.2271
21.650000,16.5503
21.655000,20.7618
21.660000,4.9305
21.665000,3.3732
21.670000,11.0901
21.675000,-3.1365
21.680000,-11.2882
21.685000,2.8940
21.690000,-9.7445
21.695000,-28.3060
21.700000,-29.0088
21.705000,-21.4583
21.710000,-50.9240
21.715000,-41.9725
21.720000,-23.5265
21.725000,-30.4330
21.730000,-40.4369
21.735000,-29.6798
21.740000,-23.9038
21.745000,-32.3691
21.750000,-21.1574
21.755000,-11.0429
21.760000,-24.8768
21.765000,-21.3793
21.770000,-23.7831
21.775000,-38.9657
21.780000,-45.9401
21.785000,-33.5280
21.790000,-35.6905
21.795000,-54.3000
21.800000,-50.2538
21.805000,-52.4763
21.810000,-68.6201
21.815000,-67.6937
21.820000,-60.2230
21.825000,-72.7670
21.830000,-70.3371
21.835000,-50.9109
21.840000,-43.6075
21.845000,-49.7892
21.850000,-35.5395
21.855000,-20.5085
21.860000,-43.8549
21.865000,-29.5638
21.870000,-10.7905
21.875000,-31.1632
21.880000,-26.8556
21.885000,-26.5086
21.890000,-37.0100
21.895000,-55.1494
21.900000,-42.8056
21.905000,-32.2818
21.910000,-63.1463
21.915000,-50.1654
21.920000,-46.1711
21.925000,-53.2188
21.930000,-54.0363
21.935000,-29.6314
21.940000,-41.3674
21.945000,-55.4429
21.950000,-25.5534
21.955000,-25.2517
21.960000,-25.8806
21.965000,-25.6010
21.970000,-16.6348
21.975000,-21.1175
21.980000,-30.5849
21.985000,-15.3974
21.990000,-25.2066
21.995000,-46.2317
22.000000,-31.2412
22.005000,-30.2841
22.010000,-42.1694
22.015000,-30.1798
22.020000,-7.5325
22.025000,-20.3649
22.030000,-12.7047
22.035000,10.7689
22.040000,2.8756
22.045000,3.6915
22.050000,10.4512
22.055000,19.7536
22.060000,11.8971
22.065000,10.4863
22.070000,32.2312
22.075000,16.9169
22.080000,19.1041
22.085000,26.7680
22.090000,12.8437
22.095000,-1.5520
22.100000,5.4591
22.105000,8.4188
22.110000,-8.1222
22.115000,12.7089
22.120000,26.5414
22.125000,14.4428
22.130000,18.8107
22.135000,42.1353
22.140000,47.0936
22.145000,27.5930
22.150000,45.5227
22.155000,61.9919
22.160000,46.5382
22.165000,54.9966
22.170000,67.0859
22.175000,50.4348
22.180000,39.4751
22.185000,46.9888
22.190000,40.1406
22.195000,27.3003
22.200000,50.2246
22.205000,33.7868
22.210000,18.7197
22.215000,20.9098
22.220000,41.8988
22.225000,31.9590
22.230000,18.7770
22.235000,36.8951
22.240000,43.1009
22.245000,30.6269
22.250000,53.0037
22.255000,58.7966
22.260000,46.3972
22.265000,37.4159
22.270000,49.2342
22.275000,25.4285
22.280000,19.7266
22.285000,33.0211
22.290000,23.3849
22.295000,18.7774
22.300000,16.8666
22.305000,24.9715
22.310000,1.7283
22.315000,-3.9698
22.320000,10.5568
22.325000,10.4233
22.330000,-0.8546
22.335000,22.3251
22.340000,21.1781
22.345000,6.4658
22.350000,24.8254
22.355000,34.6579
22.360000,21.3470
22.365000,29.6303
22.370000,32.9501
22.375000,10.7743
22.380000,4.7128
22.385000,19.6434
22.390000,12.9612
22.395000,-9.2526
22.400000,-7.7705
22.405000,-1.2238
22.410000,-16.1826
22.415000,-17.0717
22.420000,-9.5226
22.425000,-19.9062
22.430000,-21.4677
22.435000,-10.4485
22.440000,-9.9319
22.445000,-25.4926
22.450000,-12.5309
22.455000,-3.1693
22.460000,-12.4105
22.465000,-10.1610
22.470000,-12.3449
22.475000,-27.0922
22.480000,-33.2409
22.485000,-14.0587
22.490000,-26.6874
22.495000,-39.2374
22.500000,-30.3357
22.505000,-28.0157
22.510000,-43.4193
22.515000,-48.2001
22.520000,-23.8496
22.525000,-28.9005
22.530000,-35.9170
22.535000,-21.5793
22.540000,-22.9178
22.545000,-27.5965
22.550000,-21.0670
22.555000,1.0199
22.560000,-21.6275
22.565000,-28.2700
22.570000,-2.6317
22.575000,-22.3290
22.580000,-9.8712
22.585000,0.6063
22.590000,-21.6626
22.595000,-30.4926
22.600000,-16.1953
22.605000,-18.4968
22.610000,-25.9707
22.615000,-22.0877
22.620000,-16.5233
22.625000,-25.3273
22.630000,-25.6450
22.635000,-3.4360
22.640000,-13.3560
22.645000,-13.2747
22.650000,-3.4410
22.655000,9.7348
22.660000,5.0888
22.665000,2.0286
22.670000,17.7309
22.675000,7.3989
22.680000,4.0380
22.685000,19.2820
22.690000,-0.0444
22.695000,-15.3276
22.700000,-8.6871
22.705000,9.3370
22.710000,-3.9372
22.715000,11.9873
22.720000,25.5281
22.725000,10.0299
22.730000,14.3738
22.735000,22.7324
22.740000,26.1841
22.745000,24.4607
22.750000,31.8072
22.755000,40.6280
22.760000,30.7624
22.765000,44.2412
22.770000,61.8281
22.775000,30.2408
22.780000,24.5673
22.785000,37.1968
22.790000,28.1532
22.795000,19.9814
22.800000,36.5070
22.805000,37.0292
22.810000,18.3119
22.815000,19.9825
22.820000,39.3525
22.825000,15.7346
22.830000,22.8297
22.835000,37.7634
22.840000,43.1906
22.845000,29.6772
22.850000,36.9912
22.855000,41.6564
22.860000,35.8520
22.865000,43.9311
22.870000,62.2415
22.875000,44.3510
22.880000,35.6968
22.885000,53.4606
22.890000,41.0593
22.895000,27.9696
22.900000,34.8188
22.905000,35.4073
22.910000,15.8244
22.915000,27.6765
22.920000,34.6601
22.925000,23.1772
22.930000,23.3082
22.935000,38.5663
22.940000,34.7902
22.945000,32.1483
22.950000,47.2620
22.955000,50.7650
22.960000,32.3402
22.965000,34.2963
22.970000,47.7591
22.975000,35.5613
22.980000,15.8378
22.985000,32.1773
22.990000,24.1309
22.995000,16.6899
23.000000,10.9151
23.005000,3.9725
23.010000,-2.5240
23.015000,-1.8733
23.020000,0.4594
23.025000,-5.1070
23.030000,-10.9337
23.035000,12.5723
23.040000,3.5799
23.045000,0.6201
23.050000,6.8048
23.055000,15.9279
23.060000,-4.9026
23.065000,12.8486
23.070000,22.8528
23.075000,-5.3031
23.080000,-0.6686
23.085000,17.1237
23.090000,-0.6412
23.095000,-13.0525
23.100000,-1.0380
23.105000,-2.3641
23.110000,-11.4824
23.115000,-4.3615
23.120000,-0.3919
23.125000,-11.8262
23.130000,-20.2889
23.135000,7.0422
23.140000,4.2878
23.145000,-7.0532
23.150000,9.3032
23.155000,16.5070
23.160000,-1.9761
23.165000,-2.5356
23.170000,4.6470
23.175000,2.7092
23.180000,-12.0289
23.185000,-11.2300
23.190000,-3.7001
23.195000,-31.3909
23.200000,-10.8788
23.205000,-19.8678
23.210000,-29.3005
23.215000,-21.2559
23.220000,-20.5717
23.225000,-29.2619
23.230000,-21.2962
23.235000,-14.1895
23.240000,-12.2559
23.245000,-21.7341
23.250000,-5.4363
23.255000,4.2274
23.260000,-8.4761
23.265000,0.3895
23.270000,9.7178
23.275000,-5.5589
23.280000,-11.4086
23.285000,13.5912
23.290000,-3.8066
23.295000,-19.5822
23.300000,-7.0466
23.305000,5.0513
23.310000,-10.9704
23.315000,-6.8401
23.320000,-0.4962
23.325000,-8.2758
23.330000,-5.4172
23.335000,8.7481
23.340000,5.9680
23.345000,7.4843
23.350000,16.7943
23.355000,27.3955
23.360000,-1.9681
23.365000,19.9638
23.370000,22.1311
23.375000,7.9931
23.380000,3.9785
23.385000,15.9105
23.390000,17.8674
23.395000,0.8649
23.400000,13.3444
23.405000,22.9298
23.410000,9.3788
23.415000,11.9073
23.420000,20.7374
23.425000,6.3256
23.430000,9.2816
23.435000,31.7340
23.440000,15.8555
23.445000,20.4362
23.450000,34.0392
23.455000,32.6346
23.460000,20.9292
23.465000,29.5231
23.470000,29.9764
23.475000,14.9648
23.480000,18.4643
23.485000,24.6133
23.490000,18.2008
23.495000,5.5628
23.500000,16.9515
23.505000,19.9886
23.510000,12.7118
23.515000,20.0505
23.520000,29.8242
23.525000,15.2473
23.530000,13.2201
23.535000,41.2435
23.540000,34.4577
23.545000,18.3250
23.550000,25.9963
23.555000,31.9352
23.560000,20.9188
23.565000,31.2735
23.570000,35.9364
23.575000,18.9402
23.580000,21.5112
23.585000,33.8314
23.590000,29.2855
23.595000,10.7738
23.600000,16.6512
23.605000,16.4324
23.610000,0.2004
23.615000,-6.3966
23.620000,1.5630
23.625000,-8.3431
23.630000,-10.3753
23.635000,11.5184
23.640000,10.7101
23.645000,-4.9371
23.650000,20.7063
23.655000,22.9060
23.660000,-8.7486
23.665000,8.2409
23.670000,10.2966
23.675000,6.0026
23.680000,-2.4432
23.685000,19.4555
23.690000,-0.7292
23.695000,-17.1265
23.700000,-3.5823
23.705000,-3.0730
23.710000,-16.3276
23.715000,-5.2842
23.720000,5.6215
23.725000,-9.1017
23.730000,-12.7278
23.735000,5.8386
23.740000,-1.7137
23.745000,-4.9500
23.750000,7.9588
23.755000,3.1401
23.760000,-12.8374
23.765000,3.9700
23.770000,3.7064
23.775000,-3.6550
23.780000,-11.5106
23.785000,10.4864
23.790000,-4.5875
23.795000,-24.9257
23.800000,-8.8055
23.805000,-6.8611
23.810000,-25.1048
23.815000,-15.3834
23.820000,-2.9014
23.825000,-20.3740
23.830000,-26.5930
23.835000,-8.4832
23.840000,-23.6401
23.845000,-26.7718
23.850000,-6.5976
23.855000,-5.0007
23.860000,-24.4975
23.865000,-16.8853
23.870000,-4.1532
23.875000,-12.1928
23.880000,-17.6505
23.885000,-6.5915
23.890000,-12.1569
23.895000,-24.3366
23.900000,-16.4496
23.905000,-14.5703
23.910000,-25.1889
23.915000,-25.6989
23.920000,-11.5700
23.925000,-18.1016
23.930000,-21.5295
23.935000,-7.0483
23.940000,-12.9411
23.945000,-22.7262
23.950000,-13.3802
23.955000,-5.1426
23.960000,-18.5198
23.965000,-13.2013
23.970000,4.4474
23.975000,-6.7958
23.980000,-12.9662
23.985000,1.0381
23.990000,-7.2352
23.995000,-17.6414
24.000000,-6.2847
24.005000,0.1538
24.010000,-14.2331
24.015000,-10.8525
24.020000,5.8277
24.025000,-5.0875
24.030000,-13.7739
24.035000,7.5332
24.040000,3.6514
24.045000,-12.2053
24.050000,14.5537
24.055000,20.6757
24.060000,3.6653
24.065000,17.5795
24.070000,12.7846
24.075000,7.7424
24.080000,3.8005
24.085000,26.3038
24.090000,10.0801
24.095000,-1.8540
24.100000,4.0146
24.105000,3.2201
24.110000,-2.2185
24.115000,-2.7591
24.120000,21.3273
24.125000,0.6789
24.130000,-0.8510
24.135000,25.9315
24.140000,23.8932
24.145000,8.7731
24.150000,21.7242
24.155000,23.1172
24.160000,10.2055
24.165000,20.8377
24.170000,25.0789
24.175000,12.4954
24.180000,8.2444
24.185000,15.8462
24.190000,10.0452
24.195000,-6.8229
24.200000,8.1424
24.205000,18.6174
24.210000,6.1187
24.215000,-0.3977
24.220000,15.4661
24.225000,2.5907
24.230000,-11.9654
24.235000,14.5558
24.240000,8.0423
24.245000,2.1031
24.250000,13.9330
24.255000,20.4388
24.260000,-3.9544
24.265000,4.0363
24.270000,11.1894
24.275000,-9.2064
24.280000,-2.2266
24.285000,0.3366
24.290000,-13.8615
24.295000,-18.0734
24.300000,-6.9927
24.305000,-7.3076
24.310000,-26.2553
24.315000,-20.4524
24.320000,-8.9058
24.325000,-15.5181
24.330000,-34.8147
24.335000,-5.2520
24.340000,-4.9611
24.345000,-8.5123
24.350000,-0.9679
24.355000,2.4394
24.360000,-14.0085
24.365000,-21.7149
24.370000,-2.1584
24.375000,-18.9679
24.380000,-22.6496
24.385000,-16.5907
24.390000,-22.4167
24.395000,-29.2713
24.400000,-22.7869
24.405000,-6.1330
24.410000,-25.2249
24.415000,-15.2113
24.420000,-3.2668
24.425000,-26.2744
24.430000,-19.2693
24.435000,-3.0069
24.440000,-4.4867
24.445000,-22.8735
24.450000,-5.6429
24.455000,1.5737
24.460000,-14.6929
24.465000,-11.8602
24.470000,-1.4057
24.475000,-18.4460
24.480000,-18.8695
24.485000,-14.4625
24.490000,-8.8079
24.495000,-28.2797
24.500000,-18.5403
24.505000,-23.4614
24.510000,-44.2453
24.515000,-32.3283
24.520000,-29.1996
24.525000,-34.5096
24.530000,-39.5476
24.535000,-23.1550
24.540000,-28.2290
24.545000,-29.4846
24.550000,-10.8303
24.555000,-19.0329
24.560000,-33.7563
24.565000,-20.8974
24.570000,-4.2714
24.575000,-22.7395
24.580000,-31.9530
24.585000,-9.7735
24.590000,-19.7337
24.595000,-50.9731
24.600000,-31.4720
24.605000,-17.9288
24.610000,-39.5491
24.615000,-37.2903
24.620000,-30.9382
24.625000,-43.3691
24.630000,-35.7356
24.635000,-26.1521
24.640000,-20.9682
24.645000,-37.3066
24.650000,-14.4001
24.655000,7.2107
24.660000,-13.8087
24.665000,-8.6284
24.670000,5.4013
24.675000,-12.9364
24.680000,-9.4459
24.685000,-0.2725
24.690000,-8.6305
24.695000,-5.3454
24.700000,-13.6986
24.705000,-2.8034
24.710000,-24.6886
24.715000,-13.1788
24.720000,-3.7585
24.725000,-11.9344
24.730000,-13.6628
24.735000,5.2530
24.740000,5.7075
24.745000,-1.2752
24.750000,14.6392
24.755000,22.7016
24.760000,10.6424
24.765000,10.5171
24.770000,17.6387
24.775000,9.1820
24.780000,7.2353
24.785000,25.5141
24.790000,19.8606
24.795000,6.3796
24.800000,11.0296
24.805000,14.0620
24.810000,-9.7305
24.815000,3.5137
24.820000,12.2770
24.825000,-1.4692
24.830000,0.1237
24.835000,15.8119
24.840000,20.6611
24.845000,11.9554
24.850000,31.2930
24.855000,28.7835
24.860000,14.5461
24.865000,22.3821
24.870000,37.1696
24.875000,21.0194
24.880000,21.7358
24.885000,20.4619
24.890000,25.9704
24.895000,7.7023
24.900000,10.7928
24.905000,21.1722
24.910000,2.0778
24.915000,14.2848
24.920000,14.4327
24.925000,2.2814
24.930000,9.4491
24.935000,16.7933
24.940000,25.1456
24.945000,4.8911
24.950000,15.8917
24.955000,21.9393
24.960000,6.4977
24.965000,13.0347
24.970000,19.6290
24.975000,-10.6605
24.980000,2.0586
24.985000,13.8500
24.990000,-1.4505
24.995000,-14.7717
25.000000,-4.8718
25.005000,8.6451
25.010000,-27.0163
25.015000,-22.5454
25.020000,-3.2744
25.025000,-13.9563
25.030000,-18.1206
25.035000,1.1410
25.040000,-3.0309
25.045000,-7.5571
25.050000,9.1677
25.055000,5.2495
25.060000,-6.2500
25.065000,-6.5268
25.070000,10.0858
25.075000,-2.0612
25.080000,-15.5557
25.085000,-6.2177
25.090000,-17.4316
25.095000,-19.4488
25.100000,-14.2295
25.105000,-22.2955
25.110000,-36.2378
25.115000,-22.2166
25.120000,-10.3512
25.125000,-31.3625
25.130000,-35.6924
25.135000,-18.1107
25.140000,-13.7504
25.145000,-29.0878
25.150000,-20.6027
25.155000,-7.8146
25.160000,-15.1593
25.165000,-4.3330
25.170000,-6.1616
25.175000,-13.7786
25.180000,-13.3446
25.185000,-11.0062
25.190000,-17.1026
25.195000,-33.7731
25.200000,-24.5439
25.205000,-30.7520
25.210000,-37.5188
25.215000,-34.9751
25.220000,-21.3876
25.225000,-27.1019
25.230000,-37.0792
25.235000,-15.2588
25.240000,-8.1188
25.245000,-8.5718
25.250000,1.7668
25.255000,-3.1309
25.260000,-11.9386
25.265000,-5.9699
25.270000,2.9581
25.275000,-6.7639
25.280000,-21.4189
25.285000,-0.5416
25.290000,-8.7144
25.295000,-21.2492
25.300000,-10.0540
25.305000,-15.6180
25.310000,-24.9034
25.315000,-16.2150
25.320000,-3.7958
25.325000,-16.9050
25.330000,-6.2078
25.335000,9.8731
25.340000,11.6445
25.345000,-1.9407
25.350000,11.9751
25.355000,21.0860
25.360000,5.4977
25.365000,33.3996
25.370000,38.4896
25.375000,20.0185
25.380000,23.5828
25.385000,28.8133
25.390000,21.2714
25.395000,4.2207
25.400000,14.2015
25.405000,14.6250
25.410000,-6.6723
25.415000,-3.8661
25.420000,2.3800
25.425000,-1.2706
25.430000,-9.9921
25.435000,4.9698
25.440000,3.7087
25.445000,0.1633
25.450000,16.2611
25.455000,34.1320
25.460000,20.8822
25.465000,25.8769
25.470000,28.9734
25.475000,15.4948
25.480000,21.8960
25.485000,21.5225
25.490000,7.8313
25.495000,-6.1619
25.500000,7.1058
25.505000,4.2892
25.510000,-7.9107
25.515000,-2.0731
25.520000,6.9642
25.525000,-7.2922
25.530000,-12.2334
25.535000,9.0109
25.540000,10.7081
25.545000,2.3526
25.550000,24.9461
25.555000,36.8605
25.560000,13.5860
25.565000,24.6578
25.570000,28.6863
25.575000,7.2627
25.580000,8.9656
25.585000,13.4638
25.590000,11.4990
25.595000,-5.4104
25.600000,-2.0292
25.605000,2.4638
25.610000,-13.0517
25.615000,-5.8339
25.620000,2.0090
25.625000,0.4153
25.630000,-11.2982
25.635000,12.7230
25.640000,5.9578
25.645000,-3.3490
25.650000,11.4846
25.655000,28.4827
25.660000,1.7229
25.665000,4.7892
25.670000,11.8090
25.675000,-3.4802
25.680000,-3.8871
25.685000,1.7825
25.690000,-5.7622
25.695000,-31.5857
25.700000,-27.4996
25.705000,-20.7966
25.710000,-46.7925
25.715000,-39.6763
25.720000,-22.6696
25.725000,-41.1786
25.730000,-32.3526
25.735000,-31.9536
25.740000,-23.8019
25.745000,-36.0468
25.750000,-10.0306
25.755000,-5.5669
25.760000,-25.5453
25.765000,-16.1790
25.770000,-14.1166
25.775000,-33.4421
25.780000,-36.0659
25.785000,-32.2406
25.790000,-34.0842
25.795000,-59.3117
25.800000,-47.5609
25.805000,-50.7167
25.810000,-62.8353
25.815000,-63.0104
25.820000,-59.1560
25.825000,-64.0010
25.830000,-65.0390
25.835000,-36.3438
25.840000,-39.4052
25.845000,-41.7663
25.850000,-36.5376
25.855000,-21.2109
25.860000,-39.5878
25.865000,-17.5500
25.870000,-7.6109
25.875000,-22.3907
25.880000,-31.0300
25.885000,-20.3169
25.890000,-38.5712
25.895000,-49.6338
25.900000,-25.0409
25.905000,-34.5500
25.910000,-54.5041
25.915000,-49.3391
25.920000,-45.1595
25.925000,-56.3868
25.930000,-60.3922
25.935000,-31.8507
25.940000,-37.7961
25.945000,-53.6054
25.950000,-23.5859
25.955000,-19.8940
25.960000,-30.0074
25.965000,-14.4718
25.970000,-18.9186
25.975000,-21.1005
25.980000,-25.2846
25.985000,-17.2696
25.990000,-22.7043
25.995000,-37.8405
26.000000,-30.6494
26.005000,-22.3547
26.010000,-42.2087
26.015000,-17.5433
26.020000,-12.0743
26.025000,-24.0920
26.030000,-14.5925
26.035000,12.1828
26.040000,15.9332
26.045000,-0.5732
26.050000,7.1154
26.055000,25.2441
26.060000,8.3331
26.065000,17.3036
26.070000,29.5677
26.075000,15.8995
26.080000,13.4100
26.085000,25.2405
26.090000,8.1639
26.095000,-1.4330
26.100000,2.5156
26.105000,12.7890
26.110000,-5.1517
26.115000,7.0143
26.120000,20.1291
26.125000,12.4283
26.130000,11.0324
26.135000,50.4603
26.140000,45.0861
26.145000,35.1354
26.150000,51.2120
26.155000,63.6505
26.160000,41.3503
26.165000,54.5625
26.170000,56.9893
26.175000,49.6809
26.180000,40.4738
26.185000,51.7712
26.190000,34.5941
26.195000,24.7034
26.200000,38.9252
26.205000,44.2603
26.210000,14.1783
26.215000,21.7953
26.220000,40.9490
26.225000,29.7809
26.230000,16.8721
26.235000,39.8077
26.240000,41.5283
26.245000,37.6476
26.250000,50.6360
26.255000,61.3752
26.260000,44.5717
26.265000,40.0239
26.270000,52.8324
26.275000,32.0345
26.280000,26.9497
26.285000,33.5178
26.290000,27.7353
26.295000,17.7953
26.300000,29.0187
26.305000,26.8855
26.310000,2.2172
26.315000,6.8903
26.320000,5.2871
26.325000,2.1713
26.330000,7.6863
26.335000,25.2540
26.340000,21.1719
26.345000,9.9004
26.350000,24.9848
26.355000,36.7343
26.360000,22.6474
26.365000,19.9393
26.370000,30.5343
26.375000,19.3392
26.380000,3.6855
26.385000,18.5059
26.390000,0.7805
26.395000,-16.7044
26.400000,-10.3045
26.405000,-7.9707
26.410000,-24.3828
26.415000,-21.9786
26.420000,-15.7292
26.425000,-31.2806
26.430000,-33.8468
26.435000,-20.0606
26.440000,-26.2384
26.445000,-31.5085
26.450000,-19.3720
26.455000,-6.0638
26.460000,-26.0453
26.465000,-13.0112
26.470000,-12.4727
26.475000,-24.5919
26.480000,-45.3541
26.485000,-22.7983
26.490000,-26.7056
26.495000,-49.7169
26.500000,-31.5042
26.505000,-40.2488
26.510000,-51.5522
26.515000,-46.9368
26.520000,-32.3473
26.525000,-46.3752
26.530000,-45.9172
26.535000,-29.0696
26.540000,-27.8116
26.545000,-49.8086
26.550000,-24.6065
26.555000,-10.6614
26.560000,-26.1054
26.565000,-34.5790
26.570000,-19.9920
26.575000,-28.1207
26.580000,-26.5986
26.585000,-6.3756
26.590000,-18.1312
26.595000,-42.6927
26.600000,-30.4834
26.605000,-27.0089
26.610000,-46.8677
26.615000,-28.0212
26.620000,-22.3385
26.625000,-35.6747
26.630000,-36.2611
26.635000,-15.2546
26.640000,-16.5535
26.645000,-20.0429
26.650000,-7.0726
26.655000,10.8068
26.660000,-0.4599
26.665000,8.9364
26.670000,23.5278
26.675000,11.0566
26.680000,3.4281
26.685000,12.7562
26.690000,3.6044
26.695000,-10.3088
26.700000,2.9974
26.705000,21.6186
26.710000,6.2012
26.715000,13.9304
26.720000,30.0566
26.725000,14.0795
26.730000,17.8336
26.735000,31.3963
26.740000,35.9927
26.745000,26.5560
26.750000,42.8336
26.755000,51.3530
26.760000,32.8598
26.765000,54.2706
26.770000,61.9808
26.775000,40.7498
26.780000,37.8122
26.785000,54.2554
26.790000,35.8363
26.795000,39.9732
26.800000,40.5171
26.805000,46.0989
26.810000,32.5748
26.815000,32.5609
26.820000,43.7384
26.825000,27.1745
26.830000,40.7309
26.835000,55.9292
26.840000,53.2657
26.845000,46.9993
26.850000,61.5489
26.855000,56.6490
26.860000,50.5985
26.865000,63.7400
26.870000,73.4802
26.875000,51.4258
26.880000,50.1287
26.885000,55.6788
26.890000,60.1648
26.895000,31.5456
26.900000,48.1089
26.905000,52.2431
26.910000,26.1741
26.915000,29.7327
26.920000,45.3336
26.925000,32.0364
26.930000,22.7600
26.935000,43.9102
26.940000,57.5207
26.945000,45.3095
26.950000,55.4033
26.955000,53.5445
26.960000,40.6982
26.965000,49.0879
26.970000,63.7394
26.975000,46.5903
26.980000,21.4068
26.985000,34.8503
26.990000,22.7338
26.995000,14.4712
27.000000,10.3175
27.005000,6.4870
27.010000,-7.5508
27.015000,-8.6207
27.020000,8.0346
27.025000,-8.8857
27.030000,-19.7615
27.035000,9.0148
27.040000,7.9687
27.045000,-3.0440
27.050000,10.0629
27.055000,12.5260
27.060000,-4.1041
27.065000,7.2544
27.070000,16.1074
27.075000,-7.3091
27.080000,-19.2650
27.085000,5.7163
27.090000,-15.1010
27.095000,-20.2183
27.100000,-11.8242
27.105000,-19.2516
27.110000,-36.3425
27.115000,-23.3589
27.120000,-17.3570
27.125000,-28.5555
27.130000,-30.8419
27.135000,-9.4330
27.140000,-3.3655
27.145000,-20.2936
27.150000,0.6685
27.155000,-10.6371
27.160000,-19.8813
27.165000,-22.1576
27.170000,-13.7492
27.175000,-17.0010
27.180000,-21.3324
27.185000,-24.7778
27.190000,-22.0945
27.195000,-41.2600
27.200000,-28.5908
27.205000,-34.8758
27.210000,-49.3285
27.215000,-38.2971
27.220000,-38.5596
27.225000,-42.6068
27.230000,-38.6316
27.235000,-23.9759
27.240000,-32.4467
27.245000,-41.1268
27.250000,-16.5667
27.255000,-9.3973
27.260000,-18.3654
27.265000,-29.0944
27.270000,-9.4822
27.275000,-23.8079
27.280000,-15.5948
27.285000,1.2549
27.290000,-5.6048
27.295000,-25.8962
27.300000,-17.7269
27.305000,-5.9036
27.310000,-17.6107
27.315000,-19.2938
27.320000,-9.8569
27.325000,-12.9022
27.330000,-10.8730
27.335000,6.6282
27.340000,11.8503
27.345000,-1.2196
27.350000,19.9420
27.355000,23.2730
27.360000,13.3306
27.365000,12.6017
27.370000,28.4136
27.375000,21.5933
27.380000,8.8089
27.385000,24.3865
27.390000,22.8476
27.395000,4.7494
27.400000,24.6507
27.405000,34.4862
27.410000,17.0474
27.415000,21.4203
27.420000,32.0386
27.425000,14.3435
27.430000,20.9887
27.435000,39.3505
27.440000,35.8867
27.445000,31.0502
27.450000,50.9882
27.455000,41.3946
27.460000,44.8006
27.465000,49.6687
27.470000,54.7811
27.475000,48.0743
27.480000,39.7654
27.485000,47.5260
27.490000,39.2239
27.495000,21.7099
27.500000,35.3164
27.505000,49.7179
27.510000,25.6700
27.515000,36.7960
27.520000,44.6542
27.525000,33.2390
27.530000,41.9322
27.535000,63.1709
27.540000,45.7149
27.545000,35.7557
27.550000,51.0553
27.555000,49.3870
27.560000,29.9913
27.565000,44.9657
27.570000,49.6875
27.575000,34.2438
27.580000,45.2865
27.585000,49.4294
27.590000,51.9052
27.595000,26.0597
27.600000,33.9139
27.605000,29.5900
27.610000,9.6181
27.615000,6.0257
27.620000,23.1776
27.625000,9.9225
27.630000,5.2812
27.635000,21.9429
27.640000,15.8388
27.645000,0.4612
27.650000,31.2823
27.655000,23.8561
27.660000,10.0829
27.665000,14.3509
27.670000,13.8158
27.675000,6.5162
27.680000,3.5446
27.685000,14.3664
27.690000,-2.6414
27.695000,-17.8217
27.700000,1.0738
27.705000,-10.5916
27.710000,-24.6219
27.715000,-19.0304
27.720000,-7.9521
27.725000,-13.7904
27.730000,-32.7771
27.735000,-8.1022
27.740000,-17.9622
27.745000,-9.7400
27.750000,-1.0352
27.755000,-4.0210
27.760000,-18.5987
27.765000,-17.7969
27.770000,-6.3156
27.775000,-24.3302
27.780000,-27.0771
27.785000,-7.2435
27.790000,-21.4335
27.795000,-47.8504
27.800000,-35.0528
27.805000,-23.3015
27.810000,-43.7647
27.815000,-38.1000
27.820000,-27.7725
27.825000,-45.1228
27.830000,-46.6140
27.835000,-30.6949
27.840000,-44.4428
27.845000,-58.3118
27.850000,-36.4169
27.855000,-33.3522
27.860000,-40.8025
27.865000,-46.3669
27.870000,-22.5441
27.875000,-38.9299
27.880000,-35.9639
27.885000,-25.7983
27.890000,-26.4543
27.895000,-34.3648
27.900000,-26.4604
27.905000,-26.0362
27.910000,-39.8053
27.915000,-39.8111
27.920000,-30.8915
27.925000,-44.4674
27.930000,-48.3434
27.935000,-17.1311
27.940000,-13.5725
27.945000,-34.7861
27.950000,-25.5087
27.955000,-17.6739
27.960000,-21.7645
27.965000,-23.8998
27.970000,-12.2184
27.975000,-19.7234
27.980000,-23.9863
27.985000,-6.9368
27.990000,-13.3339
27.995000,-24.9232
28.000000,-9.1836
28.005000,3.6134
28.010000,-12.9906
28.015000,-4.1088
28.020000,5.5219
28.025000,-7.1657
28.030000,-3.1363
28.035000,10.3053
28.040000,4.3059
28.045000,2.3767
28.050000,7.8849
28.055000,18.6709
28.060000,11.4026
28.065000,16.2456
28.070000,27.9964
28.075000,14.6920
28.080000,18.3312
28.085000,34.5972
28.090000,23.6318
28.095000,1.0793
28.100000,18.0801
28.105000,22.1039
28.110000,8.8065
28.115000,26.3212
28.120000,29.3347
28.125000,26.8989
28.130000,26.0393
28.135000,48.2522
28.140000,31.4019
28.145000,33.1124
28.150000,51.1608
28.155000,44.8056
28.160000,34.8948
28.165000,32.9781
28.170000,50.6115
28.175000,36.1208
28.180000,38.2492
28.185000,31.6129
28.190000,39.1416
28.195000,16.1174
28.200000,20.0655
28.205000,34.2308
28.210000,29.5406
28.215000,22.1727
28.220000,31.6911
28.225000,22.1935
28.230000,14.2929
28.235000,33.1486
28.240000,19.7629
28.245000,14.3025
28.250000,27.3893
28.255000,30.1953
28.260000,8.3552
28.265000,19.3061
28.270000,25.9293
28.275000,11.4447
28.280000,1.4990
28.285000,5.3074
28.290000,6.1684
28.295000,-13.9207
28.300000,12.1389
28.305000,-4.7117
28.310000,-20.4405
28.315000,-16.5804
28.320000,2.8236
28.325000,-7.3245
28.330000,-29.1532
28.335000,-3.6638
28.340000,1.4446
28.345000,-19.2899
28.350000,-10.8328
28.355000,-1.6230
28.360000,-22.6932
28.365000,-29.3415
28.370000,-12.4932
28.375000,-24.9263
28.380000,-24.1087
28.385000,-20.2265
28.390000,-27.7827
28.395000,-35.6536
28.400000,-25.5186
28.405000,-24.1227
28.410000,-35.6808
28.415000,-26.3006
28.420000,-18.5150
28.425000,-32.4459
28.430000,-39.8111
28.435000,-19.8494
28.440000,-22.5695
28.445000,-35.0355
28.450000,-19.0385
28.455000,-24.0161
28.460000,-31.0611
28.465000,-22.5708
28.470000,-4.6888
28.475000,-31.1476
28.480000,-47.0122
28.485000,-27.3153
28.490000,-22.6029
28.495000,-43.2008
28.500000,-34.4016
28.505000,-28.4445
28.510000,-49.0169
28.515000,-41.3605
28.520000,-42.0661
28.525000,-44.4455
28.530000,-53.6524
28.535000,-31.6649
28.540000,-37.6206
28.545000,-50.6185
28.550000,-37.9351
28.555000,-40.4297
28.560000,-43.6989
28.565000,-35.3731
28.570000,-16.7497
28.575000,-40.2872
28.580000,-27.2585
28.585000,-22.6095
28.590000,-29.2990
28.595000,-50.6470
28.600000,-43.2474
28.605000,-32.6107
28.610000,-50.1229
28.615000,-37.0382
28.620000,-40.7145
28.625000,-51.5665
28.630000,-51.3948
28.635000,-30.6004
28.640000,-34.8004
28.645000,-46.4546
28.650000,-5.4005
28.655000,-3.5699
28.660000,-6.4563
28.665000,-8.5964
28.670000,0.8297
28.675000,-6.0891
28.680000,-10.8051
28.685000,-2.2563
28.690000,-8.8287
28.695000,-6.6508
28.700000,-5.5015
28.705000,-5.3445
28.710000,-19.3728
28.715000,-12.6067
28.720000,-7.2776
28.725000,-1.4161
28.730000,3.4853
28.735000,22.1283
28.740000,8.9396
28.745000,2.1397
28.750000,26.3546
28.755000,36.1156
28.760000,9.0830
28.765000,9.6345
28.770000,39.0697
28.775000,28.7309
28.780000,20.7370
28.785000,35.9342
28.790000,23.4923
28.795000,11.7705
28.800000,28.1122
28.805000,22.7903
28.810000,4.7117
28.815000,2.9588
28.820000,27.1125
28.825000,6.7444
28.830000,14.5308
28.835000,32.1003
28.840000,35.0132
28.845000,30.3225
28.850000,44.4972
28.855000,38.0385
28.860000,22.8626
28.865000,28.2288
28.870000,39.1592
28.875000,30.0370
28.880000,33.1859
28.885000,29.2676
28.890000,28.8992
28.895000,22.8170
28.900000,16.4411
28.905000,31.5388
28.910000,13.4332
28.915000,15.5408
28.920000,18.8070
28.925000,11.9192
28.930000,8.0068
28.935000,25.4455
28.940000,18.8213
28.945000,5.0561
28.950000,22.7089
28.955000,32.8700
28.960000,5.2630
28.965000,6.8725
28.970000,18.5610
28.975000,4.0766
28.980000,-1.6726
28.985000,19.7261
28.990000,4.2867
28.995000,-4.8678
29.000000,1.1988
29.005000,7.8903
29.010000,-23.3650
29.015000,-22.3927
29.020000,4.1382
29.025000,-10.2054
29.030000,-16.8279
29.035000,0.0721
29.040000,-8.4807
29.045000,-12.6126
29.050000,1.2970
29.055000,12.3478
29.060000,-2.2995
29.065000,0.5082
29.070000,5.4752
29.075000,-10.1665
29.080000,-23.8500
29.085000,-6.8371
29.090000,-15.2172
29.095000,-29.0504
29.100000,-11.0018
29.105000,-13.0654
29.110000,-34.2867
29.115000,-30.7894
29.120000,-9.8875
29.125000,-38.5996
29.130000,-36.7647
29.135000,-30.3803
29.140000,-23.0593
29.145000,-30.6209
29.150000,-9.3671
29.155000,-12.7557
29.160000,-20.7704
29.165000,-13.8364
29.170000,-8.7185
29.175000,-19.8728
29.180000,-24.9886
29.185000,-16.9110
29.190000,-15.5978
29.195000,-36.2970
29.200000,-26.9121
29.205000,-23.4511
29.210000,-39.5693
29.215000,-42.6094
29.220000,-20.5580
29.225000,-34.1188
29.230000,-28.4316
29.235000,-15.4630
29.240000,-4.4112
29.245000,-17.6790
29.250000,-9.1786
29.255000,-8.4332
29.260000,-13.1578
29.265000,-5.6325
29.270000,-3.9470
29.275000,-3.7684
29.280000,-12.6374
29.285000,-0.8439
29.290000,-7.0230
29.295000,-17.5132
29.300000,-9.8326
29.305000,-5.6265
29.310000,-13.5568
29.315000,-13.7888
29.320000,3.0632
29.325000,-9.7254
29.330000,-11.1681
29.335000,4.0805
29.340000,5.4403
29.345000,-7.3122
29.350000,15.1582
29.355000,26.5526
29.360000,20.1720
29.365000,16.1385
29.370000,41.6778
29.375000,25.9780
29.380000,18.6246
29.385000,27.9639
29.390000,25.9083
29.395000,11.5715
29.400000,13.6083
29.405000,10.0758
29.410000,-6.3281
29.415000,-6.8667
29.420000,1.5142
29.425000,-13.3599
29.430000,-15.0430
29.435000,3.3077
29.440000,0.5611
29.445000,-0.5946
29.450000,16.1169
29.455000,31.9355
29.460000,18.3623
29.465000,15.0620
29.470000,26.3138
29.475000,10.1012
29.480000,6.6300
29.485000,21.9581
29.490000,2.1037
29.495000,-4.6005
29.500000,3.8180
29.505000,5.6577
29.510000,-17.8106
29.515000,-5.7020
29.520000,0.9472
29.525000,-14.2276
29.530000,-10.9529
29.535000,6.3101
29.540000,4.7559
29.545000,-2.5331
29.550000,11.7330
29.555000,26.3855
29.560000,15.1058
29.565000,22.3510
29.570000,27.7990
29.575000,3.2958
29.580000,2.1981
29.585000,17.1994
29.590000,0.2494
29.595000,-6.8878
29.600000,-6.1883
29.605000,1.6640
29.610000,-18.1553
29.615000,-7.6370
29.620000,1.9107
29.625000,-12.5933
29.630000,-9.4472
29.635000,15.7257
29.640000,9.6273
29.645000,-2.8512
29.650000,11.5621
29.655000,25.5101
29.660000,-10.0663
29.665000,8.4293
29.670000,3.4190
29.675000,0.2280
29.680000,-13.9572
29.685000,6.2733
29.690000,-4.3866
29.695000,-24.3264
29.700000,-24.4297
29.705000,-25.6631
29.710000,-46.7051
29.715000,-33.7838
29.720000,-15.0995
29.725000,-24.9142
29.730000,-35.2574
29.735000,-12.5800
29.740000,-21.1422
29.745000,-28.6293
29.750000,-8.1974
29.755000,-5.9089
29.760000,-7.5953
29.765000,-11.1176
29.770000,-7.8057
29.775000,-23.3317
29.780000,-22.0083
29.785000,-12.1092
29.790000,-15.1869
29.795000,-43.8701
29.800000,-37.0748
29.805000,-39.5565
29.810000,-58.4159
29.815000,-51.5966
29.820000,-38.1411
29.825000,-54.1891
29.830000,-41.3609
29.835000,-27.0904
29.840000,-34.9976
29.845000,-34.2561
29.850000,-21.6014
29.855000,-13.1579
29.860000,-20.1712
29.865000,-21.2661
29.870000,6.4977
29.875000,-12.3925
29.880000,-24.4130
29.885000,-9.6354
29.890000,-30.2717
29.895000,-30.2595
29.900000,-27.2485
29.905000,-23.1315
29.910000,-44.6267
29.915000,-50.2441
29.920000,-39.1862
29.925000,-40.1284
29.930000,-42.8712
29.935000,-24.7316
29.940000,-32.5881
29.945000,-34.9550
29.950000,-15.0998
29.955000,-12.9877
29.960000,-20.8633
29.965000,-23.8365
29.970000,-13.1038
29.975000,-16.3823
29.980000,-19.5314
29.985000,-14.5752
29.990000,-19.8004
29.995000,-39.8725
30.000000,-27.0394
30.005000,-21.8085
30.010000,-31.8959
30.015000,-29.0411
30.020000,-8.5423
30.025000,-25.3518
30.030000,-10.3601
30.035000,5.2958
30.040000,10.7229
30.045000,-4.3426
30.050000,12.3804
30.055000,19.0559
30.060000,12.4182
30.065000,8.0018
30.070000,19.8809
30.075000,7.7570
30.080000,12.6122
30.085000,14.0878
30.090000,1.6192
30.095000,-10.4583
30.100000,-3.7357
30.105000,-2.3732
30.110000,-16.3138
30.115000,1.5146
30.120000,21.9866
30.125000,1.7607
30.130000,-8.9114
30.135000,30.9939
30.140000,28.6949
30.145000,21.7256
30.150000,36.1530
30.155000,46.7247
30.160000,35.9615
30.165000,37.1888
30.170000,46.3097
30.175000,37.0950
30.180000,27.9743
30.185000,32.9473
30.190000,22.1207
30.195000,9.0447
30.200000,21.4813
30.205000,20.4339
30.210000,7.2641
30.215000,15.0253
30.220000,34.5570
30.225000,17.2653
30.230000,1.7854
30.235000,34.6311
30.240000,32.6649
30.245000,19.6072
30.250000,40.0511
30.255000,47.9703
30.260000,34.2633
30.265000,18.7418
30.270000,43.4102
30.275000,27.1127
30.280000,11.7200
30.285000,25.7506
30.290000,19.4533
30.295000,9.0393
30.300000,17.8471
30.305000,9.6949
30.310000,-4.7953
30.315000,-4.8243
30.320000,10.3879
30.325000,2.2675
30.330000,8.7646
30.335000,20.9710
30.340000,21.1457
30.345000,14.7893
30.350000,28.5220
30.355000,36.6878
30.360000,29.9284
30.365000,28.0586
30.370000,26.4760
30.375000,14.5440
30.380000,5.4675
30.385000,18.5033
30.390000,18.0330
30.395000,-3.4847
30.400000,8.2002
30.405000,2.3059
30.410000,-18.5783
30.415000,-12.4297
30.420000,0.9836
30.425000,-15.6317
30.430000,-13.1633
30.435000,-8.0218
30.440000,-4.0262
30.445000,-16.3264
30.450000,4.7030
30.455000,7.2373
30.460000,-0.1781
30.465000,-0.9027
30.470000,7.5443
30.475000,-10.6338
30.480000,-14.5397
30.485000,-1.2684
30.490000,-10.7793
30.495000,-27.4761
30.500000,-19.5037
30.505000,-20.9602
30.510000,-36.4987
30.515000,-20.8571
30.520000,-8.5947
30.525000,-21.3012
30.530000,-29.9894
30.535000,-12.8998
30.540000,-13.0649
30.545000,-22.7554
30.550000,-5.7931
30.555000,10.2225
30.560000,-8.0761
30.565000,-8.3353
30.570000,6.0746
30.575000,-7.9338
30.580000,-8.8052
30.585000,9.9309
30.590000,-6.7113
30.595000,-32.8816
30.600000,-14.7852
30.605000,-9.9272
30.610000,-29.2139
30.615000,-21.0251
30.620000,-21.6751
30.625000,-23.3014
30.630000,-16.5452
30.635000,-8.2943
30.640000,-0.7837
30.645000,-10.8005
30.650000,3.9533
30.655000,13.7613
30.660000,-6.0430
30.665000,8.4615
30.670000,31.0646
30.675000,12.7691
30.680000,6.9074
30.685000,11.8874
30.690000,6.3352
30.695000,-7.8890
30.700000,-10.1463
30.705000,9.6841
30.710000,-12.7274
30.715000,-3.1527
30.720000,17.7191
30.725000,1.4839
30.730000,7.7429
30.735000,19.1603
30.740000,29.8922
30.745000,11.3181
30.750000,31.6051
30.755000,42.2498
30.760000,30.0634
30.765000,38.4748
30.770000,35.6997
30.775000,24.4204
30.780000,14.9655
30.785000,29.1238
30.790000,27.3430
30.795000,5.2603
30.800000,22.0898
30.805000,26.7579
30.810000,9.2661
30.815000,18.0003
30.820000,25.5143
30.825000,12.9111
30.830000,5.8358
30.835000,40.5439
30.840000,33.4211
30.845000,28.7715
30.850000,38.8814
30.855000,29.4777
30.860000,27.5513
30.865000,37.3507
30.870000,50.4194
30.875000,45.1991
30.880000,31.4756
30.885000,51.9205
30.890000,32.0014
30.895000,19.3274
30.900000,20.3587
30.905000,33.4291
30.910000,17.6378
30.915000,25.9511
30.920000,28.3612
30.925000,19.7367
30.930000,21.2468
30.935000,36.2253
30.940000,32.7235
30.945000,28.8287
30.950000,54.6403
30.955000,39.8864
30.960000,34.5704
30.965000,40.4046
30.970000,53.6050
30.975000,35.8746
30.980000,10.2358
30.985000,26.4638
30.990000,19.4056
30.995000,4.7788
31.000000,11.7580
31.005000,5.5707
31.010000,-11.0309
31.015000,-6.6281
31.020000,2.2526
31.025000,-5.2311
31.030000,-12.8391
31.035000,6.2184
31.040000,1.0286
31.045000,1.6085
31.050000,18.7476
31.055000,20.2431
31.060000,4.7045
31.065000,17.8579
31.070000,29.6103
31.075000,-3.3924
31.080000,-6.2075
31.085000,10.6073
31.090000,-1.6819
31.095000,-9.8601
31.100000,-0.3794
31.105000,0.9467
31.110000,-21.1144
31.115000,-11.1218
31.120000,-0.4358
31.125000,-8.2220
31.130000,-12.6879
31.135000,10.2383
31.140000,10.7580
31.145000,-0.6552
31.150000,13.8715
31.155000,11.9944
31.160000,-2.6887
31.165000,6.5450
31.170000,6.0778
31.175000,-5.4892
31.180000,-2.1202
31.185000,-2.6320
31.190000,-5.2975
31.195000,-24.3802
31.200000,-5.5239
31.205000,-15.5895
31.210000,-33.1101
31.215000,-21.2980
31.220000,-20.0299
31.225000,-28.5608
31.230000,-25.0420
31.235000,-12.9972
31.240000,-17.2825
31.245000,-11.3922
31.250000,7.6621
31.255000,13.8847
31.260000,-10.7458
31.265000,-1.6881
31.270000,13.1242
31.275000,-1.6692
31.280000,0.7285
31.285000,7.2123
31.290000,0.0987
31.295000,-14.0017
31.300000,-6.3210
31.305000,7.0236
31.310000,-11.2920
31.315000,-9.5208
31.320000,0.0306
31.325000,-9.9215
31.330000,-15.3832
31.335000,10.2848
31.340000,14.1672
31.345000,4.6780
31.350000,22.7699
31.355000,22.6779
31.360000,10.5153
31.365000,17.1394
31.370000,22.1214
31.375000,21.4468
31.380000,3.2653
31.385000,18.5772
31.390000,17.0532
31.395000,2.1070
31.400000,15.7415
31.405000,25.0814
31.410000,6.9138
31.415000,6.6692
31.420000,20.4215
31.425000,14.3206
31.430000,13.9225
31.435000,34.4399
31.440000,24.5723
31.445000,21.9737
31.450000,39.1861
31.455000,28.4240
31.460000,19.1741
31.465000,29.8701
31.470000,41.0794
31.475000,30.9728
31.480000,19.3509
31.485000,35.8741
31.490000,29.4687
31.495000,7.4336
31.500000,25.2988
31.505000,20.9643
31.510000,5.8136
31.515000,16.0178
31.520000,30.0729
31.525000,9.8028
31.530000,25.0533
31.535000,37.8473
31.540000,38.8593
31.545000,21.9027
31.550000,32.7284
31.555000,32.5869
31.560000,24.0966
31.565000,37.9460
31.570000,40.4744
31.575000,26.5178
31.580000,27.7035
31.585000,40.8069
31.590000,35.2045
31.595000,18.6187
31.600000,20.0198
31.605000,23.6481
31.610000,-5.8122
31.615000,-8.4815
31.620000,4.8177
31.625000,-1.0475
31.630000,-8.3069
31.635000,11.7739
31.640000,3.2323
31.645000,-4.1086
31.650000,13.2549
31.655000,25.5413
31.660000,2.1099
31.665000,10.6104
31.670000,17.4422
31.675000,1.5417
31.680000,-10.4118
31.685000,14.2415
31.690000,6.0187
31.695000,-18.4300
31.700000,2.6293
31.705000,-6.4156
31.710000,-20.3102
31.715000,-3.4054
31.720000,-0.7127
31.725000,-21.3557
31.730000,-12.7812
31.735000,0.2256
31.740000,-9.2013
31.745000,-8.0823
31.750000,7.2637
31.755000,7.0837
31.760000,-8.6332
31.765000,-10.1442
31.770000,1.9002
31.775000,-15.1107
31.780000,-4.3089
31.785000,-0.4120
31.790000,-6.4237
31.795000,-29.7547
31.800000,-20.1176
31.805000,-11.8253
31.810000,-27.0945
31.815000,-20.9437
31.820000,-17.4986
31.825000,-14.4550
31.830000,-33.7155
31.835000,-14.8492
31.840000,-28.5727
31.845000,-37.9901
31.850000,-15.7403
31.855000,-16.7332
31.860000,-31.1900
31.865000,-30.8300
31.870000,-4.9428
31.875000,-25.3039
31.880000,-27.7382
31.885000,-5.4356
31.890000,-19.5327
31.895000,-28.5422
31.900000,-22.5958
31.905000,-18.2877
31.910000,-37.4913
31.915000,-29.3237
31.920000,-25.8906
31.925000,-30.3348
31.930000,-42.9887
31.935000,-13.9576
31.940000,-15.4316
31.945000,-35.0238
31.950000,-16.1037
31.955000,-10.9449
31.960000,-26.3432
31.965000,-20.5797
31.970000,1.9510
31.975000,-6.4099
31.980000,-14.5147
31.985000,-4.4164
31.990000,-14.3664
31.995000,-21.7495
32.000000,-5.4394
32.005000,4.0291
32.010000,-5.6749
32.015000,-3.8464
32.020000,4.8593
32.025000,-8.8786
32.030000,-13.5941
32.035000,13.6382
32.040000,-3.0120
32.045000,-4.9837
32.050000,5.0948
32.055000,22.1707
32.060000,5.7320
32.065000,15.9326
32.070000,31.3671
32.075000,11.0566
32.080000,14.2157
32.085000,24.4363
32.090000,17.0837
32.095000,-6.1828
32.100000,7.4541
32.105000,11.0943
32.110000,-2.6680
32.115000,1.5766
32.120000,31.4209
32.125000,9.5742
32.130000,10.1569
32.135000,38.1025
32.140000,40.2066
32.145000,26.5657
32.150000,45.4495
32.155000,43.1388
32.160000,26.6739
32.165000,37.5398
32.170000,33.0923
32.175000,10.9933
32.180000,23.7409
32.185000,30.6035
32.190000,24.9555
32.195000,10.1917
32.200000,14.1469
32.205000,22.0990
32.210000,16.7355
32.215000,8.3025
32.220000,24.4644
32.225000,5.6233
32.230000,15.5887
32.235000,23.1807
32.240000,11.2252
32.245000,11.3773
32.250000,32.4061
32.255000,24.2253
32.260000,6.9150
32.265000,8.1463
32.270000,12.1396
32.275000,9.5332
32.280000,4.6584
32.285000,15.3680
32.290000,-0.8109
32.295000,-7.2661
32.300000,-1.5332
32.305000,-4.3938
32.310000,-22.3985
32.315000,-28.5299
32.320000,-4.1681
32.325000,-17.0293
32.330000,-21.8649
32.335000,8.3653
32.340000,-0.6568
32.345000,-9.5522
32.350000,-0.3308
32.355000,1.3536
32.360000,-17.3563
32.365000,-19.6849
32.370000,-15.9033
32.375000,-9.4368
32.380000,-25.6191
32.385000,-16.1535
32.390000,-33.0630
32.395000,-37.0500
32.400000,-27.0465
32.405000,-14.2153
32.410000,-30.0573
32.415000,-28.9545
32.420000,-13.7887
32.425000,-27.7853
32.430000,-26.4511
32.435000,-18.1726
32.440000,-20.8329
32.445000,-30.0517
32.450000,-16.6736
32.455000,-13.6647
32.460000,-32.8465
32.465000,-18.0724
32.470000,-16.0637
32.475000,-27.4429
32.480000,-45.1621
32.485000,-27.5049
32.490000,-18.5425
32.495000,-48.0750
32.500000,-27.7789
32.505000,-31.6475
32.510000,-56.0772
32.515000,-43.8696
32.520000,-41.0597
32.525000,-50.3207
32.530000,-51.2725
32.535000,-32.3241
32.540000,-34.1616
32.545000,-47.7035
32.550000,-34.0395
32.555000,-38.7427
32.560000,-41.3464
32.565000,-32.4325
32.570000,-20.4785
32.575000,-36.7147
32.580000,-42.1507
32.585000,-20.8166
32.590000,-35.5382
32.595000,-49.0374
32.600000,-27.1311
32.605000,-28.9660
32.610000,-53.8467
32.615000,-44.3231
32.620000,-33.0072
32.625000,-47.2476
32.630000,-51.2872
32.635000,-35.4550
32.640000,-29.7947
32.645000,-43.4151
32.650000,-16.7681
32.655000,5.9065
32.660000,-19.7408
32.665000,-14.4537
32.670000,8.0077
32.675000,-10.0909
32.680000,-14.4665
32.685000,-1.0816
32.690000,-0.5393
32.695000,-13.9210
32.700000,-14.7406
32.705000,4.1367
32.710000,-16.8242
32.715000,-5.0613
32.720000,-0.5534
32.725000,-2.2851
32.730000,0.1495
32.735000,20.0011
32.740000,24.4980
32.745000,11.7382
32.750000,24.6519
32.755000,31.3682
32.760000,9.7758
32.765000,21.8452
32.770000,39.7412
32.775000,21.8064
32.780000,24.0115
32.785000,35.2715
32.790000,32.1689
32.795000,13.1497
32.800000,36.0819
32.805000,32.3389
32.810000,19.6015
32.815000,21.2365
32.820000,35.5294
32.825000,15.6039
32.830000,16.1854
32.835000,35.5293
32.840000,41.0329
32.845000,34.3123
32.850000,53.6503
32.855000,43.1435
32.860000,33.6426
32.865000,44.3440
32.870000,42.1393
32.875000,40.7423
32.880000,42.2587
32.885000,50.3582
32.890000,32.0773
32.895000,24.9681
32.900000,31.1456
32.905000,28.0708
32.910000,18.8142
32.915000,26.1489
32.920000,24.3526
32.925000,16.6196
32.930000,13.4517
32.935000,26.5151
32.940000,32.9519
32.945000,14.2791
32.950000,21.3899
32.955000,43.3057
32.960000,13.8798
32.965000,14.0078
32.970000,39.2572
32.975000,4.9216
32.980000,3.3335
32.985000,17.6332
32.990000,16.2877
32.995000,-16.0474
33.000000,0.6886
33.005000,3.0199
33.010000,-21.5151
33.015000,-22.2131
33.020000,-2.0883
33.025000,-6.5302
33.030000,-11.9908
33.035000,-7.5757
33.040000,-7.1816
33.045000,-21.9882
33.050000,-4.5161
33.055000,2.9785
33.060000,-12.8700
33.065000,-9.6823
33.070000,-4.8643
33.075000,-21.8977
33.080000,-25.5918
33.085000,-21.4082
33.090000,-18.8704
33.095000,-40.0172
33.100000,-24.4640
33.105000,-23.0646
33.110000,-46.5336
33.115000,-42.2811
33.120000,-29.4828
33.125000,-46.9906
33.130000,-53.5545
33.135000,-33.7252
33.140000,-37.6281
33.145000,-45.7081
33.150000,-38.0198
33.155000,-24.9492
33.160000,-33.8343
33.165000,-29.0138
33.170000,-20.4094
33.175000,-25.7392
33.180000,-35.5788
33.185000,-25.4828
33.190000,-32.0049
33.195000,-43.4209
33.200000,-42.9088
33.205000,-39.8857
33.210000,-48.1662
33.215000,-48.8322
33.220000,-33.0686
33.225000,-48.3174
33.230000,-42.9769
33.235000,-29.5680
33.240000,-13.3308
33.245000,-25.3932
33.250000,-19.9077
33.255000,-17.8375
33.260000,-31.0831
33.265000,-25.1065
33.270000,-5.9392
33.275000,-21.5968
33.280000,-18.6392
33.285000,-13.0530
33.290000,-18.7256
33.295000,-26.0659
33.300000,-21.2690
33.305000,-15.2400
33.310000,-22.9348
33.315000,-14.6360
33.320000,2.5985
33.325000,-10.9619
33.330000,-11.1643
33.335000,4.9027
33.340000,5.7069
33.345000,1.1222
33.350000,19.2525
33.355000,14.6599
33.360000,10.5251
33.365000,25.9776
33.370000,33.6500
33.375000,16.6003
33.380000,14.7321
33.385000,30.9184
33.390000,26.9617
33.395000,20.5316
33.400000,21.0802
33.405000,23.9532
33.410000,5.3736
33.415000,3.0718
33.420000,15.1391
33.425000,5.3436
33.430000,0.5803
33.435000,19.5585
33.440000,12.8296
33.445000,3.9393
33.450000,26.0019
33.455000,39.9098
33.460000,32.1141
33.465000,40.1935
33.470000,37.6853
33.475000,28.0745
33.480000,26.2822
33.485000,41.1717
33.490000,22.6010
33.495000,10.6464
33.500000,23.2510
33.505000,16.7191
33.510000,4.3800
33.515000,13.5536
33.520000,23.4837
33.525000,5.5633
33.530000,7.0019
33.535000,24.8561
33.540000,21.5408
33.545000,14.5477
33.550000,41.0644
33.555000,32.7380
33.560000,25.4541
33.565000,27.3604
33.570000,40.9474
33.575000,21.7054
33.580000,17.1995
33.585000,25.5595
33.590000,20.5897
33.595000,0.0437
33.600000,12.0103
33.605000,16.9316
33.610000,-2.0843
33.615000,0.7827
33.620000,11.6403
33.625000,-1.9988
33.630000,7.4990
33.635000,17.0152
33.640000,18.4260
33.645000,8.9477
33.650000,20.6585
33.655000,18.8057
33.660000,2.5286
33.665000,6.0131
33.670000,16.3599
33.675000,-8.3743
33.680000,-7.1096
33.685000,1.4399
33.690000,-4.5742
33.695000,-18.8734
33.700000,-28.1178
33.705000,-28.2345
33.710000,-41.1720
33.715000,-41.6945
33.720000,-26.1973
33.725000,-43.5461
33.730000,-34.8466
33.735000,-37.9701
33.740000,-31.6840
33.745000,-41.8301
33.750000,-24.7390
33.755000,-15.2291
33.760000,-37.2009
33.765000,-27.1141
33.770000,-16.3063
33.775000,-32.4122
33.780000,-49.5208
33.785000,-37.2188
33.790000,-42.3302
33.795000,-67.9407
33.800000,-57.3869
33.805000,-63.8975
33.810000,-74.3611
33.815000,-65.8346
33.820000,-58.5272
33.825000,-75.0872
33.830000,-71.8715
33.835000,-53.4698
33.840000,-54.4128
33.845000,-50.3164
33.850000,-43.4022
33.855000,-31.9559
33.860000,-42.0072
33.865000,-35.6134
33.870000,-17.8247
33.875000,-43.7967
33.880000,-47.9969
33.885000,-32.0027
33.890000,-43.5866
33.895000,-53.9495
33.900000,-42.4363
33.905000,-40.7433
33.910000,-68.7427
33.915000,-58.5466
33.920000,-46.3446
33.925000,-52.2117
33.930000,-64.0184
33.935000,-38.6157
33.940000,-39.3769
33.945000,-53.6719
33.950000,-23.6172
33.955000,-29.8897
33.960000,-40.9622
33.965000,-25.0958
33.970000,-20.6790
33.975000,-23.2887
33.980000,-20.2254
33.985000,-18.0555
33.990000,-28.3239
33.995000,-52.1227
34.000000,-33.7037
34.005000,-21.1026
34.010000,-38.0059
34.015000,-24.8522
34.020000,-9.5655
34.025000,-20.7345
34.030000,-11.3693
34.035000,10.8849
34.040000,9.9908
34.045000,-3.1132
34.050000,14.9441
34.055000,24.9608
34.060000,24.5898
34.065000,18.0927
34.070000,31.2525
34.075000,25.5135
34.080000,18.2066
34.085000,29.6339
34.090000,22.3274
34.095000,1.2150
34.100000,6.2001
34.105000,13.8515
34.110000,1.2797
34.115000,12.4207
34.120000,38.6975
34.125000,12.8219
34.130000,19.6913
34.135000,50.2394
34.140000,52.7098
34.145000,44.3470
34.150000,53.9026
34.155000,56.8144
34.160000,56.5336
34.165000,57.4114
34.170000,71.4825
34.175000,60.8698
34.180000,54.2983
34.185000,57.5793
34.190000,45.7443
34.195000,30.4618
34.200000,45.4331
34.205000,50.6606
34.210000,28.9073
34.215000,30.2211
34.220000,43.0498
34.225000,37.3273
34.230000,23.6700
34.235000,42.4517
34.240000,44.2561
34.245000,42.7052
34.250000,52.2135
34.255000,60.7507
34.260000,47.4965
34.265000,41.8596
34.270000,57.9379
34.275000,28.4240
34.280000,26.6067
34.285000,37.1676
34.290000,31.8313
34.295000,15.4033
34.300000,17.2492
34.305000,22.8427
34.310000,-5.2770
34.315000,3.6148
34.320000,7.7294
34.325000,8.3374
34.330000,1.6299
34.335000,18.6364
34.340000,23.7052
34.345000,13.1291
34.350000,27.7599
34.355000,34.7324
34.360000,22.9548
34.365000,23.7974
34.370000,35.3995
34.375000,18.1941
34.380000,0.5804
34.385000,12.7621
34.390000,2.6361
34.395000,-12.7082
34.400000,-4.9138
34.405000,-14.8192
34.410000,-29.3941
34.415000,-21.6843
34.420000,-15.8118
34.425000,-27.1301
34.430000,-39.1169
34.435000,-18.7079
34.440000,-22.3258
34.445000,-29.7607
34.450000,-15.4400
34.455000,-12.2898
34.460000,-23.1177
34.465000,-24.0399
34.470000,-14.0807
34.475000,-31.6785
34.480000,-34.6180
34.485000,-17.8895
34.490000,-30.8544
34.495000,-41.6332
34.500000,-35.4431
34.505000,-39.1423
34.510000,-63.2141
34.515000,-49.7663
34.520000,-38.3432
34.525000,-39.5216
34.530000,-52.0872
34.535000,-30.9024
34.540000,-29.2560
34.545000,-42.4787
34.550000,-20.3694
34.555000,-18.3959
34.560000,-30.2807
34.565000,-32.0048
34.570000,-16.1419
34.575000,-22.0003
34.580000,-24.5909
34.585000,-7.7909
34.590000,-17.1769
34.595000,-41.8010
34.600000,-30.2126
34.605000,-28.4187
34.610000,-41.4404
34.615000,-33.4515
34.620000,-25.5031
34.625000,-36.2896
34.630000,-31.1081
34.635000,-14.1554
34.640000,-10.5919
34.645000,-17.3823
34.650000,-5.4474
34.655000,-2.5724
34.660000,1.3562
34.665000,19.0780
34.670000,20.8202
34.675000,6.7941
34.680000,5.3337
34.685000,13.6971
34.690000,6.8204
34.695000,-18.2434
34.700000,3.9887
34.705000,11.4315
34.710000,-2.4254
34.715000,9.9678
34.720000,30.1659
34.725000,13.7184
34.730000,20.9136
34.735000,32.6329
34.740000,35.2924
34.745000,30.7895
34.750000,37.3926
34.755000,53.4994
34.760000,43.8315
34.765000,50.0149
34.770000,61.2364
34.775000,39.9117
34.780000,37.6496
34.785000,47.5144
34.790000,42.6826
34.795000,23.5581
34.800000,36.9032
34.805000,41.9827
34.810000,21.6156
34.815000,24.9245
34.820000,42.6240
34.825000,26.3943
34.830000,27.6827
34.835000,46.4182
34.840000,44.5671
34.845000,45.4840
34.850000,59.5122
34.855000,52.8624
34.860000,51.1172
34.865000,58.6797
34.870000,68.8826
34.875000,56.6414
34.880000,46.3401
34.885000,57.2525
34.890000,54.1835
34.895000,36.4208
34.900000,37.4442
34.905000,41.0030
34.910000,22.9202
34.915000,34.7043
34.920000,41.2255
34.925000,31.8868
34.930000,31.3321
34.935000,43.5164
34.940000,44.4100
34.945000,43.3118
34.950000,51.7506
34.955000,58.8938
34.960000,36.5158
34.965000,49.1536
34.970000,60.6388
34.975000,35.5377
34.980000,26.7616
34.985000,31.4428
34.990000,24.1262
34.995000,4.5536
35.000000,7.6776
35.005000,9.2298
35.010000,-5.5846
35.015000,-3.5239
35.020000,1.6428
35.025000,-9.9932
35.030000,-15.0976
35.035000,11.5918
35.040000,4.3566
35.045000,-0.3555
35.050000,13.0471
35.055000,16.6983
35.060000,-2.0423
35.065000,11.5621
35.070000,18.1372
35.075000,-5.0399
35.080000,-5.8551
35.085000,11.4941
35.090000,-10.6998
35.095000,-26.2931
35.100000,-16.0450
35.105000,-15.0225
35.110000,-24.3299
35.115000,-16.6604
35.120000,-18.7713
35.125000,-27.2878
35.130000,-24.4201
35.135000,-7.5988
35.140000,-7.4036
35.145000,-11.7403
35.150000,6.1056
35.155000,5.0688
35.160000,-10.7698
35.165000,-2.1088
35.170000,2.2386
35.175000,-14.1750
35.180000,-25.8325
35.185000,-12.4366
35.190000,-22.6491
35.195000,-32.4748
35.200000,-18.0844
35.205000,-33.2825
35.210000,-41.5877
35.215000,-39.7921
35.220000,-30.3952
35.225000,-39.8083
35.230000,-39.3436
35.235000,-27.8517
35.240000,-14.9411
35.245000,-29.2221
35.250000,-7.5609
35.255000,-4.1021
35.260000,-9.6995
35.265000,-7.5871
35.270000,3.0275
35.275000,-9.1298
35.280000,-11.8259
35.285000,-2.7593
35.290000,-11.7055
35.295000,-22.8115
35.300000,-12.2108
35.305000,-2.4294
35.310000,-19.8124
35.315000,-9.1395
35.320000,-11.7875
35.325000,-17.4608
35.330000,-12.3038
35.335000,6.2736
35.340000,10.2545
35.345000,-0.4224
35.350000,17.4522
35.355000,25.4920
35.360000,13.1207
35.365000,19.4759
35.370000,25.8923
35.375000,16.7825
35.380000,8.0132
35.385000,21.5920
35.390000,17.3460
35.395000,-7.3787
35.400000,21.1169
35.405000,26.5547
35.410000,4.7437
35.415000,15.3271
35.420000,27.3754
35.425000,6.3813
35.430000,12.7380
35.435000,40.8834
35.440000,24.6617
35.445000,22.7829
35.450000,48.2878
35.455000,44.8433
35.460000,33.5619
35.465000,46.0509
35.470000,42.3108
35.475000,36.7629
35.480000,32.4857
35.485000,42.4071
35.490000,34.5656
35.495000,15.0958
35.500000,27.5808
35.505000,21.6550
35.510000,12.1734
35.515000,21.9045
35.520000,33.0016
35.525000,24.1115
35.530000,27.1266
35.535000,48.2760
35.540000,38.0218
35.545000,29.1049
35.550000,36.3508
35.555000,34.2521
35.560000,29.6683
35.565000,36.8680
35.570000,43.8742
35.575000,31.3059
35.580000,33.7029
35.585000,44.5025
35.590000,32.3624
35.595000,22.5744
35.600000,23.2794
35.605000,22.7215
35.610000,-5.3678
35.615000,-1.7632
35.620000,10.2647
35.625000,-8.2261
35.630000,-0.6148
35.635000,15.4122
35.640000,4.5416
35.645000,2.8113
35.650000,15.5040
35.655000,18.1513
35.660000,5.7688
35.665000,17.0827
35.670000,19.1053
35.675000,-1.5712
35.680000,1.0220
35.685000,9.8522
35.690000,4.4700
35.695000,-20.2081
35.700000,-0.8711
35.705000,2.3515
35.710000,-20.3689
35.715000,-13.7121
35.720000,-3.7627
35.725000,-15.3324
35.730000,-16.5477
35.735000,-1.5685
35.740000,-4.4599
35.745000,-8.3266
35.750000,8.5354
35.755000,2.5474
35.760000,-8.5093
35.765000,0.0846
35.770000,-0.0578
35.775000,-11.3523
35.780000,-10.2145
35.785000,5.8848
35.790000,-7.9317
35.795000,-24.7806
35.800000,-14.7197
35.805000,-12.0829
35.810000,-29.7815
35.815000,-27.9626
35.820000,-19.0431
35.825000,-23.8376
35.830000,-28.7383
35.835000,-11.9809
35.840000,-28.7924
35.845000,-31.5120
35.850000,-8.9975
35.855000,-9.4603
35.860000,-22.0017
35.865000,-19.4468
35.870000,-8.8358
35.875000,-14.3625
35.880000,-21.1299
35.885000,-13.2983
35.890000,-12.3040
35.895000,-32.1053
35.900000,-26.8900
35.905000,-14.9111
35.910000,-32.3113
35.915000,-31.7818
35.920000,-28.4113
35.925000,-33.0644
35.930000,-28.9318
35.935000,-10.1336
35.940000,-13.8298
35.945000,-25.6748
35.950000,-18.6155
35.955000,-3.6364
35.960000,-18.0661
35.965000,-7.1849
35.970000,5.2357
35.975000,-1.8267
35.980000,-19.5491
35.985000,5.3481
35.990000,-8.5047
35.995000,-24.8947
36.000000,-3.7119
36.005000,1.2501
36.010000,-13.1837
36.015000,-4.9747
36.020000,4.5557
36.025000,-7.5408
36.030000,-14.4063
36.035000,9.5689
36.040000,3.0800
36.045000,-3.6603
36.050000,19.9200
36.055000,29.3860
36.060000,10.1331
36.065000,4.8810
36.070000,24.5107
36.075000,9.1369
36.080000,8.5135
36.085000,26.1247
36.090000,9.2328
36.095000,-6.4474
36.100000,-2.8475
36.105000,5.7941
36.110000,-11.7791
36.115000,9.6519
36.120000,20.0774
36.125000,9.5491
36.130000,8.5148
36.135000,30.3713
36.140000,27.1868
36.145000,8.5113
36.150000,23.4974
36.155000,28.5327
36.160000,10.1959
36.165000,24.6287
36.170000,35.7594
36.175000,18.5996
36.180000,10.3731
36.185000,26.9212
36.190000,19.7200
36.195000,1.2791
36.200000,6.6472
36.205000,25.9406
36.210000,2.1328
36.215000,2.8058
36.220000,20.4218
36.225000,4.1764
36.230000,0.3231
36.235000,18.1434
36.240000,4.8838
36.245000,3.0545
36.250000,18.6162
36.255000,19.9532
36.260000,-2.5194
36.265000,9.4930
36.270000,18.1063
36.275000,-1.1424
36.280000,-4.2084
36.285000,4.3178
36.290000,-0.1597
36.295000,-9.3302
36.300000,-2.5400
36.305000,-10.3449
36.310000,-26.9895
36.315000,-22.5172
36.320000,-9.2340
36.325000,-17.7246
36.330000,-23.0636
36.335000,2.7547
36.340000,-8.0767
36.345000,-13.7234
36.350000,-3.0210
36.355000,-3.6885
36.360000,-11.4260
36.365000,-16.2331
36.370000,-6.4100
36.375000,-20.3320
36.380000,-26.8669
36.385000,-18.6658
36.390000,-24.4857
36.395000,-42.7896
36.400000,-22.3920
36.405000,-16.9734
36.410000,-26.2460
36.415000,-21.9220
36.420000,-12.9996
36.425000,-23.4392
36.430000,-14.1749
36.435000,-7.4841
36.440000,-8.6460
36.445000,-25.0705
36.450000,-10.2338
36.455000,-0.2218
36.460000,-21.9842
36.465000,-1.9333
36.470000,-5.1134
36.475000,-21.2279
36.480000,-25.1751
36.485000,-12.9990
36.490000,-10.4247
36.495000,-32.1677
36.500000,-16.2223
36.505000,-17.7739
36.510000,-34.6157
36.515000,-34.4673
36.520000,-31.7400
36.525000,-41.0624
36.530000,-36.2959
36.535000,-14.8909
36.540000,-25.4032
36.545000,-29.0915
36.550000,-24.6424
36.555000,-14.6836
36.560000,-34.3387
36.565000,-21.3971
36.570000,-8.7578
36.575000,-31.5690
36.580000,-26.5653
36.585000,-7.7304
36.590000,-15.3589
36.595000,-34.4334
36.600000,-23.6597
36.605000,-20.3936
36.610000,-34.1626
36.615000,-32.7919
36.620000,-26.3283
36.625000,-38.4007
36.630000,-48.8951
36.635000,-24.4451
36.640000,-19.9509
36.645000,-36.1641
36.650000,-6.3020
36.655000,-4.0609
36.660000,-8.2953
36.665000,-7.1747
36.670000,2.3941
36.675000,-10.1290
36.680000,-9.7357
36.685000,6.8145
36.690000,-4.4467
36.695000,-11.0076
36.700000,-7.3957
36.705000,-8.2980
36.710000,-26.6651
36.715000,-18.4575
36.720000,-8.7592
36.725000,-8.9007
36.730000,-9.3868
36.735000,8.5248
36.740000,5.4025
36.745000,2.5229
36.750000,9.9797
36.755000,23.2488
36.760000,5.6830
36.765000,10.6778
36.770000,17.0820
36.775000,12.5447
36.780000,8.6155
36.785000,18.6408
36.790000,16.0037
36.795000,-4.0181
36.800000,13.9217
36.805000,11.6004
36.810000,-1.9688
36.815000,3.8249
36.820000,9.7431
36.825000,-8.9843
36.830000,-0.1468
36.835000,17.7721
36.840000,21.5688
36.845000,12.9672
36.850000,30.2539
36.855000,26.1378
36.860000,7.1946
36.865000,15.9223
36.870000,28.2517
36.875000,15.2992
36.880000,13.2643
36.885000,30.9968
36.890000,17.1353
36.895000,7.6963
36.900000,14.3941
36.905000,14.2962
36.910000,4.8783
36.915000,9.7438
36.920000,11.0076
36.925000,-0.8678
36.930000,9.4520
36.935000,17.6206
36.940000,14.8736
36.945000,-4.7502
36.950000,19.0542
36.955000,17.7065
36.960000,8.5153
36.965000,7.9878
36.970000,15.1586
36.975000,5.9346
36.980000,-6.0237
36.985000,7.1063
36.990000,0.8263
36.995000,-21.5932
37.000000,-2.9716
37.005000,4.3688
37.010000,-20.1680
37.015000,-19.6004
37.020000,-3.1128
37.025000,-10.6209
37.030000,-11.5671
37.035000,3.5795
37.040000,-3.6059
37.045000,-11.0407
37.050000,10.5424
37.055000,9.2388
37.060000,0.2851
37.065000,0.3710
37.070000,12.0621
37.075000,-9.9080
37.080000,-14.1156
37.085000,4.8273
37.090000,-9.2760
37.095000,-20.2241
37.100000,-11.4548
37.105000,-7.2168
37.110000,-20.3799
37.115000,-14.3717
37.120000,-7.7826
37.125000,-18.8789
37.130000,-29.8911
37.135000,-18.7691
37.140000,-12.9758
37.145000,-25.7082
37.150000,-12.2802
37.155000,-5.5149
37.160000,-12.3647
37.165000,-2.8982
37.170000,-4.3877
37.175000,-6.2423
37.180000,-13.8041
37.185000,-13.1113
37.190000,-14.4851
37.195000,-21.6585
37.200000,-5.5734
37.205000,-11.5635
37.210000,-24.9736
37.215000,-31.6072
37.220000,-17.9703
37.225000,-24.2257
37.230000,-23.6207
37.235000,-19.1480
37.240000,-0.1039
37.245000,-1.0565
37.250000,7.5085
37.255000,-3.7333
37.260000,-4.5680
37.265000,-4.3023
37.270000,0.7376
37.275000,-5.3564
37.280000,-15.1273
37.285000,2.0054
37.290000,-6.8233
37.295000,-14.3343
37.300000,0.8239
37.305000,3.4238
37.310000,-16.4351
37.315000,-1.3685
37.320000,0.5956
37.325000,-7.8007
37.330000,-10.0457
37.335000,12.6191
37.340000,11.0400
37.345000,0.4084
37.350000,15.9257
37.355000,19.2833
37.360000,2.0504
37.365000,13.5918
37.370000,27.7242
37.375000,14.6833
37.380000,11.9735
37.385000,25.0336
37.390000,15.2518
37.395000,4.2542
37.400000,18.5306
37.405000,14.5215
37.410000,-4.4039
37.415000,-7.3794
37.420000,5.7629
37.425000,-14.2080
37.430000,-12.1507
37.435000,-0.4593
37.440000,-11.6250
37.445000,-12.2496
37.450000,8.6731
37.455000,25.2606
37.460000,-0.2864
37.465000,16.4662
37.470000,22.7767
37.475000,12.3236
37.480000,7.0444
37.485000,13.6694
37.490000,-0.9735
37.495000,-4.7700
37.500000,-1.2258
37.505000,-3.0136
37.510000,-7.7678
37.515000,-3.5806
37.520000,-3.9160
37.525000,-11.0480
37.530000,-13.0063
37.535000,12.0633
37.540000,5.7093
37.545000,-8.6648
37.550000,13.5124
37.555000,15.5860
37.560000,4.2983
37.565000,5.5686
37.570000,20.4427
37.575000,2.8421
37.580000,2.1931
37.585000,15.7919
37.590000,-0.7070
37.595000,-14.6418
37.600000,-7.7635
37.605000,5.2767
37.610000,-18.7590
37.615000,-2.7130
37.620000,0.1140
37.625000,-17.0538
37.630000,-6.4971
37.635000,7.6777
37.640000,3.5845
37.645000,-6.2659
37.650000,9.5093
37.655000,16.2015
37.660000,4.6893
37.665000,10.1484
37.670000,4.7256
37.675000,-6.4215
37.680000,-6.5456
37.685000,-3.7867
37.690000,-8.5302
37.695000,-28.3745
37.700000,-21.7197
37.705000,-16.7503
37.710000,-46.2939
37.715000,-40.1741
37.720000,-21.5948
37.725000,-26.0356
37.730000,-31.2896
37.735000,-20.1154
37.740000,-24.3667
37.745000,-28.3590
37.750000,-8.4616
37.755000,-5.5740
37.760000,-21.2369
37.765000,-15.0437
37.770000,-11.7494
37.775000,-30.5545
37.780000,-34.1340
37.785000,-20.5256
37.790000,-23.9064
37.795000,-42.3953
37.800000,-42.5397
37.805000,-34.8841
37.810000,-54.8825
37.815000,-47.5443
37.820000,-35.2902
37.825000,-55.4364
37.830000,-47.3529
37.835000,-26.6861
37.840000,-35.6943
37.845000,-38.6454
37.850000,-34.3751
37.855000,-21.0834
37.860000,-29.0111
37.865000,-17.2298
37.870000,2.4415
37.875000,-23.4425
37.880000,-23.6075
37.885000,-5.9104
37.890000,-29.5971
37.895000,-36.7275
37.900000,-15.9180
37.905000,-20.6953
37.910000,-48.2438
37.915000,-45.2858
37.920000,-35.9620
37.925000,-44.9395
37.930000,-45.9438
37.935000,-16.3378
37.940000,-31.2993
37.945000,-38.8370
37.950000,-19.2886
37.955000,-21.4580
37.960000,-26.6294
37.965000,-24.9699
37.970000,-10.4605
37.975000,-18.9796
37.980000,-18.1519
37.985000,-11.7453
37.990000,-25.5346
37.995000,-50.0345
38.000000,-29.1408
38.005000,-23.6718
38.010000,-29.7299
38.015000,-24.9304
38.020000,-10.0008
38.025000,-20.6497
38.030000,-16.0329
38.035000,9.2138
38.040000,4.8763
38.045000,-2.7786
38.050000,14.8664
38.055000,14.1910
38.060000,11.1847
38.065000,11.1057
38.070000,18.9268
38.075000,7.0737
38.080000,14.0560
38.085000,15.3868
38.090000,5.9412
38.095000,-8.2984
38.100000,-1.3057
38.105000,6.6112
38.110000,-14.6265
38.115000,1.5005
38.120000,23.7131
38.125000,12.8356
38.130000,7.1283
38.135000,34.6593
38.140000,33.2743
38.145000,25.1362
38.150000,36.4117
38.155000,48.9164
38.160000,40.1017
38.165000,42.6463
38.170000,58.9750
38.175000,41.0494
38.180000,33.5662
38.185000,33.4807
38.190000,27.0973
38.195000,15.2524
38.200000,32.9331
38.205000,32.0681
38.210000,18.2390
38.215000,9.5577
38.220000,36.9032
38.225000,23.5055
38.230000,10.6841
38.235000,34.6138
38.240000,35.4258
38.245000,17.5545
38.250000,44.5372
38.255000,51.1249
38.260000,37.2158
38.265000,31.4655
38.270000,49.2504
38.275000,21.7482
38.280000,19.2600
38.285000,25.7672
38.290000,18.8829
38.295000,13.8627
38.300000,25.8653
38.305000,21.8430
38.310000,1.9138
38.315000,-6.0246
38.320000,20.8438
38.325000,9.2536
38.330000,6.6859
38.335000,22.6735
38.340000,23.4260
38.345000,17.9616
38.350000,26.1160
38.355000,29.8953
38.360000,22.6882
38.365000,32.2961
38.370000,35.7498
38.375000,13.0081
38.380000,11.8243
38.385000,18.5678
38.390000,9.6395
38.395000,-11.0930
38.400000,-8.8940
38.405000,-4.6039
38.410000,-21.2464
38.415000,-15.5658
38.420000,0.0758
38.425000,-17.9374
38.430000,-20.8159
38.435000,-13.3780
38.440000,-9.0152
38.445000,-14.6319
38.450000,-2.1469
38.455000,3.2108
38.460000,-3.9472
38.465000,-5.3326
38.470000,-3.4601
38.475000,-10.8649
38.480000,-26.6524
38.485000,-13.3379
38.490000,-19.1277
38.495000,-31.7687
38.500000,-33.0137
38.505000,-27.8067
38.510000,-42.8005
38.515000,-31.7652
38.520000,-14.6456
38.525000,-33.8470
38.530000,-44.2404
38.535000,-19.7019
38.540000,-27.8753
38.545000,-29.8899
38.550000,-14.2436
38.555000,-9.4119
38.560000,-15.9690
38.565000,-19.1526
38.570000,-1.0429
38.575000,-9.5027
38.580000,-15.8880
38.585000,-6.2839
38.590000,-20.7659
38.595000,-30.8871
38.600000,-21.0753
38.605000,-26.0510
38.610000,-36.5097
38.615000,-31.8291
38.620000,-17.7122
38.625000,-31.4419
38.630000,-25.8176
38.635000,-12.6491
38.640000,-14.4601
38.645000,-14.8284
38.650000,2.8433
38.655000,12.8785
38.660000,-4.3604
38.665000,3.2411
38.670000,27.3841
38.675000,6.9811
38.680000,5.7722
38.685000,10.8724
38.690000,2.8850
38.695000,-18.6144
38.700000,-7.0236
38.705000,10.6605
38.710000,-3.7893
38.715000,4.9307
38.720000,28.8980
38.725000,10.1656
38.730000,12.7195
38.735000,31.2193
38.740000,35.6709
38.745000,23.4186
38.750000,40.7651
38.755000,58.5724
38.760000,36.2385
38.765000,46.8991
38.770000,60.7570
38.775000,32.9877
38.780000,26.6429
38.785000,40.6448
38.790000,42.1817
38.795000,25.4431
38.800000,34.6942
38.805000,36.7170
38.810000,13.0759
38.815000,17.7126
38.820000,38.2201
38.825000,20.3928
38.830000,27.6508
38.835000,53.7420
38.840000,44.8855
38.845000,39.2168
38.850000,56.0000
38.855000,50.1716
38.860000,47.6105
38.865000,63.1121
38.870000,64.5605
38.875000,55.6363
38.880000,44.3207
38.885000,57.2073
38.890000,53.1751
38.895000,33.1538
38.900000,31.9418
38.905000,41.8815
38.910000,18.3812
38.915000,30.7262
38.920000,32.1233
38.925000,19.6328
38.930000,30.4893
38.935000,35.9998
38.940000,43.5315
38.945000,44.8312
38.950000,55.7861
38.955000,50.7775
38.960000,39.0056
38.965000,46.1941
38.970000,57.0106
38.975000,39.7728
38.980000,23.7623
38.985000,40.9878
38.990000,29.0503
38.995000,5.9691
39.000000,15.8863
39.005000,8.2407
39.010000,-7.1976
39.015000,-14.3035
39.020000,5.1471
39.025000,-10.4344
39.030000,-15.2753
39.035000,9.3637
39.040000,5.1165
39.045000,-0.9610
39.050000,-1.0286
39.055000,11.6901
39.060000,-0.6149
39.065000,18.7800
39.070000,24.2210
39.075000,-7.7380
39.080000,-15.9906
39.085000,3.0104
39.090000,-3.5253
39.095000,-21.1497
39.100000,-9.8358
39.105000,-18.5727
39.110000,-27.3820
39.115000,-21.3100
39.120000,-10.2597
39.125000,-33.9047
39.130000,-22.5773
39.135000,-10.7129
39.140000,-8.2717
39.145000,-5.3841
39.150000,1.5264
39.155000,11.2869
39.160000,-9.5111
39.165000,-6.8395
39.170000,-6.8249
39.175000,-13.3902
39.180000,-20.5598
39.185000,-23.5693
39.190000,-20.0574
39.195000,-36.9597
39.200000,-22.6945
39.205000,-32.4869
39.210000,-51.8756
39.215000,-45.0493
39.220000,-28.2348
39.225000,-31.9292
39.230000,-47.4930
39.235000,-25.8430
39.240000,-29.7359
39.245000,-25.1972
39.250000,-7.6313
39.255000,-5.3533
39.260000,-12.7986
39.265000,-16.4061
39.270000,1.2389
39.275000,-8.9940
39.280000,-12.8419
39.285000,-5.4019
39.290000,-11.8783
39.295000,-24.3552
39.300000,-16.5295
39.305000,-7.7092
39.310000,-13.6944
39.315000,-13.0093
39.320000,-10.9113
39.325000,-19.9503
39.330000,-19.2513
39.335000,10.9463
39.340000,4.8676
39.345000,2.1406
39.350000,29.0277
39.355000,27.1473
39.360000,11.6627
39.365000,13.6652
39.370000,27.2648
39.375000,19.6853
39.380000,11.6943
39.385000,23.5177
39.390000,21.7278
39.395000,11.0938
39.400000,26.9522
39.405000,36.1155
39.410000,8.8711
39.415000,11.6225
39.420000,25.9809
39.425000,16.9543
39.430000,18.8310
39.435000,37.0178
39.440000,29.9936
39.445000,33.6315
39.450000,48.2349
39.455000,52.3134
39.460000,42.8044
39.465000,50.7889
39.470000,54.2825
39.475000,37.9912
39.480000,36.9896
39.485000,51.5765
39.490000,41.1356
39.495000,26.5735
39.500000,38.4045
39.505000,33.3373
39.510000,24.2348
39.515000,31.5432
39.520000,42.4424
39.525000,31.9532
39.530000,35.0164
39.535000,52.6981
39.540000,46.8108
39.545000,38.1358
39.550000,49.9770
39.555000,50.7363
39.560000,38.3736
39.565000,47.1470
39.570000,58.7074
39.575000,39.9141
39.580000,41.2557
39.585000,53.5748
39.590000,41.9554
39.595000,20.6193
39.600000,28.7245
39.605000,31.2192
39.610000,5.5475
39.615000,5.7215
39.620000,16.9392
39.625000,-0.2511
39.630000,4.3017
39.635000,22.4385
39.640000,16.2011
39.645000,0.5208
39.650000,30.2953
39.655000,25.7823
39.660000,4.3692
39.665000,15.1300
39.670000,15.0648
39.675000,10.6553
39.680000,3.6563
39.685000,16.2910
39.690000,-1.3182
39.695000,-21.5818
39.700000,-0.4143
39.705000,-4.1198
39.710000,-25.9164
39.715000,-11.6387
39.720000,-10.8874
39.725000,-19.6032
39.730000,-22.7064
39.735000,-8.3715
39.740000,-21.8161
39.745000,-19.4243
39.750000,-0.2442
39.755000,-6.0435
39.760000,-15.5588
39.765000,-17.4703
39.770000,-6.1877
39.775000,-24.2182
39.780000,-27.0695
39.785000,-9.7533
39.790000,-25.8996
39.795000,-38.7654
39.800000,-39.9324
39.805000,-17.1930
39.810000,-46.4062
39.815000,-41.1640
39.820000,-32.4252
39.825000,-51.7914
39.830000,-53.5002
39.835000,-30.5443
39.840000,-40.4051
39.845000,-48.7151
39.850000,-26.3184
39.855000,-23.3498
39.860000,-38.3376
39.865000,-41.6010
39.870000,-30.9130
39.875000,-39.7457
39.880000,-31.9169
39.885000,-26.6767
39.890000,-31.2865
39.895000,-44.9131
39.900000,-37.0391
39.905000,-34.0476
39.910000,-49.3383
39.915000,-51.3166
39.920000,-35.9506
39.925000,-44.3908
39.930000,-42.4736
39.935000,-26.3888
39.940000,-20.7465
39.945000,-40.9306
39.950000,-19.7235
39.955000,-8.1357
39.960000,-25.3760
39.965000,-28.9985
39.970000,-1.2449
39.975000,-13.1164
39.980000,-24.9777
39.985000,-5.7805
39.990000,-24.7912
39.995000,-32.5142
40.000000,-11.4363
40.005000,3.2583
40.010000,-10.5561
40.015000,-7.6480
40.020000,1.4949
40.025000,-3.6607
40.030000,-4.3054
40.035000,24.9869
40.040000,0.2198
40.045000,1.0774
40.050000,11.9539
40.055000,26.9121
40.060000,15.6119
40.065000,16.6781
40.070000,30.5179
40.075000,22.8588
40.080000,23.6912
40.085000,35.2899
40.090000,26.4996
40.095000,6.4493
40.100000,14.4855
40.105000,19.9570
40.110000,9.5866
40.115000,23.8961
40.120000,33.9279
40.125000,23.9132
40.130000,23.4864
40.135000,46.3623
40.140000,45.9634
40.145000,38.8497
40.150000,56.4609
40.155000,52.3753
40.160000,37.4130
40.165000,45.6778
40.170000,51.6883
40.175000,39.8568
40.180000,29.3676
40.185000,37.5948
40.190000,38.2177
40.195000,19.4363
40.200000,31.0272
40.205000,41.4886
40.210000,22.9340
40.215000,27.8227
40.220000,35.9622
40.225000,15.6977
40.230000,23.0490
40.235000,31.9951
40.240000,33.7999
40.245000,25.8008
40.250000,37.1490
40.255000,43.2124
40.260000,9.0237
40.265000,22.4408
40.270000,23.2493
40.275000,8.8467
40.280000,10.6200
40.285000,9.3646
40.290000,9.2801
40.295000,-9.2839
40.300000,5.5696
40.305000,-9.7774
40.310000,-17.0037
40.315000,-14.4786
40.320000,-2.0457
40.325000,-11.0196
40.330000,-18.6700
40.335000,2.7599
40.340000,-7.6931
40.345000,-13.3581
40.350000,-2.1167
40.355000,-4.9814
40.360000,-18.8484
40.365000,-22.3778
40.370000,-6.8951
40.375000,-18.2987
40.380000,-38.6931
40.385000,-20.5435
40.390000,-25.7828
40.395000,-42.7800
40.400000,-25.4689
40.405000,-22.6604
40.410000,-41.9492
40.415000,-33.9438
40.420000,-23.0342
40.425000,-31.6122
40.430000,-38.5672
40.435000,-19.1303
40.440000,-27.5341
40.445000,-39.7423
40.450000,-29.5494
40.455000,-31.9007
40.460000,-41.2785
40.465000,-20.7235
40.470000,-20.8062
40.475000,-36.5013
40.480000,-46.3927
40.485000,-29.0139
40.490000,-37.9166
40.495000,-56.8306
40.500000,-39.2050
40.505000,-38.9080
40.510000,-60.2348
40.515000,-53.4532
40.520000,-41.3965
40.525000,-56.4326
40.530000,-51.7345
40.535000,-40.5869
40.540000,-51.9289
40.545000,-53.7087
40.550000,-42.8775
40.555000,-43.7482
40.560000,-44.6583
40.565000,-40.7240
40.570000,-33.4152
40.575000,-39.9259
40.580000,-42.7964
40.585000,-18.7778
40.590000,-40.4596
40.595000,-50.5351
40.600000,-43.3042
40.605000,-32.8862
40.610000,-49.0617
40.615000,-50.0084
40.620000,-50.4419
40.625000,-56.7704
40.630000,-57.3725
40.635000,-33.1516
40.640000,-38.5423
40.645000,-42.3143
40.650000,-15.6436
40.655000,-3.3942
40.660000,-15.1340
40.665000,-14.4026
40.670000,-0.5443
40.675000,-11.7130
40.680000,-10.8683
40.685000,4.9680
40.690000,-6.4089
40.695000,-15.0027
40.700000,-6.2946
40.705000,-0.2577
40.710000,-17.4002
40.715000,-9.9950
40.720000,9.5897
40.725000,-1.5773
40.730000,2.6114
40.735000,24.9731
40.740000,19.5036
40.745000,4.7656
40.750000,31.4096
40.755000,37.4930
40.760000,16.8610
40.765000,23.8210
40.770000,33.7955
40.775000,28.2862
40.780000,26.6109
40.785000,37.6850
40.790000,28.9250
40.795000,17.9890
40.800000,34.9890
40.805000,23.6185
40.810000,14.4684
40.815000,13.9940
40.820000,32.8369
40.825000,14.9729
40.830000,22.2664
40.835000,35.9043
40.840000,42.5933
40.845000,32.6499
40.850000,58.7816
40.855000,48.5823
40.860000,38.9342
40.865000,39.7061
40.870000,45.0315
40.875000,36.6584
40.880000,34.6760
40.885000,36.6038
40.890000,45.0144
40.895000,29.3146
40.900000,31.7425
40.905000,38.2876
40.910000,27.0711
40.915000,31.4699
40.920000,35.4405
40.925000,10.7624
40.930000,23.3004
40.935000,29.7228
40.940000,32.6666
40.945000,12.5356
40.950000,29.7803
40.955000,28.1404
40.960000,6.6735
40.965000,18.6295
40.970000,29.9225
40.975000,8.9687
40.980000,3.4803
40.985000,23.0411
40.990000,6.8403
40.995000,-9.0217
41.000000,8.0708
41.005000,8.5279
41.010000,-23.7421
41.015000,-25.8390
41.020000,-9.8854
41.025000,-12.9671
41.030000,-4.6466
41.035000,-3.2408
41.040000,-13.8297
41.045000,-10.3507
41.050000,-9.9429
41.055000,5.0106
41.060000,-12.1266
41.065000,-13.6907
41.070000,-4.9715
41.075000,-28.4434
41.080000,-29.1853
41.085000,-20.7321
41.090000,-25.7981
41.095000,-28.6885
41.100000,-27.7766
41.105000,-18.8724
41.110000,-36.8859
41.115000,-37.9340
41.120000,-21.4419
41.125000,-45.0069
41.130000,-40.9576
41.135000,-33.3778
41.140000,-32.1186
41.145000,-42.6682
41.150000,-33.3726
41.155000,-32.1119
41.160000,-29.0104
41.165000,-23.3444
41.170000,-23.4286
41.175000,-24.4034
41.180000,-35.3008
41.185000,-24.5449
41.190000,-32.3812
41.195000,-38.6081
41.200000,-28.5779
41.205000,-32.4673
41.210000,-43.4918
41.215000,-44.3465
41.220000,-26.6649
41.225000,-33.3889
41.230000,-40.2580
41.235000,-26.1738
41.240000,-15.9224
41.245000,-19.2677
41.250000,-16.6523
41.255000,-12.9507
41.260000,-26.8505
41.265000,-14.8919
41.270000,-9.2489
41.275000,-16.3149
41.280000,-28.8705
41.285000,-8.6084
41.290000,-9.6728
41.295000,-37.2348
41.300000,-15.3997
41.305000,-5.9473
41.310000,-20.6706
41.315000,-11.7243
41.320000,2.9611
41.325000,-9.9928
41.330000,-8.9511
41.335000,0.8375
41.340000,4.3868
41.345000,-3.7677
41.350000,10.9519
41.355000,29.1130
41.360000,5.3570
41.365000,18.5603
41.370000,29.2287
41.375000,17.9963
41.380000,18.9115
41.385000,23.4993
41.390000,21.6345
41.395000,11.1438
41.400000,24.3729
41.405000,21.8981
41.410000,2.8121
41.415000,4.8835
41.420000,7.7392
41.425000,-1.2546
41.430000,-6.1729
41.435000,9.2986
41.440000,6.5419
41.445000,4.4168
41.450000,13.9455
41.455000,31.5212
41.460000,20.5366
41.465000,32.5609
41.470000,29.3021
41.475000,17.7334
41.480000,11.7376
41.485000,25.9396
41.490000,16.9211
41.495000,11.2358
41.500000,6.8028
41.505000,22.0971
41.510000,7.8527
41.515000,10.9016
41.520000,5.5018
41.525000,-0.0679
41.530000,-1.5656
41.535000,23.8221
41.540000,11.5366
41.545000,8.0958
41.550000,17.0656
41.555000,31.2020
41.560000,20.3726
41.565000,19.9794
41.570000,34.5868
41.575000,9.4747
41.580000,4.9982
41.585000,20.7966
41.590000,16.8945
41.595000,-5.1419
41.600000,4.5483
41.605000,7.3687
41.610000,-5.8807
41.615000,3.3620
41.620000,12.8864
41.625000,5.9091
41.630000,1.1209
41.635000,22.3311
41.640000,22.5649
41.645000,0.9781
41.650000,12.7213
41.655000,13.2076
41.660000,-3.4165
41.665000,4.7246
41.670000,11.4228
41.675000,-4.1543
41.680000,-14.0694
41.685000,1.4596
41.690000,-3.7383
41.695000,-20.6315
41.700000,-25.5962
41.705000,-25.3872
41.710000,-46.1882
41.715000,-30.9759
41.720000,-22.2901
41.725000,-32.6062
41.730000,-37.3913
41.735000,-12.9192
41.740000,-27.5512
41.745000,-34.3934
41.750000,-12.5153
41.755000,-10.1602
41.760000,-28.6686
41.765000,-22.2690
41.770000,-20.3599
41.775000,-33.4414
41.780000,-45.1038
41.785000,-25.5084
41.790000,-29.8338
41.795000,-56.9039
41.800000,-46.7813
41.805000,-43.2079
41.810000,-61.0876
41.815000,-61.4321
41.820000,-48.4812
41.825000,-63.4035
41.830000,-56.2214
41.835000,-42.8874
41.840000,-46.7950
41.845000,-47.7753
41.850000,-32.5899
41.855000,-28.2103
41.860000,-31.9025
41.865000,-26.0226
41.870000,-7.3999
41.875000,-24.1009
41.880000,-32.6393
41.885000,-22.6609
41.890000,-32.8259
41.895000,-38.5381
41.900000,-32.2265
41.905000,-28.7388
41.910000,-50.9677
41.915000,-37.4992
41.920000,-36.5316
41.925000,-49.5921
41.930000,-45.9283
41.935000,-21.1308
41.940000,-33.7486
41.945000,-46.5042
41.950000,-27.7018
41.955000,-19.1911
41.960000,-31.6546
41.965000,-24.8921
41.970000,-13.2992
41.975000,-24.5935
41.980000,-20.1847
41.985000,-4.8171
41.990000,-21.9091
41.995000,-41.1013
42.000000,-25.8395
42.005000,-23.4050
42.010000,-40.6833
42.015000,-25.9767
42.020000,-8.0570
42.025000,-21.2318
42.030000,-14.9279
42.035000,8.2826
42.040000,8.3167
42.045000,-2.6724
42.050000,12.0641
42.055000,16.6764
42.060000,4.9527
42.065000,8.1560
42.070000,24.6092
42.075000,14.0115
42.080000,16.8942
42.085000,14.7473
42.090000,6.3307
42.095000,-2.5121
42.100000,2.4977
42.105000,-3.0239
42.110000,-11.4764
42.115000,2.4354
42.120000,20.5128
42.125000,12.0365
42.130000,6.7995
42.135000,35.5749
42.140000,36.6242
42.145000,23.3155
42.150000,45.7074
42.155000,45.4972
42.160000,33.6839
42.165000,43.4054
42.170000,47.6433
42.175000,44.8471
42.180000,36.7180
42.185000,42.2460
42.190000,25.3561
42.195000,7.3606
42.200000,34.8865
42.205000,38.0701
42.210000,13.0027
42.215000,14.4840
42.220000,35.3488
42.225000,24.3841
42.230000,9.8631
42.235000,34.6070
42.240000,37.1689
42.245000,25.6494
42.250000,42.7286
42.255000,56.8797
42.260000,36.3826
42.265000,29.9102
42.270000,38.3245
42.275000,20.0349
42.280000,14.3144
42.285000,32.8823
42.290000,20.2876
42.295000,11.3708
42.300000,12.1998
42.305000,25.1514
42.310000,-1.7904
42.315000,-4.5521
42.320000,14.2296
42.325000,-3.9656
42.330000,4.0185
42.335000,15.2392
42.340000,16.2409
42.345000,9.5821
42.350000,23.8931
42.355000,27.8739
42.360000,22.8999
42.365000,29.6017
42.370000,29.9637
42.375000,15.2510
42.380000,4.3777
42.385000,14.8687
42.390000,8.0282
42.395000,-14.0277
42.400000,-2.9970
42.405000,-5.2537
42.410000,-18.6899
42.415000,-11.1860
42.420000,-0.2542
42.425000,-18.3094
42.430000,-24.4756
42.435000,-4.0983
42.440000,-3.3419
42.445000,-14.1352
42.450000,-6.9372
42.455000,-2.4426
42.460000,-13.3369
42.465000,-7.2594
42.470000,2.0492
42.475000,-12.4998
42.480000,-14.2032
42.485000,-7.6689
42.490000,-8.9361
42.495000,-30.4076
42.500000,-23.9326
42.505000,-26.7869
42.510000,-39.9706
42.515000,-35.6003
42.520000,-17.5741
42.525000,-28.3873
42.530000,-36.6363
42.535000,-17.9989
42.540000,-13.4078
42.545000,-14.8037
42.550000,-11.7503
42.555000,-3.2928
42.560000,-12.0505
42.565000,-21.2568
42.570000,2.3920
42.575000,-10.9880
42.580000,-12.2574
42.585000,2.8861
42.590000,-11.6888
42.595000,-30.4797
42.600000,-11.3603
42.605000,-12.2739
42.610000,-31.9201
42.615000,-34.6066
42.620000,-13.9161
42.625000,-25.5565
42.630000,-18.5430
42.635000,-6.7282
42.640000,1.3304
42.645000,-15.1397
42.650000,-0.4944
42.655000,10.3588
42.660000,5.6879
42.665000,3.0358
42.670000,23.5078
42.675000,14.4043
42.680000,2.8709
42.685000,12.0157
42.690000,0.9569
42.695000,-11.3459
42.700000,-0.1638
42.705000,8.3835
42.710000,-8.7326
42.715000,3.5809
42.720000,19.9095
42.725000,-1.4324
42.730000,5.6963
42.735000,24.3832
42.740000,30.3557
42.745000,13.5635
42.750000,22.8026
42.755000,49.6843
42.760000,27.4380
42.765000,42.5012
42.770000,51.5090
42.775000,31.2048
42.780000,23.7294
42.785000,34.4079
42.790000,26.4197
42.795000,9.1963
42.800000,20.8972
42.805000,15.4436
42.810000,7.5919
42.815000,12.7907
42.820000,27.6646
42.825000,6.4843
42.830000,16.9351
42.835000,34.5049
42.840000,41.9306
42.845000,32.2377
42.850000,37.3724
42.855000,39.2580
42.860000,30.6822
42.865000,42.1863
42.870000,48.6736
42.875000,37.5401
42.880000,23.8955
42.885000,42.8298
42.890000,41.8084
42.895000,18.9103
42.900000,22.6585
42.905000,33.9516
42.910000,8.7451
42.915000,14.6401
42.920000,24.3270
42.925000,24.8568
42.930000,16.9953
42.935000,31.7630
42.940000,29.7239
42.945000,24.6213
42.950000,46.8031
42.955000,45.1371
42.960000,29.7377
42.965000,36.2689
42.970000,54.5772
42.975000,43.3712
42.980000,20.3756
42.985000,26.2491
42.990000,16.2535
42.995000,1.2776
43.000000,11.8294
43.005000,2.2235
43.010000,-8.3650
43.015000,0.2721
43.020000,6.7387
43.025000,-9.9566
43.030000,-11.2855
43.035000,5.5683
43.040000,5.7759
43.045000,-1.1022
43.050000,15.6072
43.055000,26.0393
43.060000,7.0916
43.065000,13.0613
43.070000,25.4565
43.075000,1.2529
43.080000,-0.8007
43.085000,16.0985
43.090000,2.8368
43.095000,-7.4545
43.100000,-6.3160
43.105000,-4.0618
43.110000,-19.8202
43.115000,-2.1656
43.120000,-4.4850
43.125000,-10.2171
43.130000,-20.3872
43.135000,9.2931
43.140000,11.7905
43.145000,4.2851
43.150000,20.4558
43.155000,21.6768
43.160000,-1.7080
43.165000,1.9746
43.170000,15.1968
43.175000,6.7815
43.180000,-11.0467
43.185000,-15.1721
43.190000,-9.3307
43.195000,-18.0692
43.200000,-9.9780
43.205000,-16.6044
43.210000,-31.0144
43.215000,-18.0520
43.220000,-21.9144
43.225000,-23.9516
43.230000,-29.5720
43.235000,-3.1438
43.240000,-10.0122
43.245000,-16.4751
43.250000,-3.6159
43.255000,9.0299
43.260000,1.1744
43.265000,4.4211
43.270000,10.9935
43.275000,-3.6788
43.280000,-2.8320
43.285000,2.8884
43.290000,-0.9903
43.295000,-16.1362
43.300000,-8.0953
43.305000,2.7759
43.310000,-15.4791
43.315000,-4.0759
43.320000,-2.7129
43.325000,-18.8116
43.330000,-11.6328
43.335000,10.9318
43.340000,9.1014
43.345000,2.1415
43.350000,19.8288
43.355000,29.5558
43.360000,14.4737
43.365000,22.6657
43.370000,24.4034
43.375000,11.0121
43.380000,8.6146
43.385000,15.4106
43.390000,12.4173
43.395000,1.5506
43.400000,19.5859
43.405000,15.0554
43.410000,-1.3140
43.415000,3.1422
43.420000,15.1819
43.425000,4.4676
43.430000,0.8088
43.435000,20.7402
43.440000,19.1640
43.445000,14.0781
43.450000,38.3367
43.455000,37.3372
43.460000,20.1507
43.465000,24.6784
43.470000,46.1738
43.475000,28.7331
43.480000,19.3165
43.485000,29.4959
43.490000,22.1518
43.495000,3.2630
43.500000,14.1897
43.505000,11.1516
43.510000,1.0020
43.515000,3.8211
43.520000,25.1565
43.525000,4.7333
43.530000,14.6463
43.535000,29.8456
43.540000,26.7183
43.545000,10.0654
43.550000,28.2579
43.555000,31.7084
43.560000,19.9758
43.565000,32.3461
43.570000,42.1177
43.575000,24.7939
43.580000,19.4186
43.585000,41.5712
43.590000,30.1334
43.595000,9.1752
43.600000,18.0194
43.605000,9.0610
43.610000,-10.2401
43.615000,-11.1371
43.620000,7.7349
43.625000,-13.5395
43.630000,-12.9152
43.635000,9.6550
43.640000,4.2698
43.645000,1.0229
43.650000,26.2850
43.655000,16.3769
43.660000,6.8411
43.665000,17.2180
43.670000,19.6646
43.675000,13.4101
43.680000,-0.6273
43.685000,7.8833
43.690000,1.1469
43.695000,-18.4949
43.700000,0.3936
43.705000,-3.7600
43.710000,-22.1494
43.715000,-3.9310
43.720000,-12.2288
43.725000,-18.5608
43.730000,-16.9236
43.735000,0.4802
43.740000,7.8972
43.745000,-6.8251
43.750000,21.0383
43.755000,11.8670
43.760000,-2.6632
43.765000,-2.4746
43.770000,2.9923
43.775000,-5.8580
43.780000,-8.7556
43.785000,7.3172
43.790000,-5.2594
43.795000,-28.8825
43.800000,-6.3595
43.805000,-14.1577
43.810000,-25.3181
43.815000,-24.8979
43.820000,-7.8415
43.825000,-15.8386
43.830000,-30.7750
43.835000,-15.0918
43.840000,-18.9797
43.845000,-18.3954
43.850000,-7.9068
43.855000,2.2197
43.860000,-17.9014
43.865000,-17.4876
43.870000,-8.7150
43.875000,-4.1016
43.880000,-13.2059
43.885000,-5.2204
43.890000,-18.6322
43.895000,-27.8043
43.900000,-13.8454
43.905000,-13.3577
43.910000,-30.2326
43.915000,-30.6070
43.920000,-17.3857
43.925000,-23.0311
43.930000,-28.0841
43.935000,-16.8127
43.940000,-7.6739
43.945000,-18.0451
43.950000,-8.7395
43.955000,1.9562
43.960000,-13.8874
43.965000,-14.3058
43.970000,1.9439
43.975000,-8.8847
43.980000,-15.6520
43.985000,-7.4295
43.990000,-15.0785
43.995000,-31.8611
44.000000,-3.7552
44.005000,-1.7366
44.010000,-15.6992
44.015000,-9.2841
44.020000,6.1865
44.025000,-14.1041
44.030000,-15.2857
44.035000,4.2701
44.040000,-3.8484
44.045000,-4.2622
44.050000,6.3456
44.055000,20.3268
44.060000,3.7978
44.065000,12.1637
44.070000,21.5788
44.075000,10.4985
44.080000,14.2482
44.085000,30.1041
44.090000,3.9774
44.095000,-8.5168
44.100000,-2.2671
44.105000,6.6503
44.110000,-5.6848
44.115000,6.4669
44.120000,17.6256
44.125000,4.5530
44.130000,4.3214
44.135000,28.1811
44.140000,22.4073
44.145000,12.5215
44.150000,29.9625
44.155000,29.6968
44.160000,14.8087
44.165000,30.8191
44.170000,35.0843
44.175000,19.6420
44.180000,15.1995
44.185000,29.4018
44.190000,9.4704
44.195000,-1.9887
44.200000,10.3262
44.205000,28.8414
44.210000,1.6864
44.215000,-0.8518
44.220000,10.9277
44.225000,7.9251
44.230000,-2.4835
44.235000,18.1963
44.240000,15.8172
44.245000,-0.4468
44.250000,20.3012
44.255000,24.9146
44.260000,6.1928
44.265000,5.2826
44.270000,12.8929
44.275000,-4.1117
44.280000,-0.7085
44.285000,0.2883
44.290000,-4.5179
44.295000,-11.1169
44.300000,-0.9245
44.305000,-8.9199
44.310000,-21.1165
44.315000,-20.4991
44.320000,-16.7060
44.325000,-20.6882
44.330000,-24.1927
44.335000,-5.0777
44.340000,-10.8915
44.345000,-19.9802
44.350000,-3.5319
44.355000,-0.3494
44.360000,-20.2302
44.365000,-16.6785
44.370000,2.2085
44.375000,-20.0923
44.380000,-28.3426
44.385000,-19.2129
44.390000,-22.2969
44.395000,-30.8776
44.400000,-26.7460
44.405000,-8.6117
44.410000,-31.1904
44.415000,-26.6322
44.420000,-10.8741
44.425000,-25.8082
44.430000,-19.7878
44.435000,-9.1796
44.440000,-13.1564
44.445000,-24.3326
44.450000,-7.8137
44.455000,-2.6165
44.460000,-18.1584
44.465000,-7.1018
44.470000,2.1654
44.475000,-25.9195
44.480000,-27.9639
44.485000,-16.6762
44.490000,-22.2608
44.495000,-41.2959
44.500000,-15.8853
44.505000,-28.6653
44.510000,-39.2040
44.515000,-33.1105
44.520000,-34.0577
44.525000,-36.9190
44.530000,-43.2623
44.535000,-29.4707
44.540000,-19.5789
44.545000,-27.6201
44.550000,-25.3180
44.555000,-26.7611
44.560000,-32.9319
44.565000,-27.4386
44.570000,-3.8053
44.575000,-30.8885
44.580000,-34.7572
44.585000,-15.2198
44.590000,-17.9522
44.595000,-37.6637
44.600000,-22.3985
44.605000,-19.5676
44.610000,-47.9988
44.615000,-36.3814
44.620000,-31.4110
44.625000,-44.6302
44.630000,-40.5688
44.635000,-26.9325
44.640000,-32.7587
44.645000,-34.5310
44.650000,-11.2288
44.655000,-3.7134
44.660000,-11.5561
44.665000,-11.7936
44.670000,10.5976
44.675000,-13.0415
44.680000,-11.0820
44.685000,-0.7120
44.690000,-15.0767
44.695000,-16.5400
44.700000,-8.8696
44.705000,-7.0384
44.710000,-17.8116
44.715000,-12.4066
44.720000,-3.2281
44.725000,-10.8782
44.730000,-2.2712
44.735000,14.4655
44.740000,10.2396
44.745000,7.2204
44.750000,16.4701
44.755000,22.5457
44.760000,10.9888
44.765000,19.8216
44.770000,30.5445
44.775000,25.2860
44.780000,17.9985
44.785000,36.3114
44.790000,22.9088
44.795000,13.2491
44.800000,18.9260
44.805000,26.9592
44.810000,0.5338
44.815000,16.6684
44.820000,25.2070
44.825000,12.4341
44.830000,8.0357
44.835000,26.9198
44.840000,28.5739
44.845000,23.5311
44.850000,36.7518
44.855000,41.4890
44.860000,11.3197
44.865000,29.9898
44.870000,32.3068
44.875000,25.6358
44.880000,20.8247
44.885000,33.8575
44.890000,22.7868
44.895000,17.2726
44.900000,19.1346
44.905000,31.4106
44.910000,15.4673
44.915000,20.2272
44.920000,22.3713
44.925000,11.3409
44.930000,9.4526
44.935000,30.1933
44.940000,17.4229
44.945000,7.3243
44.950000,20.8856
44.955000,25.5500
44.960000,14.8860
44.965000,12.5654
44.970000,30.0556
44.975000,8.7327
44.980000,6.4545
44.985000,15.2962
44.990000,4.8393
44.995000,-15.7475
45.000000,-7.1667
45.005000,9.3266
45.010000,-18.0247
45.015000,-14.9652
45.020000,-7.8850
45.025000,-17.3065
45.030000,-6.4933
45.035000,8.7467
45.040000,-6.5011
45.045000,-16.9475
45.050000,6.8733
45.055000,7.4873
45.060000,-14.5790
45.065000,-5.4595
45.070000,-1.0841
45.075000,-13.5360
45.080000,-25.4660
45.085000,-16.6442
45.090000,-19.2672
45.095000,-30.1159
45.100000,-15.8917
45.105000,-16.9638
45.110000,-35.1890
45.115000,-33.8569
45.120000,-24.0772
45.125000,-36.5387
45.130000,-48.0746
45.135000,-16.1455
45.140000,-21.7922
45.145000,-36.6799
45.150000,-19.9548
45.155000,-18.8032
45.160000,-33.3382
45.165000,-23.8320
45.170000,-16.5975
45.175000,-22.7493
45.180000,-27.2961
45.185000,-28.3684
45.190000,-32.7174
45.195000,-34.6767
45.200000,-32.2210
45.205000,-16.4780
45.210000,-42.6493
45.215000,-38.3417
45.220000,-33.2788
45.225000,-42.6565
45.230000,-38.6246
45.235000,-18.7783
45.240000,-12.5076
45.245000,-10.9158
45.250000,-5.1086
45.255000,-11.4734
45.260000,-22.2555
45.265000,-15.4492
45.270000,-3.3658
45.275000,-16.8645
45.280000,-21.7308
45.285000,-1.2724
45.290000,-4.1667
45.295000,-25.8730
45.300000,-13.6615
45.305000,-8.7553
45.310000,-18.1426
45.315000,-10.5405
45.320000,5.3285
45.325000,-8.7384
45.330000,-16.4297
45.335000,2.7586
45.340000,4.1782
45.345000,-2.7084
45.350000,14.6811
45.355000,24.4285
45.360000,4.3032
45.365000,21.4013
45.370000,25.8800
45.375000,17.0313
45.380000,22.6803
45.385000,28.2603
45.390000,25.7612
45.395000,7.6119
45.400000,19.7911
45.405000,28.8455
45.410000,6.0376
45.415000,3.1975
45.420000,21.2278
45.425000,-4.3952
45.430000,-2.3534
45.435000,19.1349
45.440000,8.5959
45.445000,-0.4234
45.450000,20.9700
45.455000,26.9817
45.460000,21.8782
45.465000,20.3788
45.470000,27.0737
45.475000,19.9269
45.480000,27.3176
45.485000,28.5645
45.490000,18.8631
45.495000,7.5785
45.500000,21.9353
45.505000,8.7543
45.510000,1.9136
45.515000,14.1893
45.520000,20.1561
45.525000,3.3783
45.530000,-0.1777
45.535000,15.9924
45.540000,19.8378
45.545000,14.5422
45.550000,28.6999
45.555000,35.0132
45.560000,21.7139
45.565000,23.8225
45.570000,34.4744
45.575000,16.7718
45.580000,12.8476
45.585000,26.3309
45.590000,20.4835
45.595000,2.7803
45.600000,8.9579
45.605000,17.2106
45.610000,-2.4243
45.615000,2.9907
45.620000,8.8382
45.625000,3.4805
45.630000,-6.1620
45.635000,13.5583
45.640000,10.8085
45.645000,-4.4527
45.650000,13.3587
45.655000,16.9802
45.660000,1.9195
45.665000,8.4578
45.670000,6.2239
45.675000,-2.4825
45.680000,-14.9399
45.685000,8.9909
45.690000,-8.6692
45.695000,-24.0038
45.700000,-16.8344
45.705000,-19.1340
45.710000,-50.1093
45.715000,-34.7129
45.720000,-20.8505
45.725000,-33.8043
45.730000,-35.1243
45.735000,-28.2251
45.740000,-32.3882
45.745000,-32.8388
45.750000,-31.4474
45.755000,-17.8518
45.760000,-32.4404
45.765000,-33.7704
45.770000,-23.0351
45.775000,-39.3777
45.780000,-47.0934
45.785000,-28.4420
45.790000,-36.7257
45.795000,-54.4092
45.800000,-46.7054
45.805000,-52.1658
45.810000,-58.5889
45.815000,-61.2588
45.820000,-54.4628
45.825000,-60.2405
45.830000,-62.5576
45.835000,-48.8161
45.840000,-50.2540
45.845000,-55.9140
45.850000,-38.8089
45.855000,-30.6480
45.860000,-43.6577
45.865000,-35.4162
45.870000,-19.7020
45.875000,-31.5845
45.880000,-36.9798
45.885000,-27.5376
45.890000,-41.5308
45.895000,-52.4774
45.900000,-28.4203
45.905000,-40.1384
45.910000,-58.0091
45.915000,-58.4104
45.920000,-46.5749
45.925000,-47.5637
45.930000,-61.8995
45.935000,-27.5008
45.940000,-41.1544
45.945000,-47.9283
45.950000,-37.1098
45.955000,-30.9820
45.960000,-42.5756
45.965000,-35.1278
45.970000,-23.1731
45.975000,-27.9424
45.980000,-26.5239
45.985000,-24.5087
45.990000,-22.1102
45.995000,-45.2681
46.000000,-30.2719
46.005000,-20.0598
46.010000,-36.3093
46.015000,-24.8346
46.020000,-13.4501
46.025000,-13.9718
46.030000,-7.5723
46.035000,10.2362
46.040000,11.1213
46.045000,3.8101
46.050000,17.1615
46.055000,27.4427
46.060000,17.2584
46.065000,6.0708
46.070000,26.0649
46.075000,21.6759
46.080000,12.0978
46.085000,24.1914
46.090000,14.2032
46.095000,8.9104
46.100000,13.2808
46.105000,21.3775
46.110000,2.1466
46.115000,22.9181
46.120000,38.2502
46.125000,17.5552
46.130000,29.5365
46.135000,52.8912
46.140000,52.3174
46.145000,36.5960
46.150000,56.9789
46.155000,67.1384
46.160000,54.1194
46.165000,51.0982
46.170000,68.1389
46.175000,60.1490
46.180000,45.5150
46.185000,55.2796
46.190000,47.6486
46.195000,32.1377
46.200000,52.8917
46.205000,51.9866
46.210000,32.8747
46.215000,39.1862
46.220000,44.0699
46.225000,48.0316
46.230000,24.1725
46.235000,44.8325
46.240000,46.5514
46.245000,41.2961
46.250000,54.3535
46.255000,71.5612
46.260000,46.1808
46.265000,46.6207
46.270000,52.6042
46.275000,35.1019
46.280000,30.4838
46.285000,34.8627
46.290000,34.8611
46.295000,17.7337
46.300000,27.2408
46.305000,32.3624
46.310000,5.8731
46.315000,13.5206
46.320000,12.1326
46.325000,5.8561
46.330000,11.6558
46.335000,20.9507
46.340000,16.6795
46.345000,12.3155
46.350000,17.7626
46.355000,31.8768
46.360000,15.6591
46.365000,27.6643
46.370000,37.8215
46.375000,16.4792
46.380000,-2.4758
46.385000,11.8309
46.390000,1.8681
46.395000,-17.6313
46.400000,-8.8457
46.405000,-5.1269
46.410000,-22.0682
46.415000,-25.4035
46.420000,-5.7602
46.425000,-30.9242
46.430000,-29.2411
46.435000,-19.7787
46.440000,-25.8261
46.445000,-27.8807
46.450000,-18.5074
46.455000,-5.7713
46.460000,-20.3026
46.465000,-22.1210
46.470000,-17.0652
46.475000,-32.3271
46.480000,-40.5794
46.485000,-34.4157
46.490000,-23.3806
46.495000,-51.1204
46.500000,-34.9361
46.505000,-47.6380
46.510000,-56.0654
46.515000,-50.0129
46.520000,-37.9098
46.525000,-44.3735
46.530000,-57.7559
46.535000,-28.4600
46.540000,-27.9930
46.545000,-38.7469
46.550000,-26.4434
46.555000,-19.9991
46.560000,-32.2825
46.565000,-31.3107
46.570000,-23.0498
46.575000,-28.3203
46.580000,-30.9129
46.585000,-11.0591
46.590000,-25.8776
46.595000,-47.3902
46.600000,-30.5860
46.605000,-30.9982
46.610000,-39.6956
46.615000,-33.3345
46.620000,-25.2514
46.625000,-36.8053
46.630000,-30.6314
46.635000,-18.5591
46.640000,-18.9739
46.645000,-15.8723
46.650000,-2.8944
46.655000,6.0637
46.660000,-5.1259
46.665000,3.6878
46.670000,25.1444
46.675000,13.2078
46.680000,5.2104
46.685000,14.0679
46.690000,1.4161
46.695000,-2.7057
46.700000,1.0822
46.705000,13.2506
46.710000,1.1171
46.715000,13.1954
46.720000,37.1080
46.725000,18.2529
46.730000,14.0792
46.735000,32.0293
46.740000,36.7453
46.745000,29.5659
46.750000,46.7222
46.755000,57.9867
46.760000,44.9423
46.765000,57.8894
46.770000,69.1651
46.775000,38.3597
46.780000,40.8243
46.785000,47.3147
46.790000,38.6192
46.795000,33.5980
46.800000,41.5232
46.805000,44.5091
46.810000,21.5226
46.815000,41.9362
46.820000,42.8691
46.825000,25.0504
46.830000,35.4567
46.835000,63.3372
46.840000,52.6506
46.845000,46.4488
46.850000,56.9923
46.855000,62.0236
46.860000,57.9759
46.865000,61.5645
46.870000,75.6335
46.875000,58.5102
46.880000,52.5807
46.885000,59.9367
46.890000,53.8124
46.895000,41.6753
46.900000,42.1033
46.905000,45.4860
46.910000,27.7842
46.915000,32.3120
46.920000,44.7609
46.925000,34.0740
46.930000,40.6214
46.935000,42.3069
46.940000,42.2344
46.945000,46.8576
46.950000,62.2585
46.955000,61.7500
46.960000,41.3114
46.965000,50.6841
46.970000,57.4753
46.975000,42.4479
46.980000,20.6918
46.985000,41.4702
46.990000,26.4863
46.995000,8.7073
47.000000,20.0389
47.005000,7.4859
47.010000,-10.5405
47.015000,1.9842
47.020000,-0.2839
47.025000,-11.3516
47.030000,-17.1660
47.035000,4.1045
47.040000,8.4123
47.045000,-2.0482
47.050000,9.2862
47.055000,15.2897
47.060000,-3.1868
47.065000,7.2588
47.070000,13.9253
47.075000,-5.9089
47.080000,-15.5816
47.085000,4.2954
47.090000,-4.8021
47.095000,-30.8496
47.100000,-16.0710
47.105000,-17.9054
47.110000,-28.1728
47.115000,-30.2572
47.120000,-15.6798
47.125000,-24.4289
47.130000,-33.1206
47.135000,-8.4651
47.140000,-16.1959
47.145000,-26.0793
47.150000,2.4792
47.155000,1.2831
47.160000,-15.5629
47.165000,-3.2588
47.170000,-12.1629
47.175000,-17.0296
47.180000,-28.7018
47.185000,-20.8713
47.190000,-19.1699
47.195000,-41.2616
47.200000,-45.9972
47.205000,-38.8265
47.210000,-49.5224
47.215000,-45.1335
47.220000,-43.2752
47.225000,-41.7105
47.230000,-41.3529
47.235000,-34.4463
47.240000,-32.8886
47.245000,-30.6057
47.250000,-10.6026
47.255000,-1.2239
47.260000,-14.8751
47.265000,-12.7957
47.270000,-5.7845
47.275000,-13.9875
47.280000,-16.2412
47.285000,-0.3919
47.290000,-12.7969
47.295000,-27.3232
47.300000,-17.1374
47.305000,-7.8783
47.310000,-19.5354
47.315000,-16.6505
47.320000,-6.0837
47.325000,-14.8518
47.330000,-18.2925
47.335000,6.7717
47.340000,14.6068
47.345000,7.2799
47.350000,21.9563
47.355000,23.8385
47.360000,12.8840
47.365000,25.4669
47.370000,28.6048
47.375000,26.4741
47.380000,19.7711
47.385000,28.5860
47.390000,23.3549
47.395000,-3.3274
47.400000,24.2694
47.405000,29.0698
47.410000,11.3547
47.415000,9.4353
47.420000,27.4856
47.425000,19.3338
47.430000,14.5392
47.435000,41.8263
47.440000,37.2843
47.445000,40.1767
47.450000,58.3229
47.455000,55.0050
47.460000,38.4587
47.465000,52.3709
47.470000,58.3618
47.475000,40.1004
47.480000,32.3192
47.485000,43.0763
47.490000,39.8757
47.495000,25.8325
47.500000,36.3454
47.505000,26.3322
47.510000,18.0171
47.515000,29.2815
47.520000,39.6342
47.525000,32.0275
47.530000,25.8083
47.535000,54.1622
47.540000,48.0603
47.545000,38.9028
47.550000,48.9400
47.555000,58.6084
47.560000,37.3144
47.565000,42.6956
47.570000,57.8372
47.575000,45.6531
47.580000,32.6321
47.585000,52.8069
47.590000,43.0892
47.595000,13.1435
47.600000,19.5092
47.605000,17.8531
47.610000,3.4004
47.615000,7.3552
47.620000,4.9681
47.625000,-0.6789
47.630000,3.6858
47.635000,16.5810
47.640000,8.5743
47.645000,7.1641
47.650000,32.6412
47.655000,16.2551
47.660000,17.5299
47.665000,14.1699
47.670000,20.6745
47.675000,4.4837
47.680000,5.2786
47.685000,9.5906
47.690000,1.2716
47.695000,-23.0885
47.700000,-1.2117
47.705000,-16.4307
47.710000,-21.1799
47.715000,-6.7653
47.720000,-12.1692
47.725000,-22.9781
47.730000,-18.6795
47.735000,-13.2532
47.740000,-12.4236
47.745000,-10.3832
47.750000,-1.5928
47.755000,0.4883
47.760000,-9.1946
47.765000,-6.9280
47.770000,1.3838
47.775000,-21.2117
47.780000,-19.9081
47.785000,-5.1501
47.790000,-20.4543
47.795000,-37.4570
47.800000,-20.4690
47.805000,-20.0786
47.810000,-38.7351
47.815000,-31.0435
47.820000,-27.9068
47.825000,-41.5447
47.830000,-54.2561
47.835000,-31.5922
47.840000,-36.3376
47.845000,-45.5051
47.850000,-24.3003
47.855000,-19.6390
47.860000,-36.5528
47.865000,-34.2158
47.870000,-15.2666
47.875000,-19.4673
47.880000,-28.5307
47.885000,-16.5833
47.890000,-20.6833
47.895000,-38.3390
47.900000,-25.9677
47.905000,-31.7319
47.910000,-44.4880
47.915000,-36.0839
47.920000,-35.4781
47.925000,-38.8397
47.930000,-38.3566
47.935000,-18.6516
47.940000,-16.5835
47.945000,-37.9219
47.950000,-15.3973
47.955000,-2.5351
47.960000,-18.7902
47.965000,-18.8780
47.970000,1.3352
47.975000,-15.4119
47.980000,-20.3619
47.985000,0.4856
47.990000,-7.5491
47.995000,-27.4597
48.000000,-3.2033
48.005000,4.0202
48.010000,-20.7219
48.015000,-4.6834
48.020000,0.4439
48.025000,-7.0567
48.030000,-6.7418
48.035000,3.4376
48.040000,6.5397
48.045000,-3.8322
48.050000,16.8339
48.055000,22.1445
48.060000,13.9219
48.065000,16.7307
48.070000,26.8745
48.075000,17.5657
48.080000,11.1504
48.085000,35.2024
48.090000,13.2460
48.095000,4.8898
48.100000,3.4910
48.105000,14.5979
48.110000,6.0144
48.115000,12.2549
48.120000,29.1270
48.125000,13.0892
48.130000,12.1167
48.135000,34.4672
48.140000,40.7959
48.145000,27.4389
48.150000,46.3122
48.155000,46.3733
48.160000,19.6044
48.165000,37.1889
48.170000,46.1648
48.175000,30.3091
48.180000,29.3519
48.185000,30.7522
48.190000,18.5623
48.195000,10.2663
48.200000,15.6559
48.205000,28.5214
48.210000,7.1499
48.215000,9.7973
48.220000,25.4828
48.225000,6.0525
48.230000,10.2605
48.235000,22.3522
48.240000,14.3360
48.245000,13.4969
48.250000,25.8380
48.255000,26.1039
48.260000,9.0090
48.265000,14.0601
48.270000,24.5936
48.275000,8.1706
48.280000,-7.3711
48.285000,7.7938
48.290000,2.7572
48.295000,-6.4649
48.300000,-6.0239
48.305000,-11.4978
48.310000,-29.0603
48.315000,-22.9612
48.320000,-9.8808
48.325000,-11.8769
48.330000,-23.1619
48.335000,-5.4596
48.340000,-5.8487
48.345000,-11.1600
48.350000,1.0075
48.355000,-8.4557
48.360000,-12.9883
48.365000,-16.8046
48.370000,-4.7903
48.375000,-14.6249
48.380000,-25.6536
48.385000,-19.8750
48.390000,-26.1219
48.395000,-38.1618
48.400000,-21.5241
48.405000,-18.6420
48.410000,-35.6754
48.415000,-37.4128
48.420000,-18.3620
48.425000,-25.2897
48.430000,-26.1202
48.435000,-6.2580
48.440000,-12.1680
48.445000,-24.9095
48.450000,-13.9099
48.455000,-13.5652
48.460000,-20.7290
48.465000,-21.3433
48.470000,-12.1471
48.475000,-16.8388
48.480000,-32.6702
48.485000,-14.5344
48.490000,-21.3362
48.495000,-42.3121
48.500000,-29.4291
48.505000,-31.9740
48.510000,-45.5252
48.515000,-33.7247
48.520000,-32.1989
48.525000,-52.5354
48.530000,-40.3050
48.535000,-27.4159
48.540000,-22.1838
48.545000,-32.5098
48.550000,-24.0805
48.555000,-30.2468
48.560000,-35.4300
48.565000,-36.4786
48.570000,-13.0648
48.575000,-34.9214
48.580000,-27.1806
48.585000,-11.9441
48.590000,-28.7880
48.595000,-48.3153
48.600000,-29.5689
48.605000,-39.2243
48.610000,-52.2568
48.615000,-38.3673
48.620000,-33.9139
48.625000,-48.8179
48.630000,-46.3552
48.635000,-22.2014
48.640000,-29.6675
48.645000,-33.6104
48.650000,-17.6724
48.655000,-5.3301
48.660000,-13.9819
48.665000,-6.5185
48.670000,13.7263
48.675000,-1.8131
48.680000,-14.6824
48.685000,4.3144
48.690000,-1.7236
48.695000,-9.9795
48.700000,-4.8099
48.705000,-3.9605
48.710000,-18.3769
48.715000,-18.5217
48.720000,-2.7753
48.725000,-7.8045
48.730000,-5.5695
48.735000,11.4340
48.740000,11.8257
48.745000,4.4267
48.750000,12.0081
48.755000,19.8503
48.760000,11.1680
48.765000,13.3702
48.770000,27.7363
48.775000,13.8816
48.780000,12.4694
48.785000,29.3573
48.790000,17.0970
48.795000,9.0085
48.800000,19.3261
48.805000,21.0194
48.810000,0.1942
48.815000,10.7038
48.820000,15.0210
48.825000,10.8835
48.830000,1.8927
48.835000,24.7249
48.840000,19.9651
48.845000,13.7931
48.850000,35.1450
48.855000,29.8308
48.860000,14.6022
48.865000,24.1674
48.870000,28.0989
48.875000,18.6069
48.880000,21.9833
48.885000,28.6390
48.890000,17.8099
48.895000,13.4585
48.900000,25.1714
48.905000,22.7834
48.910000,12.3823
48.915000,16.2141
48.920000,19.8308
48.925000,5.6216
48.930000,4.5549
48.935000,21.3038
48.940000,19.1914
48.945000,8.5029
48.950000,10.2734
48.955000,20.0372
48.960000,1.2190
48.965000,8.3255
48.970000,28.6071
48.975000,-2.8372
48.980000,5.2088
48.985000,15.5195
48.990000,1.1314
48.995000,-11.2162
49.000000,0.1092
49.005000,6.7027
49.010000,-26.0768
49.015000,-19.0110
49.020000,-6.3011
49.025000,-11.1402
49.030000,-6.6775
49.035000,1.8841
49.040000,-9.1443
49.045000,-15.0692
49.050000,11.6141
49.055000,0.1433
49.060000,-1.6894
49.065000,-10.8894
49.070000,-0.8485
49.075000,-7.2991
49.080000,-18.5572
49.085000,-9.2335
49.090000,-7.2370
49.095000,-17.7946
49.100000,-12.1386
49.105000,-6.3353
49.110000,-21.5406
49.115000,-25.4643
49.120000,-6.4301
49.125000,-30.7045
49.130000,-40.3133
49.135000,-15.1807
49.140000,-15.5954
49.145000,-21.7030
49.150000,-17.9561
49.155000,-8.6305
49.160000,-16.1659
49.165000,-10.7394
49.170000,-1.6302
49.175000,-14.1673
49.180000,-22.9619
49.185000,-4.7527
49.190000,-13.0112
49.195000,-27.9505
49.200000,-13.0818
49.205000,-18.5803
49.210000,-27.8479
49.215000,-26.1967
49.220000,-22.8959
49.225000,-26.3092
49.230000,-24.4414
49.235000,-8.4214
49.240000,-11.3746
49.245000,-10.0335
49.250000,-0.2578
49.255000,-4.7862
49.260000,-16.6932
49.265000,-0.7387
49.270000,3.9073
49.275000,-8.2703
49.280000,-9.7439
49.285000,-0.6168
49.290000,0.4631
49.295000,-19.0892
49.300000,-4.4583
49.305000,-8.7439
49.310000,-14.2149
49.315000,-3.8398
49.320000,0.0443
49.325000,-5.2948
49.330000,-16.5961
49.335000,11.3900
49.340000,8.8056
49.345000,-4.0861
49.350000,9.8140
49.355000,20.3041
49.360000,5.1254
49.365000,20.8610
49.370000,22.8399
49.375000,8.8549
49.380000,6.6022
49.385000,17.4636
49.390000,17.3703
49.395000,7.8884
49.400000,15.7801
49.405000,23.1129
49.410000,-7.4994
49.415000,-4.3777
49.420000,7.3822
49.425000,-13.4441
49.430000,-9.1846
49.435000,-0.9115
49.440000,-6.8460
49.445000,-9.8416
49.450000,-0.5921
49.455000,15.8923
49.460000,10.4437
49.465000,8.1899
49.470000,18.4386
49.475000,1.0447
49.480000,6.9920
49.485000,13.3466
49.490000,2.4265
49.495000,-13.0071
49.500000,2.2472
49.505000,3.4368
49.510000,-13.8767
49.515000,-9.6725
49.520000,3.4559
49.525000,-10.8273
49.530000,-11.2553
49.535000,-0.1383
49.540000,2.9519
49.545000,-2.1979
49.550000,11.1233
49.555000,22.7382
49.560000,10.6155
49.565000,4.9761
49.570000,14.8385
49.575000,1.3298
49.580000,-2.5842
49.585000,10.8586
49.590000,3.3549
49.595000,-15.3060
49.600000,-12.7007
49.605000,2.5840
49.610000,-7.3368
49.615000,-3.4653
49.620000,13.7460
49.625000,-8.9832
49.630000,-0.5983
49.635000,10.5156
49.640000,3.4060
49.645000,-4.9632
49.650000,4.4558
49.655000,9.9611
49.660000,0.3111
49.665000,-7.5404
49.670000,4.1589
49.675000,-8.3488
49.680000,-16.1647
49.685000,0.6307
49.690000,-2.0736
49.695000,-24.0638
49.700000,-14.0016
49.705000,-12.3891
49.710000,-36.7696
49.715000,-23.9088
49.720000,-13.8887
49.725000,-22.1485
49.730000,-27.0754
49.735000,-17.9438
49.740000,-16.6074
49.745000,-33.9458
49.750000,-8.5333
49.755000,-4.9806
49.760000,-21.3488
49.765000,-11.3941
49.770000,-8.1173
49.775000,-18.8578
49.780000,-26.3640
49.785000,-15.3073
49.790000,-17.3776
49.795000,-39.1086
49.800000,-34.9099
49.805000,-35.0525
49.810000,-40.2044
49.815000,-45.0646
49.820000,-31.7671
49.825000,-53.4965
49.830000,-43.8339
49.835000,-16.2433
49.840000,-27.5095
49.845000,-24.2720
49.850000,-26.4030
49.855000,-16.3345
49.860000,-16.8757
49.865000,-12.7652
49.870000,1.2332
49.875000,-17.3703
49.880000,-34.0937
49.885000,-12.2211
49.890000,-23.4582
49.895000,-31.7250
49.900000,-18.1184
49.905000,-11.9568
49.910000,-38.5392
49.915000,-37.0106
49.920000,-25.9705
49.925000,-39.3902
49.930000,-41.2902
49.935000,-20.4326
49.940000,-29.8916
49.945000,-46.2443
49.950000,-21.1840
49.955000,-20.4908
49.960000,-29.9132
49.965000,-16.2030
49.970000,-9.5327
49.975000,-23.6487
49.980000,-27.7231
49.985000,-17.1089
49.990000,-22.2042
49.995000,-38.5812
50.000000,-22.6733
50.005000,-23.5418
50.010000,-40.5011
50.015000,-33.5659
50.020000,-8.4913
50.025000,-16.1161
50.030000,-7.2803
50.035000,7.6614
50.040000,8.3521
50.045000,-3.7537
50.050000,10.7003
50.055000,10.8278
50.060000,-2.4381
50.065000,7.4601
50.070000,9.6884
50.075000,3.7684
50.080000,5.4319
50.085000,17.6776
50.090000,1.8404
50.095000,-14.1706
50.100000,4.0328
50.105000,2.6000
50.110000,-19.3565
50.115000,-1.1474
50.120000,19.9945
50.125000,1.6857
50.130000,-3.3500
50.135000,27.0848
50.140000,27.6447
50.145000,11.1852
50.150000,27.2184
50.155000,35.7291
50.160000,30.4113
50.165000,37.4466
50.170000,46.1593
50.175000,32.6463
50.180000,25.9286
50.185000,31.2347
50.190000,25.6211
50.195000,13.1804
50.200000,28.5384
50.205000,27.9146
50.210000,6.3957
50.215000,18.9781
50.220000,25.0173
50.225000,14.3052
50.230000,3.1112
50.235000,34.9736
50.240000,22.3452
50.245000,20.5248
50.250000,33.0039
50.255000,50.1657
50.260000,24.8261
50.265000,24.0948
50.270000,41.4017
50.275000,21.0334
50.280000,14.1007
50.285000,25.5345
50.290000,15.4120
50.295000,7.0681
50.300000,20.1300
50.305000,20.0423
50.310000,1.9487
50.315000,3.2828
50.320000,12.8260
50.325000,11.9136
50.330000,4.2364
50.335000,17.7925
50.340000,20.9006
50.345000,9.2881
50.350000,30.7319
50.355000,36.1424
50.360000,27.6634
50.365000,26.1475
50.370000,31.0487
50.375000,13.6023
50.380000,6.0439
50.385000,25.7338
50.390000,12.3545
50.395000,-1.1723
50.400000,1.8627
50.405000,3.1937
50.410000,-10.3645
50.415000,-9.7285
50.420000,2.9996
50.425000,-6.9240
50.430000,-15.7653
50.435000,1.0451
50.440000,-4.7678
50.445000,-11.6533
50.450000,-4.8767
50.455000,5.6818
50.460000,-1.7487
50.465000,-9.3891
50.470000,6.7920
50.475000,-14.9777
50.480000,-19.3892
50.485000,-7.3696
50.490000,-15.4796
50.495000,-32.3651
50.500000,-19.5608
50.505000,-21.3735
50.510000,-31.1047
50.515000,-20.7850
50.520000,-8.6844
50.525000,-25.9373
50.530000,-29.4078
50.535000,-13.0824
50.540000,-16.8510
50.545000,-23.7761
50.550000,-12.6230
50.555000,-0.8885
50.560000,-15.0296
50.565000,-17.2747
50.570000,-3.1030
50.575000,-11.9644
50.580000,-19.6571
50.585000,3.5632
50.590000,-8.0822
50.595000,-32.8300
50.600000,-14.4330
50.605000,-16.1105
50.610000,-14.0799
50.615000,-27.5262
50.620000,-10.2998
50.625000,-21.9565
50.630000,-22.2756
50.635000,-7.6321
50.640000,-4.3648
50.645000,-7.1237
50.650000,6.5876
50.655000,13.2758
50.660000,-0.5477
50.665000,3.9153
50.670000,26.5109
50.675000,11.8847
50.680000,2.5984
50.685000,7.7629
50.690000,5.8780
50.695000,-10.0189
50.700000,-10.4363
50.705000,8.7075
50.710000,-10.9316
50.715000,3.2242
50.720000,17.0601
50.725000,12.1047
50.730000,14.4291
50.735000,18.7113
50.740000,26.6447
50.745000,8.8309
50.750000,37.2594
50.755000,50.3053
50.760000,32.6315
50.765000,39.1751
50.770000,44.4288
50.775000,28.4340
50.780000,18.3969
50.785000,31.3275
50.790000,25.4387
50.795000,15.7490
50.800000,38.6814
50.805000,28.4654
50.810000,14.3165
50.815000,17.5275
50.820000,30.8200
50.825000,13.4888
50.830000,23.5781
50.835000,41.4895
50.840000,41.2477
50.845000,31.7872
50.850000,43.0300
50.855000,43.1742
50.860000,35.1275
50.865000,42.2495
50.870000,62.7591
50.875000,40.8537
50.880000,32.1521
50.885000,47.6380
50.890000,37.0138
50.895000,23.4106
50.900000,30.6797
50.905000,39.1796
50.910000,11.8308
50.915000,24.6648
50.920000,36.0152
50.925000,29.3377
50.930000,21.1794
50.935000,35.3124
50.940000,30.0578
50.945000,27.3797
50.950000,44.1935
50.955000,52.4092
50.960000,36.7265
50.965000,37.2385
50.970000,58.1272
50.975000,37.9305
50.980000,21.9130
50.985000,33.7223
50.990000,20.5487
50.995000,8.8014
51.000000,14.9052
51.005000,5.0761
51.010000,-6.7555
51.015000,-3.2096
51.020000,1.7909
51.025000,-17.0536
51.030000,-9.9899
51.035000,4.2812
51.040000,-2.5585
51.045000,1.0740
51.050000,11.4149
51.055000,17.3423
51.060000,0.3409
51.065000,18.1920
51.070000,24.2059
51.075000,8.6932
51.080000,9.2236
51.085000,17.5892
51.090000,-4.8806
51.095000,-18.6880
51.100000,-7.3591
51.105000,-5.7444
51.110000,-13.6159
51.115000,-20.9016
51.120000,-8.3570
51.125000,-16.3467
51.130000,-13.0308
51.135000,6.1586
51.140000,1.8683
51.145000,-1.2398
51.150000,14.4026
51.155000,14.3219
51.160000,-4.7968
51.165000,-5.3571
51.170000,9.5879
51.175000,-5.1364
51.180000,-9.2282
51.185000,-16.8280
51.190000,-12.2819
51.195000,-27.1206
51.200000,-21.5842
51.205000,-23.6974
51.210000,-42.8165
51.215000,-34.6825
51.220000,-25.5085
51.225000,-28.2790
51.230000,-35.7197
51.235000,-15.7655
51.240000,-17.0247
51.245000,-22.9244
51.250000,2.8753
51.255000,10.0046
51.260000,-7.9891
51.265000,-2.5199
51.270000,10.2272
51.275000,-0.7594
51.280000,-5.9279
51.285000,4.3180
51.290000,-6.9029
51.295000,-14.9207
51.300000,-13.7732
51.305000,-7.3905
51.310000,-17.3182
51.315000,-18.9572
51.320000,-9.0332
51.325000,-19.1162
51.330000,-16.1335
51.335000,13.8525
51.340000,13.3752
51.345000,4.3476
51.350000,18.8917
51.355000,21.7031
51.360000,13.4422
51.365000,21.6429
51.370000,35.8231
51.375000,22.5906
51.380000,11.8071
51.385000,22.9596
51.390000,17.9841
51.395000,-0.8986
51.400000,16.5742
51.405000,21.0868
51.410000,-2.0515
51.415000,8.5633
51.420000,26.1423
51.425000,10.6388
51.430000,10.9620
51.435000,38.1286
51.440000,23.8461
51.445000,25.1070
51.450000,54.4930
51.455000,49.0722
51.460000,31.8376
51.465000,41.2986
51.470000,50.9193
51.475000,40.0923
51.480000,16.9906
51.485000,39.2902
51.490000,27.5428
51.495000,22.0952
51.500000,29.8436
51.505000,29.8883
51.510000,6.5373
51.515000,21.3618
51.520000,34.9158
51.525000,15.7378
51.530000,23.1235
51.535000,44.7795
51.540000,43.4054
51.545000,24.4447
51.550000,41.6868
51.555000,45.9013
51.560000,31.2202
51.565000,37.8532
51.570000,50.6865
51.575000,43.3387
51.580000,40.9042
51.585000,49.1571
51.590000,29.6604
51.595000,20.3607
51.600000,21.3965
51.605000,20.6696
51.610000,-8.8338
51.615000,0.8692
51.620000,8.7504
51.625000,1.6849
51.630000,-4.8827
51.635000,13.9290
51.640000,12.5386
51.645000,9.4311
51.650000,22.0045
51.655000,24.0900
51.660000,7.5337
51.665000,19.0106
51.670000,16.8306
51.675000,4.3013
51.680000,7.1728
51.685000,17.7465
51.690000,5.8196
51.695000,-15.1152
51.700000,-2.7833
51.705000,-13.7408
51.710000,-19.3104
51.715000,-22.6201
51.720000,-15.3011
51.725000,-12.0961
51.730000,-19.1524
51.735000,-8.3372
51.740000,-5.0011
51.745000,-11.6103
51.750000,2.3795
51.755000,12.8519
51.760000,-9.0488
51.765000,-6.3433
51.770000,2.8931
51.775000,-21.0254
51.780000,-21.2959
51.785000,-6.4160
51.790000,-18.5878
51.795000,-48.0682
51.800000,-31.0024
51.805000,-24.0980
51.810000,-40.3742
51.815000,-34.4073
51.820000,-30.8211
51.825000,-42.4101
51.830000,-41.0656
51.835000,-28.2534
51.840000,-33.4626
51.845000,-44.5342
51.850000,-26.1698
51.855000,-18.9784
51.860000,-24.4349
51.865000,-34.2163
51.870000,-15.8925
51.875000,-22.2407
51.880000,-26.8377
51.885000,-14.5602
51.890000,-33.2872
51.895000,-38.7312
51.900000,-36.6266
51.905000,-31.5145
51.910000,-49.8600
51.915000,-38.4537
51.920000,-30.3772
51.925000,-30.8577
51.930000,-48.0001
51.935000,-23.7022
51.940000,-17.8895
51.945000,-32.7974
51.950000,-16.4069
51.955000,-0.7681
51.960000,-15.7280
51.965000,-24.0367
51.970000,2.1197
51.975000,-8.8684
51.980000,-16.2892
51.985000,-4.4047
51.990000,-18.0691
51.995000,-28.9184
52.000000,-11.0755
52.005000,-3.2068
52.010000,-21.1143
52.015000,-7.4660
52.020000,5.2960
52.025000,-3.1315
52.030000,-8.9922
52.035000,7.2395
52.040000,2.5857
52.045000,0.4779
52.050000,13.5396
52.055000,30.7062
52.060000,12.9228
52.065000,18.7594
52.070000,36.7428
52.075000,17.0828
52.080000,20.1088
52.085000,36.7700
52.090000,18.6710
52.095000,7.3824
52.100000,5.8359
52.105000,7.3651
52.110000,5.9605
52.115000,12.8322
52.120000,26.2084
52.125000,16.1594
52.130000,27.4085
52.135000,43.1542
52.140000,45.0281
52.145000,31.1155
52.150000,44.7788
52.155000,51.3653
52.160000,39.7962
52.165000,47.4221
52.170000,46.1877
52.175000,37.9923
52.180000,31.4123
52.185000,40.5504
52.190000,31.1553
52.195000,14.8729
52.200000,24.6712
52.205000,36.9660
52.210000,20.8595
52.215000,9.8959
52.220000,31.1537
52.225000,14.7154
52.230000,14.8670
52.235000,33.8356
52.240000,29.1422
52.245000,22.2093
52.250000,37.2475
52.255000,32.9195
52.260000,16.5341
52.265000,18.7071
52.270000,19.2627
52.275000,9.2857
52.280000,2.3504
52.285000,12.3232
52.290000,5.4961
52.295000,-7.6705
52.300000,2.8065
52.305000,0.3480
52.310000,-29.3389
52.315000,-28.9795
52.320000,-15.5445
52.325000,-13.5922
52.330000,-21.8491
52.335000,5.0315
52.340000,-6.1193
52.345000,-8.0586
52.350000,1.2087
52.355000,0.3363
52.360000,-12.9052
52.365000,-9.6370
52.370000,-3.7291
52.375000,-10.4675
52.380000,-29.2942
52.385000,-20.9470
52.390000,-28.1372
52.395000,-37.4756
52.400000,-34.1422
52.405000,-32.5243
52.410000,-44.4236
52.415000,-31.6612
52.420000,-30.8064
52.425000,-34.1865
52.430000,-39.0070
52.435000,-26.3037
52.440000,-29.9626
52.445000,-31.3908
52.450000,-25.7906
52.455000,-9.3204
52.460000,-24.3425
52.465000,-23.1481
52.470000,-20.2051
52.475000,-38.6559
52.480000,-48.1984
52.485000,-29.3667
52.490000,-36.9034
52.495000,-59.9251
52.500000,-34.9546
52.505000,-43.4428
52.510000,-64.8139
52.515000,-58.4025
52.520000,-53.9549
52.525000,-57.1221
52.530000,-55.4808
52.535000,-37.3107
52.540000,-40.7180
52.545000,-53.5859
52.550000,-45.2750
52.555000,-39.8342
52.560000,-47.6390
52.565000,-34.7785
52.570000,-21.2099
52.575000,-35.0626
52.580000,-39.4603
52.585000,-32.7260
52.590000,-31.2314
52.595000,-59.6658
52.600000,-44.1944
52.605000,-40.4000
52.610000,-54.5338
52.615000,-40.9203
52.620000,-35.2883
52.625000,-46.0801
52.630000,-50.7458
52.635000,-29.8761
52.640000,-35.7935
52.645000,-43.9327
52.650000,-12.5901
52.655000,3.7397
52.660000,-13.6343
52.665000,-9.4432
52.670000,7.8976
52.675000,-11.9412
52.680000,-11.1214
52.685000,2.1994
52.690000,-6.9348
52.695000,-23.4558
52.700000,-8.5205
52.705000,-0.2997
52.710000,-19.0428
52.715000,-15.4791
52.720000,5.7836
52.725000,-6.6320
52.730000,2.3460
52.735000,19.8004
52.740000,12.7297
52.745000,8.2520
52.750000,24.5671
52.755000,42.0139
52.760000,18.3618
52.765000,35.3741
52.770000,38.8935
52.775000,38.5762
52.780000,26.0273
52.785000,40.7772
52.790000,34.6596
52.795000,20.3144
52.800000,30.0016
52.805000,37.0050
52.810000,12.7751
52.815000,21.4292
52.820000,33.9780
52.825000,21.4977
52.830000,25.8582
52.835000,41.4228
52.840000,38.9363
52.845000,41.8148
52.850000,56.5970
52.855000,55.8535
52.860000,35.4443
52.865000,34.9715
52.870000,48.3852
52.875000,37.6655
52.880000,41.6179
52.885000,43.0681
52.890000,37.4768
52.895000,21.7845
52.900000,31.6339
52.905000,42.1102
52.910000,19.7697
52.915000,33.5632
52.920000,34.4732
52.925000,17.4200
52.930000,20.0973
52.935000,30.6825
52.940000,25.5314
52.945000,15.1735
52.950000,24.4825
52.955000,35.6659
52.960000,18.7316
52.965000,20.5025
52.970000,29.2054
52.975000,17.7001
52.980000,2.4708
52.985000,18.0263
52.990000,10.6860
52.995000,-20.9550
53.000000,10.3179
53.005000,13.4305
53.010000,-17.3286
53.015000,-21.4290
53.020000,1.0441
53.025000,-10.8823
53.030000,-10.7503
53.035000,-3.2301
53.040000,-15.5248
53.045000,-18.3009
53.050000,-1.0581
53.055000,2.0396
53.060000,-19.9722
53.065000,-20.0957
53.070000,-10.9716
53.075000,-22.7453
53.080000,-26.5437
53.085000,-11.9203
53.090000,-30.1286
53.095000,-26.6808
53.100000,-23.9788
53.105000,-26.0341
53.110000,-42.3177
53.115000,-44.5456
53.120000,-28.1601
53.125000,-43.6090
53.130000,-56.5919
53.135000,-32.6817
53.140000,-39.5866
53.145000,-51.3053
53.150000,-41.3681
53.155000,-30.4353
53.160000,-32.4504
53.165000,-33.0532
53.170000,-13.1856
53.175000,-33.9620
53.180000,-45.1009
53.185000,-27.1678
53.190000,-38.7561
53.195000,-46.5999
53.200000,-38.7665
53.205000,-37.8065
53.210000,-50.8424
53.215000,-49.3471
53.220000,-30.7721
53.225000,-40.9262
53.230000,-49.4514
53.235000,-24.4632
53.240000,-20.4972
53.245000,-21.0290
53.250000,-21.2471
53.255000,-14.7990
53.260000,-39.6455
53.265000,-24.2226
53.270000,-15.8896
53.275000,-20.1604
53.280000,-33.1787
53.285000,-12.0444
53.290000,-13.2825
53.295000,-29.7798
53.300000,-18.9523
53.305000,-14.1925
53.310000,-19.9534
53.315000,-20.3779
53.320000,-1.8724
53.325000,-5.0269
53.330000,-9.9088
53.335000,8.2923
53.340000,-1.8870
53.345000,-10.5386
53.350000,14.5697
53.355000,21.3848
53.360000,7.4198
53.365000,16.7690
53.370000,33.2121
53.375000,22.1545
53.380000,21.2705
53.385000,31.3253
53.390000,29.3350
53.395000,20.1837
53.400000,26.3811
53.405000,25.5067
53.410000,9.9586
53.415000,5.6167
53.420000,24.5728
53.425000,9.1364
53.430000,5.5422
53.435000,12.3183
53.440000,16.1035
53.445000,8.5104
53.450000,26.9506
53.455000,40.8311
53.460000,24.2821
53.465000,26.2109
53.470000,35.9920
53.475000,22.6314
53.480000,27.3635
53.485000,32.9183
53.490000,22.1510
53.495000,16.3274
53.500000,21.1082
53.505000,30.6850
53.510000,12.9862
53.515000,15.8862
53.520000,21.6157
53.525000,12.4704
53.530000,-0.4201
53.535000,28.0858
53.540000,18.5162
53.545000,16.2710
53.550000,25.1099
53.555000,34.9318
53.560000,17.9215
53.565000,23.3561
53.570000,37.4277
53.575000,17.8791
53.580000,9.7873
53.585000,24.2465
53.590000,18.7915
53.595000,5.3079
53.600000,6.2710
53.605000,15.8100
53.610000,-1.5178
53.615000,1.6831
53.620000,17.4483
53.625000,2.0608
53.630000,-3.4949
53.635000,24.1843
53.640000,15.9198
53.645000,11.6957
53.650000,13.2294
53.655000,23.7041
53.660000,2.3701
53.665000,-2.1910
53.670000,10.2120
53.675000,-7.2206
53.680000,-14.3905
53.685000,-3.5351
53.690000,-0.9596
53.695000,-18.9763
53.700000,-23.8712
53.705000,-19.2376
53.710000,-42.3532
53.715000,-34.5017
53.720000,-25.3823
53.725000,-30.4657
53.730000,-31.7638
53.735000,-25.5933
53.740000,-30.4058
53.745000,-44.2663
53.750000,-28.4543
53.755000,-12.0617
53.760000,-28.9162
53.765000,-30.1412
53.770000,-21.1695
53.775000,-34.0304
53.780000,-52.1248
53.785000,-34.9629
53.790000,-43.7390
53.795000,-52.6037
53.800000,-54.4466
53.805000,-50.0661
53.810000,-64.6846
53.815000,-62.2397
53.820000,-47.2990
53.825000,-61.7602
53.830000,-60.8058
53.835000,-47.1091
53.840000,-46.7268
53.845000,-53.1932
53.850000,-46.1063
53.855000,-43.4028
53.860000,-49.6742
53.865000,-38.2790
53.870000,-21.8613
53.875000,-39.1228
53.880000,-43.6527
53.885000,-28.9607
53.890000,-42.7153
53.895000,-52.7091
53.900000,-34.4743
53.905000,-31.5588
53.910000,-54.1750
53.915000,-47.6140
53.920000,-39.0284
53.925000,-47.4177
53.930000,-57.1597
53.935000,-35.9059
53.940000,-39.7169
53.945000,-52.8784
53.950000,-38.9373
53.955000,-31.6897
53.960000,-39.9218
53.965000,-30.9089
53.970000,-18.8887
53.975000,-24.8194
53.980000,-25.7815
53.985000,-17.5337
53.990000,-26.0628
53.995000,-43.3390
54.000000,-22.4560
54.005000,-18.9811
54.010000,-33.3397
54.015000,-17.9998
54.020000,-4.8407
54.025000,-8.5059
54.030000,-2.8491
54.035000,5.2899
54.040000,10.9050
54.045000,-0.4719
54.050000,10.0189
54.055000,18.5343
54.060000,12.1656
54.065000,9.3824
54.070000,25.6294
54.075000,14.8804
54.080000,11.4218
54.085000,21.5229
54.090000,11.3989
54.095000,-3.4717
54.100000,11.0651
54.105000,18.2973
54.110000,7.4287
54.115000,13.0636
54.120000,42.8990
54.125000,24.6173
54.130000,23.7147
54.135000,52.7414
54.140000,40.3773
54.145000,35.1286
54.150000,51.9891
54.155000,46.4303
54.160000,46.4112
54.165000,51.6495
54.170000,58.0597
54.175000,50.6416
54.180000,42.3151
54.185000,51.1916
54.190000,44.9589
54.195000,29.3290
54.200000,50.2851
54.205000,44.6921
54.210000,23.8071
54.215000,26.1237
54.220000,39.9354
54.225000,33.3289
54.230000,27.8747
54.235000,44.4630
54.240000,35.7892
54.245000,33.2730
54.250000,47.8524
54.255000,57.9685
54.260000,32.7884
54.265000,30.8592
54.270000,51.7774
54.275000,30.1309
54.280000,20.8973
54.285000,27.7408
54.290000,24.5306
54.295000,12.3487
54.300000,26.0651
54.305000,21.8274
54.310000,13.4017
54.315000,7.0329
54.320000,13.3149
54.325000,8.3053
54.330000,9.9254
54.335000,22.3940
54.340000,18.1820
54.345000,11.9534
54.350000,25.2706
54.355000,38.5087
54.360000,13.1031
54.365000,32.4088
54.370000,27.1607
54.375000,12.9536
54.380000,1.8704
54.385000,7.0189
54.390000,4.2393
54.395000,-10.3520
54.400000,-9.7684
54.405000,-11.2893
54.410000,-18.9447
54.415000,-18.3888
54.420000,-0.9089
54.425000,-15.9735
54.430000,-27.3944
54.435000,-6.9886
54.440000,-12.2201
54.445000,-28.0537
54.450000,-13.0495
54.455000,-8.0543
54.460000,-23.0103
54.465000,-12.4483
54.470000,-15.5252
54.475000,-29.6197
54.480000,-34.9150
54.485000,-13.6535
54.490000,-24.7013
54.495000,-35.1419
54.500000,-31.1607
54.505000,-32.8614
54.510000,-48.1435
54.515000,-39.7510
54.520000,-22.2180
54.525000,-31.3151
54.530000,-48.2868
54.535000,-21.9232
54.540000,-23.3668
54.545000,-34.2743
54.550000,-23.4122
54.555000,-13.7829
54.560000,-26.0587
54.565000,-19.5936
54.570000,-7.7486
54.575000,-27.5043
54.580000,-18.8807
54.585000,-10.4718
54.590000,-11.4971
54.595000,-42.5342
54.600000,-18.3562
54.605000,-26.2648
54.610000,-30.8264
54.615000,-26.2253
54.620000,-16.2911
54.625000,-35.0151
54.630000,-21.9511
54.635000,-3.9044
54.640000,-10.6549
54.645000,-25.6818
54.650000,-5.0528
54.655000,7.4420
54.660000,4.9626
54.665000,5.3828
54.670000,16.3653
54.675000,11.7336
54.680000,-1.5280
54.685000,10.2221
54.690000,-0.0199
54.695000,-6.9251
54.700000,-4.7171
54.705000,4.6972
54.710000,-4.4646
54.715000,7.0191
54.720000,34.3831
54.725000,18.8647
54.730000,19.5637
54.735000,29.4230
54.740000,31.3731
54.745000,16.6846
54.750000,37.1814
54.755000,44.2573
54.760000,38.3959
54.765000,46.0051
54.770000,53.5040
54.775000,33.6083
54.780000,20.5027
54.785000,42.0601
54.790000,30.4616
54.795000,21.2190
54.800000,33.0376
54.805000,30.6622
54.810000,11.7066
54.815000,21.1129
54.820000,39.8339
54.825000,18.1121
54.830000,17.8702
54.835000,46.4632
54.840000,37.1410
54.845000,34.4871
54.850000,44.4405
54.855000,47.5741
54.860000,44.8445
54.865000,47.4591
54.870000,66.7688
54.875000,40.3772
54.880000,35.3817
54.885000,53.5970
54.890000,34.9897
54.895000,21.1087
54.900000,31.4760
54.905000,43.7362
54.910000,17.3236
54.915000,22.1825
54.920000,32.9581
54.925000,30.5597
54.930000,18.9325
54.935000,37.4266
54.940000,36.6518
54.945000,36.1499
54.950000,52.1360
54.955000,53.0983
54.960000,31.3135
54.965000,42.8422
54.970000,54.3311
54.975000,40.6153
54.980000,22.6063
54.985000,26.4060
54.990000,13.1115
54.995000,5.6173
55.000000,2.6230
55.005000,14.1176
55.010000,-6.8166
55.015000,-0.8603
55.020000,3.6555
55.025000,-13.7888
55.030000,-15.9911
55.035000,6.6577
55.040000,11.0668
55.045000,5.8761
55.050000,9.2775
55.055000,16.0650
55.060000,8.1225
55.065000,12.1509
55.070000,28.0749
55.075000,9.1081
55.080000,-8.3162
55.085000,10.9290
55.090000,4.3144
55.095000,-17.0058
55.100000,-7.6507
55.105000,-2.6126
55.110000,-28.3752
55.115000,-10.8069
55.120000,-7.1778
55.125000,-13.9608
55.130000,-19.3514
55.135000,-0.5310
55.140000,8.8199
55.145000,0.9724
55.150000,12.6689
55.155000,28.3827
55.160000,0.2936
55.165000,6.8164
55.170000,9.6464
55.175000,1.2663
55.180000,-8.1142
55.185000,-12.1309
55.190000,-19.4747
55.195000,-23.1016
55.200000,-11.0517
55.205000,-20.8234
55.210000,-32.0302
55.215000,-30.3834
55.220000,-12.3472
55.225000,-33.4476
55.230000,-30.5435
55.235000,-17.6782
55.240000,-20.4433
55.245000,-23.6759
55.250000,-0.9777
55.255000,10.8897
55.260000,-7.7839
55.265000,-3.2318
55.270000,11.3466
55.275000,-7.1801
55.280000,-5.3842
55.285000,11.9152
55.290000,-5.4164
55.295000,-25.8192
55.300000,-10.2913
55.305000,5.8385
55.310000,-18.9802
55.315000,-9.0817
55.320000,-7.5349
55.325000,-17.1497
55.330000,-15.8657
55.335000,11.6328
55.340000,11.6145
55.345000,5.1377
55.350000,16.5469
55.355000,31.4040
55.360000,12.8443
55.365000,15.8036
55.370000,34.2200
55.375000,11.2207
55.380000,9.7309
55.385000,24.8181
55.390000,15.7301
55.395000,0.9399
55.400000,16.3222
55.405000,13.4710
55.410000,-0.1816
55.415000,8.2157
55.420000,17.9778
55.425000,8.3083
55.430000,-1.5841
55.435000,32.1570
55.440000,20.6981
55.445000,16.1656
55.450000,43.2615
55.455000,38.8543
55.460000,25.3723
55.465000,37.6090
55.470000,36.9649
55.475000,28.7366
55.480000,22.7343
55.485000,34.2693
55.490000,24.9242
55.495000,9.6312
55.500000,5.5569
55.505000,16.7619
55.510000,2.9262
55.515000,8.7734
55.520000,23.1505
55.525000,13.7875
55.530000,22.1229
55.535000,37.8814
55.540000,39.5682
55.545000,19.0395
55.550000,32.5110
55.555000,40.8897
55.560000,16.3442
55.565000,35.4963
55.570000,47.3716
55.575000,33.9865
55.580000,34.9810
55.585000,42.2670
55.590000,20.5671
55.595000,10.1663
55.600000,7.1510
55.605000,10.2311
55.610000,-8.4002
55.615000,-18.6450
55.620000,6.5799
55.625000,-12.0875
55.630000,-16.1653
55.635000,10.2908
55.640000,15.3783
55.645000,1.4726
55.650000,22.3996
55.655000,16.1091
55.660000,4.0344
55.665000,11.9455
55.670000,19.7333
55.675000,7.4290
55.680000,8.9567
55.685000,17.2153
55.690000,2.3153
55.695000,-17.3713
55.700000,2.9646
55.705000,-9.9101
55.710000,-29.6990
55.715000,-13.1823
55.720000,1.6877
55.725000,-11.8499
55.730000,-14.7658
55.735000,2.6098
55.740000,2.4255
55.745000,-3.5920
55.750000,11.4737
55.755000,14.1027
55.760000,4.3368
55.765000,9.2221
55.770000,16.9663
55.775000,-5.1919
55.780000,-4.2793
55.785000,4.1815
55.790000,-4.9185
55.795000,-25.8696
55.800000,-22.6522
55.805000,-9.9908
55.810000,-26.1059
55.815000,-25.2321
55.820000,-8.1749
55.825000,-29.4261
55.830000,-33.9617
55.835000,-11.4122
55.840000,-17.9868
55.845000,-31.0467
55.850000,-2.3751
55.855000,3.6473
55.860000,-23.3629
55.865000,-12.4187
55.870000,4.2524
55.875000,-8.5167
55.880000,-11.5148
55.885000,-6.7883
55.890000,-10.9910
55.895000,-31.5511
55.900000,-13.9429
55.905000,-23.2785
55.910000,-33.3957
55.915000,-21.0063
55.920000,-18.9844
55.925000,-28.3651
55.930000,-30.7062
55.935000,-5.5516
55.940000,-6.3261
55.945000,-21.8390
55.950000,-4.2862
55.955000,4.7525
55.960000,-8.1795
55.965000,-4.3677
55.970000,1.7653
55.975000,-1.2062
55.980000,-13.6040
55.985000,-0.8033
55.990000,-9.9644
55.995000,-28.5433
56.000000,-10.7188
56.005000,-3.5657
56.010000,-21.3700
56.015000,-7.3290
56.020000,1.5292
56.025000,-13.3027
56.030000,-16.2781
56.035000,2.1083
56.040000,-1.2231
56.045000,-4.8176
56.050000,9.3303
56.055000,28.4712
56.060000,17.4240
56.065000,9.6295
56.070000,29.4591
56.075000,7.8940
56.080000,6.7213
56.085000,19.7432
56.090000,6.8719
56.095000,-4.9662
56.100000,-4.2799
56.105000,-2.4075
56.110000,-19.7545
56.115000,-0.1856
56.120000,15.0649
56.125000,-3.0634
56.130000,-5.9251
56.135000,18.4761
56.140000,22.9855
56.145000,13.4758
56.150000,35.5853
56.155000,35.4151
56.160000,12.2291
56.165000,25.8523
56.170000,40.3552
56.175000,20.5752
56.180000,12.4430
56.185000,23.1564
56.190000,15.2903
56.195000,-6.1303
56.200000,8.1900
56.205000,10.8074
56.210000,0.5276
56.215000,-5.5187
56.220000,10.2009
56.225000,-7.9717
56.230000,-11.3951
56.235000,15.1893
56.240000,9.1136
56.245000,3.4993
56.250000,20.3309
56.255000,20.7329
56.260000,-0.3608
56.265000,7.7805
56.270000,17.9406
56.275000,-0.9244
56.280000,0.9880
56.285000,5.3691
56.290000,3.4056
56.295000,-17.0500
56.300000,-8.6243
56.305000,-15.7721
56.310000,-34.0108
56.315000,-32.0355
56.320000,-15.8148
56.325000,-19.7269
56.330000,-18.7414
56.335000,-2.2020
56.340000,-2.6574
56.345000,-11.7264
56.350000,-2.7326
56.355000,6.2244
56.360000,-8.2338
56.365000,-10.0272
56.370000,0.9926
56.375000,-9.8225
56.380000,-22.4197
56.385000,-19.3475
56.390000,-24.4566
56.395000,-32.5409
56.400000,-25.3864
56.405000,-21.4940
56.410000,-26.7408
56.415000,-24.9264
56.420000,-16.1121
56.425000,-24.5727
56.430000,-16.6377
56.435000,-2.2490
56.440000,-6.1867
56.445000,-21.8140
56.450000,-5.5391
56.455000,2.7511
56.460000,-15.8150
56.465000,3.3591
56.470000,12.2815
56.475000,-23.8690
56.480000,-17.1523
56.485000,-2.5256
56.490000,-13.4444
56.495000,-32.2728
56.500000,-16.4456
56.505000,-22.3687
56.510000,-40.3845
56.515000,-34.3416
56.520000,-24.1596
56.525000,-38.4080
56.530000,-45.5551
56.535000,-15.3984
56.540000,-23.2748
56.545000,-28.0745
56.550000,-27.8187
56.555000,-13.5829
56.560000,-29.1604
56.565000,-18.1903
56.570000,-2.7164
56.575000,-26.3707
56.580000,-28.8446
56.585000,0.1121
56.590000,-21.8812
56.595000,-41.5681
56.600000,-24.3291
56.605000,-24.1218
56.610000,-35.2114
56.615000,-27.5737
56.620000,-28.9247
56.625000,-39.2904
56.630000,-36.1876
56.635000,-26.4652
56.640000,-29.7981
56.645000,-33.1063
56.650000,-7.6557
56.655000,0.2862
56.660000,-8.7122
56.665000,-12.2607
56.670000,10.5840
56.675000,-6.2828
56.680000,-6.1228
56.685000,5.3445
56.690000,-5.6588
56.695000,-15.3531
56.700000,-4.3933
56.705000,-2.7365
56.710000,-22.0162
56.715000,-16.2233
56.720000,-8.5186
56.725000,-13.7596
56.730000,-9.8378
56.735000,14.7770
56.740000,0.0435
56.745000,5.3007
56.750000,18.2942
56.755000,30.7843
56.760000,2.3854
56.765000,11.2945
56.770000,22.5277
56.775000,9.2455
56.780000,15.2985
56.785000,24.2518
56.790000,16.6019
56.795000,3.8304
56.800000,14.6546
56.805000,14.7214
56.810000,-8.2069
56.815000,3.1773
56.820000,15.3325
56.825000,-3.1996
56.830000,-6.9243
56.835000,26.5096
56.840000,18.5411
56.845000,15.0077
56.850000,33.5668
56.855000,28.2811
56.860000,13.5596
56.865000,16.0223
56.870000,27.1809
56.875000,15.4327
56.880000,13.5432
56.885000,28.3022
56.890000,19.9575
56.895000,8.9984
56.900000,20.5835
56.905000,20.0737
56.910000,6.1417
56.915000,7.2787
56.920000,16.6536
56.925000,-2.6725
56.930000,5.9748
56.935000,18.8243
56.940000,13.9187
56.945000,-1.8262
56.950000,16.0502
56.955000,25.4900
56.960000,1.0122
56.965000,15.5132
56.970000,23.2236
56.975000,-14.3261
56.980000,-7.0472
56.985000,16.3488
56.990000,3.4604
56.995000,-14.4866
57.000000,0.9759
57.005000,5.3910
57.010000,-19.7420
57.015000,-18.1372
57.020000,-6.2137
57.025000,-7.2395
57.030000,-12.7154
57.035000,5.7279
57.040000,-9.7399
57.045000,-14.6485
57.050000,5.9641
57.055000,10.8803
57.060000,-6.8073
57.065000,0.1342
57.070000,1.8895
57.075000,-13.3759
57.080000,-5.7670
57.085000,-2.7920
57.090000,-19.8531
57.095000,-18.7990
57.100000,-7.0888
57.105000,-5.2050
57.110000,-24.3343
57.115000,-28.8234
57.120000,-8.5308
57.125000,-27.0377
57.130000,-36.5029
57.135000,-23.8904
57.140000,-23.2607
57.145000,-27.2325
57.150000,-14.2919
57.155000,-9.5644
57.160000,-12.1083
57.165000,-7.2315
57.170000,-3.6513
57.175000,-18.5013
57.180000,-17.5000
57.185000,-9.0571
57.190000,-15.6835
57.195000,-30.2514
57.200000,-20.5817
57.205000,-17.8323
57.210000,-22.4305
57.215000,-34.1064
57.220000,-24.9467
57.225000,-28.6302
57.230000,-23.5137
57.235000,-6.2968
57.240000,-5.7847
57.245000,-9.4260
57.250000,-4.6545
57.255000,-7.4188
57.260000,-18.8093
57.265000,-10.9232
57.270000,-4.8971
57.275000,-7.8010
57.280000,-11.0837
57.285000,-0.4699
57.290000,2.9054
57.295000,-22.0547
57.300000,1.4382
57.305000,-2.2083
57.310000,-13.1689
57.315000,-8.2639
57.320000,1.9336
57.325000,3.7903
57.330000,-6.6547
57.335000,0.9742
57.340000,2.4168
57.345000,-7.2856
57.350000,10.3421
57.355000,16.3946
57.360000,11.5565
57.365000,17.0097
57.370000,31.6007
57.375000,22.6014
57.380000,11.5806
57.385000,26.7096
57.390000,15.9088
57.395000,9.2482
57.400000,20.6961
57.405000,13.8453
57.410000,1.2661
57.415000,-4.4689
57.420000,2.6882
57.425000,-4.7782
57.430000,-15.0452
57.435000,3.7500
57.440000,-3.5641
57.445000,-6.8487
57.450000,6.4522
57.455000,20.9057
57.460000,16.9704
57.465000,5.6017
57.470000,29.3091
57.475000,12.0303
57.480000,8.3250
57.485000,20.5339
57.490000,-0.2293
57.495000,-3.5265
57.500000,10.1957
57.505000,8.9913
57.510000,3.2189
57.515000,5.0513
57.520000,11.7335
57.525000,-1.4817
57.530000,-3.3608
57.535000,11.2620
57.540000,10.9482
57.545000,-3.6530
57.550000,8.0320
57.555000,20.9637
57.560000,11.6627
57.565000,14.2754
57.570000,15.8320
57.575000,12.9378
57.580000,-2.7336
57.585000,13.9121
57.590000,5.1093
57.595000,-0.9232
57.600000,4.8769
57.605000,3.4106
57.610000,-4.2051
57.615000,1.6104
57.620000,15.7087
57.625000,-3.6037
57.630000,-2.0532
57.635000,13.9504
57.640000,5.6247
57.645000,-4.7032
57.650000,5.7771
57.655000,18.0848
57.660000,9.5383
57.665000,-6.4815
57.670000,0.3572
57.675000,-4.1232
57.680000,-9.6857
57.685000,-2.4813
57.690000,-8.5851
57.695000,-25.2362
57.700000,-21.0884
57.705000,-6.8940
57.710000,-37.1217
57.715000,-39.5052
57.720000,-16.3452
57.725000,-33.0567
57.730000,-24.9626
57.735000,-20.3746
57.740000,-21.6464
57.745000,-33.4655
57.750000,-22.9494
57.755000,-10.2525
57.760000,-33.2600
57.765000,-14.9925
57.770000,-21.5554
57.775000,-26.9532
57.780000,-46.3415
57.785000,-20.3578
57.790000,-32.1810
57.795000,-56.6067
57.800000,-39.4805
57.805000,-38.2730
57.810000,-53.7946
57.815000,-55.2797
57.820000,-45.7631
57.825000,-59.9621
57.830000,-47.4925
57.835000,-39.8331
57.840000,-43.9598
57.845000,-48.8076
57.850000,-28.7175
57.855000,-29.9844
57.860000,-34.3835
57.865000,-25.4799
57.870000,-3.2724
57.875000,-32.9960
57.880000,-28.4044
57.885000,-16.3582
57.890000,-28.9591
57.895000,-45.5118
57.900000,-24.2465
57.905000,-25.1309
57.910000,-56.4974
57.915000,-37.0961
57.920000,-36.1794
57.925000,-50.4691
57.930000,-49.0091
57.935000,-27.3889
57.940000,-39.0136
57.945000,-47.0767
57.950000,-30.2562
57.955000,-30.3077
57.960000,-36.9053
57.965000,-25.5971
57.970000,-22.3204
57.975000,-26.0445
57.980000,-27.5012
57.985000,-15.0085
57.990000,-28.6832
57.995000,-39.8714
58.000000,-33.6166
58.005000,-23.9173
58.010000,-38.4379
58.015000,-21.2260
58.020000,-2.8602
58.025000,-22.1147
58.030000,-8.7432
58.035000,12.0437
58.040000,6.9601
58.045000,-3.8523
58.050000,3.3686
58.055000,13.4806
58.060000,8.7788
58.065000,8.2741
58.070000,21.3717
58.075000,8.7402
58.080000,10.8883
58.085000,24.2516
58.090000,10.2522
58.095000,-6.4383
58.100000,10.6827
58.105000,14.7845
58.110000,2.8461
58.115000,8.9302
58.120000,30.3321
58.125000,13.4709
58.130000,18.1501
58.135000,41.0454
58.140000,49.8532
58.145000,33.0529
58.150000,46.2672
58.155000,44.3339
58.160000,46.1123
58.165000,43.3552
58.170000,52.8286
58.175000,48.1877
58.180000,43.1942
58.185000,47.9572
58.190000,29.7998
58.195000,10.6878
58.200000,49.4634
58.205000,50.4883
58.210000,26.1694
58.215000,24.9654
58.220000,50.6663
58.225000,33.5047
58.230000,23.5510
58.235000,42.8445
58.240000,37.6126
58.245000,36.1792
58.250000,43.7076
58.255000,54.1886
58.260000,36.5392
58.265000,40.3875
58.270000,41.2146
58.275000,27.8071
58.280000,18.7244
58.285000,33.2759
58.290000,31.2553
58.295000,19.4274
58.300000,29.6505
58.305000,27.0867
58.310000,6.6132
58.315000,8.9860
58.320000,16.1176
58.325000,12.6424
58.330000,14.4189
58.335000,19.0159
58.340000,22.2232
58.345000,10.6381
58.350000,25.5920
58.355000,29.9333
58.360000,15.0904
58.365000,19.2076
58.370000,26.7199
58.375000,9.6376
58.380000,-0.6313
58.385000,11.9431
58.390000,15.6694
58.395000,-14.2806
58.400000,-5.7128
58.405000,-0.2085
58.410000,-22.7960
58.415000,-14.0174
58.420000,-9.5826
58.425000,-16.6301
58.430000,-26.7251
58.435000,-7.3409
58.440000,-14.9869
58.445000,-28.6324
58.450000,-16.5737
58.455000,-16.7293
58.460000,-25.2121
58.465000,-26.4472
58.470000,-5.0154
58.475000,-26.5360
58.480000,-32.5983
58.485000,-22.3412
58.490000,-28.2073
58.495000,-47.7974
58.500000,-37.5698
58.505000,-32.9382
58.510000,-40.5281
58.515000,-39.8922
58.520000,-27.0217
58.525000,-39.1273
58.530000,-43.1074
58.535000,-32.3107
58.540000,-23.5400
58.545000,-38.4196
58.550000,-29.3079
58.555000,-11.8065
58.560000,-32.4009
58.565000,-32.0499
58.570000,-18.6398
58.575000,-32.6231
58.580000,-18.1297
58.585000,-9.7298
58.590000,-23.2642
58.595000,-34.9824
58.600000,-23.6810
58.605000,-17.6661
58.610000,-39.1831
58.615000,-27.9515
58.620000,-17.4293
58.625000,-31.6776
58.630000,-25.7136
58.635000,-7.8946
58.640000,-9.4497
58.645000,-22.0566
58.650000,-2.9234
58.655000,4.3873
58.660000,-3.5185
58.665000,4.7151
58.670000,25.3595
58.675000,7.9252
58.680000,3.6340
58.685000,9.4146
58.690000,3.8697
58.695000,-9.4389
58.700000,-7.8915
58.705000,14.5435
58.710000,3.0096
58.715000,9.9478
58.720000,31.7668
58.725000,24.3760
58.730000,17.2893
58.735000,31.1710
58.740000,44.3362
58.745000,22.4675
58.750000,35.0522
58.755000,57.1870
58.760000,39.8937
58.765000,44.1756
58.770000,67.3046
58.775000,45.8813
58.780000,35.6711
58.785000,46.8861
58.790000,42.2948
58.795000,33.7784
58.800000,50.9733
58.805000,43.2764
58.810000,30.5132
58.815000,31.0846
58.820000,48.5444
58.825000,30.7166
58.830000,27.9319
58.835000,65.3757
58.840000,57.8921
58.845000,51.9851
58.850000,53.7360
58.855000,58.7313
58.860000,47.7710
58.865000,61.4797
58.870000,74.3278
58.875000,46.4198
58.880000,52.1614
58.885000,60.1522
58.890000,53.3709
58.895000,35.1060
58.900000,41.9974
58.905000,52.7638
58.910000,27.8394
58.915000,41.5607
58.920000,39.0644
58.925000,27.6769
58.930000,41.8641
58.935000,47.5441
58.940000,43.9912
58.945000,41.1008
58.950000,62.1976
58.955000,51.7444
58.960000,40.2315
58.965000,47.3459
58.970000,64.2184
58.975000,39.4122
58.980000,27.1293
58.985000,35.2513
58.990000,28.3589
58.995000,8.0923
59.000000,14.6607
59.005000,15.3399
59.010000,-2.3986
59.015000,-3.6007
59.020000,9.0066
59.025000,-3.6026
59.030000,-18.8388
59.035000,-4.9367
59.040000,7.1108
59.045000,-6.5395
59.050000,3.4846
59.055000,15.7842
59.060000,-3.1836
59.065000,7.3345
59.070000,10.6220
59.075000,-8.2579
59.080000,-14.2592
59.085000,5.6458
59.090000,-8.5161
59.095000,-24.8960
59.100000,-10.8704
59.105000,-25.4495
59.110000,-33.2183
59.115000,-22.8513
59.120000,-13.2202
59.125000,-36.8347
59.130000,-25.5271
59.135000,-12.0018
59.140000,-13.5518
59.145000,-18.4770
59.150000,-5.1129
59.155000,-1.2430
59.160000,-24.0800
59.165000,-7.7316
59.170000,-9.5142
59.175000,-22.8620
59.180000,-24.9532
59.185000,-33.4425
59.190000,-21.3913
59.195000,-40.7777
59.200000,-31.9505
59.205000,-38.3485
59.210000,-52.7540
59.215000,-47.3793
59.220000,-47.9993
59.225000,-40.9218
59.230000,-48.2081
59.235000,-22.2364
59.240000,-22.3407
59.245000,-30.4803
59.250000,-11.3028
59.255000,-2.8494
59.260000,-16.9572
59.265000,-18.6985
59.270000,-2.9432
59.275000,-21.5010
59.280000,-10.3812
59.285000,-10.3650
59.290000,-11.7783
59.295000,-22.0346
59.300000,-20.1566
59.305000,-12.1478
59.310000,-17.0256
59.315000,-22.3051
59.320000,-9.3260
59.325000,-22.2142
59.330000,-12.2212
59.335000,-1.1579
59.340000,10.9268
59.345000,5.0784
59.350000,25.1301
59.355000,26.8498
59.360000,10.1017
59.365000,24.2934
59.370000,29.9072
59.375000,27.2925
59.380000,11.7565
59.385000,32.1402
59.390000,21.8549
59.395000,6.9295
59.400000,20.4856
59.405000,30.6653
59.410000,17.9572
59.415000,10.9618
59.420000,23.7784
59.425000,19.6963
59.430000,25.2052
59.435000,35.9814
59.440000,29.4735
59.445000,37.3976
59.450000,53.8224
59.455000,48.1572
59.460000,40.9508
59.465000,54.0277
59.470000,58.9820
59.475000,39.2728
59.480000,38.4954
59.485000,62.2456
59.490000,45.7208
59.495000,19.3292
59.500000,35.0393
59.505000,34.0441
59.510000,21.9409
59.515000,28.7154
59.520000,54.6419
59.525000,28.4244
59.530000,39.9566
59.535000,56.0403
59.540000,49.1428
59.545000,37.9556
59.550000,54.1325
59.555000,63.3887
59.560000,42.9938
59.565000,44.6056
59.570000,68.4576
59.575000,53.2532
59.580000,42.9166
59.585000,56.2498
59.590000,46.7756
59.595000,26.5197
59.600000,25.8324
59.605000,23.3952
59.610000,3.0581
59.615000,1.2976
59.620000,10.2235
59.625000,-0.5805
59.630000,0.8928
59.635000,23.8478
59.640000,18.2720
59.645000,7.3790
59.650000,36.1696
59.655000,34.9594
59.660000,11.6582
59.665000,20.8264
59.670000,17.1350
59.675000,7.8563
59.680000,3.8027
59.685000,9.0752
59.690000,3.1032
59.695000,-23.9527
59.700000,-13.2950
59.705000,-14.6212
59.710000,-19.0237
59.715000,-29.5235
59.720000,-17.5255
59.725000,-22.0209
59.730000,-20.0852
59.735000,-16.6016
59.740000,-12.4275
59.745000,-18.6649
59.750000,5.8033
59.755000,8.2623
59.760000,-13.5435
59.765000,-11.8208
59.770000,3.8884
59.775000,-25.9202
59.780000,-18.8694
59.785000,-13.5097
59.790000,-25.6403
59.795000,-51.0698
59.800000,-34.8369
59.805000,-35.2011
59.810000,-47.5049
59.815000,-40.7895
59.820000,-32.9649
59.825000,-50.8580
59.830000,-50.0378
59.835000,-33.8871
59.840000,-43.7575
59.845000,-47.9935
59.850000,-35.8688
59.855000,-19.5609
59.860000,-37.2117
59.865000,-35.5988
59.870000,-14.7921
59.875000,-30.3176
59.880000,-32.9885
59.885000,-27.2664
59.890000,-37.7446
59.895000,-42.7730
59.900000,-44.1117
59.905000,-37.4030
59.910000,-49.4948
59.915000,-43.1355
59.920000,-36.6400
59.925000,-41.3851
59.930000,-39.3388
59.935000,-24.3971
59.940000,-28.8551
59.945000,-34.6090
59.950000,-24.4651
59.955000,-14.0273
59.960000,-19.7081
59.965000,-14.9783
59.970000,-3.4605
59.975000,-12.3587
59.980000,-24.8245
59.985000,-8.1744
59.990000,-18.8084
59.995000,-35.0223
60.000000,-13.4821
60.005000,-6.8798
60.010000,-15.3478
60.015000,-10.8900
60.020000,5.0648
60.025000,-12.3747
60.030000,-8.8045
60.035000,7.2469
60.040000,12.4326
60.045000,3.0383
60.050000,9.7584
60.055000,27.2466
60.060000,18.4190
60.065000,22.1772
60.070000,42.4826
60.075000,16.6324
60.080000,19.8522
60.085000,31.3524
60.090000,20.9932
60.095000,16.0338
60.100000,5.7169
60.105000,11.5586
60.110000,4.9645
60.115000,9.2679
60.120000,27.2014
60.125000,16.1460
60.130000,19.9685
60.135000,45.2644
60.140000,45.9358
60.145000,26.3639
60.150000,51.7059
60.155000,58.9589
60.160000,40.9456
60.165000,49.4467
60.170000,57.1120
60.175000,40.0242
60.180000,36.0553
60.185000,47.3708
60.190000,34.1270
60.195000,12.0204
60.200000,22.5938
60.205000,33.8318
60.210000,20.2030
60.215000,19.3592
60.220000,31.9866
60.225000,13.4188
60.230000,15.2226
60.235000,31.0805
60.240000,25.1194
60.245000,23.2848
60.250000,43.5887
60.255000,41.2637
60.260000,17.2728
60.265000,21.7545
60.270000,28.2206
60.275000,8.0908
60.280000,6.4869
60.285000,14.3181
60.290000,-4.0522
60.295000,-8.5745
60.300000,-5.8295
60.305000,-0.4715
60.310000,-27.0675
60.315000,-26.4253
60.320000,-10.8815
60.325000,-22.4783
60.330000,-22.1666
60.335000,3.6565
60.340000,0.9850
60.345000,-13.7577
60.350000,0.3728
60.355000,-4.1463
60.360000,-0.6690
60.365000,-13.8580
60.370000,-3.8060
60.375000,-19.5744
60.380000,-27.3952
60.385000,-24.8969
60.390000,-32.8779
60.395000,-43.5473
60.400000,-36.3245
60.405000,-23.9882
60.410000,-43.7991
60.415000,-30.9945
60.420000,-30.1013
60.425000,-36.8338
60.430000,-36.1764
60.435000,-18.7733
60.440000,-24.2851
60.445000,-33.5048
60.450000,-19.8664
60.455000,-14.6657
60.460000,-23.7014
60.465000,-20.7200
60.470000,-16.1921
60.475000,-35.5650
60.480000,-42.1647
60.485000,-27.1855
60.490000,-29.9563
60.495000,-46.6137
60.500000,-38.0149
60.505000,-35.5575
60.510000,-57.1020
60.515000,-61.3880
60.520000,-46.6780
60.525000,-52.4334
60.530000,-59.5486
60.535000,-23.5928
60.540000,-40.5765
60.545000,-46.4251
60.550000,-31.1776
60.555000,-32.4353
60.560000,-41.5639
60.565000,-31.5308
60.570000,-9.4462
60.575000,-37.8893
60.580000,-37.7664
60.585000,-18.3758
60.590000,-28.2649
60.595000,-54.0015
60.600000,-36.9653
60.605000,-28.8232
60.610000,-53.4633
60.615000,-52.2745
60.620000,-41.3825
60.625000,-39.9377
60.630000,-50.2835
60.635000,-27.1452
60.640000,-30.1434
60.645000,-36.8362
60.650000,-13.0132
60.655000,-1.5986
60.660000,-17.5720
60.665000,-5.3190
60.670000,13.1731
60.675000,5.3059
60.680000,-3.6071
60.685000,-0.0874
60.690000,-2.4907
60.695000,-18.4395
60.700000,-12.7508
60.705000,-10.3550
60.710000,-13.1062
60.715000,-8.8532
60.720000,1.1087
60.725000,-13.5737
60.730000,-5.8323
60.735000,20.5490
60.740000,19.6022
60.745000,13.4983
60.750000,32.0633
60.755000,30.0693
60.760000,21.9773
60.765000,19.6896
60.770000,33.5152
60.775000,26.4032
60.780000,23.0635
60.785000,38.9426
60.790000,36.2538
60.795000,12.9273
60.800000,24.1247
60.805000,28.7412
60.810000,6.8390
60.815000,14.6941
60.820000,26.7147
60.825000,15.2305
60.830000,14.8660
60.835000,37.7515
60.840000,30.7590
60.845000,27.3173
60.850000,43.9813
60.855000,46.5599
60.860000,29.2133
60.865000,30.1128
60.870000,40.8456
60.875000,34.8805
60.880000,31.2463
60.885000,37.0925
60.890000,37.9608
60.895000,19.1368
60.900000,25.6542
60.905000,24.8568
60.910000,22.9743
60.915000,18.0539
60.920000,24.9786
60.925000,6.6872
60.930000,14.3135
60.935000,24.4347
60.940000,31.9510
60.945000,13.7635
60.950000,26.0937
60.955000,31.6351
60.960000,12.4463
60.965000,18.9861
60.970000,27.7980
60.975000,7.2714
60.980000,1.5520
60.985000,20.6771
60.990000,12.3330
60.995000,-14.7297
61.000000,-0.9814
61.005000,12.6302
61.010000,-22.8835
61.015000,-26.7168
61.020000,-8.8836
61.025000,-8.5325
61.030000,-11.4861
61.035000,1.3546
61.040000,-0.3621
61.045000,-21.1906
61.050000,4.8649
61.055000,10.2372
61.060000,-10.0165
61.065000,-5.6466
61.070000,1.7864
61.075000,-16.3847
61.080000,-24.4410
61.085000,-6.7776
61.090000,-19.9347
61.095000,-27.8225
61.100000,-20.1262
61.105000,-16.0064
61.110000,-31.3076
61.115000,-30.5199
61.120000,-13.0413
61.125000,-32.3713
61.130000,-36.5844
61.135000,-30.3519
61.140000,-21.3538
61.145000,-43.4491
61.150000,-20.1911
61.155000,-14.5225
61.160000,-28.0861
61.165000,-14.7104
61.170000,-11.5226
61.175000,-13.1172
61.180000,-14.5174
61.185000,-12.1141
61.190000,-20.7045
61.195000,-34.3111
61.200000,-17.0184
61.205000,-21.6733
61.210000,-40.2624
61.215000,-33.2260
61.220000,-16.1267
61.225000,-34.6247
61.230000,-36.7333
61.235000,-11.3681
61.240000,-9.6937
61.245000,-12.3520
61.250000,-8.4905
61.255000,-12.7486
61.260000,-26.5478
61.265000,-13.6324
61.270000,-3.1857
61.275000,-15.2487
61.280000,-21.8177
61.285000,-3.8669
61.290000,-1.2240
61.295000,-19.8772
61.300000,-11.1900
61.305000,-14.2038
61.310000,-22.0281
61.315000,-6.8288
61.320000,7.0913
61.325000,-8.9710
61.330000,-9.4234
61.335000,6.7169
61.340000,-0.0916
61.345000,-8.0155
61.350000,18.6788
61.355000,23.4237
61.360000,8.0149
61.365000,18.2761
61.370000,31.6530
61.375000,24.8672
61.380000,18.6740
61.385000,26.3097
61.390000,19.3930
61.395000,7.8195
61.400000,20.0014
61.405000,22.6567
61.410000,-3.4043
61.415000,-4.1097
61.420000,4.1527
61.425000,9.2006
61.430000,-4.2638
61.435000,3.4250
61.440000,5.0811
61.445000,-5.1671
61.450000,12.4617
61.455000,32.2222
61.460000,15.2639
61.465000,15.1099
61.470000,26.6761
61.475000,8.4942
61.480000,5.8009
61.485000,20.9860
61.490000,3.8538
61.495000,-5.0566
61.500000,10.4569
61.505000,9.5318
61.510000,-13.2614
61.515000,3.5242
61.520000,6.4678
61.525000,-8.6540
61.530000,-7.9770
61.535000,3.6592
61.540000,1.1734
61.545000,2.5560
61.550000,10.3677
61.555000,17.8100
61.560000,10.7641
61.565000,9.2449
61.570000,13.3099
61.575000,8.1046
61.580000,0.6560
61.585000,21.5119
61.590000,5.5473
61.595000,-8.5483
61.600000,-1.8575
61.605000,6.6274
61.610000,2.8663
61.615000,-4.6147
61.620000,6.3549
61.625000,1.5281
61.630000,0.1513
61.635000,7.7125
61.640000,13.8914
61.645000,-0.3125
61.650000,6.9228
61.655000,13.2765
61.660000,4.0303
61.665000,4.3827
61.670000,9.7909
61.675000,-3.6626
61.680000,-15.0847
61.685000,0.3332
61.690000,-6.8303
61.695000,-28.0025
61.700000,-20.7122
61.705000,-20.2827
61.710000,-37.8829
61.715000,-27.0167
61.720000,-20.4816
61.725000,-29.9016
61.730000,-28.4616
61.735000,-21.0906
61.740000,-26.5603
61.745000,-29.5117
61.750000,-12.4317
61.755000,-14.4907
61.760000,-23.8647
61.765000,-20.9920
61.770000,-14.2126
61.775000,-32.0151
61.780000,-31.3610
61.785000,-24.0366
61.790000,-24.8708
61.795000,-48.2959
61.800000,-38.5438
61.805000,-31.7826
61.810000,-47.5270
61.815000,-45.9427
61.820000,-38.8058
61.825000,-52.9719
61.830000,-37.2934
61.835000,-23.4941
61.840000,-33.6348
61.845000,-39.9673
61.850000,-28.9866
61.855000,-25.0070
61.860000,-34.2593
61.865000,-17.3876
61.870000,-4.5034
61.875000,-16.5672
61.880000,-23.0064
61.885000,-11.5387
61.890000,-26.1877
61.895000,-35.0013
61.900000,-18.5439
61.905000,-15.4815
61.910000,-37.7720
61.915000,-31.1257
61.920000,-27.0251
61.925000,-41.7522
61.930000,-37.6112
61.935000,-22.1225
61.940000,-34.8544
61.945000,-49.1351
61.950000,-26.2412
61.955000,-18.1315
61.960000,-35.4945
61.965000,-20.6300
61.970000,-11.3203
61.975000,-9.2113
61.980000,-21.0953
61.985000,-7.5377
61.990000,-24.0015
61.995000,-39.0216
62.000000,-21.9535
62.005000,-11.5287
62.010000,-28.3833
62.015000,-19.2228
62.020000,-5.5375
62.025000,-19.2354
62.030000,-14.5516
62.035000,5.3747
62.040000,4.5767
62.045000,-4.4520
62.050000,5.5039
62.055000,7.0952
62.060000,5.8362
62.065000,9.1256
62.070000,12.8461
62.075000,7.6270
62.080000,4.3177
62.085000,14.9669
62.090000,-0.0506
62.095000,-11.2352
62.100000,5.2968
62.105000,7.5964
62.110000,-9.8160
62.115000,11.5434
62.120000,24.7584
62.125000,7.1364
62.130000,8.2801
62.135000,28.3180
62.140000,32.6753
62.145000,18.0125
62.150000,29.1754
62.155000,41.8870
62.160000,25.5441
62.165000,32.4776
62.170000,44.1434
62.175000,29.6675
62.180000,25.0541
62.185000,29.4881
62.190000,17.9949
62.195000,19.0555
62.200000,37.6835
62.205000,29.7254
62.210000,17.6772
62.215000,12.5279
62.220000,32.2155
62.225000,14.4674
62.230000,15.9784
62.235000,24.5606
62.240000,20.6294
62.245000,19.7358
62.250000,27.9154
62.255000,47.2521
62.260000,17.9292
62.265000,24.8361
62.270000,36.3929
62.275000,23.2056
62.280000,12.3182
62.285000,18.8616
62.290000,21.7597
62.295000,11.9707
62.300000,21.8672
62.305000,17.3362
62.310000,2.7679
62.315000,6.6520
62.320000,8.1788
62.325000,5.6232
62.330000,2.4171
62.335000,19.6203
62.340000,18.1726
62.345000,15.8986
62.350000,24.4849
62.355000,22.0958
62.360000,23.4410
62.365000,21.7948
62.370000,25.4192
62.375000,13.8361
62.380000,4.1786
62.385000,17.7330
62.390000,13.5415
62.395000,-7.2156
62.400000,1.4638
62.405000,0.5701
62.410000,-6.9748
62.415000,-9.8089
62.420000,4.4825
62.425000,-5.6829
62.430000,-17.2353
62.435000,-6.3828
62.440000,1.8244
62.445000,-15.2481
62.450000,-8.4761
62.455000,0.3663
62.460000,-10.3832
62.465000,-1.5084
62.470000,-5.2148
62.475000,-11.2119
62.480000,-15.3801
62.485000,-3.6902
62.490000,-5.9306
62.495000,-22.4155
62.500000,-16.9746
62.505000,-14.7048
62.510000,-27.0978
62.515000,-23.0368
62.520000,-8.8878
62.525000,-14.3917
62.530000,-28.2086
62.535000,-8.5416
62.540000,-4.5855
62.545000,-21.5427
62.550000,-8.8365
62.555000,2.1375
62.560000,-18.6014
62.565000,-13.8962
62.570000,-0.1430
62.575000,-12.6901
62.580000,-20.4319
62.585000,7.8335
62.590000,-10.9559
62.595000,-25.2553
62.600000,-10.6452
62.605000,-14.7582
62.610000,-21.6089
62.615000,-19.6958
62.620000,-12.0357
62.625000,-17.7605
62.630000,-12.6145
62.635000,-5.5403
62.640000,-7.6342
62.645000,-16.4811
62.650000,-5.2520
62.655000,10.7452
62.660000,-9.4690
62.665000,7.7350
62.670000,24.2852
62.675000,6.5885
62.680000,1.9329
62.685000,14.8806
62.690000,4.1166
62.695000,-17.9314
62.700000,-6.9010
62.705000,4.3416
62.710000,-0.5015
62.715000,6.1656
62.720000,21.6744
62.725000,11.3906
62.730000,8.4603
62.735000,23.6007
62.740000,25.0679
62.745000,11.2221
62.750000,30.4354
62.755000,40.6658
62.760000,23.5359
62.765000,33.9300
62.770000,42.6945
62.775000,25.3743
62.780000,19.8090
62.785000,33.1625
62.790000,21.1286
62.795000,7.2430
62.800000,32.5863
62.805000,33.0047
62.810000,0.5383
62.815000,12.8507
62.820000,26.8623
62.825000,9.1182
62.830000,14.0421
62.835000,30.6570
62.840000,28.4163
62.845000,22.8118
62.850000,28.6680
62.855000,39.1136
62.860000,27.5329
62.865000,43.8354
62.870000,55.7907
62.875000,37.6622
62.880000,23.3927
62.885000,46.7111
62.890000,33.3630
62.895000,22.1471
62.900000,25.2977
62.905000,32.8722
62.910000,8.3382
62.915000,15.1695
62.920000,34.3185
62.925000,15.4143
62.930000,12.1013
62.935000,34.6011
62.940000,35.6624
62.945000,25.2177
62.950000,48.6113
62.955000,41.8616
62.960000,23.9687
62.965000,36.1375
62.970000,46.6810
62.975000,33.3036
62.980000,21.2526
62.985000,34.4821
62.990000,21.9001
62.995000,10.6706
63.000000,8.2960
63.005000,7.8898
63.010000,-4.8947
63.015000,-4.0671
63.020000,6.8727
63.025000,-5.2674
63.030000,-9.4757
63.035000,-1.1775
63.040000,2.6603
63.045000,-2.4152
63.050000,13.0383
63.055000,20.2031
63.060000,6.0958
63.065000,16.9620
63.070000,24.3291
63.075000,0.5600
63.080000,-4.9829
63.085000,18.4421
63.090000,8.2477
63.095000,-14.7131
63.100000,-0.2009
63.105000,9.0210
63.110000,-11.2605
63.115000,-5.4640
63.120000,-1.2893
63.125000,-3.7731
63.130000,-6.8450
63.135000,8.5283
63.140000,14.1649
63.145000,-0.9142
63.150000,13.5684
63.155000,12.7969
63.160000,-0.7624
63.165000,2.2632
63.170000,13.1213
63.175000,4.6861
63.180000,-12.4672
63.185000,-2.1617
63.190000,-6.8602
63.195000,-19.0912
63.200000,-5.6237
63.205000,-22.8162
63.210000,-31.4899
63.215000,-34.6181
63.220000,-10.7277
63.225000,-24.7659
63.230000,-28.0384
63.235000,-15.5738
63.240000,-10.6786
63.245000,-20.1127
63.250000,5.4503
63.255000,18.7887
63.260000,-3.7780
63.265000,0.5390
63.270000,9.4816
63.275000,-4.4383
63.280000,-1.8426
63.285000,13.5944
63.290000,2.6401
63.295000,-10.1685
63.300000,-10.1585
63.305000,2.8388
63.310000,-18.7740
63.315000,-15.0426
63.320000,-2.5570
63.325000,-19.3488
63.330000,-8.9922
63.335000,14.8914
63.340000,20.7931
63.345000,4.8768
63.350000,17.4464
63.355000,22.6065
63.360000,9.2324
63.365000,21.2750
63.370000,22.1696
63.375000,12.7785
63.380000,3.8350
63.385000,22.8142
63.390000,10.7502
63.395000,-2.1152
63.400000,10.4672
63.405000,17.7527
63.410000,0.7575
63.415000,0.8170
63.420000,20.9065
63.425000,6.7430
63.430000,7.7444
63.435000,30.4954
63.440000,15.2729
63.445000,15.2112
63.450000,42.7612
63.455000,38.6675
63.460000,33.0845
63.465000,37.6983
63.470000,37.4503
63.475000,22.5639
63.480000,18.3444
63.485000,35.6063
63.490000,23.8610
63.495000,5.8371
63.500000,14.7061
63.505000,19.9669
63.510000,4.9965
63.515000,7.3766
63.520000,30.1662
63.525000,12.4034
63.530000,11.6923
63.535000,38.2390
63.540000,25.1276
63.545000,18.9501
63.550000,30.7291
63.555000,37.9060
63.560000,26.2903
63.565000,24.6435
63.570000,37.5435
63.575000,37.8696
63.580000,31.4533
63.585000,41.6899
63.590000,29.6638
63.595000,14.7784
63.600000,14.1180
63.605000,8.3476
63.610000,-8.2590
63.615000,-8.4723
63.620000,-5.8963
63.625000,-11.1578
63.630000,-15.1470
63.635000,12.0119
63.640000,7.8087
63.645000,5.8067
63.650000,24.8629
63.655000,24.0573
63.660000,7.4147
63.665000,13.0504
63.670000,22.3183
63.675000,13.0934
63.680000,3.3927
63.685000,12.9597
63.690000,1.0472
63.695000,-19.2191
63.700000,-4.3291
63.705000,-7.3824
63.710000,-29.8573
63.715000,-17.4041
63.720000,-7.6941
63.725000,-14.1973
63.730000,-22.3400
63.735000,-8.0917
63.740000,-5.0206
63.745000,-5.3359
63.750000,13.8978
63.755000,17.8838
63.760000,-1.4030
63.765000,2.5188
63.770000,5.9007
63.775000,-4.4870
63.780000,-3.3463
63.785000,-0.0014
63.790000,-8.1723
63.795000,-26.9919
63.800000,-20.2535
63.805000,-16.1949
63.810000,-35.5696
63.815000,-36.3572
63.820000,-24.1738
63.825000,-31.0035
63.830000,-34.3804
63.835000,-14.0066
63.840000,-23.6030
63.845000,-27.4984
63.850000,-13.1072
63.855000,-9.8623
63.860000,-26.9829
63.865000,-21.9907
63.870000,-2.2412
63.875000,-8.8988
63.880000,-25.8544
63.885000,-2.8540
63.890000,-12.3417
63.895000,-30.5003
63.900000,-22.1005
63.905000,-21.5662
63.910000,-43.3003
63.915000,-35.8476
63.920000,-26.4105
63.925000,-38.0757
63.930000,-36.5605
63.935000,-13.2622
63.940000,-6.6300
63.945000,-18.4754
63.950000,-14.3212
63.955000,4.7549
63.960000,-15.0068
63.965000,-15.5829
63.970000,6.4093
63.975000,-3.2256
63.980000,-15.8108
63.985000,-0.8045
63.990000,-16.9349
63.995000,-28.6664
64.000000,-16.2863
64.005000,-6.1778
64.010000,-11.0463
64.015000,-8.9160
64.020000,3.2026
64.025000,-11.7328
64.030000,-7.2167
64.035000,9.6924
64.040000,8.2777
64.045000,-4.1438
64.050000,14.9329
64.055000,25.3178
64.060000,23.4140
64.065000,17.7458
64.070000,33.2929
64.075000,19.0293
64.080000,24.5871
64.085000,31.0080
64.090000,16.2462
64.095000,0.7107
64.100000,-4.3216
64.105000,4.0717
64.110000,-4.1214
64.115000,0.7362
64.120000,25.5581
64.125000,10.8344
64.130000,8.4876
64.135000,34.2543
64.140000,31.1317
64.145000,24.8899
64.150000,37.6733
64.155000,40.5286
64.160000,27.6921
64.165000,46.6139
64.170000,38.1227
64.175000,26.4013
64.180000,22.2757
64.185000,34.2958
64.190000,21.7976
64.195000,2.9804
64.200000,8.2840
64.205000,18.7438
64.210000,4.4188
64.215000,10.6345
64.220000,15.2813
64.225000,8.1876
64.230000,1.1700
64.235000,25.9439
64.240000,9.5003
64.245000,17.2882
64.250000,33.0264
64.255000,30.1595
64.260000,15.9662
64.265000,16.7178
64.270000,16.6242
64.275000,0.4487
64.280000,3.7702
64.285000,10.2910
64.290000,-0.0242
64.295000,-10.0083
64.300000,-11.9027
64.305000,-9.6048
64.310000,-22.4219
64.315000,-22.8805
64.320000,-8.3327
64.325000,-9.7793
64.330000,-16.4701
64.335000,-2.2425
64.340000,-5.4776
64.345000,-11.3556
64.350000,2.0989
64.355000,7.4442
64.360000,-13.4219
64.365000,-1.0129
64.370000,-0.0199
64.375000,-13.3521
64.380000,-26.9983
64.385000,-16.8818
64.390000,-31.2654
64.395000,-41.7691
64.400000,-27.1523
64.405000,-24.4870
64.410000,-31.7542
64.415000,-38.0555
64.420000,-20.9883
64.425000,-32.7851
64.430000,-30.6418
64.435000,-16.0328
64.440000,-24.6254
64.445000,-33.9968
64.450000,-14.0439
64.455000,-7.6553
64.460000,-15.7441
64.465000,-5.5877
64.470000,-5.0614
64.475000,-27.9927
64.480000,-33.6344
64.485000,-16.8893
64.490000,-20.5026
64.495000,-51.2135
64.500000,-37.1718
64.505000,-38.4838
64.510000,-58.8215
64.515000,-47.6538
64.520000,-36.5839
64.525000,-54.5245
64.530000,-55.0015
64.535000,-26.3520
64.540000,-36.5177
64.545000,-40.4488
64.550000,-28.0422
64.555000,-19.9481
64.560000,-40.0442
64.565000,-29.1085
64.570000,-17.8894
64.575000,-30.2688
64.580000,-34.4456
64.585000,-25.8613
64.590000,-25.8167
64.595000,-52.1297
64.600000,-33.4857
64.605000,-34.5480
64.610000,-52.0196
64.615000,-51.2748
64.620000,-39.5663
64.625000,-49.6827
64.630000,-45.0766
64.635000,-29.0938
64.640000,-24.4309
64.645000,-42.0180
64.650000,-6.3666
64.655000,2.6532
64.660000,-13.3450
64.665000,-8.3833
64.670000,10.0451
64.675000,-8.1765
64.680000,-12.2637
64.685000,4.9037
64.690000,-12.2223
64.695000,-12.0496
64.700000,-6.9514
64.705000,-17.5242
64.710000,-16.4552
64.715000,-15.8530
64.720000,-2.5118
64.725000,-12.6489
64.730000,0.4475
64.735000,20.0194
64.740000,9.8785
64.745000,4.7713
64.750000,29.4355
64.755000,37.6486
64.760000,24.3549
64.765000,25.8375
64.770000,43.3210
64.775000,26.0581
64.780000,26.2982
64.785000,39.0949
64.790000,26.2777
64.795000,10.0853
64.800000,25.7149
64.805000,22.0089
64.810000,5.1243
64.815000,12.1926
64.820000,33.3966
64.825000,21.9009
64.830000,16.3366
64.835000,35.2477
64.840000,37.0878
64.845000,30.2080
64.850000,45.0803
64.855000,41.5682
64.860000,30.3680
64.865000,28.9103
64.870000,46.1321
64.875000,39.2696
64.880000,28.8287
64.885000,45.8133
64.890000,36.4858
64.895000,25.1896
64.900000,29.8734
64.905000,35.3450
64.910000,18.1643
64.915000,17.3939
64.920000,34.5858
64.925000,16.1680
64.930000,9.3577
64.935000,26.4539
64.940000,36.0591
64.945000,15.6814
64.950000,28.8717
64.955000,31.9241
64.960000,9.9814
64.965000,23.7918
64.970000,26.4153
64.975000,8.8345
64.980000,1.2690
64.985000,21.6614
64.990000,7.8237
64.995000,-17.3270
65.000000,3.7073
65.005000,4.8416
65.010000,-19.4149
65.015000,-23.2418
65.020000,-4.1362
65.025000,-9.2479
65.030000,-12.2041
65.035000,-2.2806
65.040000,-7.3902
65.045000,-15.9578
65.050000,-7.5043
65.055000,7.5552
65.060000,-16.8872
65.065000,-15.6854
65.070000,0.0006
65.075000,-15.9841
65.080000,-20.3267
65.085000,-13.0946
65.090000,-17.5481
65.095000,-29.6061
65.100000,-28.6625
65.105000,-18.3860
65.110000,-42.3863
65.115000,-39.3804
65.120000,-24.5727
65.125000,-40.8897
65.130000,-44.4662
65.135000,-42.6973
65.140000,-37.7925
65.145000,-35.6679
65.150000,-30.2739
65.155000,-17.1795
65.160000,-41.2764
65.165000,-28.7847
65.170000,-24.0461
65.175000,-22.6906
65.180000,-30.6339
65.185000,-19.0981
65.190000,-34.5215
65.195000,-48.2489
65.200000,-40.2563
65.205000,-27.1000
65.210000,-49.2786
65.215000,-47.6212
65.220000,-29.0374
65.225000,-46.4662
65.230000,-49.2212
65.235000,-26.8678
65.240000,-18.1156
65.245000,-16.9384
65.250000,-15.1701
65.255000,-17.9860
65.260000,-29.6117
65.265000,-12.5741
65.270000,-17.6188
65.275000,-20.6514
65.280000,-18.4554
65.285000,-2.0681
65.290000,-9.2452
65.295000,-26.1855
65.300000,-4.4925
65.305000,-12.3473
65.310000,-24.6382
65.315000,-13.7872
65.320000,0.0162
65.325000,-8.4267
65.330000,-13.8170
65.335000,3.5610
65.340000,6.6144
65.345000,-8.3183
65.350000,15.4377
65.355000,22.6682
65.360000,5.6178
65.365000,24.0685
65.370000,31.4855
65.375000,11.8902
65.380000,23.2608
65.385000,21.5664
65.390000,27.4029
65.395000,12.9507
65.400000,29.5853
65.405000,22.2085
65.410000,12.4516
65.415000,1.3874
65.420000,17.2651
65.425000,6.2176
65.430000,2.1176
65.435000,16.7551
65.440000,9.9809
65.445000,9.1633
65.450000,22.9484
65.455000,40.7337
65.460000,30.0816
65.465000,31.0579
65.470000,40.9235
65.475000,27.9882
65.480000,27.5965
65.485000,33.5113
65.490000,20.7784
65.495000,21.0254
65.500000,19.7270
65.505000,23.2750
65.510000,8.0473
65.515000,14.4872
65.520000,26.8327
65.525000,6.2691
65.530000,7.3337
65.535000,24.1590
65.540000,23.9194
65.545000,15.6611
65.550000,25.5053
65.555000,41.5020
65.560000,25.5614
65.565000,31.8488
65.570000,32.3582
65.575000,18.6803
65.580000,21.7107
65.585000,30.5272
65.590000,14.5281
65.595000,2.2947
65.600000,18.3188
65.605000,14.9885
65.610000,8.7538
65.615000,9.4266
65.620000,20.2714
65.625000,3.1613
65.630000,7.4690
65.635000,11.8999
65.640000,12.8008
65.645000,0.1749
65.650000,2.7482
65.655000,17.7199
65.660000,7.5578
65.665000,-3.7705
65.670000,7.4051
65.675000,-8.7241
65.680000,-10.7780
65.685000,4.6239
65.690000,1.2277
65.695000,-33.5912
65.700000,-27.2994
65.705000,-17.7044
65.710000,-46.5595
65.715000,-39.1492
65.720000,-16.7988
65.725000,-25.2308
65.730000,-38.8274
65.735000,-28.3812
65.740000,-31.2857
65.745000,-49.3279
65.750000,-16.7512
65.755000,-23.9822
65.760000,-38.4057
65.765000,-38.6501
65.770000,-30.2446
65.775000,-44.1141
65.780000,-46.7258
65.785000,-35.7137
65.790000,-39.2498
65.795000,-55.4644
65.800000,-56.0982
65.805000,-46.9723
65.810000,-67.9197
65.815000,-63.6811
65.820000,-49.5281
65.825000,-69.3074
65.830000,-67.4447
65.835000,-52.6591
65.840000,-59.9553
65.845000,-53.5271
65.850000,-55.5538
65.855000,-45.7117
65.860000,-46.2669
65.865000,-38.2259
65.870000,-26.4340
65.875000,-39.2516
65.880000,-48.7711
65.885000,-30.6632
65.890000,-48.3832
65.895000,-50.7131
65.900000,-26.2168
65.905000,-36.5473
65.910000,-54.8146
65.915000,-49.0303
65.920000,-44.9856
65.925000,-52.6281
65.930000,-48.3409
65.935000,-34.1136
65.940000,-49.1178
65.945000,-53.9827
65.950000,-33.9778
65.955000,-37.1916
65.960000,-42.6892
65.965000,-32.3501
65.970000,-18.4200
65.975000,-28.9004
65.980000,-33.8305
65.985000,-12.6932
65.990000,-26.8800
65.995000,-37.8558
66.000000,-23.0097
66.005000,-12.1423
66.010000,-33.1910
66.015000,-21.6996
66.020000,-4.0867
66.025000,-18.3518
66.030000,-3.7455
66.035000,7.9882
66.040000,4.3828
66.045000,-2.6306
66.050000,13.6597
66.055000,23.3976
66.060000,10.7345
66.065000,8.5406
66.070000,19.6453
66.075000,15.1219
66.080000,13.2120
66.085000,27.4907
66.090000,21.0121
66.095000,18.1127
66.100000,18.2688
66.105000,27.3021
66.110000,11.6985
66.115000,18.3047
66.120000,44.4671
66.125000,18.6653
66.130000,24.1804
66.135000,50.8262
66.140000,48.7777
66.145000,38.0894
66.150000,54.9451
66.155000,56.7391
66.160000,50.6533
66.165000,56.6360
66.170000,65.5782
66.175000,54.2318
66.180000,44.8904
66.185000,53.0703
66.190000,44.6579
66.195000,31.1506
66.200000,53.7370
66.205000,55.3072
66.210000,42.5419
66.215000,37.7858
66.220000,60.2979
66.225000,35.1488
66.230000,33.9833
66.235000,48.3883
66.240000,45.2620
66.245000,32.3869
66.250000,47.2266
66.255000,60.8630
66.260000,39.1903
66.265000,39.1494
66.270000,49.5093
66.275000,30.5853
66.280000,22.7123
66.285000,36.9543
66.290000,20.9303
66.295000,19.6644
66.300000,37.6710
66.305000,32.9759
66.310000,18.1825
66.315000,11.1947
66.320000,21.1518
66.325000,19.7840
66.330000,12.9256
66.335000,22.8403
66.340000,20.8588
66.345000,10.3945
66.350000,25.4520
66.355000,19.4896
66.360000,11.4904
66.365000,19.9058
66.370000,26.3588
66.375000,5.2477
66.380000,-3.1525
66.385000,13.8100
66.390000,6.5411
66.395000,-17.2431
66.400000,-5.9290
66.405000,-1.3749
66.410000,-19.2229
66.415000,-11.1505
66.420000,-1.3423
66.425000,-21.1170
66.430000,-30.3845
66.435000,-17.6338
66.440000,-26.8661
66.445000,-33.1181
66.450000,-32.5458
66.455000,-14.4707
66.460000,-40.8511
66.465000,-29.3979
66.470000,-15.8510
66.475000,-32.7530
66.480000,-34.2128
66.485000,-22.9293
66.490000,-33.0570
66.495000,-54.7115
66.500000,-36.8278
66.505000,-41.4627
66.510000,-52.1710
66.515000,-50.6246
66.520000,-32.9387
66.525000,-40.4473
66.530000,-52.1079
66.535000,-26.9849
66.540000,-36.5668
66.545000,-39.7124
66.550000,-37.7799
66.555000,-28.8590
66.560000,-40.6193
66.565000,-31.6453
66.570000,-22.2355
66.575000,-27.6751
66.580000,-36.3294
66.585000,-7.5355
66.590000,-22.8777
66.595000,-37.8720
66.600000,-30.6158
66.605000,-23.3485
66.610000,-30.3971
66.615000,-28.2623
66.620000,-20.5933
66.625000,-27.5728
66.630000,-30.6857
66.635000,-14.3269
66.640000,-4.9956
66.645000,-24.8067
66.650000,-7.4734
66.655000,0.2399
66.660000,-14.0165
66.665000,9.1592
66.670000,16.3054
66.675000,5.9738
66.680000,-3.6256
66.685000,12.2554
66.690000,13.1963
66.695000,-4.7182
66.700000,2.9635
66.705000,12.0708
66.710000,3.2810
66.715000,17.9851
66.720000,36.9385
66.725000,29.2280
66.730000,24.1192
66.735000,31.9618
66.740000,36.3031
66.745000,24.0660
66.750000,36.1631
66.755000,51.3999
66.760000,41.2714
66.765000,44.7188
66.770000,64.4423
66.775000,38.1283
66.780000,35.1308
66.785000,44.4478
66.790000,35.5622
66.795000,28.7686
66.800000,43.4663
66.805000,46.2321
66.810000,26.5261
66.815000,33.2485
66.820000,55.4949
66.825000,30.0112
66.830000,39.9476
66.835000,48.1640
66.840000,53.2377
66.845000,42.5111
66.850000,51.1044
66.855000,57.8876
66.860000,48.6148
66.865000,53.2150
66.870000,66.5307
66.875000,54.1404
66.880000,38.4183
66.885000,57.7519
66.890000,52.5027
66.895000,38.7373
66.900000,44.5982
66.905000,48.2914
66.910000,38.1865
66.915000,27.9219
66.920000,44.0510
66.925000,36.5565
66.930000,26.7917
66.935000,40.2359
66.940000,49.9972
66.945000,39.0493
66.950000,54.7937
66.955000,50.4912
66.960000,31.7551
66.965000,44.0314
66.970000,48.6103
66.975000,35.5364
66.980000,15.2138
66.985000,36.2297
66.990000,20.7976
66.995000,9.5326
67.000000,14.5946
67.005000,15.3172
67.010000,-5.0896
67.015000,-9.3829
67.020000,14.3306
67.025000,-10.9659
67.030000,-14.2100
67.035000,10.2189
67.040000,3.1579
67.045000,-0.1705
67.050000,8.3648
67.055000,13.7789
67.060000,-4.2971
67.065000,8.3488
67.070000,11.7896
67.075000,-1.5377
67.080000,-8.9213
67.085000,3.0336
67.090000,0.7995
67.095000,-28.1935
67.100000,-10.7614
67.105000,-9.2632
67.110000,-25.1838
67.115000,-22.8906
67.120000,-8.9647
67.125000,-24.8290
67.130000,-23.6545
67.135000,-2.6350
67.140000,-6.2530
67.145000,-10.7129
67.150000,3.2603
67.155000,-2.5085
67.160000,-12.7603
67.165000,-7.0023
67.170000,-4.9070
67.175000,-11.6878
67.180000,-24.9151
67.185000,-17.7859
67.190000,-13.7901
67.195000,-31.0138
67.200000,-24.0795
67.205000,-27.7906
67.210000,-42.1532
67.215000,-49.0713
67.220000,-29.1727
67.225000,-38.1322
67.230000,-37.0394
67.235000,-21.5653
67.240000,-25.3123
67.245000,-27.9139
67.250000,-5.7768
67.255000,4.5194
67.260000,-8.7588
67.265000,-5.6743
67.270000,-0.0692
67.275000,-14.4599
67.280000,-7.4909
67.285000,1.4513
67.290000,-1.5269
67.295000,-18.0611
67.300000,-3.3476
67.305000,-1.7278
67.310000,-17.0609
67.315000,-14.9658
67.320000,-6.8818
67.325000,-11.8643
67.330000,-7.1377
67.335000,8.4490
67.340000,18.9683
67.345000,5.8605
67.350000,19.2956
67.355000,26.3654
67.360000,8.5500
67.365000,25.7696
67.370000,33.3742
67.375000,18.8703
67.380000,6.3122
67.385000,21.9680
67.390000,20.9100
67.395000,0.9069
67.400000,16.3701
67.405000,27.6536
67.410000,6.2762
67.415000,9.6917
67.420000,23.6156
67.425000,10.4745
67.430000,9.5657
67.435000,31.1338
67.440000,22.2446
67.445000,27.1577
67.450000,40.8241
67.455000,49.6374
67.460000,31.1694
67.465000,37.3286
67.470000,47.2811
67.475000,38.9485
67.480000,36.1083
67.485000,39.3966
67.490000,37.4615
67.495000,15.8771
67.500000,17.4464
67.505000,26.9820
67.510000,10.3998
67.515000,20.4236
67.520000,36.1458
67.525000,23.2711
67.530000,22.2046
67.535000,51.8903
67.540000,34.0164
67.545000,24.6461
67.550000,37.7448
67.555000,38.8821
67.560000,23.2991
67.565000,40.2952
67.570000,48.7181
67.575000,34.9259
67.580000,35.3056
67.585000,54.9568
67.590000,40.9843
67.595000,23.2773
67.600000,15.9687
67.605000,14.0295
67.610000,-5.0647
67.615000,-11.4527
67.620000,7.2063
67.625000,-2.4947
67.630000,-1.6735
67.635000,17.3168
67.640000,17.0396
67.645000,4.0502
67.650000,24.5286
67.655000,24.9541
67.660000,9.9827
67.665000,15.9523
67.670000,17.8645
67.675000,7.9098
67.680000,5.5433
67.685000,5.9196
67.690000,0.1116
67.695000,-22.4372
67.700000,-1.4156
67.705000,-16.0957
67.710000,-18.6782
67.715000,-17.5849
67.720000,-10.2953
67.725000,-11.8839
67.730000,-18.5273
67.735000,-8.2487
67.740000,-6.2599
67.745000,-8.9668
67.750000,8.2184
67.755000,6.3255
67.760000,-1.0426
67.765000,6.4481
67.770000,13.5735
67.775000,-11.9848
67.780000,-11.8344
67.785000,-3.6757
67.790000,-9.4446
67.795000,-38.3266
67.800000,-20.7143
67.805000,-18.2064
67.810000,-36.3594
67.815000,-33.5360
67.820000,-16.3162
67.825000,-35.8638
67.830000,-35.7437
67.835000,-16.6322
67.840000,-23.3695
67.845000,-28.2340
67.850000,-9.7376
67.855000,-3.4995
67.860000,-28.2513
67.865000,-17.7833
67.870000,3.7820
67.875000,-18.3190
67.880000,-18.8830
67.885000,-7.1044
67.890000,-19.1160
67.895000,-29.4612
67.900000,-26.1965
67.905000,-21.8630
67.910000,-42.0841
67.915000,-34.3130
67.920000,-29.1990
67.925000,-42.5755
67.930000,-34.3838
67.935000,-17.3221
67.940000,-11.3299
67.945000,-28.8956
67.950000,-12.7761
67.955000,1.3547
67.960000,-5.9434
67.965000,-10.1043
67.970000,0.2021
67.975000,-7.6022
67.980000,-6.0731
67.985000,4.2227
67.990000,-17.9653
67.995000,-23.1823
68.000000,-8.1707
68.005000,-7.4595
68.010000,-19.3142
68.015000,-10.4258
68.020000,-2.0289
68.025000,-5.2130
68.030000,-11.1721
68.035000,8.8247
68.040000,3.8032
68.045000,-6.3957
68.050000,12.1898
68.055000,31.1578
68.060000,13.9933
68.065000,15.2681
68.070000,32.9569
68.075000,9.2158
68.080000,19.2985
68.085000,30.3299
68.090000,3.0134
68.095000,-9.6635
68.100000,-6.3119
68.105000,4.4728
68.110000,-15.7056
68.115000,1.0787
68.120000,14.5800
68.125000,2.1571
68.130000,4.3903
68.135000,25.4069
68.140000,26.2635
68.145000,17.6331
68.150000,36.7338
68.155000,39.4258
68.160000,24.6470
68.165000,28.3553
68.170000,38.9889
68.175000,24.7093
68.180000,17.5424
68.185000,24.5612
68.190000,8.2118
68.195000,0.9344
68.200000,5.1079
68.205000,22.7340
68.210000,0.5784
68.215000,-3.8182
68.220000,8.7857
68.225000,0.3469
68.230000,-0.1767
68.235000,16.0910
68.240000,10.3265
68.245000,7.3141
68.250000,25.9322
68.255000,25.0235
68.260000,4.3224
68.265000,5.7369
68.270000,27.0839
68.275000,2.7576
68.280000,1.6666
68.285000,-0.8338
68.290000,-8.1759
68.295000,-24.5615
68.300000,-16.9247
68.305000,-16.2293
68.310000,-29.1454
68.315000,-32.3716
68.320000,-8.8636
68.325000,-18.4286
68.330000,-23.2746
68.335000,3.4299
68.340000,-7.6434
68.345000,-12.3625
68.350000,1.2975
68.355000,2.6911
68.360000,-4.1318
68.365000,-16.4601
68.370000,3.8045
68.375000,-15.5317
68.380000,-18.2735
68.385000,-15.1771
68.390000,-15.1295
68.395000,-30.9968
68.400000,-27.8295
68.405000,-16.1077
68.410000,-29.1142
68.415000,-27.6917
68.420000,-14.5227
68.425000,-22.7249
68.430000,-32.8661
68.435000,-7.2583
68.440000,-13.8833
68.445000,-15.8286
68.450000,-1.4608
68.455000,2.5993
68.460000,-9.0293
68.465000,3.0425
68.470000,4.4890
68.475000,-15.7630
68.480000,-30.2848
68.485000,-9.1653
68.490000,-17.3654
68.495000,-36.6937
68.500000,-26.9648
68.505000,-30.7969
68.510000,-43.4410
68.515000,-41.0517
68.520000,-30.7450
68.525000,-45.2346
68.530000,-42.2810
68.535000,-19.0053
68.540000,-27.2575
68.545000,-22.9767
68.550000,-19.8256
68.555000,-15.2581
68.560000,-23.1151
68.565000,-7.8498
68.570000,-1.1771
68.575000,-20.8068
68.580000,-26.3084
68.585000,-4.2569
68.590000,-19.2153
68.595000,-45.7128
68.600000,-30.5371
68.605000,-30.2499
68.610000,-55.2699
68.615000,-37.7998
68.620000,-41.7056
68.625000,-47.0349
68.630000,-43.0445
68.635000,-24.4369
68.640000,-24.6326
68.645000,-34.8831
68.650000,-6.7147
68.655000,3.4450
68.660000,-4.1262
68.665000,-6.5154
68.670000,11.7087
68.675000,-3.1309
68.680000,-9.8647
68.685000,5.9199
68.690000,-8.3888
68.695000,-18.6905
68.700000,-12.5154
68.705000,-4.8883
68.710000,-28.8788
68.715000,-23.8344
68.720000,-10.1444
68.725000,-19.2655
68.730000,-12.8902
68.735000,16.6255
68.740000,14.6385
68.745000,3.9591
68.750000,18.4472
68.755000,27.9048
68.760000,7.5666
68.765000,11.9406
68.770000,28.7975
68.775000,17.2922
68.780000,4.5643
68.785000,23.8891
68.790000,15.6930
68.795000,-1.5230
68.800000,23.8846
68.805000,13.1119
68.810000,-9.9124
68.815000,-8.6260
68.820000,12.3427
68.825000,-5.1396
68.830000,-2.6010
68.835000,19.8605
68.840000,19.1168
68.845000,11.4836
68.850000,33.4421
68.855000,17.2861
68.860000,17.1060
68.865000,26.7062
68.870000,29.4625
68.875000,21.5553
68.880000,12.1319
68.885000,20.4732
68.890000,19.9288
68.895000,-1.9833
68.900000,19.2083
68.905000,19.7331
68.910000,0.1495
68.915000,10.9939
68.920000,12.4873
68.925000,-6.0922
68.930000,3.7625
68.935000,15.4605
68.940000,21.1061
68.945000,9.5855
68.950000,15.3756
68.955000,26.4781
68.960000,4.6628
68.965000,15.5463
68.970000,27.9643
68.975000,2.6255
68.980000,-4.4218
68.985000,8.8996
68.990000,10.1272
68.995000,-15.0036
69.000000,-10.5967
69.005000,5.4711
69.010000,-26.4511
69.015000,-27.5603
69.020000,-13.3031
69.025000,-10.4301
69.030000,-14.3638
69.035000,1.9764
69.040000,-1.5224
69.045000,-9.8320
69.050000,8.7380
69.055000,10.3352
69.060000,-4.1627
69.065000,-5.9048
69.070000,12.3019
69.075000,-0.7652
69.080000,-6.6539
69.085000,2.3412
69.090000,-14.8398
69.095000,-20.4666
69.100000,-11.1198
69.105000,-17.1041
69.110000,-28.1551
69.115000,-24.0772
69.120000,-10.7240
69.125000,-22.3585
69.130000,-31.3462
69.135000,-16.8338
69.140000,-11.3370
69.145000,-23.4306
69.150000,-5.8654
69.155000,-0.2292
69.160000,-5.3508
69.165000,-6.2591
69.170000,3.2197
69.175000,-14.9805
69.180000,-11.7089
69.185000,-7.6795
69.190000,-8.8669
69.195000,-11.7760
69.200000,-17.3923
69.205000,-15.4728
69.210000,-32.4247
69.215000,-27.9687
69.220000,-14.2258
69.225000,-22.7107
69.230000,-27.8179
69.235000,-4.8036
69.240000,-2.0753
69.245000,-5.6301
69.250000,-3.1104
69.255000,-0.3374
69.260000,0.8096
69.265000,0.1351
69.270000,0.0748
69.275000,-7.7375
69.280000,-12.1971
69.285000,-1.2426
69.290000,-0.5539
69.295000,-21.3696
69.300000,-7.2752
69.305000,-3.6440
69.310000,-16.7327
69.315000,-3.9355
69.320000,-3.6257
69.325000,-6.5128
69.330000,-4.5962
69.335000,5.7174
69.340000,5.8566
69.345000,-5.1704
69.350000,14.9995
69.355000,19.0772
69.360000,7.1910
69.365000,19.1761
69.370000,29.5394
69.375000,11.4471
69.380000,13.2576
69.385000,22.0635
69.390000,23.5549
69.395000,11.7617
69.400000,12.8917
69.405000,19.9966
69.410000,-2.1320
69.415000,-4.4818
69.420000,7.3072
69.425000,-12.7071
69.430000,-16.9287
69.435000,-2.2637
69.440000,-10.1447
69.445000,-11.3089
69.450000,5.7678
69.455000,21.4743
69.460000,5.2738
69.465000,7.1724
69.470000,20.5499
69.475000,2.6104
69.480000,3.7158
69.485000,16.1721
69.490000,4.3877
69.495000,-13.2645
69.500000,1.0372
69.505000,0.7634
69.510000,-11.2225
69.515000,-6.7855
69.520000,8.4863
69.525000,-8.9514
69.530000,-22.1471
69.535000,12.8006
69.540000,-1.1568
69.545000,-7.0473
69.550000,10.0394
69.555000,13.1874
69.560000,5.7982
69.565000,1.2103
69.570000,25.8492
69.575000,4.6508
69.580000,2.4865
69.585000,16.3721
69.590000,9.0620
69.595000,-12.6270
69.600000,-7.4055
69.605000,8.5249
69.610000,-11.4549
69.615000,-3.5871
69.620000,3.2684
69.625000,-12.8445
69.630000,-13.2419
69.635000,1.0182
69.640000,-0.3129
69.645000,-3.0382
69.650000,9.0867
69.655000,13.1575
69.660000,-2.6642
69.665000,2.5866
69.670000,6.2266
69.675000,-4.5867
69.680000,-16.5018
69.685000,-0.1977
69.690000,-4.7530
69.695000,-22.2424
69.700000,-25.0866
69.705000,-13.7472
69.710000,-33.0093
69.715000,-24.4565
69.720000,-10.2278
69.725000,-17.8830
69.730000,-25.9004
69.735000,-15.5735
69.740000,-27.2992
69.745000,-29.6306
69.750000,-9.8589
69.755000,-15.8618
69.760000,-21.6637
69.765000,-20.9642
69.770000,-16.7613
69.775000,-32.4753
69.780000,-31.3595
69.785000,-16.5031
69.790000,-21.4430
69.795000,-41.8568
69.800000,-38.7674
69.805000,-34.2293
69.810000,-49.9679
69.815000,-43.6794
69.820000,-30.9376
69.825000,-39.2841
69.830000,-46.2517
69.835000,-30.5340
69.840000,-28.2909
69.845000,-37.1868
69.850000,-21.8294
69.855000,-26.5718
69.860000,-25.2965
69.865000,-22.7688
69.870000,-0.2379
69.875000,-20.4235
69.880000,-20.9281
69.885000,-8.5285
69.890000,-23.7086
69.895000,-38.1043
69.900000,-13.2238
69.905000,-15.1203
69.910000,-44.7473
69.915000,-36.2555
69.920000,-30.0384
69.925000,-39.1750
69.930000,-38.1955
69.935000,-26.1180
69.940000,-28.9731
69.945000,-43.6950
69.950000,-27.9816
69.955000,-19.1283
69.960000,-41.8200
69.965000,-21.5359
69.970000,-17.5281
69.975000,-22.9569
69.980000,-29.9070
69.985000,-14.0983
69.990000,-17.0639
69.995000,-36.7678
70.000000,-21.4996
70.005000,-15.2215
70.010000,-26.1298
70.015000,-22.0928
70.020000,-3.9711
70.025000,-18.7433
70.030000,-3.1526
70.035000,2.7930
70.040000,7.1220
70.045000,3.5241
70.050000,3.8177
70.055000,9.5501
70.060000,-5.2040
70.065000,1.0162
70.070000,16.7693
70.075000,-0.6040
70.080000,-0.2363
70.085000,13.2220
70.090000,8.7793
70.095000,-11.0437
70.100000,9.5365
70.105000,9.0335
70.110000,-3.6635
70.115000,9.4957
70.120000,27.4615
70.125000,12.1676
70.130000,13.2258
70.135000,35.0391
70.140000,27.1501
70.145000,18.1975
70.150000,28.4121
70.155000,39.7005
70.160000,27.6256
70.165000,32.6747
70.170000,43.9093
70.175000,35.1337
70.180000,26.4894
70.185000,32.7162
70.190000,23.5837
70.195000,15.2518
70.200000,33.4048
70.205000,35.5306
70.210000,13.6688
70.215000,24.1346
70.220000,36.9291
70.225000,28.1973
70.230000,13.5404
70.235000,35.8587
70.240000,33.5581
70.245000,31.8404
70.250000,42.6508
70.255000,49.7061
70.260000,28.8115
70.265000,33.6324
70.270000,40.7886
70.275000,22.0199
70.280000,18.7208
70.285000,26.1882
70.290000,21.5577
70.295000,12.4094
70.300000,18.4970
70.305000,20.8377
70.310000,6.9108
70.315000,4.9856
70.320000,19.7826
70.325000,6.9348
70.330000,16.8471
70.335000,26.9577
70.340000,21.2190
70.345000,14.0438
70.350000,28.4233
70.355000,28.3956
70.360000,17.7418
70.365000,26.6125
70.370000,23.2884
70.375000,12.5952
70.380000,0.8692
70.385000,17.4109
70.390000,9.0365
70.395000,-7.4698
70.400000,2.5699
70.405000,4.0030
70.410000,-17.4139
70.415000,-7.0004
70.420000,-3.5987
70.425000,-12.1037
70.430000,-19.0425
70.435000,-0.7578
70.440000,-9.6208
70.445000,-24.0658
70.450000,-12.3339
70.455000,-9.7381
70.460000,-16.4496
70.465000,-15.7790
70.470000,-10.7508
70.475000,-18.3259
70.480000,-28.5073
70.485000,-10.6994
70.490000,-15.8187
70.495000,-28.8533
70.500000,-25.3722
70.505000,-25.8058
70.510000,-48.9201
70.515000,-39.4428
70.520000,-14.8749
70.525000,-21.9787
70.530000,-39.6623
70.535000,-15.9376
70.540000,-12.8851
70.545000,-31.9560
70.550000,-19.3865
70.555000,-10.2951
70.560000,-24.9576
70.565000,-24.7927
70.570000,-9.7270
70.575000,-29.1305
70.580000,-22.1901
70.585000,0.4263
70.590000,-15.1865
70.595000,-27.8115
70.600000,-15.1639
70.605000,-10.2987
70.610000,-28.6998
70.615000,-21.4488
70.620000,-12.0222
70.625000,-23.0726
70.630000,-21.9065
70.635000,-4.9605
70.640000,-13.9138
70.645000,-18.9139
70.650000,-2.1386
70.655000,3.8637
70.660000,-6.9547
70.665000,2.8439
70.670000,28.1505
70.675000,12.9177
70.680000,-6.4166
70.685000,13.7913
70.690000,2.5323
70.695000,-10.6622
70.700000,5.6669
70.705000,14.0844
70.710000,7.3943
70.715000,10.8082
70.720000,26.7232
70.725000,23.2683
70.730000,14.6932
70.735000,27.4391
70.740000,25.5688
70.745000,19.5355
70.750000,34.3551
70.755000,49.9042
70.760000,34.1816
70.765000,39.0420
70.770000,52.3017
70.775000,30.6066
70.780000,29.0419
70.785000,45.1994
70.790000,30.9374
70.795000,25.0414
70.800000,38.2493
70.805000,38.5532
70.810000,30.8177
70.815000,28.2273
70.820000,49.2949
70.825000,22.8836
70.830000,34.9824
70.835000,50.0410
70.840000,42.3030
70.845000,39.3277
70.850000,40.7754
70.855000,52.1975
70.860000,33.7603
70.865000,43.5064
70.870000,60.1726
70.875000,47.5667
70.880000,35.0751
70.885000,55.5694
70.890000,48.7558
70.895000,28.1571
70.900000,44.5268
70.905000,45.8409
70.910000,21.9959
70.915000,38.2163
70.920000,43.6809
70.925000,30.0610
70.930000,31.6632
70.935000,44.2784
70.940000,44.4941
70.945000,33.4424
70.950000,47.4493
70.955000,50.8234
70.960000,31.6420
70.965000,35.9039
70.970000,54.1205
70.975000,39.6176
70.980000,23.3530
70.985000,29.1790
70.990000,29.1522
70.995000,7.8546
71.000000,18.7774
71.005000,13.7220
71.010000,4.8596
71.015000,1.3587
71.020000,6.4394
71.025000,-10.6330
71.030000,-8.9345
71.035000,2.0762
71.040000,6.2260
71.045000,-8.9801
71.050000,4.0503
71.055000,14.0004
71.060000,-4.5028
71.065000,6.7035
71.070000,19.6103
71.075000,-12.6938
71.080000,-11.8405
71.085000,8.3941
71.090000,0.9656
71.095000,-12.6342
71.100000,-4.6150
71.105000,-4.4483
71.110000,-21.6897
71.115000,-24.3375
71.120000,-9.9199
71.125000,-21.6509
71.130000,-21.4541
71.135000,-9.7641
71.140000,-6.3016
71.145000,-13.6216
71.150000,7.8746
71.155000,5.3439
71.160000,-13.5755
71.165000,-20.8178
71.170000,-5.6247
71.175000,-14.9353
71.180000,-15.6388
71.185000,-17.5503
71.190000,-18.6747
71.195000,-27.5196
71.200000,-27.9299
71.205000,-31.3584
71.210000,-46.3246
71.215000,-40.2123
71.220000,-27.8119
71.225000,-33.7055
71.230000,-45.6767
71.235000,-24.1926
71.240000,-24.2996
71.245000,-33.7321
71.250000,-10.7677
71.255000,-2.0854
71.260000,-13.5309
71.265000,-15.7437
71.270000,-7.4939
71.275000,-15.9508
71.280000,-15.7579
71.285000,-1.2818
71.290000,-14.5916
71.295000,-22.7712
71.300000,-13.3473
71.305000,-6.1661
71.310000,-16.4034
71.315000,-13.7643
71.320000,-8.0942
71.325000,-15.4275
71.330000,-13.8796
71.335000,12.2166
71.340000,7.8060
71.345000,5.7138
71.350000,14.8680
71.355000,32.3118
71.360000,10.3032
71.365000,18.9585
71.370000,26.1889
71.375000,22.8054
71.380000,10.6681
71.385000,27.2022
71.390000,24.7704
71.395000,9.3614
71.400000,23.7240
71.405000,33.7938
71.410000,10.2614
71.415000,13.2176
71.420000,29.1717
71.425000,18.1207
71.430000,15.5469
71.435000,33.9337
71.440000,36.9936
71.445000,24.5587
71.450000,52.6528
71.455000,46.5653
71.460000,36.9555
71.465000,53.9946
71.470000,54.2604
71.475000,46.6911
71.480000,32.6752
71.485000,46.1753
71.490000,44.0302
71.495000,22.0853
71.500000,32.7191
71.505000,39.4262
71.510000,20.5081
71.515000,28.8930
71.520000,46.9122
71.525000,27.1375
71.530000,33.4455
71.535000,56.7593
71.540000,53.0783
71.545000,38.3864
71.550000,46.9453
71.555000,53.5036
71.560000,33.7119
71.565000,50.1583
71.570000,50.1347
71.575000,37.8893
71.580000,39.9226
71.585000,59.6266
71.590000,50.7337
71.595000,25.5664
71.600000,24.8874
71.605000,24.2998
71.610000,5.0715
71.615000,-0.9747
71.620000,8.6501
71.625000,0.4363
71.630000,-3.0792
71.635000,17.6537
71.640000,10.2639
71.645000,12.0259
71.650000,33.9259
71.655000,34.2645
71.660000,12.0788
71.665000,15.5606
71.670000,19.0194
71.675000,15.2482
71.680000,9.0766
71.685000,9.7537
71.690000,-2.2130
71.695000,-23.0276
71.700000,-8.4416
71.705000,-16.4572
71.710000,-17.3275
71.715000,-27.1887
71.720000,-11.7219
71.725000,-23.8995
71.730000,-26.3049
71.735000,-10.9733
71.740000,-8.0288
71.745000,-15.5647
71.750000,2.8070
71.755000,3.1890
71.760000,-13.0098
71.765000,-11.2166
71.770000,-9.2700
71.775000,-9.7366
71.780000,-21.5196
71.785000,-16.3534
71.790000,-13.4228
71.795000,-46.5235
71.800000,-40.9316
71.805000,-36.9127
71.810000,-55.0705
71.815000,-49.4216
71.820000,-26.2839
71.825000,-44.4719
71.830000,-47.2949
71.835000,-38.5832
71.840000,-36.7669
71.845000,-46.5551
71.850000,-26.1683
71.855000,-15.1316
71.860000,-37.8388
71.865000,-34.5930
71.870000,-17.7748
71.875000,-25.4011
71.880000,-28.4186
71.885000,-26.2519
71.890000,-28.7987
71.895000,-39.0764
71.900000,-29.7298
71.905000,-35.0930
71.910000,-53.9178
71.915000,-51.3122
71.920000,-39.4493
71.925000,-47.4580
71.930000,-50.2422
71.935000,-26.7245
71.940000,-23.9130
71.945000,-33.3368
71.950000,-24.8194
71.955000,-1.2849
71.960000,-17.6939
71.965000,-18.5867
71.970000,0.6221
71.975000,-14.0972
71.980000,-22.5717
71.985000,-6.8044
71.990000,-24.4275
71.995000,-28.5798
72.000000,-8.2365
72.005000,-7.5116
72.010000,-16.4116
72.015000,-11.2111
72.020000,-0.3780
72.025000,-6.9891
72.030000,-14.5503
72.035000,4.9200
72.040000,4.5964
72.045000,-1.5386
72.050000,21.6562
72.055000,23.9586
72.060000,23.8660
72.065000,27.4349
72.070000,33.6527
72.075000,28.4747
72.080000,26.7076
72.085000,34.8602
72.090000,26.4439
72.095000,1.8259
72.100000,10.3127
72.105000,18.1289
72.110000,-2.2709
72.115000,14.8961
72.120000,32.3616
72.125000,15.4105
72.130000,20.3335
72.135000,41.0653
72.140000,38.7260
72.145000,39.8554
72.150000,52.7914
72.155000,64.1391
72.160000,39.7154
72.165000,62.3528
72.170000,60.3182
72.175000,48.0168
72.180000,44.7304
72.185000,38.7039
72.190000,28.5369
72.195000,16.7972
72.200000,31.6895
72.205000,28.2769
72.210000,20.3445
72.215000,6.3676
72.220000,26.4409
72.225000,10.6927
72.230000,18.7244
72.235000,35.0711
72.240000,27.5449
72.245000,24.8821
72.250000,40.3816
72.255000,51.0478
72.260000,20.4543
72.265000,28.7083
72.270000,36.1388
72.275000,12.8009
72.280000,12.4563
72.285000,18.5344
72.290000,2.1673
72.295000,-12.8516
72.300000,1.1721
72.305000,-2.6758
72.310000,-24.0258
72.315000,-19.0668
72.320000,-5.7537
72.325000,-20.0866
72.330000,-26.7136
72.335000,-2.2249
72.340000,-3.1312
72.345000,-5.9300
72.350000,-1.3747
72.355000,1.8056
72.360000,-17.9190
72.365000,-17.2232
72.370000,0.6483
72.375000,-15.7110
72.380000,-26.2962
72.385000,-19.5700
72.390000,-30.6609
72.395000,-53.0242
72.400000,-41.1931
72.405000,-27.6989
72.410000,-42.6195
72.415000,-45.9171
72.420000,-37.1818
72.425000,-41.9028
72.430000,-42.8452
72.435000,-21.8965
72.440000,-31.0348
72.445000,-38.3074
72.450000,-18.4027
72.455000,-20.8868
72.460000,-25.5440
72.465000,-21.7840
72.470000,-14.3038
72.475000,-32.9153
72.480000,-40.5981
72.485000,-24.6486
72.490000,-37.3519
72.495000,-53.3258
72.500000,-47.8151
72.505000,-43.2587
72.510000,-74.2038
72.515000,-64.7616
72.520000,-54.5303
72.525000,-60.0219
72.530000,-58.6336
72.535000,-42.2689
72.540000,-43.4103
72.545000,-51.6309
72.550000,-38.7108
72.555000,-38.0323
72.560000,-40.6492
72.565000,-38.2637
72.570000,-15.0847
72.575000,-47.7876
72.580000,-40.8544
72.585000,-17.2011
72.590000,-35.4943
72.595000,-55.7293
72.600000,-39.9798
72.605000,-36.7778
72.610000,-55.4524
72.615000,-57.3752
72.620000,-46.5647
72.625000,-55.8150
72.630000,-60.4970
72.635000,-26.6091
72.640000,-30.8754
72.645000,-38.6719
72.650000,-7.3903
72.655000,-0.5233
72.660000,-9.3560
72.665000,-6.4527
72.670000,7.8062
72.675000,-2.7438
72.680000,-8.6271
72.685000,1.6704
72.690000,-6.7217
72.695000,-22.0935
72.700000,-18.5759
72.705000,-7.2802
72.710000,-18.7359
72.715000,-21.8992
72.720000,3.0955
72.725000,-9.7089
72.730000,2.8209
72.735000,21.5701
72.740000,17.5842
72.745000,14.7763
72.750000,36.1929
72.755000,38.2054
72.760000,32.8437
72.765000,34.5915
72.770000,46.0417
72.775000,37.4668
72.780000,25.2296
72.785000,40.0138
72.790000,30.6355
72.795000,10.1069
72.800000,30.6270
72.805000,27.4804
72.810000,6.0950
72.815000,13.1305
72.820000,25.4741
72.825000,11.7105
72.830000,17.9791
72.835000,47.7226
72.840000,43.1753
72.845000,35.3695
72.850000,52.9716
72.855000,48.8471
72.860000,38.6815
72.865000,37.6008
72.870000,54.8889
72.875000,39.4592
72.880000,32.6061
72.885000,48.8722
72.890000,38.2692
72.895000,29.6600
72.900000,31.2978
72.905000,35.4201
72.910000,17.2908
72.915000,21.0253
72.920000,22.8903
72.925000,14.1163
72.930000,17.5380
72.935000,30.7702
72.940000,26.3815
72.945000,16.6160
72.950000,28.0641
72.955000,36.7113
72.960000,18.8592
72.965000,22.2464
72.970000,39.2531
72.975000,13.4787
72.980000,4.7941
72.985000,18.2626
72.990000,4.2752
72.995000,-10.2309
73.000000,7.5031
73.005000,13.9608
73.010000,-26.5023
73.015000,-30.5351
73.020000,-6.7919
73.025000,-11.0771
73.030000,-16.9435
73.035000,0.8021
73.040000,-7.8638
73.045000,-11.3128
73.050000,2.6223
73.055000,4.6047
73.060000,-12.4953
73.065000,-9.0230
73.070000,1.9454
73.075000,-17.0034
73.080000,-20.6614
73.085000,-10.0305
73.090000,-17.6938
73.095000,-29.9895
73.100000,-27.0724
73.105000,-23.7505
73.110000,-45.7140
73.115000,-45.0517
73.120000,-32.5427
73.125000,-49.6931
73.130000,-48.8192
73.135000,-32.6862
73.140000,-38.7735
73.145000,-36.6812
73.150000,-27.7936
73.155000,-24.7701
73.160000,-36.7571
73.165000,-20.2796
73.170000,-15.1390
73.175000,-29.0241
73.180000,-27.3515
73.185000,-27.9093
73.190000,-25.1052
73.195000,-42.8373
73.200000,-37.7085
73.205000,-40.8353
73.210000,-48.7106
73.215000,-44.8830
73.220000,-41.5306
73.225000,-48.1821
73.230000,-42.1962
73.235000,-23.7610
73.240000,-17.7255
73.245000,-17.5915
73.250000,-6.8724
73.255000,-11.7725
73.260000,-18.8874
73.265000,-14.4029
73.270000,-0.8937
73.275000,-20.2220
73.280000,-15.5212
73.285000,-7.9797
73.290000,-11.0523
73.295000,-26.6411
73.300000,-11.5988
73.305000,-8.3314
73.310000,-21.6640
73.315000,-13.5970
73.320000,-3.9776
73.325000,-5.5766
73.330000,-11.6438
73.335000,7.0281
73.340000,-0.7185
73.345000,-4.9587
73.350000,20.9975
73.355000,23.1633
73.360000,10.6652
73.365000,20.2117
73.370000,28.5026
73.375000,15.3875
73.380000,15.7539
73.385000,25.9548
73.390000,25.9479
73.395000,15.8345
73.400000,21.6407
73.405000,16.3800
73.410000,2.6637
73.415000,0.8957
73.420000,14.1660
73.425000,-3.4379
73.430000,-2.6331
73.435000,12.8262
73.440000,9.0035
73.445000,1.4986
73.450000,23.3273
73.455000,37.0007
73.460000,22.1488
73.465000,25.4583
73.470000,40.4487
73.475000,19.3446
73.480000,20.7438
73.485000,39.3825
73.490000,15.1247
73.495000,5.7355
73.500000,17.4414
73.505000,13.4238
73.510000,2.4890
73.515000,8.6256
73.520000,17.4408
73.525000,-1.6179
73.530000,-4.8915
73.535000,22.6700
73.540000,13.2166
73.545000,9.9592
73.550000,30.8173
73.555000,30.3088
73.560000,19.9203
73.565000,21.0846
73.570000,28.1423
73.575000,15.1406
73.580000,11.6551
73.585000,24.5589
73.590000,12.5246
73.595000,0.7465
73.600000,9.7272
73.605000,13.0118
73.610000,-0.3497
73.615000,7.1891
73.620000,7.7151
73.625000,3.9275
73.630000,-0.8380
73.635000,17.7411
73.640000,9.1446
73.645000,3.0285
73.650000,7.7803
73.655000,14.9189
73.660000,7.0743
73.665000,0.8915
73.670000,2.9384
73.675000,-8.1237
73.680000,-10.3309
73.685000,-11.1194
73.690000,-5.0347
73.695000,-23.3964
73.700000,-16.1281
73.705000,-20.1944
73.710000,-34.9533
73.715000,-23.1366
73.720000,-15.8586
73.725000,-22.4330
73.730000,-32.1026
73.735000,-15.4378
73.740000,-24.7343
73.745000,-27.6770
73.750000,-26.2026
73.755000,-13.3381
73.760000,-29.2935
73.765000,-34.9471
73.770000,-24.3832
73.775000,-30.9576
73.780000,-42.8278
73.785000,-25.9637
73.790000,-27.9947
73.795000,-57.6346
73.800000,-46.9707
73.805000,-42.4563
73.810000,-62.7005
73.815000,-61.2234
73.820000,-43.7545
73.825000,-58.7006
73.830000,-57.3947
73.835000,-36.0595
73.840000,-46.4625
73.845000,-43.8393
73.850000,-33.0544
73.855000,-31.7891
73.860000,-39.8166
73.865000,-30.6351
73.870000,-13.5476
73.875000,-40.0150
73.880000,-28.6569
73.885000,-17.5434
73.890000,-30.7039
73.895000,-44.1841
73.900000,-27.7883
73.905000,-37.1187
73.910000,-50.3678
73.915000,-46.4269
73.920000,-27.3338
73.925000,-51.1190
73.930000,-38.1525
73.935000,-34.0440
73.940000,-38.5222
73.945000,-50.7862
73.950000,-30.1128
73.955000,-25.8858
73.960000,-35.6672
73.965000,-31.3878
73.970000,-20.7920
73.975000,-28.6199
73.980000,-23.5649
73.985000,-12.7048
73.990000,-29.6099
73.995000,-37.5328
74.000000,-23.2189
74.005000,-21.7109
74.010000,-29.3326
74.015000,-15.1741
74.020000,-8.7426
74.025000,-21.9086
74.030000,2.1292
74.035000,10.4762
74.040000,4.2828
74.045000,1.2329
74.050000,0.3013
74.055000,16.6727
74.060000,4.3646
74.065000,6.0516
74.070000,25.0258
74.075000,12.8324
74.080000,9.7447
74.085000,16.6885
74.090000,5.0192
74.095000,2.1681
74.100000,3.1751
74.105000,8.3416
74.110000,-1.6455
74.115000,3.8727
74.120000,36.8154
74.125000,8.8875
74.130000,17.5181
74.135000,34.9742
74.140000,32.8072
74.145000,29.7921
74.150000,47.9552
74.155000,44.2219
74.160000,26.7819
74.165000,24.3033
74.170000,49.8087
74.175000,31.6562
74.180000,35.8071
74.185000,38.4398
74.190000,22.7269
74.195000,24.2710
74.200000,43.0743
74.205000,47.2704
74.210000,15.4875
74.215000,17.8961
74.220000,40.9191
74.225000,25.1021
74.230000,11.9893
74.235000,36.7851
74.240000,35.6174
74.245000,24.8194
74.250000,41.1681
74.255000,40.9849
74.260000,34.0059
74.265000,33.0835
74.270000,42.4137
74.275000,18.9848
74.280000,18.2729
74.285000,22.4064
74.290000,20.7471
74.295000,16.8664
74.300000,26.9319
74.305000,23.8468
74.310000,9.4746
74.315000,3.5578
74.320000,14.5512
74.325000,12.2309
74.330000,6.1280
74.335000,30.9472
74.340000,12.7602
74.345000,10.5192
74.350000,24.3693
74.355000,29.9254
74.360000,11.3736
74.365000,24.4454
74.370000,24.3599
74.375000,6.7114
74.380000,-0.0210
74.385000,17.6418
74.390000,10.6147
74.395000,-7.1737
74.400000,11.2091
74.405000,5.4431
74.410000,-9.3150
74.415000,-10.7417
74.420000,7.9663
74.425000,-6.5592
74.430000,-15.2681
74.435000,-2.0760
74.440000,-1.2741
74.445000,-22.7629
74.450000,-5.1488
74.455000,-7.4950
74.460000,-12.7380
74.465000,-14.7665
74.470000,-4.8170
74.475000,-21.3028
74.480000,-31.7564
74.485000,-14.1258
74.490000,-14.9334
74.495000,-25.4724
74.500000,-18.2747
74.505000,-18.9447
74.510000,-31.5816
74.515000,-26.7369
74.520000,-10.7774
74.525000,-23.3333
74.530000,-34.9234
74.535000,-14.0669
74.540000,-14.9162
74.545000,-27.0156
74.550000,-21.9252
74.555000,-8.9296
74.560000,-19.6253
74.565000,-28.7339
74.570000,-0.6837
74.575000,-24.0906
74.580000,-11.8536
74.585000,-4.8078
74.590000,-10.6617
74.595000,-29.1499
74.600000,-12.0654
74.605000,-13.5354
74.610000,-25.7459
74.615000,-16.1540
74.620000,-8.3759
74.625000,-23.5819
74.630000,-21.4830
74.635000,-6.1031
74.640000,-1.9253
74.645000,-12.1655
74.650000,-3.6026
74.655000,1.5576
74.660000,-11.0770
74.665000,3.2618
74.670000,10.6306
74.675000,5.1784
74.680000,3.7663
74.685000,5.4798
74.690000,0.3478
74.695000,-11.9126
74.700000,0.3467
74.705000,16.4274
74.710000,-0.7933
74.715000,19.5676
74.720000,28.4984
74.725000,21.8064
74.730000,14.5712
74.735000,31.6760
74.740000,30.8855
74.745000,11.6099
74.750000,27.1586
74.755000,44.0034
74.760000,23.9338
74.765000,29.4094
74.770000,40.9074
74.775000,20.6091
74.780000,23.0208
74.785000,41.5147
74.790000,25.9547
74.795000,12.7605
74.800000,35.5551
74.805000,32.9293
74.810000,20.0423
74.815000,23.3981
74.820000,27.6960
74.825000,10.7719
74.830000,12.9464
74.835000,38.9860
74.840000,38.6861
74.845000,20.0162
74.850000,35.2110
74.855000,29.8659
74.860000,23.4506
74.865000,33.6593
74.870000,52.1165
74.875000,31.1790
74.880000,29.1509
74.885000,41.6036
74.890000,37.6311
74.895000,22.4253
74.900000,29.6657
74.905000,33.4472
74.910000,19.4696
74.915000,23.9497
74.920000,36.2459
74.925000,28.4832
74.930000,22.8178
74.935000,37.4139
74.940000,30.8691
74.945000,35.3198
74.950000,46.7492
74.955000,43.2678
74.960000,30.8575
74.965000,31.3702
74.970000,50.6651
74.975000,36.1808
74.980000,22.4251
74.985000,29.2370
74.990000,26.2053
74.995000,6.6834
75.000000,15.6934
75.005000,12.7261
75.010000,4.0419
75.015000,1.3348
75.020000,13.0347
75.025000,-10.8579
75.030000,-4.9505
75.035000,16.1211
75.040000,10.9400
75.045000,2.6588
75.050000,13.8281
75.055000,13.9216
75.060000,2.3259
75.065000,18.4397
75.070000,29.8051
75.075000,0.3948
75.080000,5.2741
75.085000,13.5204
75.090000,-3.9364
75.095000,-16.6874
75.100000,5.5102
75.105000,4.4140
75.110000,-10.5634
75.115000,-6.5951
75.120000,-5.5234
75.125000,-8.9735
75.130000,-4.2234
75.135000,6.2679
75.140000,11.4468
75.145000,-2.2149
75.150000,17.4503
75.155000,11.9315
75.160000,-5.7651
75.165000,7.6306
75.170000,5.3074
75.175000,5.0475
75.180000,-8.0503
75.185000,-8.9639
75.190000,-5.6031
75.195000,-21.2393
75.200000,-6.8026
75.205000,-8.5385
75.210000,-29.0781
75.215000,-21.4666
75.220000,-15.3140
75.225000,-22.0805
75.230000,-22.1027
75.235000,-3.6293
75.240000,-9.1629
75.245000,-23.9818
75.250000,0.3579
75.255000,8.9873
75.260000,-1.1032
75.265000,0.9703
75.270000,7.5072
75.275000,3.1688
75.280000,-8.2729
75.285000,9.1294
75.290000,-0.9226
75.295000,-14.7631
75.300000,3.0263
75.305000,1.5463
75.310000,-3.4738
75.315000,-5.4116
75.320000,1.1065
75.325000,-10.5088
75.330000,-20.0147
75.335000,19.3914
75.340000,10.7715
75.345000,2.2505
75.350000,22.0293
75.355000,8.6815
75.360000,3.7301
75.365000,20.8943
75.370000,27.8616
75.375000,10.3360
75.380000,3.3738
75.385000,15.1308
75.390000,9.8306
75.395000,-3.3476
75.400000,12.7636
75.405000,23.9769
75.410000,3.9100
75.415000,2.6489
75.420000,8.9131
75.425000,2.2986
75.430000,4.8516
75.435000,27.5706
75.440000,13.9654
75.445000,10.7125
75.450000,30.4977
75.455000,35.9804
75.460000,21.7922
75.465000,25.4074
75.470000,38.4011
75.475000,12.8807
75.480000,19.7159
75.485000,30.0029
75.490000,20.0542
75.495000,3.4604
75.500000,18.7604
75.505000,9.6646
75.510000,-0.9009
75.515000,2.1115
75.520000,20.8457
75.525000,8.0571
75.530000,12.1860
75.535000,39.2347
75.540000,35.7922
75.545000,16.5109
75.550000,28.8715
75.555000,27.3301
75.560000,20.7028
75.565000,31.3717
75.570000,38.9599
75.575000,29.7058
75.580000,25.4456
75.585000,42.3849
75.590000,30.4914
75.595000,12.0802
75.600000,18.7853
75.605000,7.7716
75.610000,-10.9058
75.615000,-7.5463
75.620000,3.0761
75.625000,-13.7710
75.630000,-10.3071
75.635000,13.7808
75.640000,-1.3514
75.645000,2.0599
75.650000,20.1715
75.655000,21.3252
75.660000,5.8078
75.665000,14.1007
75.670000,20.8446
75.675000,4.4661
75.680000,1.6402
75.685000,11.4438
75.690000,-2.4190
75.695000,-14.6902
75.700000,-9.2717
75.705000,-2.6670
75.710000,-19.4869
75.715000,-13.1342
75.720000,-0.7020
75.725000,-13.5797
75.730000,-17.7895
75.735000,1.7509
75.740000,-4.3345
75.745000,1.5218
75.750000,16.4095
75.755000,16.2598
75.760000,-5.8001
75.765000,11.7340
75.770000,20.3731
75.775000,1.2502
75.780000,-6.6805
75.785000,7.8762
75.790000,0.1974
75.795000,-13.8452
75.800000,-8.6300
75.805000,-9.5454
75.810000,-25.4322
75.815000,-14.4428
75.820000,-12.3421
75.825000,-27.8944
75.830000,-27.2193
75.835000,-7.1724
75.840000,-16.3058
75.845000,-21.3691
75.850000,-1.2353
75.855000,-10.1515
75.860000,-20.3499
75.865000,-14.9568
75.870000,5.5129
75.875000,-9.7711
75.880000,-14.3649
75.885000,3.6201
75.890000,-5.5589
75.895000,-26.4053
75.900000,-18.2425
75.905000,-20.4741
75.910000,-42.1192
75.915000,-31.8667
75.920000,-19.0769
75.925000,-26.2979
75.930000,-31.2812
75.935000,-9.9120
75.940000,-1.5879
75.945000,-28.8344
75.950000,-3.1501
75.955000,4.3186
75.960000,-11.4618
75.965000,-13.9072
75.970000,7.3168
75.975000,-2.2370
75.980000,-12.6808
75.985000,4.6793
75.990000,-14.1131
75.995000,-25.0575
76.000000,-11.8334
76.005000,0.3754
76.010000,-21.7688
76.015000,-14.1205
76.020000,-1.0678
76.025000,-7.0813
76.030000,-16.6415
76.035000,4.8306
76.040000,-1.9109
76.045000,-6.1491
76.050000,13.4396
76.055000,14.1498
76.060000,13.0298
76.065000,15.8865
76.070000,27.8034
76.075000,14.5534
76.080000,13.7718
76.085000,15.7151
76.090000,3.2336
76.095000,-7.7897
76.100000,-4.0157
76.105000,1.2407
76.110000,-14.5572
76.115000,-13.1703
76.120000,14.4257
76.125000,-5.1561
76.130000,-3.1925
76.135000,28.2739
76.140000,31.6616
76.145000,15.1267
76.150000,29.6440
76.155000,38.0663
76.160000,16.0180
76.165000,35.4243
76.170000,32.1609
76.175000,15.1649
76.180000,17.3145
76.185000,21.9217
76.190000,10.5933
76.195000,-13.6325
76.200000,14.3815
76.205000,7.0917
76.210000,-1.1167
76.215000,1.3241
76.220000,11.5643
76.225000,-5.6521
76.230000,-2.5908
76.235000,13.1125
76.240000,11.1439
76.245000,1.7612
76.250000,28.5961
76.255000,29.5721
76.260000,9.2815
76.265000,17.0259
76.270000,20.3994
76.275000,8.8555
76.280000,-1.8204
76.285000,4.0703
76.290000,-10.9526
76.295000,-23.6596
76.300000,-12.1725
76.305000,-12.4018
76.310000,-31.8933
76.315000,-31.3348
76.320000,-14.2170
76.325000,-19.0669
76.330000,-31.6006
76.335000,-4.1086
76.340000,-6.6250
76.345000,-4.1572
76.350000,-0.2446
76.355000,5.4074
76.360000,-9.5286
76.365000,-9.1455
76.370000,-0.8874
76.375000,-18.9226
76.380000,-25.1395
76.385000,-9.4578
76.390000,-23.5595
76.395000,-35.5225
76.400000,-35.7726
76.405000,-13.7438
76.410000,-33.4742
76.415000,-29.5688
76.420000,-13.4881
76.425000,-27.2455
76.430000,-24.8411
76.435000,-12.5827
76.440000,-13.5650
76.445000,-14.8212
76.450000,-5.8420
76.455000,0.6386
76.460000,-3.2767
76.465000,-1.5707
76.470000,5.0091
76.475000,-17.4816
76.480000,-19.8551
76.485000,-3.4633
76.490000,-16.4159
76.495000,-34.5420
76.500000,-22.4073
76.505000,-33.6291
76.510000,-55.4609
76.515000,-45.4622
76.520000,-40.3268
76.525000,-36.0147
76.530000,-47.3619
76.535000,-19.7311
76.540000,-21.4663
76.545000,-31.0155
76.550000,-20.5259
76.555000,-13.5688
76.560000,-25.2645
76.565000,-13.1152
76.570000,-1.3633
76.575000,-15.3493
76.580000,-23.3804
76.585000,-8.9642
76.590000,-32.1124
76.595000,-50.2914
76.600000,-30.6580
76.605000,-29.8902
76.610000,-51.7611
76.615000,-38.9961
76.620000,-43.3308
76.625000,-51.1863
76.630000,-49.3090
76.635000,-29.3052
76.640000,-20.4357
76.645000,-28.8733
76.650000,-11.0681
76.655000,8.9811
76.660000,-4.2195
76.665000,2.1073
76.670000,11.5551
76.675000,-4.6082
76.680000,-10.1155
76.685000,9.9917
76.690000,-9.0328
76.695000,-14.7984
76.700000,-14.1374
76.705000,-10.2362
76.710000,-25.2482
76.715000,-25.2059
76.720000,-8.6848
76.725000,-12.8341
76.730000,-11.1794
76.735000,15.7286
76.740000,15.8397
76.745000,6.6317
76.750000,23.9901
76.755000,28.6223
76.760000,14.7919
76.765000,18.0647
76.770000,34.1677
76.775000,22.6670
76.780000,22.5398
76.785000,23.8810
76.790000,15.4692
76.795000,9.5508
76.800000,21.8766
76.805000,21.1961
76.810000,-12.7552
76.815000,2.6610
76.820000,10.4063
76.825000,1.6698
76.830000,2.3055
76.835000,24.0035
76.840000,24.4415
76.845000,23.8941
76.850000,40.7259
76.855000,34.8531
76.860000,17.6686
76.865000,26.0347
76.870000,39.6187
76.875000,33.2829
76.880000,26.8154
76.885000,38.8241
76.890000,25.8990
76.895000,15.7519
76.900000,18.5523
76.905000,21.9308
76.910000,6.7558
76.915000,7.2751
76.920000,17.4408
76.925000,4.7005
76.930000,6.2877
76.935000,20.9490
76.940000,15.2061
76.945000,12.5161
76.950000,17.7643
76.955000,29.6396
76.960000,7.4579
76.965000,20.4306
76.970000,41.0989
76.975000,8.6217
76.980000,3.6743
76.985000,11.5527
76.990000,1.8140
76.995000,-13.6276
77.000000,-1.4016
77.005000,2.3554
77.010000,-26.6829
77.015000,-29.5981
77.020000,-11.3790
77.025000,-11.2976
77.030000,-9.2283
77.035000,-7.4358
77.040000,-12.9844
77.045000,-14.2112
77.050000,3.4887
77.055000,5.8624
77.060000,0.4483
77.065000,-12.6278
77.070000,7.7529
77.075000,-10.7971
77.080000,-18.7019
77.085000,-4.8574
77.090000,-19.0641
77.095000,-21.8858
77.100000,-19.2629
77.105000,-25.7991
77.110000,-32.6096
77.115000,-44.2044
77.120000,-24.7587
77.125000,-31.8361
77.130000,-42.1831
77.135000,-23.5688
77.140000,-29.8477
77.145000,-30.2135
77.150000,-18.6607
77.155000,-14.4681
77.160000,-27.9869
77.165000,-12.7085
77.170000,-5.2147
77.175000,-19.4222
77.180000,-21.4765
77.185000,-12.8002
77.190000,-21.5297
77.195000,-28.4800
77.200000,-33.0686
77.205000,-33.6997
77.210000,-44.5484
77.215000,-50.5391
77.220000,-25.4576
77.225000,-39.7481
77.230000,-40.5440
77.235000,-23.5399
77.240000,-4.9268
77.245000,-12.4735
77.250000,-6.6749
77.255000,-9.7892
77.260000,-11.5259
77.265000,-5.4492
77.270000,-3.5649
77.275000,-11.3271
77.280000,-15.9053
77.285000,3.8440
77.290000,-7.5253
77.295000,-26.2167
77.300000,-8.4035
77.305000,-7.1414
77.310000,-25.5947
77.315000,-11.2360
77.320000,-2.7051
77.325000,-4.6491
77.330000,-11.7522
77.335000,13.6712
77.340000,-1.5358
77.345000,-7.9931
77.350000,20.2744
77.355000,24.4463
77.360000,10.9715
77.365000,23.9278
77.370000,29.6446
77.375000,24.8869
77.380000,14.7103
77.385000,21.4323
77.390000,20.5647
77.395000,13.1606
77.400000,15.6502
77.405000,26.9544
77.410000,-0.0905
77.415000,-1.2480
77.420000,6.0023
77.425000,-7.7605
77.430000,0.4777
77.435000,10.1150
77.440000,7.6380
77.445000,6.4849
77.450000,23.9395
77.455000,35.5780
77.460000,23.3797
77.465000,24.2762
77.470000,37.8250
77.475000,21.8587
77.480000,22.6580
77.485000,21.6896
77.490000,16.5964
77.495000,10.4834
77.500000,9.0707
77.505000,11.5248
77.510000,3.5939
77.515000,5.4588
77.520000,12.7406
77.525000,1.3065
77.530000,-1.8849
77.535000,13.0878
77.540000,19.2857
77.545000,5.8898
77.550000,30.5118
77.555000,36.5619
77.560000,14.4820
77.565000,26.7388
77.570000,41.1130
77.575000,10.5259
77.580000,15.2064
77.585000,26.1123
77.590000,18.2786
77.595000,1.6430
77.600000,-0.5780
77.605000,13.5710
77.610000,0.3165
77.615000,-1.0296
77.620000,12.3155
77.625000,1.8302
77.630000,-6.8548
77.635000,11.9527
77.640000,18.7243
77.645000,3.4970
77.650000,13.1255
77.655000,12.7488
77.660000,-0.3510
77.665000,6.7366
77.670000,2.4065
77.675000,-8.0116
77.680000,-2.9284
77.685000,-5.0709
77.690000,-7.8300
77.695000,-26.1371
77.700000,-19.9026
77.705000,-25.7977
77.710000,-42.3839
77.715000,-29.5185
77.720000,-16.7408
77.725000,-31.8507
77.730000,-37.6528
77.735000,-17.4551
77.740000,-29.6077
77.745000,-39.4527
77.750000,-23.4902
77.755000,-14.8233
77.760000,-32.7598
77.765000,-27.7717
77.770000,-20.2339
77.775000,-36.0747
77.780000,-43.1077
77.785000,-31.2323
77.790000,-32.6938
77.795000,-57.6716
77.800000,-50.2876
77.805000,-48.3465
77.810000,-69.2708
77.815000,-59.0095
77.820000,-51.5280
77.825000,-62.6021
77.830000,-64.1491
77.835000,-47.2248
77.840000,-47.7539
77.845000,-57.5650
77.850000,-45.3027
77.855000,-40.4478
77.860000,-46.9086
77.865000,-33.2175
77.870000,-14.9785
77.875000,-38.4664
77.880000,-39.9637
77.885000,-29.3545
77.890000,-37.5036
77.895000,-49.9533
77.900000,-40.8869
77.905000,-27.8863
77.910000,-44.4401
77.915000,-45.8995
77.920000,-37.8859
77.925000,-58.7866
77.930000,-54.9009
77.935000,-26.3846
77.940000,-43.6238
77.945000,-55.4298
77.950000,-26.9500
77.955000,-31.3447
77.960000,-38.9292
77.965000,-29.4535
77.970000,-25.5534
77.975000,-33.8439
77.980000,-30.1981
77.985000,-21.6037
77.990000,-22.9400
77.995000,-40.6101
78.000000,-32.8054
78.005000,-15.3888
78.010000,-27.5778
78.015000,-24.9649
78.020000,-9.8013
78.025000,-10.4431
78.030000,-10.4193
78.035000,6.8427
78.040000,9.4048
78.045000,-6.6044
78.050000,11.4077
78.055000,15.5730
78.060000,8.7244
78.065000,14.9310
78.070000,26.3063
78.075000,18.5018
78.080000,10.9224
78.085000,23.6227
78.090000,10.0213
78.095000,9.9271
78.100000,15.8184
78.105000,20.9677
78.110000,4.4417
78.115000,18.7323
78.120000,35.9512
78.125000,18.9406
78.130000,22.2426
78.135000,48.6537
78.140000,46.4564
78.145000,35.1653
78.150000,49.5922
78.155000,54.3489
78.160000,44.0756
78.165000,51.9804
78.170000,67.0977
78.175000,48.9052
78.180000,45.7927
78.185000,47.0222
78.190000,41.0984
78.195000,33.0143
78.200000,54.2843
78.205000,54.0425
78.210000,34.4187
78.215000,34.6569
78.220000,56.8352
78.225000,39.4729
78.230000,23.9440
78.235000,38.8106
78.240000,46.6595
78.245000,44.0975
78.250000,50.4329
78.255000,54.5627
78.260000,44.7416
78.265000,43.4721
78.270000,51.6651
78.275000,30.3005
78.280000,28.8009
78.285000,34.3460
78.290000,33.6616
78.295000,29.5575
78.300000,26.7007
78.305000,28.7280
78.310000,10.8934
78.315000,9.2369
78.320000,25.1877
78.325000,7.2544
78.330000,12.1055
78.335000,20.5365
78.340000,15.3971
78.345000,13.8016
78.350000,22.6709
78.355000,32.4084
78.360000,7.8846
78.365000,12.6384
78.370000,29.9086
78.375000,6.4406
78.380000,-10.6783
78.385000,9.4795
78.390000,1.2705
78.395000,-17.0736
78.400000,-12.5719
78.405000,-3.4711
78.410000,-19.1122
78.415000,-22.3998
78.420000,-0.0888
78.425000,-17.0429
78.430000,-31.6408
78.435000,-11.2885
78.440000,-26.8282
78.445000,-26.4371
78.450000,-20.3692
78.455000,-18.7983
78.460000,-24.0110
78.465000,-33.1821
78.470000,-26.5696
78.475000,-35.2964
78.480000,-38.4223
78.485000,-28.7019
78.490000,-30.4808
78.495000,-53.8773
78.500000,-38.0853
78.505000,-38.9347
78.510000,-43.9217
78.515000,-36.3835
78.520000,-31.1354
78.525000,-29.7295
78.530000,-58.6956
78.535000,-33.7581
78.540000,-30.5287
78.545000,-49.9216
78.550000,-34.9441
78.555000,-26.6387
78.560000,-35.7019
78.565000,-40.6430
78.570000,-17.4572
78.575000,-29.2571
78.580000,-36.3899
78.585000,-19.5018
78.590000,-18.0775
78.595000,-40.9884
78.600000,-28.4022
78.605000,-21.4602
78.610000,-32.6991
78.615000,-25.3650
78.620000,-18.9222
78.625000,-30.0268
78.630000,-32.6235
78.635000,-9.5195
78.640000,-13.6086
78.645000,-20.7447
78.650000,-11.6265
78.655000,-2.2341
78.660000,-7.4303
78.665000,4.6929
78.670000,12.5295
78.675000,-1.8786
78.680000,-6.0894
78.685000,13.7129
78.690000,3.0909
78.695000,-8.0682
78.700000,5.6823
78.705000,21.0932
78.710000,-0.0103
78.715000,18.0689
78.720000,37.3225
78.725000,22.8252
78.730000,26.2420
78.735000,34.4685
78.740000,34.7614
78.745000,18.0040
78.750000,37.2701
78.755000,48.7897
78.760000,32.5761
78.765000,49.0638
78.770000,59.0112
78.775000,37.2995
78.780000,32.9826
78.785000,53.1431
78.790000,37.3256
78.795000,31.8546
78.800000,58.3940
78.805000,59.2316
78.810000,29.2157
78.815000,43.7394
78.820000,54.6738
78.825000,37.7663
78.830000,38.3841
78.835000,60.5049
78.840000,51.1972
78.845000,44.0406
78.850000,50.1085
78.855000,49.6052
78.860000,58.8647
78.865000,58.5350
78.870000,68.0247
78.875000,55.6423
78.880000,48.1505
78.885000,64.3673
78.890000,59.2883
78.895000,48.5286
78.900000,60.3330
78.905000,57.0866
78.910000,36.2053
78.915000,43.6851
78.920000,49.6831
78.925000,35.7914
78.930000,37.7514
78.935000,49.7353
78.940000,48.4372
78.945000,46.7649
78.950000,54.5336
78.955000,55.8353
78.960000,30.5770
78.965000,38.4861
78.970000,48.8515
78.975000,29.4073
78.980000,28.7664
78.985000,24.3062
78.990000,28.8200
78.995000,15.3502
79.000000,18.5130
79.005000,20.7870
79.010000,1.4064
79.015000,-1.2890
79.020000,6.0467
79.025000,-10.9094
79.030000,-18.9179
79.035000,4.4439
79.040000,1.1816
79.045000,-2.7170
79.050000,4.8044
79.055000,9.9476
79.060000,-10.8555
79.065000,-1.1262
79.070000,12.0201
79.075000,-12.5994
79.080000,-12.3974
79.085000,2.3004
79.090000,-5.2028
79.095000,-23.9171
79.100000,-7.0927
79.105000,-13.4416
79.110000,-23.3638
79.115000,-18.7734
79.120000,-5.6195
79.125000,-28.2646
79.130000,-28.6185
79.135000,-23.9629
79.140000,-7.3219
79.145000,-15.0982
79.150000,-5.6085
79.155000,-11.7293
79.160000,-26.2828
79.165000,-14.4964
79.170000,-9.0790
79.175000,-22.5150
79.180000,-24.6890
79.185000,-25.5632
79.190000,-30.0001
79.195000,-50.0518
79.200000,-26.2149
79.205000,-35.6511
79.210000,-45.3536
79.215000,-45.4656
79.220000,-35.2841
79.225000,-39.0655
79.230000,-41.3779
79.235000,-37.3372
79.240000,-35.9408
79.245000,-33.8820
79.250000,-10.1739
79.255000,-7.6343
79.260000,-18.8200
79.265000,-21.0980
79.270000,-10.1908
79.275000,-21.7802
79.280000,-14.7332
79.285000,-3.8451
79.290000,-15.2145
79.295000,-23.5773
79.300000,-17.0054
79.305000,-7.7314
79.310000,-14.9900
79.315000,-15.1854
79.320000,-10.0803
79.325000,-13.0606
79.330000,-9.6783
79.335000,15.8161
79.340000,12.9850
79.345000,-1.6982
79.350000,11.1746
79.355000,20.5035
79.360000,11.0472
79.365000,24.9961
79.370000,30.8249
79.375000,19.5941
79.380000,15.9196
79.385000,22.8490
79.390000,22.6779
79.395000,6.9980
79.400000,31.0931
79.405000,31.8505
79.410000,19.5063
79.415000,20.6082
79.420000,31.5848
79.425000,19.6470
79.430000,10.0515
79.435000,41.0766
79.440000,32.6532
79.445000,41.4644
79.450000,57.1346
79.455000,46.4276
79.460000,41.5235
79.465000,44.3665
79.470000,47.8303
79.475000,47.7563
79.480000,40.0796
79.485000,49.5353
79.490000,39.0690
79.495000,24.9713
79.500000,33.7917
79.505000,36.2951
79.510000,20.8609
79.515000,34.7733
79.520000,43.1760
79.525000,27.0056
79.530000,31.5724
79.535000,52.4643
79.540000,55.2991
79.545000,32.1889
79.550000,48.2134
79.555000,49.8406
79.560000,37.4240
79.565000,49.6505
79.570000,54.9540
79.575000,41.7492
79.580000,39.5558
79.585000,57.0957
79.590000,47.9513
79.595000,25.8964
79.600000,28.5831
79.605000,26.5035
79.610000,1.2279
79.615000,5.3939
79.620000,13.9308
79.625000,-2.8825
79.630000,1.5927
79.635000,21.3379
79.640000,12.7805
79.645000,2.0059
79.650000,17.7846
79.655000,27.0867
79.660000,9.5332
79.665000,15.0698
79.670000,16.5017
79.675000,3.9298
79.680000,3.9592
79.685000,13.4847
79.690000,4.0730
79.695000,-23.1696
79.700000,-4.7992
79.705000,-6.5917
79.710000,-23.7623
79.715000,-16.2936
79.720000,-15.7545
79.725000,-13.5752
79.730000,-26.8448
79.735000,-6.0335
79.740000,-11.0148
79.745000,-8.8154
79.750000,2.3252
79.755000,4.2034
79.760000,-14.4669
79.765000,-1.3718
79.770000,-0.2514
79.775000,-22.4373
79.780000,-28.2264
79.785000,-13.1182
79.790000,-24.8664
79.795000,-32.1686
79.800000,-24.0693
79.805000,-16.2536
79.810000,-37.3430
79.815000,-41.7921
79.820000,-25.2286
79.825000,-36.8441
79.830000,-37.5155
79.835000,-27.4262
79.840000,-37.1519
79.845000,-42.9984
79.850000,-26.6719
79.855000,-22.0771
79.860000,-35.8668
79.865000,-37.4640
79.870000,-15.6413
79.875000,-29.0095
79.880000,-33.2541
79.885000,-13.6487
79.890000,-28.4773
79.895000,-42.5670
79.900000,-30.6738
79.905000,-31.1558
79.910000,-46.1423
79.915000,-45.4436
79.920000,-36.1757
79.925000,-43.2709
79.930000,-44.3041
79.935000,-18.9465
79.940000,-22.8146
79.945000,-40.6880
79.950000,-17.0578
79.955000,-6.9536
79.960000,-14.6615
79.965000,-12.5480
79.970000,2.9738
79.975000,-7.7985
79.980000,-18.4045
79.985000,-7.8351
79.990000,-23.9367
79.995000,-35.9085
80.000000,-9.3949
80.005000,-5.2023
80.010000,-14.8323
80.015000,-10.7376
80.020000,6.6602
80.025000,-5.5667
80.030000,-17.4699
80.035000,9.5342
80.040000,11.6133
80.045000,-3.0515
80.050000,12.7349
80.055000,23.9281
80.060000,16.5628
80.065000,18.0610
80.070000,34.7986
80.075000,19.3064
80.080000,18.4109
80.085000,34.7898
80.090000,18.0449
80.095000,6.0101
80.100000,8.8512
80.105000,16.1388
80.110000,2.5543
80.115000,12.7574
80.120000,30.3940
80.125000,10.8797
80.130000,21.3415
80.135000,37.3978
80.140000,42.8234
80.145000,26.8978
80.150000,47.0949
80.155000,50.1181
80.160000,32.7533
80.165000,41.0070
80.170000,44.8188
80.175000,34.1947
80.180000,30.6640
80.185000,36.5582
80.190000,28.1180
80.195000,8.2301
80.200000,18.0597
80.205000,22.5878
80.210000,8.3277
80.215000,8.3852
80.220000,18.8774
80.225000,5.0006
80.230000,6.5064
80.235000,22.4238
80.240000,17.3068
80.245000,15.8021
80.250000,26.1988
80.255000,35.0227
80.260000,14.0487
80.265000,24.3819
80.270000,30.7245
80.275000,9.2900
80.280000,-1.2423
80.285000,17.0330
80.290000,-2.5460
80.295000,-13.2038
80.300000,-10.0346
80.305000,-8.3434
80.310000,-35.0080
80.315000,-36.7550
80.320000,-14.4458
80.325000,-21.6535
80.330000,-23.3002
80.335000,0.2486
80.340000,-1.3581
80.345000,-8.2128
80.350000,-1.7360
80.355000,-1.0747
80.360000,-6.5897
80.365000,-5.5240
80.370000,6.9293
80.375000,-14.2159
80.380000,-19.2940
80.385000,-20.7423
80.390000,-20.0261
80.395000,-38.0555
80.400000,-30.4648
80.405000,-29.2917
80.410000,-42.2223
80.415000,-37.8340
80.420000,-25.9149
80.425000,-40.6031
80.430000,-36.9285
80.435000,-16.1775
80.440000,-25.1257
80.445000,-22.3816
80.450000,-3.5970
80.455000,-6.2154
80.460000,-18.1535
80.465000,-12.7020
80.470000,1.3166
80.475000,-12.3916
80.480000,-41.5436
80.485000,-24.1849
80.490000,-24.3806
80.495000,-39.9336
80.500000,-32.3295
80.505000,-37.8374
80.510000,-50.4824
80.515000,-49.5737
80.520000,-42.0135
80.525000,-49.2748
80.530000,-47.0195
80.535000,-30.3143
80.540000,-28.7873
80.545000,-38.0642
80.550000,-26.5817
80.555000,-22.5406
80.560000,-30.3416
80.565000,-24.6943
80.570000,-0.4962
80.575000,-25.5829
80.580000,-37.5495
80.585000,-18.8235
80.590000,-30.9842
80.595000,-58.1653
80.600000,-32.8622
80.605000,-39.3284
80.610000,-49.6858
80.615000,-48.9064
80.620000,-35.2638
80.625000,-43.0654
80.630000,-47.1453
80.635000,-30.6638
80.640000,-25.0968
80.645000,-30.9410
80.650000,-10.1876
80.655000,7.5362
80.660000,-5.9090
80.665000,-5.6463
80.670000,16.3109
80.675000,0.5452
80.680000,-14.9588
80.685000,2.2785
80.690000,-9.9518
80.695000,-12.4923
80.700000,-10.1579
80.705000,-10.7040
80.710000,-24.8952
80.715000,-25.7123
80.720000,-16.0154
80.725000,-12.0131
80.730000,-12.9159
80.735000,15.0198
80.740000,5.5329
80.745000,14.7070
80.750000,22.3335
80.755000,25.1160
80.760000,6.3993
80.765000,24.8349
80.770000,35.4535
80.775000,23.5012
80.780000,21.3148
80.785000,30.1830
80.790000,15.7200
80.795000,5.1249
80.800000,14.8534
80.805000,8.7690
80.810000,-1.6822
80.815000,-5.2835
80.820000,0.5005
80.825000,0.1352
80.830000,2.2923
80.835000,24.8866
80.840000,21.6093
80.845000,20.3347
80.850000,45.2516
80.855000,40.2946
80.860000,23.0831
80.865000,39.4264
80.870000,38.4799
80.875000,29.4165
80.880000,25.4557
80.885000,27.7119
80.890000,21.1189
80.895000,10.2711
80.900000,19.3941
80.905000,20.5517
80.910000,3.8007
80.915000,7.8337
80.920000,6.2019
80.925000,-0.7984
80.930000,7.1692
80.935000,26.9739
80.940000,21.9820
80.945000,2.4576
80.950000,26.9615
80.955000,32.8739
80.960000,18.4175
80.965000,18.8872
80.970000,32.7932
80.975000,9.0589
80.980000,4.7987
80.985000,23.9589
80.990000,6.0713
80.995000,-12.4517
81.000000,-6.9517
81.005000,0.9410
81.010000,-25.5242
81.015000,-29.4887
81.020000,-6.5553
81.025000,-8.6015
81.030000,-19.0897
81.035000,-4.7905
81.040000,-1.6072
81.045000,-2.2882
81.050000,0.5530
81.055000,9.8639
81.060000,-6.0890
81.065000,7.4930
81.070000,16.0497
81.075000,-11.6802
81.080000,-12.4896
81.085000,-6.2660
81.090000,-19.5509
81.095000,-26.3201
81.100000,-16.8920
81.105000,-10.6827
81.110000,-32.8564
81.115000,-35.8525
81.120000,-24.4596
81.125000,-38.0578
81.130000,-31.3778
81.135000,-17.8703
81.140000,-16.8617
81.145000,-25.1232
81.150000,-10.1123
81.155000,-1.5564
81.160000,-10.4192
81.165000,-6.0966
81.170000,4.4208
81.175000,-9.2530
81.180000,-17.7005
81.185000,-6.8603
81.190000,-19.2881
81.195000,-33.8627
81.200000,-20.6104
81.205000,-19.2995
81.210000,-35.6982
81.215000,-38.8883
81.220000,-20.9075
81.225000,-32.4709
81.230000,-34.5605
81.235000,-13.9102
81.240000,-4.0798
81.245000,-12.5009
81.250000,4.2542
81.255000,4.6059
81.260000,-7.5999
81.265000,-2.5674
81.270000,0.0201
81.275000,-0.2209
81.280000,-4.6064
81.285000,2.0163
81.290000,-8.1192
81.295000,-17.7153
81.300000,-12.5451
81.305000,-10.1482
81.310000,-16.1079
81.315000,-9.0559
81.320000,-1.9454
81.325000,-8.2003
81.330000,-7.7656
81.335000,1.4591
81.340000,0.7672
81.345000,-4.9437
81.350000,23.7633
81.355000,26.6557
81.360000,10.8711
81.365000,13.0872
81.370000,35.0667
81.375000,24.0383
81.380000,14.6640
81.385000,27.1905
81.390000,18.9800
81.395000,3.6725
81.400000,17.2950
81.405000,7.3888
81.410000,-8.3321
81.415000,-1.5012
81.420000,-0.1612
81.425000,-11.5984
81.430000,-23.1214
81.435000,4.1496
81.440000,-4.2025
81.445000,-2.2946
81.450000,11.9626
81.455000,22.4240
81.460000,15.6376
81.465000,11.1977
81.470000,23.4899
81.475000,11.6329
81.480000,9.1575
81.485000,21.9113
81.490000,9.8146
81.495000,-12.4793
81.500000,-6.4798
81.505000,-8.3683
81.510000,-13.5919
81.515000,-9.5666
81.520000,3.9478
81.525000,-18.9554
81.530000,-14.0919
81.535000,4.9236
81.540000,-1.5375
81.545000,-9.9349
81.550000,1.9439
81.555000,15.3377
81.560000,7.5166
81.565000,13.0567
81.570000,30.9146
81.575000,2.7108
81.580000,1.1119
81.585000,9.3435
81.590000,3.0199
81.595000,-14.8425
81.600000,-7.5462
81.605000,1.2013
81.610000,-10.2763
81.615000,-7.7074
81.620000,2.7123
81.625000,-11.2191
81.630000,-3.2755
81.635000,15.0947
81.640000,4.0801
81.645000,-12.3238
81.650000,8.7679
81.655000,22.5306
81.660000,6.2434
81.665000,-2.9152
81.670000,11.8853
81.675000,-3.5454
81.680000,-12.3997
81.685000,5.9255
81.690000,-4.3181
81.695000,-25.3204
81.700000,-16.3791
81.705000,-21.5127
81.710000,-37.4863
81.715000,-27.8932
81.720000,-6.4555
81.725000,-26.7847
81.730000,-29.9056
81.735000,-20.0497
81.740000,-22.1000
81.745000,-26.0213
81.750000,-13.8324
81.755000,-9.4866
81.760000,-15.0941
81.765000,-20.2977
81.770000,-3.0258
81.775000,-20.4003
81.780000,-27.1976
81.785000,-19.6346
81.790000,-16.2555
81.795000,-36.3591
81.800000,-41.2202
81.805000,-38.8202
81.810000,-53.0401
81.815000,-44.3771
81.820000,-35.6779
81.825000,-48.1286
81.830000,-47.2711
81.835000,-25.5624
81.840000,-23.1341
81.845000,-34.5063
81.850000,-21.3119
81.855000,-20.9210
81.860000,-30.9460
81.865000,-13.5495
81.870000,6.0747
81.875000,-21.1793
81.880000,-25.8077
81.885000,-13.5213
81.890000,-16.5743
81.895000,-26.3077
81.900000,-15.9076
81.905000,-18.8692
81.910000,-32.6216
81.915000,-42.3721
81.920000,-20.9367
81.925000,-40.9697
81.930000,-37.8409
81.935000,-22.6771
81.940000,-30.0422
81.945000,-37.4608
81.950000,-18.3490
81.955000,-17.2825
81.960000,-27.9321
81.965000,-18.3691
81.970000,-17.0349
81.975000,-17.7067
81.980000,-21.5166
81.985000,-8.1596
81.990000,-15.5125
81.995000,-39.9192
82.000000,-18.6726
82.005000,-19.1662
82.010000,-28.8018
82.015000,-18.8157
82.020000,0.0414
82.025000,-16.2457
82.030000,-13.8782
82.035000,8.7825
82.040000,2.5169
82.045000,-7.1045
82.050000,4.1618
82.055000,6.2128
82.060000,-7.7460
82.065000,3.9519
82.070000,16.2941
82.075000,7.7663
82.080000,3.5344
82.085000,8.7736
82.090000,1.5545
82.095000,-7.1691
82.100000,-8.0433
82.105000,12.6499
82.110000,-13.8053
82.115000,0.3100
82.120000,25.1631
82.125000,9.8106
82.130000,3.9562
82.135000,25.6583
82.140000,29.4878
82.145000,15.1391
82.150000,30.5929
82.155000,35.0922
82.160000,22.2487
82.165000,25.9729
82.170000,40.8518
82.175000,32.5994
82.180000,16.9745
82.185000,28.2230
82.190000,17.4326
82.195000,11.6730
82.200000,23.6444
82.205000,39.6392
82.210000,12.6942
82.215000,11.2458
82.220000,33.1887
82.225000,14.7605
82.230000,7.0332
82.235000,24.9187
82.240000,18.8317
82.245000,19.9513
82.250000,43.1889
82.255000,39.2986
82.260000,19.3318
82.265000,27.3415
82.270000,39.8694
82.275000,16.5585
82.280000,10.3167
82.285000,26.7156
82.290000,15.4145
82.295000,13.6213
82.300000,21.6384
82.305000,12.9341
82.310000,3.3106
82.315000,-0.3677
82.320000,6.9736
82.325000,8.4480
82.330000,16.8726
82.335000,25.6561
82.340000,18.2010
82.345000,3.6051
82.350000,22.9122
82.355000,30.4035
82.360000,18.1786
82.365000,25.9209
82.370000,32.9686
82.375000,12.8937
82.380000,3.2078
82.385000,21.2587
82.390000,10.4383
82.395000,-5.2849
82.400000,5.1691
82.405000,12.6921
82.410000,-5.3686
82.415000,-9.6833
82.420000,2.9636
82.425000,-5.9507
82.430000,-12.4196
82.435000,-6.4895
82.440000,-4.9622
82.445000,-14.4646
82.450000,-8.2452
82.455000,-0.5668
82.460000,-13.7433
82.465000,-4.9820
82.470000,-2.2287
82.475000,-16.2131
82.480000,-15.6832
82.485000,-8.3708
82.490000,-12.3674
82.495000,-25.7289
82.500000,-11.8198
82.505000,-21.8119
82.510000,-22.4659
82.515000,-20.3714
82.520000,-5.0968
82.525000,-19.5367
82.530000,-24.3562
82.535000,-14.0998
82.540000,-11.6106
82.545000,-19.4765
82.550000,-15.7794
82.555000,-5.6079
82.560000,-14.8727
82.565000,-13.0110
82.570000,-4.8820
82.575000,-12.6578
82.580000,-22.3394
82.585000,4.4488
82.590000,-10.7550
82.595000,-23.1358
82.600000,-15.8553
82.605000,-4.8519
82.610000,-18.3830
82.615000,-16.2075
82.620000,-15.3109
82.625000,-14.9505
82.630000,-16.7956
82.635000,-1.4338
82.640000,-8.7760
82.645000,-15.8114
82.650000,-7.7989
82.655000,8.7607
82.660000,-2.9148
82.665000,0.5586
82.670000,20.2322
82.675000,1.1784
82.680000,-0.2670
82.685000,16.8757
82.690000,-5.2757
82.695000,-15.3360
82.700000,2.3336
82.705000,15.2997
82.710000,-0.8211
82.715000,5.7393
82.720000,29.1492
82.725000,20.3398
82.730000,12.4678
82.735000,19.7994
82.740000,20.7668
82.745000,9.9307
82.750000,30.1783
82.755000,38.6688
82.760000,18.9970
82.765000,38.9026
82.770000,47.4914
82.775000,24.1074
82.780000,19.5134
82.785000,35.9535
82.790000,15.8103
82.795000,12.6287
82.800000,28.2542
82.805000,31.0332
82.810000,17.0799
82.815000,22.7085
82.820000,29.1371
82.825000,21.2292
82.830000,20.4025
82.835000,42.2657
82.840000,44.2498
82.845000,25.8117
82.850000,28.0040
82.855000,28.0526
82.860000,26.9864
82.865000,39.0263
82.870000,44.8141
82.875000,31.0416
82.880000,32.7123
82.885000,49.0873
82.890000,41.6725
82.895000,30.1495
82.900000,37.2447
82.905000,46.0878
82.910000,25.5479
82.915000,28.3278
82.920000,39.3480
82.925000,24.2523
82.930000,21.3892
82.935000,28.7568
82.940000,28.7671
82.945000,31.7334
82.950000,45.0554
82.955000,42.7914
82.960000,21.5330
82.965000,32.0546
82.970000,45.8724
82.975000,27.1803
82.980000,21.2675
82.985000,29.8646
82.990000,21.0308
82.995000,7.8927
83.000000,17.2078
83.005000,15.6928
83.010000,-2.1332
83.015000,-3.9433
83.020000,9.2776
83.025000,-2.9519
83.030000,-3.0294
83.035000,6.8267
83.040000,14.1580
83.045000,-5.8808
83.050000,-0.3960
83.055000,7.0882
83.060000,-0.8876
83.065000,13.9813
83.070000,16.6393
83.075000,-5.5563
83.080000,-1.6444
83.085000,13.7183
83.090000,4.4051
83.095000,-17.4474
83.100000,2.8321
83.105000,1.3469
83.110000,-11.6867
83.115000,-3.2211
83.120000,4.1263
83.125000,-13.4034
83.130000,-10.1179
83.135000,8.4086
83.140000,12.0470
83.145000,-0.6624
83.150000,7.3875
83.155000,7.9750
83.160000,0.7937
83.165000,-2.7700
83.170000,-2.9634
83.175000,-4.8842
83.180000,-15.3706
83.185000,-7.5902
83.190000,-15.9908
83.195000,-27.6374
83.200000,-11.9447
83.205000,-20.6718
83.210000,-32.2151
83.215000,-14.3872
83.220000,-14.2893
83.225000,-22.5871
83.230000,-17.2249
83.235000,-6.2236
83.240000,-18.3497
83.245000,-34.8753
83.250000,-2.5393
83.255000,3.8851
83.260000,-9.1659
83.265000,-7.6217
83.270000,3.8804
83.275000,-9.9573
83.280000,-3.6589
83.285000,4.4127
83.290000,1.6444
83.295000,-15.0217
83.300000,-8.0910
83.305000,-1.5393
83.310000,-5.2900
83.315000,-8.2387
83.320000,0.8826
83.325000,-15.3763
83.330000,-15.7932
83.335000,8.4260
83.340000,9.4962
83.345000,1.8702
83.350000,12.3833
83.355000,28.0899
83.360000,3.3840
83.365000,18.1644
83.370000,30.0535
83.375000,19.1289
83.380000,1.5342
83.385000,25.0951
83.390000,20.0428
83.395000,0.3571
83.400000,25.0770
83.405000,24.9406
83.410000,6.0757
83.415000,10.8103
83.420000,26.8477
83.425000,5.8423
83.430000,14.8919
83.435000,28.1369
83.440000,24.8715
83.445000,23.2129
83.450000,34.8203
83.455000,46.2315
83.460000,31.7070
83.465000,33.2758
83.470000,35.4919
83.475000,35.8229
83.480000,22.6224
83.485000,37.9807
83.490000,34.9212
83.495000,11.9193
83.500000,27.8262
83.505000,26.0625
83.510000,16.1397
83.515000,22.6492
83.520000,41.6694
83.525000,17.5941
83.530000,21.2208
83.535000,45.1213
83.540000,39.4310
83.545000,28.9413
83.550000,39.9346
83.555000,41.8856
83.560000,25.8097
83.565000,32.8585
83.570000,47.6678
83.575000,32.1749
83.580000,29.2289
83.585000,41.7253
83.590000,39.6212
83.595000,20.5245
83.600000,23.0114
83.605000,23.6492
83.610000,0.0849
83.615000,0.8318
83.620000,7.9558
83.625000,-12.1068
83.630000,-5.2781
83.635000,15.2315
83.640000,12.8510
83.645000,-0.7723
83.650000,22.6705
83.655000,28.3031
83.660000,5.7819
83.665000,13.6686
83.670000,18.1801
83.675000,9.8095
83.680000,11.0989
83.685000,12.3931
83.690000,3.9505
83.695000,-8.9203
83.700000,-4.2372
83.705000,-5.5301
83.710000,-18.8479
83.715000,-18.4405
83.720000,-7.9612
83.725000,-21.7678
83.730000,-26.3450
83.735000,-4.5407
83.740000,-18.8477
83.745000,-18.3608
83.750000,5.3708
83.755000,2.3929
83.760000,-13.4285
83.765000,-7.0176
83.770000,7.7596
83.775000,-14.3056
83.780000,-19.3267
83.785000,-8.6933
83.790000,-12.5520
83.795000,-34.4859
83.800000,-22.4156
83.805000,-20.8396
83.810000,-39.7223
83.815000,-38.4054
83.820000,-24.3226
83.825000,-40.0431
83.830000,-39.9446
83.835000,-26.3721
83.840000,-29.1782
83.845000,-41.8923
83.850000,-24.3347
83.855000,-18.4591
83.860000,-26.0494
83.865000,-31.8278
83.870000,-14.7121
83.875000,-25.3775
83.880000,-26.3389
83.885000,-21.8009
83.890000,-21.7519
83.895000,-33.4786
83.900000,-27.2230
83.905000,-25.6792
83.910000,-49.9397
83.915000,-42.6890
83.920000,-32.4688
83.925000,-41.9350
83.930000,-34.1629
83.935000,-23.5587
83.940000,-19.4408
83.945000,-31.7267
83.950000,-13.4153
83.955000,-4.7138
83.960000,-15.2390
83.965000,-18.1794
83.970000,-7.2205
83.975000,-1.0383
83.980000,-6.3698
83.985000,-8.1766
83.990000,-22.3242
83.995000,-26.9560
84.000000,-18.1471
84.005000,-0.3446
84.010000,-15.5835
84.015000,-14.2299
84.020000,3.4533
84.025000,-10.9078
84.030000,-2.8061
84.035000,15.4322
84.040000,2.2705
84.045000,5.2483
84.050000,10.2986
84.055000,24.1202
84.060000,12.7729
84.065000,26.9183
84.070000,36.4985
84.075000,11.7657
84.080000,23.2367
84.085000,34.9708
84.090000,23.0290
84.095000,1.1652
84.100000,3.8211
84.105000,12.5192
84.110000,-2.3838
84.115000,15.3077
84.120000,26.2814
84.125000,13.5265
84.130000,17.7584
84.135000,41.8479
84.140000,46.3368
84.145000,32.0986
84.150000,45.7176
84.155000,54.6352
84.160000,31.8002
84.165000,45.8316
84.170000,52.1333
84.175000,29.9987
84.180000,36.4151
84.185000,41.4881
84.190000,25.6384
84.195000,11.4806
84.200000,21.6491
84.205000,28.1211
84.210000,9.9561
84.215000,11.5484
84.220000,22.9963
84.225000,19.4274
84.230000,9.8516
84.235000,27.9397
84.240000,19.1985
84.245000,25.1404
84.250000,34.9006
84.255000,29.8599
84.260000,18.1844
84.265000,20.6064
84.270000,28.3952
84.275000,10.0194
84.280000,13.1482
84.285000,20.7999
84.290000,5.8061
84.295000,-8.0002
84.300000,-8.6051
84.305000,-5.7883
84.310000,-30.3273
84.315000,-26.7765
84.320000,-14.9116
84.325000,-11.8613
84.330000,-29.3249
84.335000,-2.5989
84.340000,-5.0055
84.345000,-12.9478
84.350000,2.5663
84.355000,-2.9076
84.360000,-8.6054
84.365000,-17.1261
84.370000,-1.4028
84.375000,-22.2726
84.380000,-30.2930
84.385000,-18.9813
84.390000,-30.4027
84.395000,-37.3271
84.400000,-34.3521
84.405000,-32.7288
84.410000,-40.5982
84.415000,-44.9496
84.420000,-35.8265
84.425000,-36.7389
84.430000,-43.7657
84.435000,-23.0127
84.440000,-27.4322
84.445000,-30.4540
84.450000,-8.0077
84.455000,-10.9331
84.460000,-28.1805
84.465000,-14.1803
84.470000,-9.6089
84.475000,-27.9454
84.480000,-37.8266
84.485000,-22.7368
84.490000,-37.0871
84.495000,-48.9065
84.500000,-36.2182
84.505000,-45.1202
84.510000,-69.6460
84.515000,-56.9360
84.520000,-53.1463
84.525000,-65.4192
84.530000,-61.9044
84.535000,-39.2469
84.540000,-41.8687
84.545000,-54.0925
84.550000,-37.4247
84.555000,-34.8274
84.560000,-40.5469
84.565000,-28.8268
84.570000,-7.7258
84.575000,-31.0170
84.580000,-44.0502
84.585000,-13.7662
84.590000,-31.8963
84.595000,-62.6963
84.600000,-43.0476
84.605000,-35.4021
84.610000,-60.6410
84.615000,-53.5605
84.620000,-46.9082
84.625000,-56.0799
84.630000,-55.7355
84.635000,-37.0614
84.640000,-28.1947
84.645000,-30.7217
84.650000,-6.7552
84.655000,2.3113
84.660000,-12.5101
84.665000,-1.4726
84.670000,8.4204
84.675000,-11.4533
84.680000,-15.7819
84.685000,1.0079
84.690000,-7.3762
84.695000,-16.0235
84.700000,-14.9003
84.705000,-2.5463
84.710000,-17.6741
84.715000,-24.4377
84.720000,-8.5621
84.725000,1.5328
84.730000,-1.5813
84.735000,14.0777
84.740000,17.7457
84.745000,16.3432
84.750000,29.2471
84.755000,43.1963
84.760000,30.9201
84.765000,36.5551
84.770000,51.6255
84.775000,33.7991
84.780000,30.1765
84.785000,37.3617
84.790000,28.7563
84.795000,16.4751
84.800000,33.8528
84.805000,29.3022
84.810000,2.1420
84.815000,14.9419
84.820000,29.5047
84.825000,10.9212
84.830000,25.3115
84.835000,31.2538
84.840000,49.7753
84.845000,35.7753
84.850000,62.0378
84.855000,58.7461
84.860000,44.5739
84.865000,46.0408
84.870000,50.1720
84.875000,45.1590
84.880000,47.9344
84.885000,44.8673
84.890000,45.3676
84.895000,31.2500
84.900000,24.5764
84.905000,30.1299
84.910000,20.7888
84.915000,20.9408
84.920000,26.6032
84.925000,13.8345
84.930000,9.7836
84.935000,37.6176
84.940000,33.3822
84.945000,16.9516
84.950000,28.5531
84.955000,44.1834
84.960000,18.7921
84.965000,22.8594
84.970000,36.6882
84.975000,11.0349
84.980000,11.1295
84.985000,9.7879
84.990000,2.2882
84.995000,-9.7516
85.000000,-0.2559
85.005000,-2.6602
85.010000,-32.3876
85.015000,-24.7193
85.020000,-8.2081
85.025000,-11.0283
85.030000,-17.0034
85.035000,-8.2524
85.040000,-13.3595
85.045000,-17.6176
85.050000,1.7945
85.055000,1.5367
85.060000,-15.3436
85.065000,-8.7071
85.070000,-1.4492
85.075000,-11.6349
85.080000,-19.8229
85.085000,-13.3522
85.090000,-25.0963
85.095000,-32.0988
85.100000,-28.0548
85.105000,-38.0426
85.110000,-48.4408
85.115000,-46.4255
85.120000,-32.9984
85.125000,-46.2793
85.130000,-51.2666
85.135000,-40.1791
85.140000,-35.2919
85.145000,-38.2747
85.150000,-35.1986
85.155000,-24.2440
85.160000,-34.7436
85.165000,-32.8276
85.170000,-17.9812
85.175000,-20.3798
85.180000,-34.6776
85.185000,-24.6182
85.190000,-36.9354
85.195000,-47.6593
85.200000,-35.9226
85.205000,-43.0910
85.210000,-55.6459
85.215000,-51.8324
85.220000,-42.3175
85.225000,-55.3453
85.230000,-48.6334
85.235000,-30.5900
85.240000,-26.0256
85.245000,-18.0742
85.250000,-13.8751
85.255000,-13.4925
85.260000,-22.9192
85.265000,-20.6612
85.270000,-9.8975
85.275000,-21.5218
85.280000,-24.2964
85.285000,-8.4178
85.290000,-17.4567
85.295000,-32.3544
85.300000,-18.5749
85.305000,-22.3853
85.310000,-26.8665
85.315000,-9.5264
85.320000,-6.9036
85.325000,-12.6092
85.330000,-10.8016
85.335000,10.9277
85.340000,-1.1788
85.345000,-2.1268
85.350000,14.5154
85.355000,31.5570
85.360000,10.3397
85.365000,21.4070
85.370000,41.9305
85.375000,25.7903
85.380000,21.9456
85.385000,30.0575
85.390000,30.2726
85.395000,7.6835
85.400000,22.6320
85.405000,21.9457
85.410000,2.5455
85.415000,1.1628
85.420000,15.4340
85.425000,7.2235
85.430000,-2.6196
85.435000,22.6271
85.440000,12.3630
85.445000,12.5171
85.450000,29.1079
85.455000,43.9893
85.460000,33.6036
85.465000,39.2893
85.470000,41.6452
85.475000,30.7288
85.480000,33.0100
85.485000,39.6493
85.490000,21.1589
85.495000,13.2197
85.500000,15.4078
85.505000,19.9177
85.510000,10.9668
85.515000,7.9706
85.520000,21.1867
85.525000,7.1579
85.530000,6.0659
85.535000,29.9276
85.540000,21.0567
85.545000,19.9156
85.550000,32.1057
85.555000,37.4859
85.560000,28.3511
85.565000,27.8564
85.570000,38.1847
85.575000,21.3764
85.580000,13.0738
85.585000,29.8460
85.590000,16.5458
85.595000,-0.0142
85.600000,8.5343
85.605000,22.6666
85.610000,-11.8275
85.615000,4.3691
85.620000,15.1574
85.625000,4.9708
85.630000,6.9141
85.635000,26.7837
85.640000,18.0936
85.645000,4.1272
85.650000,12.6276
85.655000,18.1093
85.660000,10.6451
85.665000,16.4728
85.670000,20.4874
85.675000,-3.6647
85.680000,-10.0711
85.685000,-7.1002
85.690000,-5.5070
85.695000,-24.0553
85.700000,-23.0937
85.705000,-26.7280
85.710000,-49.4728
85.715000,-34.6657
85.720000,-21.0517
85.725000,-34.1713
85.730000,-40.0304
85.735000,-35.5505
85.740000,-38.7595
85.745000,-40.6905
85.750000,-25.1165
85.755000,-19.7163
85.760000,-29.5380
85.765000,-26.7981
85.770000,-19.8826
85.775000,-41.5798
85.780000,-52.8857
85.785000,-30.2103
85.790000,-38.4450
85.795000,-62.8092
85.800000,-56.7923
85.805000,-53.0028
85.810000,-69.4824
85.815000,-65.6312
85.820000,-54.9009
85.825000,-66.7649
85.830000,-71.3304
85.835000,-41.4854
85.840000,-57.0900
85.845000,-61.2197
85.850000,-49.5975
85.855000,-31.4953
85.860000,-41.3834
85.865000,-21.8590
85.870000,-15.0032
85.875000,-42.6482
85.880000,-44.2480
85.885000,-28.6733
85.890000,-47.6902
85.895000,-54.3115
85.900000,-33.5052
85.905000,-27.6525
85.910000,-58.9554
85.915000,-52.7214
85.920000,-44.0913
85.925000,-52.1377
85.930000,-40.2932
85.935000,-33.8584
85.940000,-48.2220
85.945000,-53.2858
85.950000,-32.8036
85.955000,-31.0138
85.960000,-42.4144
85.965000,-32.5842
85.970000,-19.9335
85.975000,-24.5727
85.980000,-20.1767
85.985000,-14.7516
85.990000,-35.3851
85.995000,-38.1610
86.000000,-37.6312
86.005000,-21.7440
86.010000,-30.4456
86.015000,-19.7910
86.020000,2.5077
86.025000,-13.7325
86.030000,-5.5375
86.035000,15.6150
86.040000,8.5464
86.045000,0.9854
86.050000,10.4121
86.055000,16.7220
86.060000,12.0684
86.065000,9.5670
86.070000,25.8338
86.075000,25.3267
86.080000,11.1831
86.085000,30.3774
86.090000,17.3452
86.095000,3.3763
86.100000,10.0819
86.105000,10.5816
86.110000,0.8992
86.115000,16.5353
86.120000,35.6227
86.125000,24.0061
86.130000,19.1883
86.135000,49.2006
86.140000,40.0372
86.145000,29.3086
86.150000,53.7656
86.155000,50.2274
86.160000,43.7152
86.165000,51.5018
86.170000,60.3646
86.175000,51.2210
86.180000,45.5100
86.185000,50.8047
86.190000,33.1717
86.195000,30.7342
86.200000,54.3426
86.205000,53.5892
86.210000,26.9669
86.215000,28.0060
86.220000,55.6469
86.225000,37.1444
86.230000,22.1193
86.235000,44.7841
86.240000,43.6776
86.245000,30.2735
86.250000,51.8991
86.255000,57.5625
86.260000,34.3781
86.265000,43.5134
86.270000,45.6331
86.275000,32.7467
86.280000,31.0099
86.285000,34.2406
86.290000,25.2491
86.295000,15.0726
86.300000,25.9256
86.305000,32.4889
86.310000,10.0351
86.315000,14.4326
86.320000,17.3816
86.325000,12.4207
86.330000,11.3066
86.335000,21.9102
86.340000,12.5990
86.345000,8.8739
86.350000,21.7555
86.355000,23.7247
86.360000,16.5337
86.365000,28.7095
86.370000,18.7994
86.375000,5.8912
86.380000,-6.5690
86.385000,11.5755
86.390000,0.3185
86.395000,-18.0999
86.400000,2.4682
86.405000,3.2164
86.410000,-20.5900
86.415000,-7.2768
86.420000,-4.4016
86.425000,-16.9471
86.430000,-27.2754
86.435000,-6.2507
86.440000,-13.9557
86.445000,-22.9850
86.450000,-20.8050
86.455000,-6.9030
86.460000,-22.6085
86.465000,-29.4650
86.470000,-13.2301
86.475000,-27.0805
86.480000,-36.9446
86.485000,-25.6156
86.490000,-20.9979
86.495000,-38.5892
86.500000,-21.7143
86.505000,-31.6914
86.510000,-40.3015
86.515000,-32.0314
86.520000,-21.9666
86.525000,-30.2644
86.530000,-39.2439
86.535000,-30.5317
86.540000,-20.8782
86.545000,-37.5161
86.550000,-29.7749
86.555000,-15.7088
86.560000,-35.8986
86.565000,-30.1872
86.570000,-16.3377
86.575000,-28.2604
86.580000,-34.5507
86.585000,-5.2622
86.590000,-19.0147
86.595000,-32.1689
86.600000,-24.3048
86.605000,-18.4597
86.610000,-35.7168
86.615000,-17.8204
86.620000,-12.9028
86.625000,-32.0663
86.630000,-26.1478
86.635000,-5.6834
86.640000,-9.8193
86.645000,-14.2977
86.650000,-12.7556
86.655000,4.7039
86.660000,-10.2139
86.665000,4.7850
86.670000,22.7362
86.675000,4.5694
86.680000,-1.5813
86.685000,9.8040
86.690000,-2.9367
86.695000,-9.7830
86.700000,6.0420
86.705000,19.5468
86.710000,-1.2056
86.715000,15.2716
86.720000,32.8969
86.725000,10.3576
86.730000,11.5760
86.735000,28.7444
86.740000,30.2560
86.745000,24.3124
86.750000,33.0045
86.755000,49.5740
86.760000,28.5665
86.765000,35.7322
86.770000,50.0779
86.775000,23.1060
86.780000,23.6289
86.785000,32.0063
86.790000,32.2412
86.795000,20.0663
86.800000,37.8726
86.805000,42.1610
86.810000,19.9428
86.815000,32.4471
86.820000,38.7207
86.825000,13.0032
86.830000,31.9842
86.835000,46.1364
86.840000,44.9078
86.845000,34.2175
86.850000,45.4922
86.855000,43.7853
86.860000,31.9819
86.865000,46.8316
86.870000,55.1472
86.875000,36.6853
86.880000,33.4427
86.885000,49.1432
86.890000,42.2433
86.895000,29.4924
86.900000,42.4401
86.905000,42.7099
86.910000,22.3453
86.915000,33.5677
86.920000,45.3540
86.925000,26.7392
86.930000,29.9926
86.935000,33.9609
86.940000,33.6739
86.945000,33.3353
86.950000,48.8525
86.955000,44.0091
86.960000,20.7641
86.965000,31.7911
86.970000,47.0278
86.975000,37.7134
86.980000,21.1929
86.985000,35.6590
86.990000,25.3354
86.995000,12.6227
87.000000,17.7452
87.005000,20.0840
87.010000,0.6472
87.015000,1.6738
87.020000,6.1408
87.025000,-0.7334
87.030000,-7.2926
87.035000,10.4355
87.040000,12.5469
87.045000,-6.4276
87.050000,6.0422
87.055000,8.9361
87.060000,-8.3952
87.065000,8.7063
87.070000,13.9020
87.075000,3.8231
87.080000,-9.4376
87.085000,16.9185
87.090000,-4.0159
87.095000,-10.8703
87.100000,-2.5737
87.105000,-0.0121
87.110000,-19.0249
87.115000,-7.0141
87.120000,-1.4926
87.125000,-8.7015
87.130000,-14.1503
87.135000,-0.1964
87.140000,6.6283
87.145000,-5.7728
87.150000,5.3606
87.155000,10.0615
87.160000,-12.9665
87.165000,-5.2444
87.170000,-2.0202
87.175000,-13.3490
87.180000,-25.6590
87.185000,-9.2376
87.190000,-6.4925
87.195000,-24.5418
87.200000,-2.4462
87.205000,-15.7974
87.210000,-28.4803
87.215000,-26.2245
87.220000,-20.7346
87.225000,-27.5585
87.230000,-32.4767
87.235000,-19.2960
87.240000,-23.4687
87.245000,-23.0296
87.250000,6.8052
87.255000,0.6184
87.260000,-15.4430
87.265000,-7.6920
87.270000,6.6714
87.275000,-6.2265
87.280000,-12.3778
87.285000,5.1883
87.290000,-5.1256
87.295000,-12.2959
87.300000,-4.9620
87.305000,9.4433
87.310000,-0.9886
87.315000,-15.6081
87.320000,-2.4666
87.325000,-15.0321
87.330000,-13.3966
87.335000,7.7603
87.340000,14.2439
87.345000,3.8157
87.350000,18.2531
87.355000,19.9259
87.360000,0.1496
87.365000,14.1827
87.370000,25.9326
87.375000,15.3247
87.380000,1.8822
87.385000,11.1948
87.390000,6.6103
87.395000,7.5711
87.400000,17.0839
87.405000,26.7294
87.410000,13.4894
87.415000,12.3466
87.420000,26.2754
87.425000,13.6212
87.430000,9.4670
87.435000,37.1703
87.440000,17.8515
87.445000,20.5489
87.450000,43.2243
87.455000,35.6113
87.460000,24.3365
87.465000,28.6765
87.470000,34.9552
87.475000,25.0293
87.480000,24.1753
87.485000,35.6782
87.490000,27.7147
87.495000,14.0436
87.500000,27.1889
87.505000,18.9336
87.510000,8.5054
87.515000,18.7342
87.520000,30.1104
87.525000,16.5013
87.530000,21.6714
87.535000,30.5932
87.540000,30.0292
87.545000,25.3694
87.550000,28.0079
87.555000,35.4385
87.560000,24.3557
87.565000,30.9522
87.570000,32.7697
87.575000,24.1912
87.580000,24.2837
87.585000,28.2568
87.590000,36.4337
87.595000,10.9759
87.600000,22.5017
87.605000,9.2977
87.610000,0.8150
87.615000,-10.2766
87.620000,6.4344
87.625000,-2.8372
87.630000,-9.8635
87.635000,10.2879
87.640000,5.8181
87.645000,1.7572
87.650000,13.1077
87.655000,26.4569
87.660000,1.5737
87.665000,13.1246
87.670000,16.0980
87.675000,-2.1960
87.680000,-9.0010
87.685000,9.2360
87.690000,0.7744
87.695000,-13.3544
87.700000,3.1176
87.705000,-6.9006
87.710000,-8.8197
87.715000,-4.1174
87.720000,-7.6828
87.725000,-14.5029
87.730000,-18.1988
87.735000,0.6439
87.740000,-4.2912
87.745000,-4.9616
87.750000,11.0429
87.755000,9.7567
87.760000,-3.9250
87.765000,4.7324
87.770000,8.7877
87.775000,-9.2930
87.780000,-13.0763
87.785000,1.4182
87.790000,-4.2970
87.795000,-20.9441
87.800000,-10.7839
87.805000,-15.5057
87.810000,-21.6285
87.815000,-10.5521
87.820000,-13.2015
87.825000,-28.6910
87.830000,-24.5309
87.835000,-11.6403
87.840000,-25.6783
87.845000,-29.0875
87.850000,-11.4315
87.855000,-5.5720
87.860000,-17.5910
87.865000,-23.2327
87.870000,-6.3469
87.875000,-18.7100
87.880000,-15.9373
87.885000,-12.1520
87.890000,-9.0322
87.895000,-30.1302
87.900000,-15.0738
87.905000,-15.3540
87.910000,-31.6731
87.915000,-27.6030
87.920000,-21.3278
87.925000,-26.3023
87.930000,-37.4321
87.935000,-7.4991
87.940000,-5.7678
87.945000,-21.9818
87.950000,-3.8472
87.955000,-0.9001
87.960000,-8.7737
87.965000,-6.0800
87.970000,6.3801
87.975000,-1.9628
87.980000,-14.7169
87.985000,-2.2095
87.990000,-4.7449
87.995000,-28.8572
88.000000,-0.2689
88.005000,2.1661
88.010000,-11.2105
88.015000,-8.0876
88.020000,0.0077
88.025000,-8.6070
88.030000,-11.3553
88.035000,7.3533
88.040000,1.1976
88.045000,-9.2839
88.050000,16.2928
88.055000,30.7779
88.060000,9.1242
88.065000,5.0018
88.070000,23.3026
88.075000,5.9348
88.080000,7.9187
88.085000,23.4188
88.090000,6.1596
88.095000,-7.7703
88.100000,-7.6339
88.105000,4.5809
88.110000,-11.4017
88.115000,-6.8447
88.120000,18.0568
88.125000,9.2408
88.130000,-0.2251
88.135000,31.7370
88.140000,25.7545
88.145000,9.3411
88.150000,31.4177
88.155000,36.1377
88.160000,9.8258
88.165000,20.4707
88.170000,35.5228
88.175000,11.0648
88.180000,11.0994
88.185000,29.0789
88.190000,7.4962
88.195000,-6.6610
88.200000,1.7035
88.205000,10.7564
88.210000,-7.4339
88.215000,-3.8509
88.220000,6.5285
88.225000,-7.0575
88.230000,-4.7791
88.235000,16.9438
88.240000,6.2412
88.245000,0.0747
88.250000,18.5539
88.255000,21.0533
88.260000,11.0371
88.265000,13.9760
88.270000,23.0564
88.275000,5.0036
88.280000,-6.9230
88.285000,5.0693
88.290000,-6.0948
88.295000,-15.0593
88.300000,-12.3417
88.305000,-16.4271
88.310000,-33.8456
88.315000,-24.5809
88.320000,-13.8595
88.325000,-21.9893
88.330000,-33.7504
88.335000,-9.2643
88.340000,-5.7150
88.345000,-7.7770
88.350000,-0.1126
88.355000,-0.5262
88.360000,-9.2301
88.365000,-3.6503
88.370000,2.8458
88.375000,-6.6375
88.380000,-28.3355
88.385000,-16.3425
88.390000,-25.6876
88.395000,-39.2323
88.400000,-21.2429
88.405000,-23.8301
88.410000,-22.6509
88.415000,-27.8133
88.420000,-6.6324
88.425000,-25.7001
88.430000,-24.0144
88.435000,3.1850
88.440000,-9.2183
88.445000,-23.6499
88.450000,1.7744
88.455000,7.6743
88.460000,-5.3934
88.465000,0.4189
88.470000,7.9864
88.475000,-12.7479
88.480000,-21.3665
88.485000,-0.0226
88.490000,-12.2826
88.495000,-31.0380
88.500000,-14.2949
88.505000,-27.3271
88.510000,-45.9266
88.515000,-38.3628
88.520000,-34.3582
88.525000,-40.0744
88.530000,-40.8859
88.535000,-10.6430
88.540000,-23.7808
88.545000,-24.4323
88.550000,-19.9294
88.555000,-14.4767
88.560000,-23.0721
88.565000,-8.3978
88.570000,1.1071
88.575000,-17.1313
88.580000,-28.4306
88.585000,-9.6202
88.590000,-16.5215
88.595000,-46.0513
88.600000,-25.5079
88.605000,-22.4013
88.610000,-38.8854
88.615000,-39.8381
88.620000,-37.1929
88.625000,-43.8998
88.630000,-45.7518
88.635000,-16.3270
88.640000,-26.4314
88.645000,-35.5464
88.650000,-9.6173
88.655000,-0.8504
88.660000,-3.5612
88.665000,-3.4997
88.670000,12.1970
88.675000,1.2616
88.680000,-1.2682
88.685000,1.8411
88.690000,-6.2265
88.695000,-17.2589
88.700000,-21.9884
88.705000,-12.6106
88.710000,-30.6911
88.715000,-27.5150
88.720000,-5.5942
88.725000,-11.9934
88.730000,-11.8671
88.735000,12.9429
88.740000,11.3344
88.745000,2.5446
88.750000,13.8753
88.755000,27.1559
88.760000,16.4295
88.765000,18.6540
88.770000,31.4788
88.775000,15.3240
88.780000,9.7720
88.785000,24.8351
88.790000,14.4426
88.795000,-6.0065
88.800000,13.2850
88.805000,3.0042
88.810000,-14.0854
88.815000,-7.6162
88.820000,-2.8330
88.825000,-3.0305
88.830000,-3.9824
88.835000,16.6412
88.840000,15.8755
88.845000,12.5252
88.850000,35.5211
88.855000,37.2654
88.860000,16.0000
88.865000,21.4319
88.870000,35.8871
88.875000,21.1982
88.880000,20.0569
88.885000,24.3632
88.890000,18.4573
88.895000,9.1566
88.900000,10.4388
88.905000,19.0755
88.910000,-0.8475
88.915000,0.5628
88.920000,8.1890
88.925000,6.0641
88.930000,1.0345
88.935000,19.5305
88.940000,15.6342
88.945000,1.2260
88.950000,20.3551
88.955000,24.4607
88.960000,3.9589
88.965000,19.7709
88.970000,28.9801
88.975000,-0.5844
88.980000,1.1145
88.985000,10.9747
88.990000,4.3667
88.995000,-12.5635
89.000000,-6.1503
89.005000,4.2294
89.010000,-32.8381
89.015000,-23.4911
89.020000,-12.1025
89.025000,-16.0198
89.030000,-9.4847
89.035000,2.6850
89.040000,-6.0526
89.045000,-11.4021
89.050000,12.3688
89.055000,9.0085
89.060000,4.1662
89.065000,3.4321
89.070000,13.5447
89.075000,-0.5269
89.080000,-10.8666
89.085000,-6.0093
89.090000,-11.3272
89.095000,-18.6908
89.100000,-10.8827
89.105000,-21.9379
89.110000,-34.4717
89.115000,-33.6776
89.120000,-16.1565
89.125000,-38.2540
89.130000,-32.5526
89.135000,-21.1203
89.140000,-12.5864
89.145000,-19.3484
89.150000,-13.2499
89.155000,-2.1441
89.160000,-9.9906
89.165000,-4.8044
89.170000,7.9147
89.175000,-4.1912
89.180000,-11.2887
89.185000,-0.1897
89.190000,-16.7646
89.195000,-29.9986
89.200000,-18.0652
89.205000,-17.4400
89.210000,-38.3303
89.215000,-43.2717
89.220000,-19.5029
89.225000,-32.9354
89.230000,-26.9488
89.235000,-14.8342
89.240000,0.1382
89.245000,-11.1621
89.250000,7.3953
89.255000,-0.4078
89.260000,-11.3692
89.265000,0.6550
89.270000,2.2917
89.275000,-0.8080
89.280000,-9.3226
89.285000,2.9350
89.290000,-6.2728
89.295000,-14.1903
89.300000,-7.6692
89.305000,-10.3656
89.310000,-23.8081
89.315000,-12.9517
89.320000,0.5166
89.325000,-9.1667
89.330000,-1.1104
89.335000,5.4843
89.340000,4.7584
89.345000,0.5951
89.350000,16.8281
89.355000,24.1446
89.360000,6.4278
89.365000,30.1815
89.370000,28.6754
89.375000,21.7836
89.380000,26.8027
89.385000,23.9188
89.390000,29.3931
89.395000,3.0981
89.400000,6.1688
89.405000,11.7589
89.410000,-10.0480
89.415000,-11.2646
89.420000,2.8887
89.425000,-12.9421
89.430000,-13.2891
89.435000,2.4522
89.440000,1.7494
89.445000,-9.2633
89.450000,18.6833
89.455000,29.6904
89.460000,16.7773
89.465000,25.3485
89.470000,29.8195
89.475000,12.7069
89.480000,12.9143
89.485000,19.4858
89.490000,6.9021
89.495000,-6.9570
89.500000,-8.5923
89.505000,5.7445
89.510000,-12.3047
89.515000,-9.4943
89.520000,11.4784
89.525000,-15.3210
89.530000,-14.9154
89.535000,9.8186
89.540000,15.3886
89.545000,-2.0113
89.550000,22.5100
89.555000,25.8799
89.560000,12.9035
89.565000,19.4393
89.570000,36.3411
89.575000,0.8124
89.580000,4.8644
89.585000,18.5650
89.590000,-1.0669
89.595000,-9.2278
89.600000,2.2031
89.605000,0.0769
89.610000,-11.6946
89.615000,-10.7096
89.620000,1.7421
89.625000,-7.4055
89.630000,-6.0046
89.635000,6.7990
89.640000,15.2068
89.645000,4.7336
89.650000,15.1281
89.655000,14.3499
89.660000,-1.4116
89.665000,7.9263
89.670000,1.0836
89.675000,1.8949
89.680000,-7.8726
89.685000,2.3613
89.690000,-8.5072
89.695000,-27.8425
89.700000,-23.8675
89.705000,-15.2112
89.710000,-49.1415
89.715000,-33.8984
89.720000,-23.4470
89.725000,-29.7756
89.730000,-34.6688
89.735000,-19.4783
89.740000,-20.5128
89.745000,-27.6511
89.750000,-14.4631
89.755000,-6.1798
89.760000,-26.6445
89.765000,-26.1147
89.770000,-12.2389
89.775000,-25.1259
89.780000,-34.6833
89.785000,-18.6632
89.790000,-31.0688
89.795000,-53.6415
89.800000,-44.5719
89.805000,-43.5307
89.810000,-57.4372
89.815000,-50.7506
89.820000,-46.2214
89.825000,-56.3083
89.830000,-48.8402
89.835000,-40.1945
89.840000,-41.0001
89.845000,-46.5998
89.850000,-40.8271
89.855000,-27.7252
89.860000,-28.2946
89.865000,-21.3664
89.870000,-7.8343
89.875000,-27.7298
89.880000,-30.4995
89.885000,-16.4759
89.890000,-35.5373
89.895000,-35.5401
89.900000,-21.0718
89.905000,-27.3045
89.910000,-47.6592
89.915000,-36.7547
89.920000,-35.9109
89.925000,-47.6286
89.930000,-44.9097
89.935000,-30.6268
89.940000,-32.3597
89.945000,-47.2885
89.950000,-25.4895
89.955000,-22.9677
89.960000,-34.2249
89.965000,-27.8517
89.970000,-18.8533
89.975000,-21.3330
89.980000,-19.8399
89.985000,-14.7983
89.990000,-21.7176
89.995000,-40.1498
90.000000,-30.4808
90.005000,-25.1509
90.010000,-38.6268
90.015000,-23.1566
90.020000,-11.1995
90.025000,-18.8110
90.030000,-13.1383
90.035000,4.7215
90.040000,-0.2959
90.045000,-4.5432
90.050000,11.5483
90.055000,12.2553
90.060000,11.5167
90.065000,13.3472
90.070000,23.4726
90.075000,13.7361
90.080000,8.7514
90.085000,23.9011
90.090000,15.0611
90.095000,-6.6705
90.100000,5.2490
90.105000,12.8972
90.110000,-0.0400
90.115000,10.2322
90.120000,36.1925
90.125000,9.6155
90.130000,7.6272
90.135000,41.3044
90.140000,42.8330
90.145000,32.3492
90.150000,41.9846
90.155000,44.1704
90.160000,37.7610
90.165000,40.3718
90.170000,51.8026
90.175000,46.1890
90.180000,39.4976
90.185000,50.3735
90.190000,29.9579
90.195000,22.5368
90.200000,41.0592
90.205000,42.5302
90.210000,24.4073
90.215000,31.0922
90.220000,38.4469
90.225000,27.5737
90.230000,25.1693
90.235000,42.2878
90.240000,36.1132
90.245000,27.0008
90.250000,45.2720
90.255000,53.5888
90.260000,29.7591
90.265000,35.3709
90.270000,47.1135
90.275000,18.3692
90.280000,15.8785
90.285000,25.2895
90.290000,30.7170
90.295000,9.7408
90.300000,22.5917
90.305000,30.4605
90.310000,8.0540
90.315000,4.3981
90.320000,16.6337
90.325000,8.5267
90.330000,14.3447
90.335000,20.4022
90.340000,17.3758
90.345000,1.1057
90.350000,22.6935
90.355000,21.1195
90.360000,12.4498
90.365000,25.6526
90.370000,27.4813
90.375000,11.8401
90.380000,-0.5497
90.385000,15.5256
90.390000,0.4842
90.395000,-14.5336
90.400000,6.3786
90.405000,-1.7112
90.410000,-13.5548
90.415000,-11.9967
90.420000,-3.8076
90.425000,-19.3235
90.430000,-25.1508
90.435000,-9.7677
90.440000,-14.4154
90.445000,-23.8906
90.450000,-13.6386
90.455000,-12.9452
90.460000,-23.5940
90.465000,-21.4741
90.470000,-17.4415
90.475000,-25.9488
90.480000,-31.3788
90.485000,-17.5307
90.490000,-22.7694
90.495000,-49.4032
90.500000,-27.6804
90.505000,-28.9259
90.510000,-48.0877
90.515000,-40.3462
90.520000,-18.9544
90.525000,-36.6914
90.530000,-51.5364
90.535000,-27.6294
90.540000,-29.3939
90.545000,-41.2704
90.550000,-25.3702
90.555000,-20.8066
90.560000,-32.6637
90.565000,-24.8198
90.570000,-20.6007
90.575000,-31.0880
90.580000,-26.3342
90.585000,-10.3897
90.590000,-20.3471
90.595000,-34.1068
90.600000,-18.0423
90.605000,-12.3995
90.610000,-30.5926
90.615000,-19.7841
90.620000,-18.0456
90.625000,-24.8787
90.630000,-26.3201
90.635000,-8.3917
90.640000,-6.0912
90.645000,-23.3958
90.650000,-8.0281
90.655000,6.0722
90.660000,-13.0086
90.665000,11.4800
90.670000,11.8685
90.675000,2.6807
90.680000,0.3826
90.685000,10.4359
90.690000,8.0867
90.695000,-11.0095
90.700000,0.5951
90.705000,26.8260
90.710000,-0.2920
90.715000,22.0253
90.720000,37.0267
90.725000,23.0493
90.730000,21.2401
90.735000,33.2546
90.740000,33.2784
90.745000,18.4156
90.750000,44.1457
90.755000,48.4091
90.760000,31.6687
90.765000,47.9899
90.770000,56.8492
90.775000,37.1378
90.780000,37.3288
90.785000,49.5546
90.790000,38.8779
90.795000,38.6333
90.800000,46.4902
90.805000,45.8729
90.810000,31.8679
90.815000,38.4702
90.820000,50.1647
90.825000,37.7344
90.830000,29.6536
90.835000,55.0432
90.840000,46.4626
90.845000,45.4996
90.850000,55.9869
90.855000,46.5332
90.860000,39.7294
90.865000,55.9097
90.870000,77.3268
90.875000,53.5117
90.880000,45.3790
90.885000,58.1960
90.890000,52.6527
90.895000,38.5095
90.900000,47.2932
90.905000,58.2623
90.910000,36.5565
90.915000,43.2057
90.920000,48.8717
90.925000,33.4116
90.930000,30.4794
90.935000,43.9210
90.940000,43.6648
90.945000,46.4314
90.950000,56.9834
90.955000,46.5497
90.960000,29.9855
90.965000,37.6283
90.970000,47.4852
90.975000,41.0615
90.980000,21.4913
90.985000,37.6521
90.990000,25.9393
90.995000,21.6839
91.000000,19.6507
91.005000,19.2936
91.010000,0.7088
91.015000,2.9196
91.020000,11.2050
91.025000,3.0242
91.030000,-10.6094
91.035000,4.3655
91.040000,3.3804
91.045000,-10.1678
91.050000,-5.8938
91.055000,3.5548
91.060000,-19.0159
91.065000,3.0613
91.070000,15.1305
91.075000,-16.1301
91.080000,-13.7413
91.085000,5.7443
91.090000,-11.3330
91.095000,-21.1155
91.100000,-6.9424
91.105000,-14.4505
91.110000,-19.9301
91.115000,-20.8801
91.120000,-8.8580
91.125000,-21.3607
91.130000,-33.9792
91.135000,0.8982
91.140000,-11.7048
91.145000,-19.3440
91.150000,-8.6018
91.155000,-7.0210
91.160000,-26.1370
91.165000,-17.8656
91.170000,-14.2667
91.175000,-26.5879
91.180000,-33.1280
91.185000,-27.5893
91.190000,-26.2117
91.195000,-38.5447
91.200000,-27.2072
91.205000,-27.6755
91.210000,-41.8695
91.215000,-41.5845
91.220000,-29.4324
91.225000,-36.7159
91.230000,-39.8504
91.235000,-28.5253
91.240000,-35.3465
91.245000,-42.2788
91.250000,-22.6986
91.255000,-12.3094
91.260000,-27.6405
91.265000,-22.5791
91.270000,-7.7602
91.275000,-21.4453
91.280000,-21.7853
91.285000,-5.2148
91.290000,-9.6475
91.295000,-24.7289
91.300000,-17.4964
91.305000,4.1023
91.310000,-5.7165
91.315000,-11.3564
91.320000,-3.9999
91.325000,-14.2251
91.330000,-18.4334
91.335000,17.4044
91.340000,9.1223
91.345000,-2.2069
91.350000,22.5829
91.355000,19.5674
91.360000,7.5056
91.365000,16.1186
91.370000,22.3973
91.375000,11.2525
91.380000,13.1464
91.385000,25.8371
91.390000,23.3217
91.395000,6.1797
91.400000,21.0412
91.405000,30.6811
91.410000,16.3361
91.415000,21.4964
91.420000,45.5671
91.425000,17.9546
91.430000,21.1269
91.435000,42.7139
91.440000,28.2637
91.445000,31.0223
91.450000,51.0754
91.455000,44.0965
91.460000,43.0905
91.465000,41.5064
91.470000,56.8689
91.475000,32.1046
91.480000,44.1886
91.485000,60.8882
91.490000,40.3026
91.495000,32.5469
91.500000,41.4101
91.505000,39.0652
91.510000,28.1437
91.515000,34.7954
91.520000,48.8818
91.525000,37.3108
91.530000,40.5148
91.535000,61.7193
91.540000,51.5380
91.545000,38.3601
91.550000,47.2135
91.555000,49.9677
91.560000,36.3922
91.565000,49.1333
91.570000,49.3601
91.575000,36.8037
91.580000,41.3563
91.585000,63.3033
91.590000,45.5777
91.595000,38.9386
91.600000,38.8001
91.605000,33.9162
91.610000,22.0743
91.615000,10.6707
91.620000,9.3104
91.625000,13.0304
91.630000,7.2337
91.635000,15.2284
91.640000,12.5721
91.645000,11.0457
91.650000,28.0508
91.655000,23.5417
91.660000,0.3620
91.665000,16.3680
91.670000,11.9398
91.675000,5.7641
91.680000,2.7945
91.685000,13.6466
91.690000,-2.6226
91.695000,-21.9785
91.700000,0.5420
91.705000,-9.7500
91.710000,-27.3307
91.715000,-14.8013
91.720000,-15.1541
91.725000,-22.8667
91.730000,-25.5152
91.735000,-8.4411
91.740000,-16.9263
91.745000,-22.5572
91.750000,0.2213
91.755000,-10.6721
91.760000,-24.6192
91.765000,-11.3053
91.770000,-3.6373
91.775000,-20.7079
91.780000,-35.6030
91.785000,-13.7041
91.790000,-32.7740
91.795000,-42.4739
91.800000,-33.8353
91.805000,-32.6265
91.810000,-40.9955
91.815000,-41.4258
91.820000,-34.4580
91.825000,-49.0475
91.830000,-54.8828
91.835000,-25.5844
91.840000,-42.7078
91.845000,-35.3000
91.850000,-33.3256
91.855000,-45.9979
91.860000,-38.7978
91.865000,-37.9656
91.870000,-23.3338
91.875000,-29.3115
91.880000,-36.0912
91.885000,-22.1328
91.890000,-34.9077
91.895000,-42.9198
91.900000,-24.5227
91.905000,-39.3087
91.910000,-48.9392
91.915000,-50.5609
91.920000,-39.8222
91.925000,-37.5655
91.930000,-46.2100
91.935000,-26.2101
91.940000,-30.7890
91.945000,-34.0531
91.950000,-22.9471
91.955000,-12.8002
91.960000,-21.4710
91.965000,-26.5383
91.970000,-9.5433
91.975000,-15.6403
91.980000,-20.4855
91.985000,-11.3370
91.990000,-16.1213
91.995000,-29.4221
92.000000,-11.3988
92.005000,1.3871
92.010000,-11.9677
92.015000,-11.7647
92.020000,3.5991
92.025000,-7.5663
92.030000,-6.4874
92.035000,4.2750
92.040000,0.7745
92.045000,5.0299
92.050000,19.0939
92.055000,27.2414
92.060000,18.5678
92.065000,21.8972
92.070000,36.5866
92.075000,21.1284
92.080000,22.9232
92.085000,24.8887
92.090000,20.3097
92.095000,4.0400
92.100000,7.3342
92.105000,15.2072
92.110000,0.3120
92.115000,14.4848
92.120000,32.2162
92.125000,15.8818
92.130000,9.6985
92.135000,42.5940
92.140000,49.9869
92.145000,33.2766
92.150000,53.3197
92.155000,56.1622
92.160000,40.8040
92.165000,45.4587
92.170000,53.3369
92.175000,41.2272
92.180000,33.1516
92.185000,44.3190
92.190000,32.3255
92.195000,12.3631
92.200000,28.7888
92.205000,36.1625
92.210000,14.6649
92.215000,17.1687
92.220000,31.8630
92.225000,16.5059
92.230000,17.5251
92.235000,38.0900
92.240000,19.6634
92.245000,18.1262
92.250000,37.2069
92.255000,44.0733
92.260000,13.3797
92.265000,16.5299
92.270000,25.5457
92.275000,18.1392
92.280000,12.7916
92.285000,16.3294
92.290000,2.9689
92.295000,-0.7755
92.300000,5.3537
92.305000,-7.4148
92.310000,-25.6471
92.315000,-28.9447
92.320000,-11.1976
92.325000,-18.6164
92.330000,-21.0448
92.335000,-2.6657
92.340000,0.0555
92.345000,-6.1269
92.350000,-1.8664
92.355000,2.2250
92.360000,-6.9784
92.365000,-19.4393
92.370000,3.3499
92.375000,-9.9532
92.380000,-23.5845
92.385000,-20.4459
92.390000,-40.2983
92.395000,-40.4901
92.400000,-32.6815
92.405000,-26.1445
92.410000,-49.2599
92.415000,-34.5642
92.420000,-33.0884
92.425000,-28.8734
92.430000,-38.0781
92.435000,-25.0329
92.440000,-22.4733
92.445000,-40.4212
92.450000,-18.3813
92.455000,-13.6183
92.460000,-22.8821
92.465000,-18.0531
92.470000,-14.7897
92.475000,-30.1292
92.480000,-40.6691
92.485000,-22.0920
92.490000,-28.1775
92.495000,-51.0516
92.500000,-44.0210
92.505000,-37.9825
92.510000,-58.0613
92.515000,-64.7501
92.520000,-50.8314
92.525000,-58.5449
92.530000,-59.5287
92.535000,-26.8119
92.540000,-39.3427
92.545000,-50.0985
92.550000,-30.2583
92.555000,-35.8936
92.560000,-47.8237
92.565000,-22.5839
92.570000,-13.4128
92.575000,-32.9068
92.580000,-40.4881
92.585000,-25.7138
92.590000,-38.7680
92.595000,-49.1644
92.600000,-37.7807
92.605000,-37.6700
92.610000,-59.7737
92.615000,-45.8261
92.620000,-45.1334
92.625000,-57.6192
92.630000,-57.3104
92.635000,-33.1788
92.640000,-28.9066
92.645000,-37.1085
92.650000,-12.5844
92.655000,0.8657
92.660000,-9.5985
92.665000,-3.2280
92.670000,7.7172
92.675000,-7.1996
92.680000,-15.6270
92.685000,2.8781
92.690000,-5.6883
92.695000,-15.0264
92.700000,-9.5771
92.705000,-10.9976
92.710000,-17.9417
92.715000,-13.8177
92.720000,-7.6560
92.725000,-9.6960
92.730000,-3.1484
92.735000,23.7782
92.740000,24.0606
92.745000,13.5213
92.750000,28.1538
92.755000,35.6267
92.760000,24.2882
92.765000,27.6315
92.770000,40.3919
92.775000,31.5041
92.780000,22.7383
92.785000,41.3100
92.790000,28.5657
92.795000,16.5843
92.800000,23.2264
92.805000,18.1426
92.810000,-0.3465
92.815000,7.4487
92.820000,16.7588
92.825000,6.9916
92.830000,-1.4740
92.835000,38.3177
92.840000,43.9739
92.845000,27.5031
92.850000,47.3376
92.855000,56.5728
92.860000,32.6044
92.865000,40.6042
92.870000,43.5665
92.875000,36.2228
92.880000,27.0222
92.885000,39.1852
92.890000,38.6562
92.895000,20.3588
92.900000,25.3248
92.905000,27.6038
92.910000,19.5091
92.915000,10.4888
92.920000,15.7895
92.925000,-1.7473
92.930000,10.9847
92.935000,23.8661
92.940000,32.8327
92.945000,11.5058
92.950000,27.8418
92.955000,40.0037
92.960000,23.4090
92.965000,24.7968
92.970000,41.5174
92.975000,17.2119
92.980000,2.3037
92.985000,9.8826
92.990000,4.0278
92.995000,-12.1106
93.000000,0.2017
93.005000,3.4388
93.010000,-31.4216
93.015000,-28.4498
93.020000,-4.5772
93.025000,-21.4042
93.030000,-18.8604
93.035000,-7.4588
93.040000,-15.0991
93.045000,-14.4382
93.050000,0.0904
93.055000,8.4369
93.060000,0.1288
93.065000,-10.4535
93.070000,11.1903
93.075000,-11.0194
93.080000,-17.9606
93.085000,-6.9246
93.090000,-21.7077
93.095000,-25.2879
93.100000,-21.6575
93.105000,-20.8479
93.110000,-39.6876
93.115000,-41.1735
93.120000,-26.2117
93.125000,-37.1965
93.130000,-41.1586
93.135000,-32.2687
93.140000,-25.8571
93.145000,-34.6886
93.150000,-25.2586
93.155000,-11.9470
93.160000,-22.4264
93.165000,-10.2608
93.170000,-12.8817
93.175000,-15.3416
93.180000,-24.4990
93.185000,-22.5495
93.190000,-31.7254
93.195000,-37.0580
93.200000,-38.3947
93.205000,-29.7478
93.210000,-45.6209
93.215000,-48.7541
93.220000,-27.6445
93.225000,-33.4389
93.230000,-41.0380
93.235000,-16.8160
93.240000,-14.8436
93.245000,-10.3546
93.250000,-7.0268
93.255000,-4.4745
93.260000,-13.1479
93.265000,-3.3656
93.270000,-1.9353
93.275000,-14.6061
93.280000,-15.3818
93.285000,4.2853
93.290000,-5.7812
93.295000,-28.3426
93.300000,-13.5016
93.305000,-22.7616
93.310000,-21.8462
93.315000,-22.5763
93.320000,-9.5927
93.325000,-15.5199
93.330000,-12.8443
93.335000,8.6699
93.340000,4.6127
93.345000,-7.1096
93.350000,19.1938
93.355000,27.8930
93.360000,14.4648
93.365000,24.5779
93.370000,31.4800
93.375000,18.1841
93.380000,19.8518
93.385000,30.7902
93.390000,21.5622
93.395000,10.7102
93.400000,11.9756
93.405000,17.8883
93.410000,-7.0608
93.415000,-4.3297
93.420000,2.6687
93.425000,-2.7519
93.430000,-12.2785
93.435000,7.4566
93.440000,4.8907
93.445000,0.4948
93.450000,22.5744
93.455000,34.6835
93.460000,28.0874
93.465000,18.9408
93.470000,37.5228
93.475000,19.6960
93.480000,20.0698
93.485000,25.1095
93.490000,12.9748
93.495000,-4.7078
93.500000,8.0382
93.505000,4.3996
93.510000,-12.9083
93.515000,0.1026
93.520000,-0.0924
93.525000,-8.3480
93.530000,-12.1695
93.535000,7.6976
93.540000,12.6113
93.545000,3.5063
93.550000,21.4643
93.555000,34.9760
93.560000,21.1590
93.565000,22.1045
93.570000,32.5235
93.575000,11.3135
93.580000,12.7689
93.585000,18.6799
93.590000,-1.2136
93.595000,-8.0950
93.600000,0.3123
93.605000,3.3990
93.610000,-17.2687
93.615000,-4.8293
93.620000,3.0954
93.625000,-14.3165
93.630000,-0.5385
93.635000,10.0947
93.640000,9.5165
93.645000,-3.6808
93.650000,13.3051
93.655000,21.4988
93.660000,14.3680
93.665000,2.2497
93.670000,4.7358
93.675000,-6.6086
93.680000,-0.8731
93.685000,0.8023
93.690000,-6.4247
93.695000,-25.1132
93.700000,-27.3948
93.705000,-22.1465
93.710000,-45.7100
93.715000,-32.2884
93.720000,-27.1434
93.725000,-30.6353
93.730000,-31.5604
93.735000,-30.9467
93.740000,-20.0396
93.745000,-23.0577
93.750000,-8.0467
93.755000,-7.2228
93.760000,-23.8667
93.765000,-12.6393
93.770000,-11.2216
93.775000,-20.7276
93.780000,-31.6675
93.785000,-23.2403
93.790000,-24.7059
93.795000,-47.7367
93.800000,-46.8490
93.805000,-41.1484
93.810000,-55.7433
93.815000,-53.1859
93.820000,-49.3506
93.825000,-59.1149
93.830000,-53.8340
93.835000,-34.3736
93.840000,-37.2585
93.845000,-40.9334
93.850000,-34.2146
93.855000,-17.4555
93.860000,-26.1598
93.865000,-10.5421
93.870000,-5.8584
93.875000,-24.2428
93.880000,-29.0156
93.885000,-12.5433
93.890000,-29.8372
93.895000,-38.2259
93.900000,-25.2913
93.905000,-23.9348
93.910000,-45.6859
93.915000,-42.0540
93.920000,-32.9533
93.925000,-39.8503
93.930000,-46.3872
93.935000,-29.5113
93.940000,-33.4516
93.945000,-34.1340
93.950000,-23.3359
93.955000,-13.0469
93.960000,-33.5835
93.965000,-19.6568
93.970000,-9.8260
93.975000,-24.7782
93.980000,-20.1892
93.985000,-10.3022
93.990000,-20.4255
93.995000,-39.7499
94.000000,-27.0765
94.005000,-26.1938
94.010000,-36.4137
94.015000,-24.6616
94.020000,-5.9396
94.025000,-20.1840
94.030000,-7.2277
94.035000,4.3989
94.040000,0.7370
94.045000,-0.9745
94.050000,8.9947
94.055000,20.9844
94.060000,8.2112
94.065000,4.4590
94.070000,19.7803
94.075000,10.3720
94.080000,3.7192
94.085000,17.7565
94.090000,2.5271
94.095000,-11.6882
94.100000,-3.3087
94.105000,5.8057
94.110000,-13.3526
94.115000,3.3980
94.120000,21.4864
94.125000,0.9417
94.130000,2.8933
94.135000,34.8966
94.140000,27.6955
94.145000,25.5340
94.150000,30.6952
94.155000,43.1342
94.160000,29.2367
94.165000,31.6090
94.170000,42.0918
94.175000,35.0073
94.180000,28.8746
94.185000,34.1311
94.190000,21.5378
94.195000,10.5168
94.200000,27.1253
94.205000,36.8606
94.210000,7.2344
94.215000,23.6863
94.220000,31.4943
94.225000,22.6446
94.230000,5.1970
94.235000,33.0548
94.240000,35.3181
94.245000,13.5571
94.250000,34.9555
94.255000,37.6660
94.260000,26.5617
94.265000,27.4716
94.270000,49.0263
94.275000,19.9778
94.280000,12.2160
94.285000,26.9162
94.290000,19.5223
94.295000,4.1908
94.300000,16.7280
94.305000,27.2627
94.310000,-0.1691
94.315000,10.0736
94.320000,15.1223
94.325000,-0.3256
94.330000,0.0507
94.335000,20.4632
94.340000,23.5572
94.345000,12.4839
94.350000,27.5797
94.355000,34.5614
94.360000,19.5484
94.365000,30.8909
94.370000,29.2522
94.375000,11.9772
94.380000,4.1619
94.385000,11.2014
94.390000,15.0271
94.395000,-3.3300
94.400000,-2.6819
94.405000,2.6587
94.410000,-9.8474
94.415000,-5.6644
94.420000,-0.1061
94.425000,-4.2115
94.430000,-14.3582
94.435000,5.0613
94.440000,-6.4398
94.445000,-14.6730
94.450000,-5.4474
94.455000,-1.4200
94.460000,-14.5423
94.465000,-2.6799
94.470000,-3.9776
94.475000,-6.5825
94.480000,-26.4567
94.485000,-5.3866
94.490000,-8.8648
94.495000,-24.3741
94.500000,-15.4827
94.505000,-16.1915
94.510000,-22.6428
94.515000,-14.7318
94.520000,-1.5297
94.525000,-14.0561
94.530000,-29.6428
94.535000,-6.6026
94.540000,-16.8222
94.545000,-25.2498
94.550000,-12.9105
94.555000,0.6577
94.560000,-21.9128
94.565000,-12.8598
94.570000,-2.7851
94.575000,-12.2386
94.580000,-19.9178
94.585000,1.9024
94.590000,-4.4251
94.595000,-28.3648
94.600000,-4.2893
94.605000,-8.3517
94.610000,-21.1001
94.615000,-13.0350
94.620000,-3.8563
94.625000,-19.0456
94.630000,-15.0310
94.635000,-4.4778
94.640000,-7.9630
94.645000,-7.6118
94.650000,3.7730
94.655000,5.2944
94.660000,-11.4580
94.665000,5.9879
94.670000,14.9350
94.675000,2.1491
94.680000,0.8053
94.685000,-1.9694
94.690000,1.7662
94.695000,-0.4275
94.700000,-1.2284
94.705000,7.3987
94.710000,3.9213
94.715000,13.5231
94.720000,28.5850
94.725000,5.8120
94.730000,6.1516
94.735000,22.2515
94.740000,30.2259
94.745000,18.4061
94.750000,24.5962
94.755000,37.4732
94.760000,19.2824
94.765000,31.0675
94.770000,41.4342
94.775000,22.9546
94.780000,9.7376
94.785000,26.3992
94.790000,26.6345
94.795000,14.2848
94.800000,26.8757
94.805000,23.5485
94.810000,13.6856
94.815000,23.4135
94.820000,34.1155
94.825000,5.1905
94.830000,14.0705
94.835000,41.7216
94.840000,30.1934
94.845000,20.5773
94.850000,23.5430
94.855000,34.6166
94.860000,19.3116
94.865000,36.8454
94.870000,50.4301
94.875000,23.8083
94.880000,25.3760
94.885000,40.6841
94.890000,29.1218
94.895000,20.7108
94.900000,34.4289
94.905000,39.3981
94.910000,14.8500
94.915000,22.7147
94.920000,40.4563
94.925000,30.3503
94.930000,25.1215
94.935000,35.9456
94.940000,33.4668
94.945000,23.7283
94.950000,38.6822
94.955000,38.1067
94.960000,30.4820
94.965000,25.1499
94.970000,41.3202
94.975000,27.8673
94.980000,11.5671
94.985000,28.2936
94.990000,22.5846
94.995000,11.5165
95.000000,16.0380
95.005000,12.6982
95.010000,-0.3812
95.015000,0.0911
95.020000,15.0095
95.025000,-6.3229
95.030000,-5.1458
95.035000,8.3564
95.040000,7.0866
95.045000,-2.6286
95.050000,11.0857
95.055000,10.5817
95.060000,-8.9056
95.065000,12.4150
95.070000,21.5757
95.075000,-0.7886
95.080000,-6.1946
95.085000,13.5461
95.090000,10.0382
95.095000,-11.6961
95.100000,4.4431
95.105000,3.2420
95.110000,-4.5495
95.115000,-6.1962
95.120000,6.0851
95.125000,-7.6872
95.130000,-11.6660
95.135000,10.7375
95.140000,13.1361
95.145000,3.5567
95.150000,14.7831
95.155000,9.0091
95.160000,1.5280
95.165000,-7.1017
95.170000,1.7737
95.175000,-1.5450
95.180000,-11.3533
95.185000,-2.9466
95.190000,-2.0799
95.195000,-19.2011
95.200000,-6.2085
95.205000,-10.7614
95.210000,-24.7679
95.215000,-14.9110
95.220000,-14.8804
95.225000,-21.0193
95.230000,-22.8347
95.235000,-3.3007
95.240000,-14.9108
95.245000,-19.2598
95.250000,3.4009
95.255000,-0.1964
95.260000,-4.9449
95.265000,-7.4284
95.270000,6.3230
95.275000,-10.5686
95.280000,-9.2603
95.285000,5.3337
95.290000,8.0060
95.295000,-11.6420
95.300000,1.5572
95.305000,5.7972
95.310000,-3.0344
95.315000,-4.4662
95.320000,6.6768
95.325000,-2.8576
95.330000,-5.4405
95.335000,15.5338
95.340000,15.3813
95.345000,3.7097
95.350000,14.2377
95.355000,25.2068
95.360000,2.4811
95.365000,6.7862
95.370000,23.5360
95.375000,6.7121
95.380000,-1.0696
95.385000,14.3811
95.390000,11.5734
95.395000,-2.4214
95.400000,16.8884
95.405000,32.9340
95.410000,9.9916
95.415000,8.9090
95.420000,15.9063
95.425000,6.3660
95.430000,8.8805
95.435000,30.1702
95.440000,21.2440
95.445000,19.8592
95.450000,34.1374
95.455000,29.7243
95.460000,21.4187
95.465000,22.2663
95.470000,37.3843
95.475000,21.6790
95.480000,14.9641
95.485000,25.5662
95.490000,18.8443
95.495000,10.9911
95.500000,20.2642
95.505000,19.2048
95.510000,6.1241
95.515000,15.0537
95.520000,31.7269
95.525000,14.4870
95.530000,17.9286
95.535000,46.2829
95.540000,25.0823
95.545000,16.2729
95.550000,30.5130
95.555000,23.5284
95.560000,14.2710
95.565000,32.3194
95.570000,36.8291
95.575000,28.6619
95.580000,23.1981
95.585000,32.9627
95.590000,32.6033
95.595000,14.8546
95.600000,22.4086
95.605000,17.8951
95.610000,1.8354
95.615000,-5.4868
95.620000,8.7513
95.625000,-6.2840
95.630000,-8.3693
95.635000,16.6398
95.640000,2.6217
95.645000,-1.7771
95.650000,20.1281
95.655000,19.4490
95.660000,3.0139
95.665000,10.6106
95.670000,15.3645
95.675000,3.9993
95.680000,0.1661
95.685000,3.4893
95.690000,6.4991
95.695000,-8.9252
95.700000,1.8440
95.705000,-1.6695
95.710000,-16.7019
95.715000,-6.0572
95.720000,-8.5698
95.725000,-14.6322
95.730000,-16.5519
95.735000,2.0414
95.740000,-2.8712
95.745000,-16.9864
95.750000,4.0660
95.755000,10.1836
95.760000,-12.2303
95.765000,-6.5261
95.770000,6.7442
95.775000,-8.6060
95.780000,-10.6300
95.785000,6.2652
95.790000,-3.2730
95.795000,-24.0747
95.800000,-14.5255
95.805000,-8.4857
95.810000,-25.7484
95.815000,-24.1406
95.820000,-5.9901
95.825000,-20.3184
95.830000,-35.3331
95.835000,-15.7444
95.840000,-25.0996
95.845000,-32.8340
95.850000,-11.5154
95.855000,-7.4446
95.860000,-30.2542
95.865000,-21.2618
95.870000,-6.4483
95.875000,-18.4481
95.880000,-17.1035
95.885000,-7.4806
95.890000,-16.6633
95.895000,-21.3709
95.900000,-19.3562
95.905000,-16.2541
95.910000,-35.9126
95.915000,-32.1628
95.920000,-27.4698
95.925000,-37.9169
95.930000,-30.4313
95.935000,-9.6533
95.940000,-12.8465
95.945000,-18.4266
95.950000,-18.7094
95.955000,-7.8237
95.960000,-17.6556
95.965000,-13.0021
95.970000,13.1238
95.975000,-10.8102
95.980000,-13.2635
95.985000,-1.1979
95.990000,-19.8891
95.995000,-16.4776
96.000000,-6.9698
96.005000,1.7907
96.010000,-7.5975
96.015000,-0.7550
96.020000,3.8683
96.025000,-5.5303
96.030000,-9.8857
96.035000,4.8606
96.040000,4.2474
96.045000,-13.1168
96.050000,14.6069
96.055000,25.0380
96.060000,7.3098
96.065000,6.6959
96.070000,29.4755
96.075000,14.4423
96.080000,17.0124
96.085000,25.7668
96.090000,10.5390
96.095000,-7.7777
96.100000,3.6324
96.105000,13.0638
96.110000,-10.6482
96.115000,6.4534
96.120000,20.6137
96.125000,7.6866
96.130000,5.9709
96.135000,31.6418
96.140000,32.7692
96.145000,27.7054
96.150000,36.1387
96.155000,40.2165
96.160000,30.6239
96.165000,30.6126
96.170000,33.1271
96.175000,28.8857
96.180000,15.5078
96.185000,24.5943
96.190000,13.0733
96.195000,2.0706
96.200000,17.1487
96.205000,21.8758
96.210000,4.1874
96.215000,2.3759
96.220000,19.9866
96.225000,3.2686
96.230000,7.7620
96.235000,18.7650
96.240000,14.7836
96.245000,11.4781
96.250000,25.0633
96.255000,24.2068
96.260000,10.2499
96.265000,10.4006
96.270000,21.5424
96.275000,6.7736
96.280000,-0.7606
96.285000,2.9142
96.290000,-2.4764
96.295000,-13.9536
96.300000,-5.3325
96.305000,-9.4937
96.310000,-26.8056
96.315000,-25.9630
96.320000,-8.9978
96.325000,-19.1653
96.330000,-23.8219
96.335000,1.7979
96.340000,-0.9456
96.345000,-6.4140
96.350000,-0.6589
96.355000,-1.4913
96.360000,-14.9952
96.365000,-16.2711
96.370000,-6.1317
96.375000,-22.8015
96.380000,-27.5418
96.385000,-11.3711
96.390000,-24.1094
96.395000,-32.6898
96.400000,-35.6831
96.405000,-25.6958
96.410000,-35.9477
96.415000,-36.1525
96.420000,-24.4564
96.425000,-24.5601
96.430000,-30.8889
96.435000,-18.4333
96.440000,-13.0336
96.445000,-29.5565
96.450000,-12.2350
96.455000,-2.9403
96.460000,-16.6212
96.465000,-15.9072
96.470000,-6.6444
96.475000,-29.1761
96.480000,-29.9491
96.485000,-12.6221
96.490000,-24.7638
96.495000,-39.3204
96.500000,-43.0178
96.505000,-38.5456
96.510000,-54.0610
96.515000,-56.4075
96.520000,-41.5451
96.525000,-44.6433
96.530000,-49.8133
96.535000,-24.0232
96.540000,-32.5455
96.545000,-37.8647
96.550000,-26.5977
96.555000,-25.4168
96.560000,-29.0217
96.565000,-22.5790
96.570000,-11.2898
96.575000,-32.6310
96.580000,-38.4032
96.585000,-12.2234
96.590000,-32.7150
96.595000,-48.4987
96.600000,-36.8906
96.605000,-33.7619
96.610000,-54.1711
96.615000,-46.3156
96.620000,-45.2650
96.625000,-50.3747
96.630000,-48.3782
96.635000,-28.0557
96.640000,-35.7830
96.645000,-34.0716
96.650000,-11.1440
96.655000,5.1083
96.660000,-8.2053
96.665000,-9.1527
96.670000,8.7299
96.675000,-1.7008
96.680000,-14.2526
96.685000,1.7623
96.690000,-1.3220
96.695000,-14.6320
96.700000,-12.8537
96.705000,-12.5271
96.710000,-22.5549
96.715000,-19.9677
96.720000,0.1961
96.725000,-6.9421
96.730000,-3.1727
96.735000,22.1199
96.740000,9.2068
96.745000,12.2538
96.750000,22.7889
96.755000,32.0571
96.760000,12.7441
96.765000,27.3100
96.770000,38.2586
96.775000,26.4562
96.780000,22.5262
96.785000,40.2620
96.790000,30.1191
96.795000,12.1833
96.800000,24.3781
96.805000,17.7981
96.810000,7.2357
96.815000,12.7786
96.820000,20.4650
96.825000,7.5595
96.830000,5.3895
96.835000,36.0714
96.840000,39.0863
96.845000,35.1950
96.850000,46.3881
96.855000,49.3420
96.860000,33.6793
96.865000,39.4755
96.870000,45.6152
96.875000,40.0800
96.880000,25.5926
96.885000,50.1041
96.890000,29.8366
96.895000,22.0342
96.900000,21.5882
96.905000,25.5062
96.910000,14.4435
96.915000,15.5720
96.920000,19.1567
96.925000,5.6043
96.930000,13.4185
96.935000,32.2168
96.940000,30.7115
96.945000,18.5723
96.950000,30.2748
96.955000,34.7755
96.960000,20.9278
96.965000,17.9903
96.970000,34.6713
96.975000,11.6110
96.980000,10.3861
96.985000,22.2802
96.990000,7.3045
96.995000,-15.8304
97.000000,2.8280
97.005000,7.5204
97.010000,-26.6119
97.015000,-32.3132
97.020000,-11.3359
97.025000,-12.9492
97.030000,-10.6952
97.035000,-4.0810
97.040000,-7.5522
97.045000,-10.6403
97.050000,-2.4119
97.055000,-2.9500
97.060000,-6.0596
97.065000,-10.5755
97.070000,4.9247
97.075000,-17.4525
97.080000,-24.4542
97.085000,-18.9142
97.090000,-27.8550
97.095000,-34.6494
97.100000,-20.8266
97.105000,-22.7268
97.110000,-49.6705
97.115000,-54.7938
97.120000,-31.4209
97.125000,-44.4091
97.130000,-47.0513
97.135000,-36.6937
97.140000,-31.8836
97.145000,-34.8672
97.150000,-26.1360
97.155000,-17.7888
97.160000,-29.4867
97.165000,-11.7249
97.170000,-10.2950
97.175000,-20.1889
97.180000,-24.7180
97.185000,-19.0081
97.190000,-29.3861
97.195000,-42.3718
97.200000,-27.9800
97.205000,-34.8674
97.210000,-57.3819
97.215000,-52.6611
97.220000,-41.3768
97.225000,-45.1399
97.230000,-46.8741
97.235000,-25.5389
97.240000,-19.2722
97.245000,-15.5545
97.250000,1.7326
97.255000,-7.0220
97.260000,-15.9371
97.265000,-1.3671
97.270000,-3.2099
97.275000,-10.3220
97.280000,-20.5362
97.285000,-3.7754
97.290000,-15.0113
97.295000,-32.4527
97.300000,-22.9434
97.305000,-19.7175
97.310000,-20.4239
97.315000,-23.1311
97.320000,-9.2800
97.325000,-11.4313
97.330000,-16.5736
97.335000,-0.3471
97.340000,-0.0369
97.345000,-9.2673
97.350000,19.7210
97.355000,27.2440
97.360000,22.6969
97.365000,23.4657
97.370000,38.8977
97.375000,27.4267
97.380000,23.4415
97.385000,33.4742
97.390000,20.4087
97.395000,20.1713
97.400000,12.6374
97.405000,24.4631
97.410000,0.7949
97.415000,-0.4665
97.420000,9.2345
97.425000,-5.1523
97.430000,3.5530
97.435000,12.3681
97.440000,12.1894
97.445000,10.9884
97.450000,27.9887
97.455000,36.0324
97.460000,36.7736
97.465000,35.7045
97.470000,28.9434
97.475000,26.9020
97.480000,29.3165
97.485000,41.3932
97.490000,18.0120
97.495000,7.4341
97.500000,19.2063
97.505000,5.9245
97.510000,-1.7543
97.515000,10.7406
97.520000,13.1361
97.525000,4.2958
97.530000,-9.0439
97.535000,26.4959
97.540000,27.3574
97.545000,10.5445
97.550000,31.9618
97.555000,43.9804
97.560000,32.2162
97.565000,28.8910
97.570000,46.3311
97.575000,21.2475
97.580000,17.5118
97.585000,27.8306
97.590000,13.9984
97.595000,1.4978
97.600000,3.4823
97.605000,18.8941
97.610000,-4.8788
97.615000,6.8494
97.620000,13.6253
97.625000,3.6740
97.630000,4.4765
97.635000,20.2326
97.640000,14.9273
97.645000,8.8111
97.650000,15.7960
97.655000,26.7001
97.660000,21.3485
97.665000,7.9019
97.670000,13.2707
97.675000,0.7565
97.680000,-9.5017
97.685000,7.5974
97.690000,-4.5045
97.695000,-23.9557
97.700000,-24.9297
97.705000,-34.0375
97.710000,-38.9096
97.715000,-40.8954
97.720000,-30.8253
97.725000,-36.7765
97.730000,-36.1857
97.735000,-30.4255
97.740000,-28.7454
97.745000,-31.0551
97.750000,-21.4861
97.755000,-17.3523
97.760000,-30.2895
97.765000,-26.5377
97.770000,-19.6574
97.775000,-37.9093
97.780000,-53.7426
97.785000,-34.4397
97.790000,-48.1479
97.795000,-58.9092
97.800000,-55.0351
97.805000,-60.4175
97.810000,-73.9382
97.815000,-69.2124
97.820000,-58.1486
97.825000,-70.4601
97.830000,-63.6439
97.835000,-45.4405
97.840000,-51.2313
97.845000,-53.8627
97.850000,-45.4339
97.855000,-35.8232
97.860000,-44.4124
97.865000,-30.2128
97.870000,-15.9562
97.875000,-38.9862
97.880000,-43.6553
97.885000,-31.5045
97.890000,-43.7008
97.895000,-57.4822
97.900000,-35.7747
97.905000,-37.0447
97.910000,-68.8371
97.915000,-60.2473
97.920000,-48.5378
97.925000,-58.2859
97.930000,-55.0721
97.935000,-41.9342
97.940000,-40.4423
97.945000,-47.4063
97.950000,-30.4392
97.955000,-29.7875
97.960000,-36.2162
97.965000,-32.5852
97.970000,-18.3036
97.975000,-20.4754
97.980000,-26.3696
97.985000,-16.2483
97.990000,-26.6427
97.995000,-42.0531
98.000000,-32.0664
98.005000,-20.8812
98.010000,-39.8447
98.015000,-28.0739
98.020000,-17.1103
98.025000,-18.1779
98.030000,-4.0523
98.035000,8.4876
98.040000,7.1261
98.045000,-2.3575
98.050000,15.0195
98.055000,23.0663
98.060000,20.1353
98.065000,17.5944
98.070000,34.1112
98.075000,20.7742
98.080000,12.8249
98.085000,32.2607
98.090000,16.7024
98.095000,1.0342
98.100000,18.1107
98.105000,17.3279
98.110000,10.3654
98.115000,8.7730
98.120000,41.9981
98.125000,28.4577
98.130000,24.2270
98.135000,44.2855
98.140000,52.5309
98.145000,40.9136
98.150000,50.7481
98.155000,62.6468
98.160000,47.6668
98.165000,60.8362
98.170000,62.3889
98.175000,52.4553
98.180000,37.5920
98.185000,57.1180
98.190000,43.1517
98.195000,36.3014
98.200000,56.6832
98.205000,46.3939
98.210000,33.5429
98.215000,27.8932
98.220000,48.5875
98.225000,38.3030
98.230000,28.2659
98.235000,49.3891
98.240000,49.3343
98.245000,37.1525
98.250000,51.5246
98.255000,60.0821
98.260000,43.9872
98.265000,41.6487
98.270000,51.6689
98.275000,29.9991
98.280000,18.1195
98.285000,33.1573
98.290000,33.6855
98.295000,14.4068
98.300000,31.3156
98.305000,28.9773
98.310000,6.7432
98.315000,6.8371
98.320000,21.1360
98.325000,10.6328
98.330000,8.1882
98.335000,11.5577
98.340000,27.6679
98.345000,13.5073
98.350000,25.7436
98.355000,31.5194
98.360000,19.9456
98.365000,14.1988
98.370000,20.7219
98.375000,8.4791
98.380000,-0.5485
98.385000,10.0658
98.390000,2.6310
98.395000,-13.2044
98.400000,-4.8258
98.405000,-8.0951
98.410000,-25.1071
98.415000,-26.2147
98.420000,-15.9342
98.425000,-29.9050
98.430000,-31.5556
98.435000,-25.4183
98.440000,-17.8496
98.445000,-32.0351
98.450000,-29.0628
98.455000,-12.5442
98.460000,-27.2329
98.465000,-28.7556
98.470000,-20.2851
98.475000,-31.1674
98.480000,-39.0053
98.485000,-24.0957
98.490000,-37.4305
98.495000,-46.3698
98.500000,-36.7493
98.505000,-37.3949
98.510000,-54.0280
98.515000,-42.9451
98.520000,-31.4473
98.525000,-46.5916
98.530000,-51.2470
98.535000,-31.5555
98.540000,-29.8499
98.545000,-43.2250
98.550000,-29.6951
98.555000,-20.9955
98.560000,-37.7417
98.565000,-39.3653
98.570000,-25.5722
98.575000,-32.7462
98.580000,-28.7716
98.585000,-16.1610
98.590000,-28.4388
98.595000,-36.3738
98.600000,-30.3682
98.605000,-22.5711
98.610000,-43.7214
98.615000,-24.1005
98.620000,-20.3458
98.625000,-36.1859
98.630000,-25.6170
98.635000,-8.8985
98.640000,-17.0913
98.645000,-20.5577
98.650000,-5.3548
98.655000,-3.6827
98.660000,-12.3677
98.665000,-0.1524
98.670000,16.6279
98.675000,5.3913
98.680000,-2.2038
98.685000,7.0167
98.690000,0.6389
98.695000,-3.9688
98.700000,5.9965
98.705000,10.2350
98.710000,4.9140
98.715000,13.6823
98.720000,31.6140
98.725000,21.5572
98.730000,17.7975
98.735000,29.2107
98.740000,41.5990
98.745000,24.8790
98.750000,39.5780
98.755000,49.8086
98.760000,30.3596
98.765000,55.5494
98.770000,60.2691
98.775000,37.5268
98.780000,35.1177
98.785000,57.0806
98.790000,41.8850
98.795000,29.1826
98.800000,52.9046
98.805000,49.3664
98.810000,30.2681
98.815000,33.4692
98.820000,43.2590
98.825000,31.1946
98.830000,34.5908
98.835000,53.1129
98.840000,48.9131
98.845000,42.1848
98.850000,53.5473
98.855000,56.2344
98.860000,47.6070
98.865000,52.2191
98.870000,64.9555
98.875000,49.9894
98.880000,43.8734
98.885000,61.4448
98.890000,55.1411
98.895000,39.8545
98.900000,46.5671
98.905000,46.9100
98.910000,29.8502
98.915000,37.5801
98.920000,54.5342
98.925000,33.8809
98.930000,31.2949
98.935000,52.0711
98.940000,46.9690
98.945000,37.0044
98.950000,52.9394
98.955000,40.6869
98.960000,35.8912
98.965000,37.3452
98.970000,53.4902
98.975000,32.2835
98.980000,21.4402
98.985000,38.7482
98.990000,32.9738
98.995000,13.1204
99.000000,11.6608
99.005000,12.7896
99.010000,-2.0972
99.015000,-2.5989
99.020000,8.2833
99.025000,-6.4019
99.030000,-6.6518
99.035000,8.0890
99.040000,7.7563
99.045000,-6.3619
99.050000,4.2085
99.055000,11.0179
99.060000,-4.9632
99.065000,4.4468
99.070000,12.2132
99.075000,-16.2454
99.080000,-17.6632
99.085000,3.0194
99.090000,-6.6313
99.095000,-15.4356
99.100000,-2.9895
99.105000,-10.2279
99.110000,-22.3824
99.115000,-22.1367
99.120000,-6.0962
99.125000,-14.3790
99.130000,-20.5635
99.135000,-9.2087
99.140000,-7.1630
99.145000,-17.8219
99.150000,-4.6414
99.155000,-4.0372
99.160000,-19.9658
99.165000,-18.3900
99.170000,-9.7421
99.175000,-18.6753
99.180000,-26.3744
99.185000,-18.3409
99.190000,-22.1407
99.195000,-36.2969
99.200000,-24.2830
99.205000,-20.6167
99.210000,-41.7751
99.215000,-33.9722
99.220000,-25.0660
99.225000,-30.2164
99.230000,-42.7937
99.235000,-19.6278
99.240000,-31.2420
99.245000,-32.5434
99.250000,-11.1300
99.255000,-3.9177
99.260000,-20.3444
99.265000,-14.4943
99.270000,-4.1932
99.275000,-16.4444
99.280000,-22.9562
99.285000,4.9868
99.290000,-10.6342
99.295000,-21.0243
99.300000,-1.4218
99.305000,7.1409
99.310000,-12.6665
99.315000,-9.4517
99.320000,7.5244
99.325000,-4.6661
99.330000,-12.4802
99.335000,12.2525
99.340000,15.0992
99.345000,-1.1023
99.350000,23.8687
99.355000,17.3375
99.360000,11.2222
99.365000,12.9028
99.370000,23.6398
99.375000,12.8194
99.380000,9.0463
99.385000,15.7500
99.390000,14.9294
99.395000,16.6063
99.400000,29.2940
99.405000,31.5836
99.410000,24.3969
99.415000,21.4987
99.420000,28.7253
99.425000,21.6738
99.430000,17.0976
99.435000,37.0482
99.440000,28.7249
99.445000,37.4257
99.450000,48.0487
99.455000,37.2872
99.460000,26.9254
99.465000,39.9012
99.470000,40.1838
99.475000,25.1947
99.480000,29.8167
99.485000,41.0998
99.490000,38.3382
99.495000,27.2999
99.500000,25.3683
99.505000,34.3367
99.510000,20.6809
99.515000,34.3396
99.520000,44.5300
99.525000,17.8926
99.530000,35.9634
99.535000,53.6985
99.540000,43.4898
99.545000,33.4829
99.550000,42.3087
99.555000,31.4343
99.560000,27.0109
99.565000,36.9944
99.570000,45.3175
99.575000,34.1128
99.580000,31.0111
99.585000,47.3865
99.590000,44.1924
99.595000,27.6904
99.600000,24.2355
99.605000,24.2095
99.610000,7.8769
99.615000,1.1449
99.620000,18.7209
99.625000,3.1669
99.630000,1.2629
99.635000,16.2827
99.640000,9.7864
99.645000,5.0357
99.650000,17.5793
99.655000,15.7762
99.660000,2.1085
99.665000,13.1354
99.670000,15.6584
99.675000,6.5437
99.680000,3.8218
99.685000,8.8422
99.690000,2.2355
99.695000,-14.4714
99.700000,-2.5167
99.705000,-0.8698
99.710000,-22.2772
99.715000,-1.1110
99.720000,-4.3204
99.725000,-13.0410
99.730000,-18.8931
99.735000,-7.7902
99.740000,-9.4472
99.745000,-9.5619
99.750000,-1.4434
99.755000,5.4262
99.760000,-14.3456
99.765000,-9.3547
99.770000,3.1648
99.775000,-15.0257
99.780000,-15.6392
99.785000,5.1891
99.790000,-14.0526
99.795000,-33.7286
99.800000,-16.0939
99.805000,-18.6503
99.810000,-33.0371
99.815000,-26.7808
99.820000,-15.8176
99.825000,-34.9267
99.830000,-36.1138
99.835000,-18.2036
99.840000,-38.1425
99.845000,-40.3673
99.850000,-20.0016
99.855000,-14.6252
99.860000,-29.8733
99.865000,-28.9002
99.870000,-9.2399
99.875000,-17.7750
99.880000,-18.7343
99.885000,-18.1412
99.890000,-14.6134
99.895000,-31.5921
99.900000,-21.7205
99.905000,-23.1903
99.910000,-36.8592
99.915000,-38.7799
99.920000,-33.5836
99.925000,-29.8911
99.930000,-28.4741
99.935000,-14.8799
99.940000,-11.2875
99.945000,-30.2478
99.950000,-23.8470
99.955000,-10.9482
99.960000,-18.3479
99.965000,-18.3838
99.970000,-6.5118
99.975000,-9.3576
99.980000,-13.6109
99.985000,-3.4281
99.990000,-14.2510
99.995000,-27.7237
100.000000,-9.6730
100.005000,2.1327
100.010000,-9.2368
100.015000,-1.7908
100.020000,2.7985
100.025000,-7.9427
100.030000,-10.3843
100.035000,12.7995
100.040000,0.6859
100.045000,-6.6649
100.050000,9.9679
100.055000,18.1187
100.060000,7.8413
100.065000,15.9826
100.070000,25.0244
100.075000,12.9718
100.080000,13.4067
100.085000,29.0783
100.090000,18.0035
100.095000,-5.9002
100.100000,10.1638
100.105000,5.0829
100.110000,-2.2445
100.115000,5.1602
100.120000,23.5111
100.125000,12.8096
100.130000,11.6466
100.135000,29.4412
100.140000,36.0288
100.145000,22.8563
100.150000,39.3472
100.155000,42.9372
100.160000,26.3940
100.165000,25.5706
100.170000,41.8139
100.175000,21.9726
100.180000,16.5864
100.185000,30.1703
100.190000,15.5614
100.195000,1.8049
100.200000,16.3388
100.205000,19.8473
100.210000,6.6681
100.215000,4.0210
100.220000,14.7357
100.225000,4.9336
100.230000,-0.0961
100.235000,16.4453
100.240000,10.5987
100.245000,11.7795
100.250000,22.1720
100.255000,22.4996
100.260000,2.7623
100.265000,12.8618
100.270000,18.4219
100.275000,-3.1400
100.280000,-4.1436
100.285000,10.1271
100.290000,-1.6087
100.295000,-22.2497
100.300000,-2.9471
100.305000,-10.9877
100.310000,-30.3604
100.315000,-20.8431
100.320000,-9.8847
100.325000,-13.0299
100.330000,-25.0011
100.335000,-7.9377
100.340000,-6.9485
100.345000,-7.0497
100.350000,-5.8062
100.355000,-0.5008
100.360000,-12.1829
100.365000,-7.1490
100.370000,3.7372
100.375000,-13.6501
100.380000,-31.1878
100.385000,-14.1871
100.390000,-14.4879
100.395000,-32.0264
100.400000,-27.7254
100.405000,-19.3050
100.410000,-29.6515
100.415000,-26.6151
100.420000,-14.9985
100.425000,-28.0671
100.430000,-32.2722
100.435000,-7.2141
100.440000,-4.7201
100.445000,-18.3244
100.450000,-5.8761
100.455000,-8.4620
100.460000,-22.0475
100.465000,-11.9115
100.470000,-2.0339
100.475000,-19.8031
100.480000,-27.3990
100.485000,-13.3601
100.490000,-13.0915
100.495000,-41.3011
100.500000,-19.9788
100.505000,-25.5970
100.510000,-51.8727
100.515000,-43.8744
100.520000,-35.9728
100.525000,-39.5091
100.530000,-43.5929
100.535000,-18.6860
100.540000,-20.4042
100.545000,-29.0120
100.550000,-18.1971
100.555000,-24.0868
100.560000,-26.7808
100.565000,-14.7794
100.570000,-2.4781
100.575000,-20.3017
100.580000,-27.0282
100.585000,-4.6222
100.590000,-20.8651
100.595000,-46.2899
100.600000,-28.3722
100.605000,-21.5933
100.610000,-37.3804
100.615000,-41.4013
100.620000,-33.3442
100.625000,-43.8960
100.630000,-43.6889
100.635000,-35.5515
100.640000,-22.4675
100.645000,-33.6162
100.650000,-3.5772
100.655000,3.8797
100.660000,-10.2472
100.665000,-9.0687
100.670000,11.3558
100.675000,-6.6419
100.680000,-5.9050
100.685000,-2.9886
100.690000,-9.6011
100.695000,-23.3028
100.700000,-14.4323
100.705000,-17.2002
100.710000,-28.0864
100.715000,-24.9382
100.720000,-9.2108
100.725000,-15.0140
100.730000,-9.0679
100.735000,2.1017
100.740000,8.3504
100.745000,-3.6291
100.750000,15.0632
100.755000,22.9112
100.760000,13.9951
100.765000,18.0201
100.770000,32.4442
100.775000,17.4029
100.780000,17.0944
100.785000,25.4727
100.790000,10.6998
100.795000,-2.7914
100.800000,12.9227
100.805000,7.2778
100.810000,-9.8007
100.815000,-6.0399
100.820000,5.2090
100.825000,-2.9191
100.830000,-1.3248
100.835000,24.5961
100.840000,25.7086
100.845000,13.5231
100.850000,28.4209
100.855000,39.3528
100.860000,15.8358
100.865000,25.3432
100.870000,31.2304
100.875000,20.4120
100.880000,12.5461
100.885000,22.4903
100.890000,13.1967
100.895000,5.0443
100.900000,9.0873
100.905000,17.3180
100.910000,-0.9775
100.915000,0.7468
100.920000,9.3381
100.925000,-2.4723
100.930000,-2.5065
100.935000,18.5807
100.940000,13.8496
100.945000,2.6430
100.950000,23.6179
100.955000,25.2825
100.960000,6.0458
100.965000,16.0868
100.970000,23.2659
100.975000,0.5937
100.980000,3.7130
100.985000,11.7324
100.990000,5.7736
100.995000,-11.5918
101.000000,-3.8326
101.005000,-4.4317
101.010000,-29.0524
101.015000,-25.5862
101.020000,-2.7054
101.025000,-14.5812
101.030000,-12.4901
101.035000,-4.2655
101.040000,1.0400
101.045000,-3.6350
101.050000,8.0453
101.055000,12.7921
101.060000,6.8400
101.065000,-0.4267
101.070000,13.0705
101.075000,2.2489
101.080000,-6.8970
101.085000,-6.2313
101.090000,-12.1897
101.095000,-17.5064
101.100000,-14.6448
101.105000,-12.9282
101.110000,-32.3472
101.115000,-27.0309
101.120000,-13.6699
101.125000,-32.6877
101.130000,-32.7607
101.135000,-20.6506
101.140000,-6.3712
101.145000,-11.5406
101.150000,-4.9864
101.155000,5.6012
101.160000,-5.3013
101.165000,0.1710
101.170000,4.6516
101.175000,-9.3888
101.180000,-11.2207
101.185000,-5.3644
101.190000,-13.2105
101.195000,-29.1617
101.200000,-17.7488
101.205000,-18.2184
101.210000,-36.7007
101.215000,-30.9274
101.220000,-16.8003
101.225000,-29.4842
101.230000,-26.9232
101.235000,-5.6970
101.240000,-3.1050
101.245000,-6.5160
101.250000,9.8049
101.255000,2.9586
101.260000,-8.0698
101.265000,7.1009
101.270000,0.5435
101.275000,-10.2407
101.280000,-8.4998
101.285000,10.4443
101.290000,0.8111
101.295000,-21.8431
101.300000,-8.7602
101.305000,-9.8515
101.310000,-17.9154
101.315000,-14.4765
101.320000,-0.8579
101.325000,-11.7728
101.330000,-16.1452
101.335000,3.4246
101.340000,3.1689
101.345000,-6.9160
101.350000,12.5965
101.355000,23.0182
101.360000,12.5449
101.365000,23.2321
101.370000,33.5968
101.375000,21.5446
101.380000,22.5515
101.385000,30.2499
101.390000,23.4732
101.395000,-7.6861
101.400000,5.3209
101.405000,10.0065
101.410000,-16.3390
101.415000,-17.8726
101.420000,-2.0014
101.425000,-14.1284
101.430000,-19.9267
101.435000,-5.4645
101.440000,-7.0343
101.445000,-5.6771
101.450000,10.5036
101.455000,20.8723
101.460000,14.5843
101.465000,20.8034
101.470000,25.1922
101.475000,9.1885
101.480000,5.4832
101.485000,24.2603
101.490000,6.3973
101.495000,-10.5540
101.500000,-7.1952
101.505000,-1.9892
101.510000,-19.1856
101.515000,-18.5937
101.520000,-7.7701
101.525000,-10.6598
101.530000,-24.5181
101.535000,7.7370
101.540000,1.5078
101.545000,-2.4437
101.550000,15.9433
101.555000,24.7090
101.560000,9.6107
101.565000,13.5830
101.570000,32.3501
101.575000,5.6120
101.580000,1.0296
101.585000,3.7092
101.590000,5.1210
101.595000,-11.2890
101.600000,-4.9745
101.605000,-5.0704
101.610000,-21.7094
101.615000,-8.6883
101.620000,-0.6117
101.625000,-1.5107
101.630000,-19.4095
101.635000,8.2725
101.640000,14.5562
101.645000,-8.0474
101.650000,9.3278
101.655000,31.7868
101.660000,5.7287
101.665000,5.6230
101.670000,13.6706
101.675000,2.0378
101.680000,-8.6771
101.685000,0.0909
101.690000,-7.1543
101.695000,-25.4034
101.700000,-21.0176
101.705000,-17.4597
101.710000,-40.4673
101.715000,-28.3743
101.720000,-14.9315
101.725000,-26.0357
101.730000,-29.1210
101.735000,-3.5177
101.740000,-17.6889
101.745000,-26.7422
101.750000,-6.8953
101.755000,-6.2041
101.760000,-12.7640
101.765000,-20.1086
101.770000,-6.6664
101.775000,-21.9389
101.780000,-33.0326
101.785000,-16.6386
101.790000,-26.1905
101.795000,-43.3755
101.800000,-36.6057
101.805000,-40.8385
101.810000,-52.6447
101.815000,-41.7035
101.820000,-42.0987
101.825000,-50.7430
101.830000,-36.3516
101.835000,-30.8942
101.840000,-27.5980
101.845000,-33.2326
101.850000,-27.9923
101.855000,-15.2489
101.860000,-17.6572
101.865000,-12.2114
101.870000,10.5235
101.875000,-22.3282
101.880000,-21.8666
101.885000,-9.1497
101.890000,-21.3732
101.895000,-38.4504
101.900000,-25.4641
101.905000,-22.4813
101.910000,-40.5565
101.915000,-38.3706
101.920000,-33.8307
101.925000,-42.9401
101.930000,-48.3364
101.935000,-20.8097
101.940000,-28.7396
101.945000,-48.2041
101.950000,-18.7145
101.955000,-7.8916
101.960000,-18.3050
101.965000,-21.0484
101.970000,-5.3529
101.975000,-18.0423
101.980000,-14.5086
101.985000,-13.3960
101.990000,-30.0201
101.995000,-45.0394
102.000000,-34.3943
102.005000,-18.2637
102.010000,-38.8953
102.015000,-31.2297
102.020000,-13.4816
102.025000,-24.7129
102.030000,-14.4266
102.035000,7.6807
102.040000,4.5560
102.045000,-3.2539
102.050000,10.3911
102.055000,19.5955
102.060000,6.5912
102.065000,10.7038
102.070000,15.6170
102.075000,9.1995
102.080000,1.2436
102.085000,14.5987
102.090000,4.8103
102.095000,-13.1123
102.100000,-0.4894
102.105000,2.8157
102.110000,-11.0054
102.115000,-6.6058
102.120000,17.2892
102.125000,2.9856
102.130000,5.3260
102.135000,21.4928
102.140000,28.6350
102.145000,22.7883
102.150000,40.0554
102.155000,42.7149
102.160000,30.9381
102.165000,45.1190
102.170000,43.8137
102.175000,36.5970
102.180000,33.6803
102.185000,30.3551
102.190000,25.8684
102.195000,11.8046
102.200000,36.4101
102.205000,37.7598
102.210000,10.8063
102.215000,13.9060
102.220000,30.8422
102.225000,26.3075
102.230000,9.3631
102.235000,29.1779
102.240000,30.4437
102.245000,23.4840
102.250000,46.5030
102.255000,47.6126
102.260000,32.6170
102.265000,27.7912
102.270000,35.2678
102.275000,19.4825
102.280000,19.2829
102.285000,30.1559
102.290000,22.5066
102.295000,9.5322
102.300000,25.2323
102.305000,25.4310
102.310000,3.8380
102.315000,-3.1929
102.320000,13.6391
102.325000,8.7505
102.330000,6.1934
102.335000,21.0173
102.340000,19.6843
102.345000,13.3944
102.350000,23.4555
102.355000,25.9321
102.360000,19.0585
102.365000,26.4047
102.370000,27.9641
102.375000,9.2307
102.380000,-3.4042
102.385000,23.1771
102.390000,5.0065
102.395000,-11.0790
102.400000,6.4547
102.405000,1.1228
102.410000,-17.1815
102.415000,-11.4628
102.420000,1.4764
102.425000,-16.6527
102.430000,-16.0312
102.435000,-7.4663
102.440000,-9.7122
102.445000,-18.5135
102.450000,-9.8826
102.455000,3.3737
102.460000,-12.8122
102.465000,-9.0233
102.470000,-4.4044
102.475000,-25.3672
102.480000,-12.6307
102.485000,-13.4121
102.490000,-18.2799
102.495000,-28.0968
102.500000,-21.6592
102.505000,-33.1506
102.510000,-38.7110
102.515000,-21.7829
102.520000,-23.3620
102.525000,-24.3191
102.530000,-33.6474
102.535000,-18.9563
102.540000,-17.6164
102.545000,-34.5620
102.550000,-21.4312
102.555000,-4.6381
102.560000,-17.4128
102.565000,-25.7621
102.570000,3.3637
102.575000,-21.9496
102.580000,-17.0934
102.585000,5.2219
102.590000,-11.2627
102.595000,-26.4210
102.600000,-20.0436
102.605000,-22.7790
102.610000,-31.0974
102.615000,-19.3744
102.620000,-9.4323
102.625000,-24.2808
102.630000,-20.4270
102.635000,1.3186
102.640000,-13.1340
102.645000,-13.4871
102.650000,-4.6871
102.655000,8.9582
102.660000,-6.2900
102.665000,7.9917
102.670000,29.5924
102.675000,3.9068
102.680000,2.5698
102.685000,8.4386
102.690000,-4.2058
102.695000,-13.8618
102.700000,-2.7768
102.705000,7.0791
102.710000,4.3338
102.715000,10.2147
102.720000,31.0305
102.725000,19.7042
102.730000,14.8085
102.735000,24.5543
102.740000,31.6022
102.745000,20.6004
102.750000,32.0316
102.755000,47.2725
102.760000,32.7364
102.765000,43.7345
102.770000,51.2569
102.775000,32.7778
102.780000,23.2790
102.785000,49.0331
102.790000,32.0871
102.795000,22.0829
102.800000,40.0264
102.805000,38.7633
102.810000,13.8809
102.815000,23.6198
102.820000,42.6534
102.825000,18.0215
102.830000,22.8509
102.835000,47.7569
102.840000,39.8406
102.845000,36.4949
102.850000,37.9844
102.855000,41.4039
102.860000,24.4035
102.865000,49.6827
102.870000,61.1658
102.875000,41.9368
102.880000,33.3769
102.885000,56.9226
102.890000,47.9912
102.895000,27.3330
102.900000,37.9010
102.905000,38.2245
102.910000,23.7455
102.915000,28.6957
102.920000,42.9631
102.925000,32.4096
102.930000,30.2791
102.935000,39.2168
102.940000,42.1261
102.945000,32.6552
102.950000,48.9066
102.955000,45.3448
102.960000,26.7990
102.965000,39.8175
102.970000,45.0611
102.975000,37.0259
102.980000,24.6104
102.985000,29.3907
102.990000,21.1191
102.995000,19.5901
103.000000,17.6426
103.005000,21.5940
103.010000,0.8367
103.015000,-0.6464
103.020000,2.8969
103.025000,-8.1022
103.030000,-11.5604
103.035000,13.6226
103.040000,10.2094
103.045000,-11.2407
103.050000,3.0422
103.055000,10.6408
103.060000,-7.1570
103.065000,10.8113
103.070000,21.7331
103.075000,-4.5950
103.080000,-5.6956
103.085000,14.1354
103.090000,-2.1470
103.095000,-21.8425
103.100000,3.1183
103.105000,-8.2712
103.110000,-17.4514
103.115000,-17.1525
103.120000,-6.0902
103.125000,-12.0395
103.130000,-18.6831
103.135000,-5.4347
103.140000,-3.9356
103.145000,-16.3184
103.150000,-3.2690
103.155000,2.9884
103.160000,-21.2914
103.165000,-6.6698
103.170000,-7.8760
103.175000,-20.5557
103.180000,-24.3783
103.185000,-26.2430
103.190000,-11.7352
103.195000,-36.2434
103.200000,-21.9983
103.205000,-27.9135
103.210000,-36.6843
103.215000,-32.2859
103.220000,-26.2452
103.225000,-31.9819
103.230000,-43.6974
103.235000,-16.4784
103.240000,-22.0232
103.245000,-30.2731
103.250000,-10.5658
103.255000,-3.0677
103.260000,-15.8088
103.265000,-13.5684
103.270000,-5.7354
103.275000,-21.4957
103.280000,-14.5554
103.285000,-7.5734
103.290000,-4.8050
103.295000,-12.3071
103.300000,-12.2072
103.305000,-2.6283
103.310000,-15.6726
103.315000,-6.2257
103.320000,-1.7292
103.325000,-14.0388
103.330000,-14.5899
103.335000,9.8981
103.340000,5.1429
103.345000,2.9231
103.350000,16.9535
103.355000,25.5279
103.360000,-1.3429
103.365000,12.6201
103.370000,29.4772
103.375000,12.9980
103.380000,4.1648
103.385000,18.8591
103.390000,13.1473
103.395000,6.9627
103.400000,27.0354
103.405000,29.2136
103.410000,19.4706
103.415000,25.1758
103.420000,31.0244
103.425000,23.9740
103.430000,20.9789
103.435000,39.5531
103.440000,28.9362
103.445000,27.4818
103.450000,48.7479
103.455000,48.5843
103.460000,42.5430
103.465000,40.3763
103.470000,49.5574
103.475000,27.6434
103.480000,31.3403
103.485000,55.6224
103.490000,39.8143
103.495000,26.7866
103.500000,36.8407
103.505000,34.7184
103.510000,24.8402
103.515000,39.6411
103.520000,51.7769
103.525000,34.2178
103.530000,29.4953
103.535000,55.7925
103.540000,47.0656
103.545000,33.4304
103.550000,48.9056
103.555000,47.7082
103.560000,31.9048
103.565000,40.7259
103.570000,49.2546
103.575000,37.6125
103.580000,35.5054
103.585000,50.7251
103.590000,42.7529
103.595000,24.9978
103.600000,31.0439
103.605000,25.9716
103.610000,9.9022
103.615000,13.0236
103.620000,20.6260
103.625000,6.3847
103.630000,8.8557
103.635000,22.9484
103.640000,13.7582
103.645000,1.2952
103.650000,21.4861
103.655000,23.6759
103.660000,6.5197
103.665000,13.1209
103.670000,13.1414
103.675000,4.0392
103.680000,0.6362
103.685000,14.9938
103.690000,6.2992
103.695000,-17.4264
103.700000,2.1236
103.705000,0.4523
103.710000,-20.6033
103.715000,-16.3755
103.720000,-4.4554
103.725000,-16.7299
103.730000,-17.8632
103.735000,-4.4196
103.740000,-11.7373
103.745000,-19.3754
103.750000,-1.3741
103.755000,-8.3748
103.760000,-20.2276
103.765000,-18.5843
103.770000,-0.9516
103.775000,-30.5148
103.780000,-30.8430
103.785000,-4.8402
103.790000,-16.9827
103.795000,-43.2482
103.800000,-21.8944
103.805000,-22.6090
103.810000,-37.7684
103.815000,-36.4537
103.820000,-35.1736
103.825000,-41.7572
103.830000,-46.1452
103.835000,-31.6064
103.840000,-48.8558
103.845000,-46.1424
103.850000,-30.5038
103.855000,-32.1866
103.860000,-39.0244
103.865000,-44.7544
103.870000,-22.0942
103.875000,-33.8846
103.880000,-36.1546
103.885000,-13.6609
103.890000,-28.4740
103.895000,-37.4974
103.900000,-32.7354
103.905000,-38.8930
103.910000,-42.5331
103.915000,-44.8510
103.920000,-34.6143
103.925000,-34.5856
103.930000,-45.0564
103.935000,-15.6312
103.940000,-22.6160
103.945000,-34.4190
103.950000,-26.5339
103.955000,-12.7811
103.960000,-26.2584
103.965000,-29.1275
103.970000,-0.3844
103.975000,-14.0583
103.980000,-21.2809
103.985000,-4.3222
103.990000,-18.0713
103.995000,-18.7122
104.000000,2.5798
104.005000,-3.0265
104.010000,-10.3604
104.015000,-4.7438
104.020000,7.6864
104.025000,0.1629
104.030000,-11.3936
104.035000,4.0997
104.040000,9.9005
104.045000,-4.7165
104.050000,13.1196
104.055000,23.6511
104.060000,20.5141
104.065000,23.7107
104.070000,22.9289
104.075000,18.2028
104.080000,21.0851
104.085000,39.3770
104.090000,18.7268
104.095000,13.2584
104.100000,13.0216
104.105000,21.0987
104.110000,0.4899
104.115000,25.6648
104.120000,40.2722
104.125000,21.3631
104.130000,20.7055
104.135000,52.2563
104.140000,60.7180
104.145000,39.2942
104.150000,45.3723
104.155000,56.2285
104.160000,34.9793
104.165000,42.6969
104.170000,53.9553
104.175000,34.7881
104.180000,40.7711
104.185000,42.2049
104.190000,26.3220
104.195000,19.5791
104.200000,32.2697
104.205000,35.2802
104.210000,27.5671
104.215000,28.1447
104.220000,34.4216
104.225000,19.9695
104.230000,17.5739
104.235000,39.1130
104.240000,24.0311
104.245000,12.6273
104.250000,34.8631
104.255000,35.0462
104.260000,25.0967
104.265000,25.8785
104.270000,19.0459
104.275000,14.9488
104.280000,11.3720
104.285000,17.1692
104.290000,13.6953
104.295000,-3.5607
104.300000,-1.4696
104.305000,-5.2979
104.310000,-20.7900
104.315000,-23.3514
104.320000,-6.8513
104.325000,-11.1768
104.330000,-20.3557
104.335000,-5.1725
104.340000,-8.0359
104.345000,-11.9815
104.350000,-1.6297
104.355000,2.7259
104.360000,-12.4174
104.365000,-18.4221
104.370000,-13.6051
104.375000,-17.9105
104.380000,-22.3303
104.385000,-22.1232
104.390000,-32.9862
104.395000,-38.1109
104.400000,-36.9139
104.405000,-31.0661
104.410000,-34.2228
104.415000,-44.0757
104.420000,-28.0815
104.425000,-38.6911
104.430000,-41.4304
104.435000,-28.1493
104.440000,-27.5822
104.445000,-38.5860
104.450000,-29.4957
104.455000,-11.7959
104.460000,-30.3413
104.465000,-24.3835
104.470000,-18.0284
104.475000,-37.8217
104.480000,-43.4647
104.485000,-29.3525
104.490000,-37.1065
104.495000,-50.2367
104.500000,-44.1554
104.505000,-44.7441
104.510000,-67.9093
104.515000,-59.1217
104.520000,-53.4794
104.525000,-63.8892
104.530000,-60.6782
104.535000,-42.5984
104.540000,-37.6997
104.545000,-49.9616
104.550000,-48.6000
104.555000,-34.8526
104.560000,-54.2653
104.565000,-39.0531
104.570000,-18.5965
104.575000,-35.7624
104.580000,-44.1549
104.585000,-20.3642
104.590000,-36.2686
104.595000,-57.7009
104.600000,-39.3857
104.605000,-45.7005
104.610000,-58.6642
104.615000,-48.9233
104.620000,-47.9562
104.625000,-48.8440
104.630000,-56.1040
104.635000,-35.6772
104.640000,-28.8064
104.645000,-41.0460
104.650000,-11.9722
104.655000,-7.5515
104.660000,-12.2429
104.665000,-3.5782
104.670000,9.5511
104.675000,-4.2016
104.680000,-11.1997
104.685000,-3.0404
104.690000,-6.5749
104.695000,-14.6319
104.700000,-11.8854
104.705000,-7.8050
104.710000,-18.2284
104.715000,-16.8060
104.720000,-5.3310
104.725000,-4.8968
104.730000,-3.6611
104.735000,18.9083
104.740000,22.0392
104.745000,14.4400
104.750000,24.6311
104.755000,44.4624
104.760000,30.1445
104.765000,31.2497
104.770000,40.8906
104.775000,30.3901
104.780000,29.5629
104.785000,42.2244
104.790000,26.2986
104.795000,12.9698
104.800000,30.5516
104.805000,34.1107
104.810000,14.5290
104.815000,16.7380
104.820000,25.6040
104.825000,25.6249
104.830000,24.4948
104.835000,40.5212
104.840000,46.1893
104.845000,30.5984
104.850000,54.6555
104.855000,54.0828
104.860000,38.4792
104.865000,46.9170
104.870000,50.2367
104.875000,50.9820
104.880000,33.9394
104.885000,53.7238
104.890000,43.7840
104.895000,26.2725
104.900000,25.8016
104.905000,33.1205
104.910000,15.1395
104.915000,14.5350
104.920000,26.2371
104.925000,18.3805
104.930000,15.7592
104.935000,29.9483
104.940000,28.1288
104.945000,22.1711
104.950000,25.0369
104.955000,40.9982
104.960000,22.0906
104.965000,26.8581
104.970000,37.2971
104.975000,7.2754
104.980000,11.4536
104.985000,19.7207
104.990000,11.1243
104.995000,-13.3519
105.000000,-8.1119
105.005000,1.1768
105.010000,-23.3322
105.015000,-28.1606
105.020000,-8.2541
105.025000,-14.9039
105.030000,-12.3455
105.035000,-0.5228
105.040000,-10.4469
105.045000,-21.1869
105.050000,3.8392
105.055000,3.9917
105.060000,-11.2642
105.065000,-12.7708
105.070000,-0.7259
105.075000,-12.7297
105.080000,-14.5857
105.085000,-21.3510
105.090000,-31.7344
105.095000,-36.8706
105.100000,-27.4853
105.105000,-26.3632
105.110000,-49.0703
105.115000,-44.3418
105.120000,-36.7414
105.125000,-48.4601
105.130000,-51.8088
105.135000,-38.8555
105.140000,-39.9273
105.145000,-45.0136
105.150000,-31.3370
105.155000,-20.7756
105.160000,-33.6620
105.165000,-28.0839
105.170000,-10.3594
105.175000,-27.3088
105.180000,-30.7439
105.185000,-23.7590
105.190000,-31.9112
105.195000,-48.3866
105.200000,-44.0756
105.205000,-41.3645
105.210000,-51.9292
105.215000,-49.1699
105.220000,-43.5620
105.225000,-44.9425
105.230000,-48.9314
105.235000,-27.5030
105.240000,-12.9414
105.245000,-21.6493
105.250000,-8.8772
105.255000,-12.7742
105.260000,-16.7723
105.265000,-14.7656
105.270000,-6.7102
105.275000,-16.8364
105.280000,-24.6708
105.285000,-7.2408
105.290000,-7.5426
105.295000,-30.6934
105.300000,-13.3636
105.305000,-17.8923
105.310000,-36.8575
105.315000,-20.7047
105.320000,-8.4146
105.325000,-20.9765
105.330000,-21.5600
105.335000,-1.3924
105.340000,9.1176
105.345000,-7.0717
105.350000,9.0040
105.355000,31.0192
105.360000,14.3984
105.365000,18.7982
105.370000,38.5750
105.375000,32.3080
105.380000,23.5707
105.385000,29.0259
105.390000,29.5118
105.395000,13.2089
105.400000,15.2466
105.405000,17.0530
105.410000,-3.3635
105.415000,3.8484
105.420000,12.5848
105.425000,-0.3722
105.430000,-5.3989
105.435000,10.7773
105.440000,10.4278
105.445000,8.4127
105.450000,30.3844
105.455000,35.5814
105.460000,32.1421
105.465000,32.3940
105.470000,43.7754
105.475000,22.2310
105.480000,24.9611
105.485000,31.7773
105.490000,16.6124
105.495000,6.4215
105.500000,8.6696
105.505000,10.6048
105.510000,5.0476
105.515000,4.5937
105.520000,4.4238
105.525000,7.5031
105.530000,4.1352
105.535000,22.6392
105.540000,15.1299
105.545000,12.7486
105.550000,24.9235
105.555000,37.9102
105.560000,32.3101
105.565000,36.6348
105.570000,38.5951
105.575000,17.1052
105.580000,15.4607
105.585000,32.0554
105.590000,12.9631
105.595000,-5.1381
105.600000,2.5561
105.605000,12.6504
105.610000,-6.0095
105.615000,2.2493
105.620000,6.3804
105.625000,-3.8654
105.630000,-8.9427
105.635000,5.4754
105.640000,14.0600
105.645000,9.0484
105.650000,14.9624
105.655000,27.2379
105.660000,13.3373
105.665000,8.5053
105.670000,15.0555
105.675000,-0.7560
105.680000,-6.9444
105.685000,-1.3824
105.690000,-7.6688
105.695000,-23.8532
105.700000,-18.5827
105.705000,-20.3565
105.710000,-46.9691
105.715000,-34.8912
105.720000,-18.3181
105.725000,-28.4895
105.730000,-33.7224
105.735000,-24.0894
105.740000,-32.0182
105.745000,-34.5959
105.750000,-21.3618
105.755000,-14.0009
105.760000,-24.2818
105.765000,-20.4121
105.770000,-12.6666
105.775000,-31.6799
105.780000,-31.5758
105.785000,-29.2456
105.790000,-38.1323
105.795000,-59.1714
105.800000,-53.7846
105.805000,-55.4511
105.810000,-71.6417
105.815000,-66.4207
105.820000,-60.4493
105.825000,-67.2735
105.830000,-65.3180
105.835000,-45.3964
105.840000,-42.2641
105.845000,-45.7861
105.850000,-35.8606
105.855000,-23.5392
105.860000,-32.0541
105.865000,-21.6215
105.870000,-8.4427
105.875000,-31.6778
105.880000,-37.5286
105.885000,-18.7152
105.890000,-33.3496
105.895000,-47.1573
105.900000,-36.0441
105.905000,-34.5881
105.910000,-55.5109
105.915000,-54.9973
105.920000,-47.3736
105.925000,-51.2294
105.930000,-51.6515
105.935000,-35.7151
105.940000,-32.2272
105.945000,-51.1463
105.950000,-27.1934
105.955000,-18.7393
105.960000,-33.1136
105.965000,-21.2734
105.970000,-20.8324
105.975000,-21.0431
105.980000,-16.5594
105.985000,-12.3354
105.990000,-25.1107
105.995000,-44.0479
106.000000,-34.3959
106.005000,-20.8369
106.010000,-33.4714
106.015000,-30.3559
106.020000,-10.2735
106.025000,-22.0813
106.030000,-14.4716
106.035000,7.1838
106.040000,3.7763
106.045000,-0.9352
106.050000,6.1099
106.055000,13.7733
106.060000,19.7036
106.065000,16.5852
106.070000,31.3753
106.075000,17.7657
106.080000,6.2731
106.085000,24.4267
106.090000,9.5766
106.095000,-8.3265
106.100000,4.6323
106.105000,4.1069
106.110000,-10.8118
106.115000,3.9797
106.120000,31.1265
106.125000,17.2879
106.130000,8.3427
106.135000,43.3740
106.140000,39.7833
106.145000,29.3745
106.150000,46.7545
106.155000,51.9726
106.160000,52.3569
106.165000,55.8569
106.170000,58.8049
106.175000,45.8400
106.180000,39.3896
106.185000,47.5614
106.190000,33.3244
106.195000,17.6477
106.200000,37.2373
106.205000,34.2852
106.210000,19.5692
106.215000,16.0767
106.220000,46.9987
106.225000,26.7799
106.230000,16.0169
106.235000,40.3132
106.240000,38.0286
106.245000,30.0835
106.250000,41.4908
106.255000,55.5488
106.260000,33.0337
106.265000,37.2767
106.270000,44.9209
106.275000,22.6762
106.280000,19.7163
106.285000,28.2253
106.290000,27.9089
106.295000,6.1679
106.300000,18.7275
106.305000,26.1825
106.310000,-1.0998
106.315000,1.6559
106.320000,5.0394
106.325000,4.5670
106.330000,6.7594
106.335000,24.2334
106.340000,24.8018
106.345000,14.9560
106.350000,26.5143
106.355000,33.9725
106.360000,23.1996
106.365000,25.4212
106.370000,25.1798
106.375000,13.6110
106.380000,-1.6600
106.385000,21.8242
106.390000,12.0565
106.395000,-8.4398
106.400000,-8.2960
106.405000,-3.6748
106.410000,-20.5598
106.415000,-16.8958
106.420000,-0.0592
106.425000,-12.3276
106.430000,-25.4329
106.435000,-14.2566
106.440000,-9.0054
106.445000,-23.3148
106.450000,-2.2670
106.455000,-3.0205
106.460000,-12.1718
106.465000,-10.5898
106.470000,-6.5553
106.475000,-14.5266
106.480000,-21.0276
106.485000,-18.4911
106.490000,-17.5240
106.495000,-34.6806
106.500000,-16.9699
106.505000,-26.1657
106.510000,-45.0207
106.515000,-32.7894
106.520000,-12.8606
106.525000,-30.2697
106.530000,-34.1581
106.535000,-16.8769
106.540000,-20.4636
106.545000,-28.0414
106.550000,-21.4365
106.555000,-2.3101
106.560000,-17.8584
106.565000,-14.7978
106.570000,0.0374
106.575000,-18.9078
106.580000,-11.1681
106.585000,-8.7511
106.590000,-14.3772
106.595000,-29.9460
106.600000,-13.6237
106.605000,-14.0643
106.610000,-34.2284
106.615000,-16.9131
106.620000,-18.1206
106.625000,-26.4469
106.630000,-20.8888
106.635000,-5.5258
106.640000,-8.1916
106.645000,-15.0702
106.650000,-1.0123
106.655000,9.8279
106.660000,-5.2685
106.665000,12.1141
106.670000,25.3597
106.675000,7.7188
106.680000,1.6949
106.685000,13.3224
106.690000,5.5266
106.695000,-11.2608
106.700000,-1.0776
106.705000,17.0271
106.710000,5.9855
106.715000,6.7355
106.720000,38.2611
106.725000,19.6930
106.730000,14.7266
106.735000,24.8772
106.740000,19.7181
106.745000,15.0149
106.750000,28.3991
106.755000,46.9199
106.760000,28.2958
106.765000,37.3765
106.770000,48.0404
106.775000,28.7765
106.780000,25.3649
106.785000,38.1246
106.790000,26.4722
106.795000,16.7269
106.800000,29.5292
106.805000,27.0929
106.810000,20.9454
106.815000,16.0673
106.820000,33.5033
106.825000,17.2526
106.830000,10.5092
106.835000,40.5553
106.840000,41.4409
106.845000,29.0856
106.850000,37.1472
106.855000,40.1265
106.860000,29.3248
106.865000,41.5325
106.870000,43.3207
106.875000,34.4247
106.880000,44.0806
106.885000,46.1475
106.890000,44.1297
106.895000,20.9617
106.900000,29.1549
106.905000,32.1831
106.910000,20.9291
106.915000,22.0892
106.920000,41.9207
106.925000,22.5473
106.930000,21.7573
106.935000,30.3007
106.940000,41.1968
106.945000,24.0243
106.950000,38.8475
106.955000,34.5380
106.960000,26.2870
106.965000,32.2467
106.970000,53.0198
106.975000,29.1461
106.980000,14.4419
106.985000,31.7514
106.990000,22.8858
106.995000,2.6266
107.000000,18.7692
107.005000,20.0562
107.010000,-2.9812
107.015000,4.1251
107.020000,11.8760
107.025000,1.6060
107.030000,-6.9281
107.035000,12.1996
107.040000,5.2710
107.045000,0.5225
107.050000,11.3324
107.055000,21.1064
107.060000,0.1500
107.065000,9.5208
107.070000,23.6816
107.075000,4.0899
107.080000,-8.6328
107.085000,9.6208
107.090000,1.0794
107.095000,-10.7588
107.100000,-5.1463
107.105000,8.1517
107.110000,-12.6999
107.115000,-6.8836
107.120000,2.1232
107.125000,-1.0616
107.130000,-12.7590
107.135000,8.4019
107.140000,12.9635
107.145000,-0.5544
107.150000,17.7287
107.155000,15.8717
107.160000,-2.8860
107.165000,5.3041
107.170000,10.1646
107.175000,4.2245
107.180000,-10.0605
107.185000,-6.1319
107.190000,-10.9910
107.195000,-19.4144
107.200000,-13.4833
107.205000,-12.1794
107.210000,-33.2186
107.215000,-18.8292
107.220000,-19.2436
107.225000,-19.6539
107.230000,-20.0432
107.235000,-7.7402
107.240000,-13.7413
107.245000,-25.8344
107.250000,6.2580
107.255000,7.6068
107.260000,-13.4407
107.265000,-0.5050
107.270000,9.1520
107.275000,-2.6956
107.280000,-1.7209
107.285000,5.5035
107.290000,5.2919
107.295000,-17.8957
107.300000,2.3964
107.305000,8.3003
107.310000,-6.0876
107.315000,-2.9049
107.320000,-0.9622
107.325000,-11.0434
107.330000,-12.9422
107.335000,12.6616
107.340000,16.0536
107.345000,7.0323
107.350000,17.0348
107.355000,18.0297
107.360000,0.3137
107.365000,9.5874
107.370000,21.7082
107.375000,12.0495
107.380000,1.8393
107.385000,10.9021
107.390000,15.3393
107.395000,-3.6246
107.400000,13.0494
107.405000,25.9091
107.410000,9.3668
107.415000,8.7827
107.420000,14.3529
107.425000,4.1247
107.430000,6.6334
107.435000,28.1321
107.440000,19.5777
107.445000,20.8774
107.450000,39.8049
107.455000,27.1702
107.460000,13.6286
107.465000,15.4607
107.470000,37.0295
107.475000,14.5273
107.480000,11.7394
107.485000,34.2660
107.490000,25.7084
107.495000,8.1037
107.500000,24.7696
107.505000,19.4532
107.510000,0.9673
107.515000,15.8672
107.520000,37.8059
107.525000,12.3717
107.530000,18.2429
107.535000,31.2895
107.540000,25.8323
107.545000,25.4496
107.550000,25.8618
107.555000,27.8775
107.560000,20.6102
107.565000,17.0980
107.570000,34.5677
107.575000,24.8408
107.580000,24.1411
107.585000,34.6468
107.590000,30.9919
107.595000,10.1936
107.600000,9.3861
107.605000,14.5645
107.610000,-5.7066
107.615000,1.8844
107.620000,4.3426
107.625000,-1.2770
107.630000,-9.1088
107.635000,12.0902
107.640000,0.5474
107.645000,2.5913
107.650000,18.8021
107.655000,19.2877
107.660000,-0.2843
107.665000,13.6884
107.670000,9.4470
107.675000,6.3644
107.680000,-1.1831
107.685000,10.6204
107.690000,3.7904
107.695000,-14.9512
107.700000,2.4761
107.705000,2.0137
107.710000,-14.7934
107.715000,1.2591
107.720000,7.2464
107.725000,-9.5664
107.730000,-13.0854
107.735000,2.5113
107.740000,-2.9263
107.745000,-8.7692
107.750000,14.4609
107.755000,4.4353
107.760000,-8.8651
107.765000,-9.8643
107.770000,12.5779
107.775000,-12.0423
107.780000,-5.6722
107.785000,11.1741
107.790000,-9.4158
107.795000,-19.0887
107.800000,-13.2132
107.805000,-4.9820
107.810000,-21.8678
107.815000,-17.4750
107.820000,-5.4159
107.825000,-22.1336
107.830000,-15.6567
107.835000,-6.5633
107.840000,-20.8279
107.845000,-32.8547
107.850000,-6.9594
107.855000,-4.0981
107.860000,-24.1555
107.865000,-13.9857
107.870000,-2.2868
107.875000,-14.8952
107.880000,-17.3714
107.885000,-4.2728
107.890000,-10.7149
107.895000,-23.2599
107.900000,-9.2810
107.905000,-7.6397
107.910000,-36.7745
107.915000,-24.5631
107.920000,-12.7353
107.925000,-25.6541
107.930000,-32.7057
107.935000,-2.4715
107.940000,-7.8369
107.945000,-20.2481
107.950000,-6.9156
107.955000,0.6112
107.960000,-20.5093
107.965000,-13.1289
107.970000,-1.2163
107.975000,-9.1062
107.980000,-14.3998
107.985000,2.1269
107.990000,-7.6579
107.995000,-25.8612
108.000000,-4.1591
108.005000,4.1902
108.010000,-9.9761
108.015000,-7.8737
108.020000,-1.8961
108.025000,-5.3729
108.030000,-9.8007
108.035000,-1.7998
108.040000,4.4047
108.045000,-3.9986
108.050000,9.3275
108.055000,18.5115
108.060000,5.0995
108.065000,12.6992
108.070000,17.9697
108.075000,6.8944
108.080000,7.3087
108.085000,23.8005
108.090000,17.1834
108.095000,-9.3139
108.100000,-2.1226
108.105000,6.9649
108.110000,-11.8540
108.115000,6.7681
108.120000,19.8483
108.125000,-2.2813
108.130000,-1.8518
108.135000,25.6758
108.140000,26.8521
108.145000,8.9903
108.150000,30.2564
108.155000,32.5092
108.160000,14.9020
108.165000,23.7488
108.170000,28.0333
108.175000,16.1532
108.180000,13.8182
108.185000,17.8928
108.190000,12.7970
108.195000,-4.4033
108.200000,9.3549
108.205000,17.7089
108.210000,6.6564
108.215000,7.0698
108.220000,13.4396
108.225000,1.9679
108.230000,-3.2048
108.235000,19.9369
108.240000,6.1999
108.245000,-2.7331
108.250000,21.3470
108.255000,21.5665
108.260000,0.7798
108.265000,5.7284
108.270000,14.3948
108.275000,-0.3243
108.280000,-3.4578
108.285000,2.2941
108.290000,-2.8347
108.295000,-17.3329
108.300000,-7.5192
108.305000,-9.8224
108.310000,-20.1764
108.315000,-18.7939
108.320000,-11.1206
108.325000,-20.6632
108.330000,-31.0710
108.335000,-5.9957
108.340000,-2.9498
108.345000,-9.4585
108.350000,-3.1506
108.355000,2.5730
108.360000,-21.0863
108.365000,-13.0999
108.370000,-0.2741
108.375000,-12.4038
108.380000,-18.2690
108.385000,-12.7548
108.390000,-17.8358
108.395000,-32.3258
108.400000,-23.6170
108.405000,-15.2986
108.410000,-31.3910
108.415000,-28.0309
108.420000,-15.8899
108.425000,-21.6361
108.430000,-25.4893
108.435000,-1.4121
108.440000,-11.9928
108.445000,-21.5221
108.450000,-7.3543
108.455000,-2.2766
108.460000,-20.7655
108.465000,-13.6179
108.470000,-0.8766
108.475000,-21.2718
108.480000,-19.5258
108.485000,-9.1190
108.490000,-16.6915
108.495000,-32.7608
108.500000,-29.0930
108.505000,-15.6541
108.510000,-40.9276
108.515000,-38.3856
108.520000,-25.8059
108.525000,-38.3018
108.530000,-41.8551
108.535000,-18.4121
108.540000,-28.0637
108.545000,-35.7695
108.550000,-23.6121
108.555000,-18.2776
108.560000,-29.9082
108.565000,-22.6105
108.570000,-4.4990
108.575000,-30.0247
108.580000,-29.3466
108.585000,-11.2108
108.590000,-28.8012
108.595000,-42.0802
108.600000,-26.0478
108.605000,-26.8918
108.610000,-42.0427
108.615000,-40.2035
108.620000,-29.1697
108.625000,-44.2185
108.630000,-46.2392
108.635000,-22.0781
108.640000,-26.8829
108.645000,-34.7643
108.650000,-5.1981
108.655000,-6.1369
108.660000,-13.2218
108.665000,-6.7477
108.670000,13.6938
108.675000,-16.2213
108.680000,-13.3980
108.685000,-3.5666
108.690000,-6.8825
108.695000,-14.0844
108.700000,-4.9287
108.705000,-9.7239
108.710000,-21.8097
108.715000,-14.0567
108.720000,-1.0274
108.725000,-5.4727
108.730000,-6.1150
108.735000,21.9292
108.740000,13.8306
108.745000,2.7697
108.750000,18.1806
108.755000,30.0518
108.760000,13.6449
108.765000,12.6181
108.770000,25.2191
108.775000,21.2417
108.780000,17.1850
108.785000,23.1272
108.790000,21.9249
108.795000,9.1729
108.800000,19.8583
108.805000,25.3358
108.810000,-5.8976
108.815000,0.9469
108.820000,10.3874
108.825000,9.7662
108.830000,6.6406
108.835000,31.8999
108.840000,24.9127
108.845000,20.2035
108.850000,43.4832
108.855000,38.4471
108.860000,28.6104
108.865000,28.0593
108.870000,35.7036
108.875000,27.2294
108.880000,17.9001
108.885000,37.0184
108.890000,14.3218
108.895000,5.8113
108.900000,16.3532
108.905000,18.0566
108.910000,10.3987
108.915000,7.8521
108.920000,17.5743
108.925000,-5.1531
108.930000,10.9701
108.935000,23.4979
108.940000,24.5451
108.945000,10.7949
108.950000,26.5140
108.955000,26.1940
108.960000,9.2078
108.965000,21.8600
108.970000,27.4821
108.975000,-1.1948
108.980000,-2.1528
108.985000,12.3713
108.990000,8.1052
108.995000,-21.0448
109.000000,1.5565
109.005000,2.9729
109.010000,-22.5637
109.015000,-20.5184
109.020000,-9.3154
109.025000,-20.7055
109.030000,-14.8142
109.035000,-1.5991
109.040000,-8.7422
109.045000,-10.6195
109.050000,10.9018
109.055000,5.5377
109.060000,-4.1300
109.065000,-8.9478
109.070000,3.9408
109.075000,-7.4107
109.080000,-13.8747
109.085000,-7.7678
109.090000,-14.8225
109.095000,-26.2379
109.100000,-16.3354
109.105000,-18.5567
109.110000,-42.1926
109.115000,-34.6315
109.120000,-19.0696
109.125000,-40.1131
109.130000,-36.4148
109.135000,-19.6464
109.140000,-23.6066
109.145000,-27.8078
109.150000,-19.5582
109.155000,-8.5687
109.160000,-14.6813
109.165000,-8.7963
109.170000,-3.8182
109.175000,-14.5955
109.180000,-18.3773
109.185000,-13.3959
109.190000,-21.4657
109.195000,-42.3064
109.200000,-22.9614
109.205000,-23.0590
109.210000,-42.0813
109.215000,-40.9277
109.220000,-26.9207
109.225000,-40.4600
109.230000,-37.7778
109.235000,-20.6334
109.240000,-12.2805
109.245000,-9.8492
109.250000,-0.9065
109.255000,-1.7431
109.260000,-25.7992
109.265000,0.7513
109.270000,5.1285
109.275000,-11.9000
109.280000,-12.1835
109.285000,-2.6117
109.290000,-3.6569
109.295000,-17.6254
109.300000,-12.2461
109.305000,-10.3536
109.310000,-26.8409
109.315000,-12.9892
109.320000,-2.5204
109.325000,-17.7778
109.330000,-12.4912
109.335000,6.2444
109.340000,4.3027
109.345000,-5.4288
109.350000,11.1248
109.355000,24.0204
109.360000,11.4235
109.365000,21.2024
109.370000,37.5517
109.375000,24.8484
109.380000,19.0037
109.385000,23.8638
109.390000,22.7826
109.395000,4.4816
109.400000,13.1540
109.405000,14.9305
109.410000,-8.3974
109.415000,-12.0937
109.420000,2.5493
109.425000,-2.1311
109.430000,-15.8287
109.435000,3.6933
109.440000,9.1561
109.445000,-1.7299
109.450000,24.0792
109.455000,31.8435
109.460000,27.1205
109.465000,29.4734
109.470000,35.1332
109.475000,22.0088
109.480000,27.4153
109.485000,23.7209
109.490000,12.0455
109.495000,0.6649
109.500000,13.5023
109.505000,7.1929
109.510000,2.4594
109.515000,0.1313
109.520000,8.2419
109.525000,-1.9879
109.530000,-9.1431
109.535000,13.7800
109.540000,6.7201
109.545000,10.2725
109.550000,26.7566
109.555000,32.6477
109.560000,25.6017
109.565000,26.3882
109.570000,35.8752
109.575000,12.8190
109.580000,15.1205
109.585000,21.9964
109.590000,9.8099
109.595000,-8.2569
109.600000,-6.7274
109.605000,4.9831
109.610000,-10.0666
109.615000,-0.2027
109.620000,2.7531
109.625000,-11.5808
109.630000,2.7648
109.635000,6.4396
109.640000,11.4351
109.645000,-1.8102
109.650000,12.4773
109.655000,26.8132
109.660000,6.4075
109.665000,4.0581
109.670000,10.3926
109.675000,-0.8456
109.680000,-2.5112
109.685000,-1.3031
109.690000,-0.9677
109.695000,-25.0871
109.700000,-23.3688
109.705000,-28.2217
109.710000,-47.1167
109.715000,-40.1036
109.720000,-24.6677
109.725000,-30.1491
109.730000,-40.1897
109.735000,-24.8711
109.740000,-36.2333
109.745000,-31.1987
109.750000,-17.0311
109.755000,-10.7902
109.760000,-24.3232
109.765000,-20.4177
109.770000,-15.4199
109.775000,-35.7157
109.780000,-37.5587
109.785000,-41.9954
109.790000,-42.1757
109.795000,-57.0757
109.800000,-56.3700
109.805000,-47.5695
109.810000,-67.8048
109.815000,-65.6844
109.820000,-57.7624
109.825000,-70.4985
109.830000,-59.3143
109.835000,-49.2407
109.840000,-49.4918
109.845000,-52.9558
109.850000,-30.8415
109.855000,-33.0580
109.860000,-36.4531
109.865000,-27.9812
109.870000,2.2758
109.875000,-32.2373
109.880000,-36.3090
109.885000,-23.4612
109.890000,-32.1144
109.895000,-51.7441
109.900000,-32.0653
109.905000,-38.5508
109.910000,-65.1893
109.915000,-58.5952
109.920000,-44.4381
109.925000,-52.3674
109.930000,-52.1208
109.935000,-36.3015
109.940000,-36.2279
109.945000,-48.5813
109.950000,-22.1420
109.955000,-20.5917
109.960000,-23.9575
109.965000,-25.8540
109.970000,-14.3596
109.975000,-25.7693
109.980000,-30.3649
109.985000,-10.6808
109.990000,-27.4312
109.995000,-41.6816
110.000000,-40.3948
110.005000,-23.4027
110.010000,-39.5531
110.015000,-27.9382
110.020000,-10.8554
110.025000,-17.9507
110.030000,-15.2180
110.035000,12.7827
110.040000,4.8453
110.045000,0.9132
110.050000,18.2809
110.055000,17.7643
110.060000,13.7340
110.065000,22.7891
110.070000,35.3985
110.075000,21.7912
110.080000,16.2692
110.085000,22.9528
110.090000,15.4898
110.095000,5.2783
110.100000,11.1568
110.105000,11.3518
110.110000,2.1606
110.115000,11.3148
110.120000,33.9712
110.125000,17.3564
110.130000,20.9254
110.135000,45.7261
110.140000,47.1123
110.145000,34.7409
110.150000,55.7271
110.155000,59.3254
110.160000,57.2091
110.165000,51.9000
110.170000,68.8449
110.175000,61.0059
110.180000,52.7075
110.185000,55.4911
110.190000,36.8483
110.195000,31.0639
110.200000,45.0982
110.205000,45.4850
110.210000,27.8489
110.215000,28.7585
110.220000,48.9748
110.225000,35.2582
110.230000,25.5407
110.235000,39.0351
110.240000,42.1572
110.245000,38.5787
110.250000,51.0702
110.255000,67.1765
110.260000,48.2733
110.265000,35.3959
110.270000,55.8609
110.275000,32.0654
110.280000,33.6437
110.285000,36.3260
110.290000,29.3470
110.295000,16.8302
110.300000,28.0175
110.305000,24.0923
110.310000,5.9074
110.315000,-2.1260
110.320000,4.3961
110.325000,16.7429
110.330000,9.3627
110.335000,21.3617
110.340000,20.4409
110.345000,17.0207
110.350000,30.8052
110.355000,40.4825
110.360000,27.7588
110.365000,21.2085
110.370000,33.2621
110.375000,10.5275
110.380000,-0.5398
110.385000,7.1778
110.390000,1.0924
110.395000,-16.5463
110.400000,-10.1651
110.405000,-8.5331
110.410000,-30.8832
110.415000,-27.1339
110.420000,-17.2226
110.425000,-21.5416
110.430000,-34.6227
110.435000,-13.1247
110.440000,-21.6437
110.445000,-38.4084
110.450000,-17.1850
110.455000,-11.2479
110.460000,-22.2445
110.465000,-19.3937
110.470000,-14.7939
110.475000,-35.4814
110.480000,-29.8786
110.485000,-23.6774
110.490000,-39.9333
110.495000,-56.8844
110.500000,-31.5565
110.505000,-40.8259
110.510000,-58.9920
110.515000,-46.4243
110.520000,-22.8673
110.525000,-44.0564
110.530000,-53.4907
110.535000,-33.8576
110.540000,-19.5410
110.545000,-43.1810
110.550000,-25.3290
110.555000,-27.0081
110.560000,-36.5455
110.565000,-36.7251
110.570000,-15.1879
110.575000,-30.7640
110.580000,-33.7313
110.585000,-13.5079
110.590000,-21.3917
110.595000,-37.1179
110.600000,-24.4066
110.605000,-26.4381
110.610000,-41.8662
110.615000,-28.7441
110.620000,-21.1123
110.625000,-35.0148
110.630000,-30.5464
110.635000,-10.7020
110.640000,-8.1835
110.645000,-18.4986
110.650000,-5.3956
110.655000,0.1946
110.660000,-10.3592
110.665000,5.6060
110.670000,16.6887
110.675000,9.3722
110.680000,2.2270
110.685000,12.9949
110.690000,7.3457
110.695000,-4.6400
110.700000,-4.7939
110.705000,9.2006
110.710000,1.2072
110.715000,13.5406
110.720000,27.5021
110.725000,15.2468
110.730000,25.2307
110.735000,39.4208
110.740000,36.7914
110.745000,23.7206
110.750000,37.7597
110.755000,54.9679
110.760000,39.9254
110.765000,54.4106
110.770000,64.7707
110.775000,41.5683
110.780000,34.1992
110.785000,62.5458
110.790000,47.2363
110.795000,31.4316
110.800000,46.9499
110.805000,52.0047
110.810000,30.3703
110.815000,35.3404
110.820000,54.6234
110.825000,30.0296
110.830000,35.0409
110.835000,59.8267
110.840000,56.0017
110.845000,47.5835
110.850000,58.8662
110.855000,55.7923
110.860000,43.6650
110.865000,63.0028
110.870000,70.9417
110.875000,57.1457
110.880000,57.8855
110.885000,62.6853
110.890000,63.4047
110.895000,34.6712
110.900000,49.3762
110.905000,49.9921
110.910000,35.9260
110.915000,33.4635
110.920000,51.2016
110.925000,40.4478
110.930000,32.9884
110.935000,54.3230
110.940000,44.6124
110.945000,42.5983
110.950000,55.1664
110.955000,46.9029
110.960000,44.8729
110.965000,52.1833
110.970000,57.9853
110.975000,38.7526
110.980000,21.1223
110.985000,36.2194
110.990000,26.0212
110.995000,11.7319
111.000000,20.4084
111.005000,19.1295
111.010000,2.5687
111.015000,-7.9025
111.020000,4.2740
111.025000,-9.6384
111.030000,-11.9916
111.035000,4.2467
111.040000,12.8020
111.045000,-9.2607
111.050000,8.7915
111.055000,5.1407
111.060000,-7.6138
111.065000,0.4554
111.070000,11.8236
111.075000,-11.1412
111.080000,-15.2190
111.085000,-0.8815
111.090000,-14.6744
111.095000,-29.0346
111.100000,-7.1999
111.105000,-12.2093
111.110000,-26.4367
111.115000,-23.3559
111.120000,-19.5577
111.125000,-24.1109
111.130000,-27.2693
111.135000,-8.3901
111.140000,-10.4099
111.145000,-20.8108
111.150000,-7.8059
111.155000,-4.6393
111.160000,-25.2705
111.165000,-11.8210
111.170000,-18.2980
111.175000,-26.7868
111.180000,-28.7872
111.185000,-29.6153
111.190000,-34.9768
111.195000,-49.2059
111.200000,-23.2460
111.205000,-36.1533
111.210000,-45.9579
111.215000,-38.5981
111.220000,-33.8566
111.225000,-37.7632
111.230000,-40.8631
111.235000,-29.2395
111.240000,-32.9587
111.245000,-36.2842
111.250000,-18.2028
111.255000,-10.6336
111.260000,-20.3995
111.265000,-24.1198
111.270000,-9.6528
111.275000,-19.5858
111.280000,-18.0268
111.285000,-0.7267
111.290000,-5.2682
111.295000,-21.3061
111.300000,-8.2866
111.305000,0.3121
111.310000,-17.3076
111.315000,-15.9577
111.320000,-2.8703
111.325000,-12.2194
111.330000,-15.6790
111.335000,13.1019
111.340000,6.7691
111.345000,0.8404
111.350000,16.7846
111.355000,30.4349
111.360000,8.2723
111.365000,23.3737
111.370000,30.9962
111.375000,18.0413
111.380000,2.7443
111.385000,20.0566
111.390000,22.3634
111.395000,13.3869
111.400000,15.5710
111.405000,43.3577
111.410000,17.6051
111.415000,17.5002
111.420000,37.7493
111.425000,30.5811
111.430000,22.5738
111.435000,41.1854
111.440000,35.4968
111.445000,34.4191
111.450000,46.6498
111.455000,46.2394
111.460000,39.6111
111.465000,37.8832
111.470000,47.5331
111.475000,48.2502
111.480000,37.6060
111.485000,44.0226
111.490000,44.3323
111.495000,26.3119
111.500000,36.6151
111.505000,38.9455
111.510000,19.4156
111.515000,31.9256
111.520000,51.6357
111.525000,31.9391
111.530000,43.2702
111.535000,61.0898
111.540000,44.4030
111.545000,35.9924
111.550000,49.2771
111.555000,43.7669
111.560000,36.0310
111.565000,42.1362
111.570000,63.1459
111.575000,36.9205
111.580000,41.3886
111.585000,56.9526
111.590000,48.0385
111.595000,23.7536
111.600000,33.3416
111.605000,32.0814
111.610000,7.9269
111.615000,12.5786
111.620000,13.9057
111.625000,2.9682
111.630000,4.2558
111.635000,10.2140
111.640000,15.3734
111.645000,-3.8864
111.650000,25.9699
111.655000,23.8424
111.660000,3.0808
111.665000,9.5831
111.670000,20.7535
111.675000,7.0963
111.680000,4.2208
111.685000,9.5302
111.690000,-0.4667
111.695000,-18.5068
111.700000,-5.0035
111.705000,-4.7881
111.710000,-15.1818
111.715000,-9.4702
111.720000,-11.5983
111.725000,-13.6056
111.730000,-26.1165
111.735000,-4.7230
111.740000,-6.3156
111.745000,-21.8212
111.750000,-4.7230
111.755000,-3.8461
111.760000,-24.0914
111.765000,-17.8547
111.770000,-7.1900
111.775000,-18.8161
111.780000,-31.0225
111.785000,-16.7814
111.790000,-18.3320
111.795000,-37.2545
111.800000,-31.8923
111.805000,-23.5966
111.810000,-35.3995
111.815000,-35.2380
111.820000,-23.5459
111.825000,-39.0292
111.830000,-43.6750
111.835000,-22.1013
111.840000,-40.7639
111.845000,-45.2329
111.850000,-30.6186
111.855000,-22.3961
111.860000,-39.6179
111.865000,-35.5918
111.870000,-22.4522
111.875000,-33.2099
111.880000,-26.9018
111.885000,-25.7033
111.890000,-33.0075
111.895000,-40.5330
111.900000,-30.3522
111.905000,-21.2769
111.910000,-37.5689
111.915000,-40.3066
111.920000,-25.3642
111.925000,-38.9958
111.930000,-41.7665
111.935000,-26.1577
111.940000,-24.3967
111.945000,-32.2276
111.950000,-13.1516
111.955000,-17.9934
111.960000,-23.6437
111.965000,-23.4726
111.970000,-4.5208
111.975000,-23.3874
111.980000,-23.0579
111.985000,-5.9111
111.990000,-18.7176
111.995000,-28.7102
112.000000,-3.1780
112.005000,8.7021
112.010000,-11.9492
112.015000,-0.7453
112.020000,9.2072
112.025000,-6.0142
112.030000,-9.8314
112.035000,7.2939
112.040000,-1.5400
112.045000,-10.2871
112.050000,12.4238
112.055000,24.0787
112.060000,9.1732
112.065000,19.0332
112.070000,26.7889
112.075000,13.1413
112.080000,18.6371
112.085000,30.2067
112.090000,24.9336
112.095000,6.7096
112.100000,14.3326
112.105000,17.0282
112.110000,5.8155
112.115000,20.5606
112.120000,33.3064
112.125000,19.9461
112.130000,15.5573
112.135000,38.9874
112.140000,35.0535
112.145000,30.6508
112.150000,41.0271
112.155000,48.6168
112.160000,32.6824
112.165000,33.8778
112.170000,48.6495
112.175000,29.1789
112.180000,27.6451
112.185000,39.7474
112.190000,30.9429
112.195000,10.8864
112.200000,24.7093
112.205000,34.7621
112.210000,16.3652
112.215000,11.9218
112.220000,35.0218
112.225000,20.1410
112.230000,10.0723
112.235000,34.5564
112.240000,20.0247
112.245000,10.9242
112.250000,31.5498
112.255000,20.9646
112.260000,6.5852
112.265000,21.0756
112.270000,26.1236
112.275000,3.6992
112.280000,1.8431
112.285000,14.3338
112.290000,-0.2197
112.295000,-11.7558
112.300000,0.4939
112.305000,-1.2006
112.310000,-24.2422
112.315000,-16.0331
112.320000,-4.8745
112.325000,-17.8928
112.330000,-24.7685
112.335000,-1.0940
112.340000,-6.1259
112.345000,-13.6830
112.350000,-0.7360
112.355000,-2.9202
112.360000,-21.4770
112.365000,-23.5037
112.370000,-2.9858
112.375000,-21.8784
112.380000,-25.0056
112.385000,-13.9490
112.390000,-30.4654
112.395000,-33.2196
112.400000,-33.2807
112.405000,-22.1564
112.410000,-35.9965
112.415000,-24.7334
112.420000,-24.8668
112.425000,-29.6154
112.430000,-33.3656
112.435000,-12.1656
112.440000,-23.7482
112.445000,-34.4290
112.450000,-21.9537
112.455000,-7.7627
112.460000,-25.8469
112.465000,-23.8605
112.470000,-5.6961
112.475000,-24.9703
112.480000,-35.7305
112.485000,-20.8982
112.490000,-28.4412
112.495000,-38.8335
112.500000,-34.5123
112.505000,-32.9673
112.510000,-44.9495
112.515000,-49.3483
112.520000,-32.0086
112.525000,-44.9981
112.530000,-48.4190
112.535000,-31.4213
112.540000,-37.8804
112.545000,-40.0767
112.550000,-30.6109
112.555000,-31.1241
112.560000,-37.8099
112.565000,-30.5310
112.570000,-14.9109
112.575000,-31.2950
112.580000,-29.0708
112.585000,-13.2766
112.590000,-32.0479
112.595000,-52.2463
112.600000,-36.3973
112.605000,-34.0467
112.610000,-43.1355
112.615000,-39.5676
112.620000,-29.5980
112.625000,-44.2526
112.630000,-40.6766
112.635000,-23.0403
112.640000,-34.7372
112.645000,-32.7572
112.650000,-7.5093
112.655000,-7.3314
112.660000,-20.1431
112.665000,-8.2734
112.670000,3.9075
112.675000,-8.3015
112.680000,-3.1339
112.685000,4.9339
112.690000,2.2029
112.695000,-15.9132
112.700000,-18.2336
112.705000,-8.4679
112.710000,-14.1554
112.715000,-15.7604
112.720000,-0.7773
112.725000,-4.2333
112.730000,-2.8892
112.735000,13.9657
112.740000,7.9528
112.745000,4.5381
112.750000,21.5433
112.755000,29.7995
112.760000,11.4391
112.765000,24.4807
112.770000,35.8431
112.775000,18.7905
112.780000,8.6439
112.785000,34.7035
112.790000,28.8033
112.795000,9.4831
112.800000,20.9985
112.805000,24.1240
112.810000,3.8480
112.815000,7.8061
112.820000,12.3335
112.825000,1.4431
112.830000,0.7045
112.835000,25.6304
112.840000,31.6813
112.845000,25.5039
112.850000,32.0329
112.855000,40.2946
112.860000,27.6544
112.865000,28.4086
112.870000,39.5724
112.875000,28.2737
112.880000,23.2265
112.885000,31.1870
112.890000,22.8324
112.895000,10.5567
112.900000,20.3609
112.905000,11.2435
112.910000,15.2504
112.915000,11.9748
112.920000,13.2136
112.925000,4.7303
112.930000,2.7717
112.935000,29.7167
112.940000,19.5065
112.945000,10.2600
112.950000,24.3516
112.955000,27.8778
112.960000,8.1010
112.965000,18.2032
112.970000,16.8499
112.975000,12.0825
112.980000,8.4319
112.985000,13.4520
112.990000,1.2200
112.995000,-17.5596
113.000000,-2.0520
113.005000,3.0119
113.010000,-25.5497
113.015000,-24.2341
113.020000,2.7100
113.025000,-12.0292
113.030000,-17.4271
113.035000,5.0443
113.040000,-9.8481
113.045000,-12.3144
113.050000,10.3354
113.055000,6.2035
113.060000,1.3689
113.065000,-1.9109
113.070000,3.6231
113.075000,-8.0739
113.080000,-20.3822
113.085000,-5.7048
113.090000,-18.5250
113.095000,-25.9099
113.100000,-12.6885
113.105000,-11.9396
113.110000,-40.9112
113.115000,-32.6299
113.120000,-19.1168
113.125000,-35.9090
113.130000,-29.9381
113.135000,-21.3054
113.140000,-16.6624
113.145000,-29.5297
113.150000,-19.6708
113.155000,-10.0394
113.160000,-10.5665
113.165000,-6.0781
113.170000,-3.1410
113.175000,-9.4615
113.180000,-15.6193
113.185000,-12.9211
113.190000,-7.8201
113.195000,-31.4613
113.200000,-26.3333
113.205000,-18.7258
113.210000,-36.1683
113.215000,-37.5496
113.220000,-24.3771
113.225000,-37.0412
113.230000,-36.7560
113.235000,-12.8848
113.240000,-3.2524
113.245000,-3.4104
113.250000,-0.7094
113.255000,7.8842
113.260000,-9.4834
113.265000,-2.7633
113.270000,5.3222
113.275000,-7.4427
113.280000,-16.6355
113.285000,0.9665
113.290000,-1.6935
113.295000,-24.3040
113.300000,-13.1547
113.305000,-3.6508
113.310000,-15.9295
113.315000,-7.2990
113.320000,-4.9955
113.325000,-11.5712
113.330000,-8.2916
113.335000,9.3865
113.340000,2.8765
113.345000,-4.4746
113.350000,15.6444
113.355000,22.2800
113.360000,10.8813
113.365000,22.7789
113.370000,38.0879
113.375000,17.7437
113.380000,14.7778
113.385000,21.7076
113.390000,17.6730
113.395000,5.5719
113.400000,10.9057
113.405000,-0.3239
113.410000,-8.1391
113.415000,-8.5820
113.420000,3.2007
113.425000,-9.0128
113.430000,-16.2725
113.435000,0.8495
113.440000,-7.7003
113.445000,-8.4857
113.450000,5.4258
113.455000,25.7538
113.460000,9.1884
113.465000,16.0258
113.470000,33.0736
113.475000,8.2751
113.480000,7.8881
113.485000,19.0725
113.490000,-1.5944
113.495000,-9.3731
113.500000,1.4978
113.505000,-0.0505
113.510000,-11.0389
113.515000,-11.5692
113.520000,-5.5565
113.525000,-20.8179
113.530000,-16.3620
113.535000,8.3640
113.540000,-3.6608
113.545000,1.5806
113.550000,14.5237
113.555000,28.1573
113.560000,7.9364
113.565000,13.4099
113.570000,33.4548
113.575000,1.7810
113.580000,3.9837
113.585000,8.6377
113.590000,1.5577
113.595000,-12.8359
113.600000,-10.0116
113.605000,-5.2286
113.610000,-25.9603
113.615000,-14.7516
113.620000,2.2341
113.625000,-15.7469
113.630000,-14.0009
113.635000,6.0567
113.640000,7.3634
113.645000,-2.3577
113.650000,7.8683
113.655000,23.7029
113.660000,3.7890
113.665000,0.0329
113.670000,4.8447
113.675000,-0.7751
113.680000,-3.3405
113.685000,0.8279
113.690000,-8.2503
113.695000,-23.4552
113.700000,-29.4435
113.705000,-21.5333
113.710000,-43.2452
113.715000,-30.6970
113.720000,-23.9178
113.725000,-25.7609
113.730000,-27.0912
113.735000,-17.6795
113.740000,-25.0488
113.745000,-20.5696
113.750000,-7.3433
113.755000,-0.7909
113.760000,-24.1794
113.765000,-11.1137
113.770000,-3.6011
113.775000,-22.1829
113.780000,-25.1391
113.785000,-13.8175
113.790000,-18.5323
113.795000,-47.1885
113.800000,-40.7171
113.805000,-31.2655
113.810000,-55.7991
113.815000,-55.0307
113.820000,-42.0223
113.825000,-60.0185
113.830000,-47.4473
113.835000,-24.9134
113.840000,-30.3741
113.845000,-44.0895
113.850000,-24.4268
113.855000,-6.9820
113.860000,-21.4335
113.865000,-7.7800
113.870000,12.4688
113.875000,-17.5627
113.880000,-24.2849
113.885000,-8.3920
113.890000,-34.8598
113.895000,-36.1561
113.900000,-24.0959
113.905000,-21.0547
113.910000,-45.1720
113.915000,-39.3679
113.920000,-29.3975
113.925000,-40.6224
113.930000,-36.2435
113.935000,-27.1604
113.940000,-26.3220
113.945000,-38.8886
113.950000,-14.5251
113.955000,-7.4865
113.960000,-25.3520
113.965000,-11.9332
113.970000,-5.8182
113.975000,-10.2039
113.980000,-24.6361
113.985000,-14.3800
113.990000,-14.9450
113.995000,-39.3674
114.000000,-34.0250
114.005000,-29.7554
114.010000,-36.9346
114.015000,-24.0728
114.020000,-10.7097
114.025000,-19.1326
114.030000,-20.3040
114.035000,8.7202
114.040000,7.0031
114.045000,-0.8456
114.050000,4.8898
114.055000,12.1687
114.060000,10.5667
114.065000,1.1342
114.070000,16.4584
114.075000,15.7769
114.080000,3.4704
114.085000,6.7049
114.090000,-3.3598
114.095000,-19.6055
114.100000,-8.1416
114.105000,0.2336
114.110000,-14.7064
114.115000,-9.9067
114.120000,7.9319
114.125000,-2.3553
114.130000,1.8179
114.135000,27.0985
114.140000,25.9726
114.145000,15.5322
114.150000,36.7552
114.155000,38.4676
114.160000,28.0030
114.165000,35.1108
114.170000,50.2015
114.175000,32.0452
114.180000,28.2009
114.185000,35.7833
114.190000,12.4965
114.195000,5.1743
114.200000,26.7187
114.205000,24.4333
114.210000,7.0381
114.215000,4.1871
114.220000,25.6483
114.225000,15.9398
114.230000,9.1677
114.235000,25.0739
114.240000,31.7433
114.245000,20.3124
114.250000,36.6687
114.255000,51.3065
114.260000,31.7585
114.265000,24.9011
114.270000,41.9416
114.275000,12.7381
114.280000,18.0317
114.285000,21.7413
114.290000,16.8568
114.295000,-1.1426
114.300000,16.0721
114.305000,13.0412
114.310000,-8.2659
114.315000,-8.1499
114.320000,6.1285
114.325000,-3.3272
114.330000,-2.2205
114.335000,24.5834
114.340000,15.5401
114.345000,10.0708
114.350000,31.5742
114.355000,40.5908
114.360000,24.8330
114.365000,21.3063
114.370000,31.7236
114.375000,16.3939
114.380000,1.0469
114.385000,15.5881
114.390000,14.8179
114.395000,-11.7065
114.400000,-2.3987
114.405000,-3.6787
114.410000,-15.3468
114.415000,-11.6789
114.420000,0.0725
114.425000,-11.1373
114.430000,-19.8350
114.435000,6.0960
114.440000,7.6122
114.445000,-7.5048
114.450000,-5.6793
114.455000,7.7949
114.460000,5.6893
114.465000,1.0483
114.470000,5.9828
114.475000,-7.6658
114.480000,-18.6466
114.485000,-3.8601
114.490000,-11.9835
114.495000,-31.9290
114.500000,-18.0826
114.505000,-21.2171
114.510000,-35.6967
114.515000,-22.7736
114.520000,-9.9999
114.525000,-16.7054
114.530000,-37.3751
114.535000,-2.8808
114.540000,-7.4419
114.545000,-19.4917
114.550000,-1.8366
114.555000,4.9348
114.560000,-7.0700
114.565000,-13.9843
114.570000,2.7424
114.575000,-6.1708
114.580000,-6.9772
114.585000,6.9424
114.590000,-7.6169
114.595000,-21.1303
114.600000,-15.4142
114.605000,-8.2058
114.610000,-32.6905
114.615000,-16.7125
114.620000,-16.9812
114.625000,-16.0070
114.630000,-25.6146
114.635000,-1.1192
114.640000,-8.3371
114.645000,-12.3494
114.650000,-2.8834
114.655000,5.5339
114.660000,0.0566
114.665000,3.3730
114.670000,24.1444
114.675000,4.3481
114.680000,9.6172
114.685000,12.9617
114.690000,3.4831
114.695000,-13.4674
114.700000,1.8275
114.705000,7.9372
114.710000,-10.4092
114.715000,5.9407
114.720000,19.6219
114.725000,10.8160
114.730000,14.3517
114.735000,21.2760
114.740000,19.8211
114.745000,20.2976
114.750000,28.0468
114.755000,40.1711
114.760000,26.0914
114.765000,46.8989
114.770000,47.5490
114.775000,21.3007
114.780000,19.0805
114.785000,34.0205
114.790000,23.5355
114.795000,6.3280
114.800000,29.4396
114.805000,27.6295
114.810000,2.2354
114.815000,9.2535
114.820000,23.8243
114.825000,13.9825
114.830000,17.4510
114.835000,45.7674
114.840000,31.2292
114.845000,24.7098
114.850000,35.5857
114.855000,37.7336
114.860000,28.5777
114.865000,41.3837
114.870000,52.9342
114.875000,32.3070
114.880000,36.3629
114.885000,49.8924
114.890000,37.5403
114.895000,19.2782
114.900000,31.9744
114.905000,36.8234
114.910000,19.8908
114.915000,14.2747
114.920000,29.8847
114.925000,17.6542
114.930000,18.0662
114.935000,25.9788
114.940000,28.8894
114.945000,31.6923
114.950000,38.0918
114.955000,47.7939
114.960000,32.6411
114.965000,37.2939
114.970000,55.0050
114.975000,37.1642
114.980000,16.4904
114.985000,37.2248
114.990000,17.7031
114.995000,4.2508
115.000000,18.5882
115.005000,5.0127
115.010000,-6.3055
115.015000,-0.1748
115.020000,0.9554
115.025000,-2.4265
115.030000,-15.4356
115.035000,3.9778
115.040000,6.6742
115.045000,0.0782
115.050000,8.2912
115.055000,17.4034
115.060000,2.9519
115.065000,15.6040
115.070000,23.1826
115.075000,-0.3463
115.080000,-4.7004
115.085000,9.2647
115.090000,4.6019
115.095000,-9.7628
115.100000,5.8160
115.105000,3.6750
115.110000,-9.6279
115.115000,-13.7664
115.120000,0.9090
115.125000,-4.2513
115.130000,-11.4047
115.135000,10.5306
115.140000,8.6336
115.145000,-5.2039
115.150000,9.8004
115.155000,11.8076
115.160000,-0.9300
115.165000,-2.2296
115.170000,-1.1525
115.175000,-1.9404
115.180000,-12.6674
115.185000,-7.0197
115.190000,-16.0144
115.195000,-26.5845
115.200000,-14.4294
115.205000,-19.4825
115.210000,-34.0070
115.215000,-27.3155
115.220000,-18.1469
115.225000,-33.8308
115.230000,-29.6594
115.235000,-14.7277
115.240000,-18.6073
115.245000,-25.9551
115.250000,-1.5726
115.255000,7.9911
115.260000,-2.2325
115.265000,-3.7207
115.270000,6.1011
115.275000,-3.0513
115.280000,-9.8612
115.285000,7.7835
115.290000,-7.2069
115.295000,-16.3038
115.300000,-7.8134
115.305000,7.3265
115.310000,-15.8185
115.315000,-2.6560
115.320000,-1.3322
115.325000,-17.8303
115.330000,-13.3048
115.335000,16.9381
115.340000,13.4504
115.345000,-0.4107
115.350000,21.6566
115.355000,20.0532
115.360000,2.4988
115.365000,18.4342
115.370000,15.4910
115.375000,16.4037
115.380000,1.8636
115.385000,23.1526
115.390000,14.6097
115.395000,4.6301
115.400000,17.4770
115.405000,32.0510
115.410000,15.7640
115.415000,16.1298
115.420000,22.5555
115.425000,15.2142
115.430000,15.9730
115.435000,39.7023
115.440000,22.8238
115.445000,23.3757
115.450000,42.6966
115.455000,36.8430
115.460000,23.1234
115.465000,30.9426
115.470000,44.2952
115.475000,23.8197
115.480000,23.9917
115.485000,41.3083
115.490000,33.2966
115.495000,14.6068
115.500000,28.7373
115.505000,35.8315
115.510000,10.5821
115.515000,22.8092
115.520000,35.1435
115.525000,19.2238
115.530000,28.6619
115.535000,42.1596
115.540000,33.3748
115.545000,24.6669
115.550000,33.4090
115.555000,31.9902
115.560000,22.7550
115.565000,33.0522
115.570000,42.4014
115.575000,26.9693
115.580000,27.9183
115.585000,41.4465
115.590000,41.8212
115.595000,21.1257
115.600000,25.5154
115.605000,21.3541
115.610000,0.4109
115.615000,4.4401
115.620000,11.6335
115.625000,6.2137
115.630000,-0.0707
115.635000,15.7693
115.640000,6.2995
115.645000,4.0524
115.650000,15.4711
115.655000,26.4353
115.660000,6.1724
115.665000,-2.4361
115.670000,14.8987
115.675000,3.8324
115.680000,-1.0057
115.685000,15.1495
115.690000,-0.0990
115.695000,-21.3052
115.700000,-1.0500
115.705000,-0.6672
115.710000,-10.0002
115.715000,-11.2627
115.720000,-2.0929
115.725000,-6.4130
115.730000,-18.8642
115.735000,6.2726
115.740000,-11.2480
115.745000,-12.0134
115.750000,3.0245
115.755000,0.5710
115.760000,-14.9224
115.765000,-7.6971
115.770000,0.8288
115.775000,-13.8690
115.780000,-16.4359
115.785000,-6.9680
115.790000,-9.3780
115.795000,-34.0750
115.800000,-22.8767
115.805000,-13.7043
115.810000,-33.8312
115.815000,-19.8294
115.820000,-21.5023
115.825000,-32.4109
115.830000,-36.7876
115.835000,-25.0701
115.840000,-36.2170
115.845000,-37.2579
115.850000,-22.6736
115.855000,-21.5835
115.860000,-38.7723
115.865000,-27.2239
115.870000,-14.8063
115.875000,-30.0876
115.880000,-29.0907
115.885000,-13.9253
115.890000,-19.5877
115.895000,-25.3729
115.900000,-20.3622
115.905000,-13.4412
115.910000,-36.4660
115.915000,-37.2200
115.920000,-29.8532
115.925000,-34.3850
115.930000,-37.3897
115.935000,-11.0809
115.940000,-16.7685
115.945000,-37.6802
115.950000,-17.0343
115.955000,-13.5232
115.960000,-18.5798
115.965000,-24.2828
115.970000,-6.9206
115.975000,-16.0396
115.980000,-24.9411
115.985000,-0.7673
115.990000,-13.6976
115.995000,-31.7845
116.000000,-11.1976
116.005000,-2.1125
116.010000,-10.6329
116.015000,-4.3232
116.020000,9.0795
116.025000,-8.3570
116.030000,-5.7036
116.035000,4.3077
116.040000,5.5135
116.045000,-3.9782
116.050000,13.7241
116.055000,14.5070
116.060000,14.5992
116.065000,15.3321
116.070000,28.4908
116.075000,7.0108
116.080000,16.6202
116.085000,30.4564
116.090000,14.9844
116.095000,2.2121
116.100000,12.3918
116.105000,18.5129
116.110000,4.5337
116.115000,13.9526
116.120000,28.3561
116.125000,17.4661
116.130000,18.4457
116.135000,34.2225
116.140000,35.8484
116.145000,30.2721
116.150000,47.6757
116.155000,46.3038
116.160000,29.8775
116.165000,31.6427
116.170000,49.9728
116.175000,27.0161
116.180000,24.9361
116.185000,37.4384
116.190000,26.4675
116.195000,13.9006
116.200000,26.6436
116.205000,33.6048
116.210000,20.7152
116.215000,14.8990
116.220000,30.5030
116.225000,17.1541
116.230000,12.7844
116.235000,27.9133
116.240000,28.7077
116.245000,15.8979
116.250000,33.9149
116.255000,24.6640
116.260000,16.0761
116.265000,15.0928
116.270000,23.4328
116.275000,1.2037
116.280000,2.5022
116.285000,15.8059
116.290000,-0.9057
116.295000,-12.0360
116.300000,2.2536
116.305000,-5.5759
116.310000,-20.7023
116.315000,-17.5677
116.320000,-8.4895
116.325000,-9.6807
116.330000,-18.4075
116.335000,-7.3384
116.340000,-4.1925
116.345000,-16.6487
116.350000,-9.9599
116.355000,0.1006
116.360000,-25.3165
116.365000,-18.2902
116.370000,-10.3212
116.375000,-17.8111
116.380000,-29.7591
116.385000,-26.6348
116.390000,-28.6569
116.395000,-43.9447
116.400000,-34.8051
116.405000,-23.6827
116.410000,-33.6085
116.415000,-36.6619
116.420000,-19.5406
116.425000,-30.2117
116.430000,-33.8674
116.435000,-14.9074
116.440000,-15.1867
116.445000,-41.6359
116.450000,-24.8341
116.455000,-15.6225
116.460000,-28.9331
116.465000,-36.8192
116.470000,-23.4206
116.475000,-39.5877
116.480000,-40.3335
116.485000,-30.9467
116.490000,-33.5526
116.495000,-48.7456
116.500000,-30.5399
116.505000,-38.5797
116.510000,-52.0292
116.515000,-53.7802
116.520000,-48.2853
116.525000,-57.0397
116.530000,-57.0996
116.535000,-38.5183
116.540000,-49.9525
116.545000,-50.9170
116.550000,-38.7609
116.555000,-33.4457
116.560000,-46.2854
116.565000,-43.4211
116.570000,-27.2596
116.575000,-40.2389
116.580000,-42.0004
116.585000,-21.4989
116.590000,-37.2013
116.595000,-54.5282
116.600000,-36.4333
116.605000,-30.6181
116.610000,-47.9591
116.615000,-44.3792
116.620000,-44.0078
116.625000,-54.4131
116.630000,-50.2399
116.635000,-28.9363
116.640000,-34.8985
116.645000,-38.3629
116.650000,-11.7707
116.655000,-6.3318
116.660000,-15.6872
116.665000,-11.4860
116.670000,7.3250
116.675000,-5.9746
116.680000,-4.9128
116.685000,6.6271
116.690000,-1.8253
116.695000,-13.0481
116.700000,-19.5864
116.705000,-3.5863
116.710000,-20.0092
116.715000,-18.7541
116.720000,5.9103
116.725000,-6.5776
116.730000,3.9143
116.735000,13.1435
116.740000,22.3622
116.745000,15.8801
116.750000,30.2508
116.755000,38.9765
116.760000,17.2729
116.765000,24.8163
116.770000,37.4135
116.775000,23.8029
116.780000,22.6888
116.785000,45.5908
116.790000,29.4610
116.795000,17.3277
116.800000,36.6824
116.805000,33.9691
116.810000,11.2774
116.815000,17.3553
116.820000,28.0447
116.825000,21.4118
116.830000,13.4661
116.835000,39.9787
116.840000,33.5224
116.845000,37.7976
116.850000,49.2574
116.855000,38.2039
116.860000,29.9107
116.865000,40.8672
116.870000,47.4172
116.875000,38.2576
116.880000,36.8762
116.885000,46.7228
116.890000,37.1941
116.895000,35.0942
116.900000,29.5557
116.905000,38.1759
116.910000,22.1559
116.915000,17.3212
116.920000,31.2266
116.925000,17.7518
116.930000,26.5951
116.935000,37.6606
116.940000,30.1815
116.945000,18.4246
116.950000,27.8983
116.955000,32.4889
116.960000,15.6932
116.965000,17.8437
116.970000,33.2411
116.975000,3.8340
116.980000,6.2879
116.985000,24.5411
116.990000,8.1528
116.995000,-13.2808
117.000000,6.2375
117.005000,5.3024
117.010000,-29.5976
117.015000,-30.9368
117.020000,-12.8110
117.025000,-14.8405
117.030000,-16.1118
117.035000,1.1538
117.040000,-11.3140
117.045000,-17.1962
117.050000,2.6684
117.055000,1.8814
117.060000,-19.0232
117.065000,-12.3874
117.070000,-6.7660
117.075000,-15.9074
117.080000,-28.0996
117.085000,-13.5839
117.090000,-25.2235
117.095000,-35.6304
117.100000,-25.0803
117.105000,-25.6535
117.110000,-42.6836
117.115000,-44.2367
117.120000,-29.5534
117.125000,-45.2352
117.130000,-52.2899
117.135000,-32.9772
117.140000,-39.9167
117.145000,-49.2407
117.150000,-34.7428
117.155000,-28.5676
117.160000,-33.7682
117.165000,-23.5329
117.170000,-24.8271
117.175000,-30.2453
117.180000,-35.1355
117.185000,-25.5694
117.190000,-25.3658
117.195000,-54.0585
117.200000,-40.5777
117.205000,-34.6756
117.210000,-56.0814
117.215000,-45.0130
117.220000,-39.8699
117.225000,-49.7253
117.230000,-44.1910
117.235000,-29.9436
117.240000,-19.7944
117.245000,-22.5262
117.250000,-22.3660
117.255000,-18.8707
117.260000,-28.2310
117.265000,-12.3776
117.270000,-11.5011
117.275000,-23.8202
117.280000,-28.0391
117.285000,-11.5716
117.290000,-22.2110
117.295000,-32.6078
117.300000,-20.3882
117.305000,-17.1193
117.310000,-32.2761
117.315000,-17.5621
117.320000,-5.0241
117.325000,-12.6365
117.330000,-12.3195
117.335000,1.8309
117.340000,2.3511
117.345000,-7.4446
117.350000,11.8604
117.355000,26.7323
117.360000,16.7091
117.365000,14.8873
117.370000,35.4760
117.375000,25.0452
117.380000,31.4662
117.385000,30.3380
117.390000,32.9565
117.395000,16.5552
117.400000,21.6386
117.405000,28.1460
117.410000,-7.9038
117.415000,3.1984
117.420000,12.0799
117.425000,9.5591
117.430000,1.8471
117.435000,14.5133
117.440000,14.4709
117.445000,15.1988
117.450000,29.2565
117.455000,46.8158
117.460000,41.5124
117.465000,39.1504
117.470000,44.8370
117.475000,28.7746
117.480000,23.0685
117.485000,43.3357
117.490000,30.7039
117.495000,13.1452
117.500000,19.8215
117.505000,21.9520
117.510000,2.8763
117.515000,12.1328
117.520000,15.1522
117.525000,-0.0015
117.530000,7.9953
117.535000,20.0940
117.540000,13.7466
117.545000,13.3005
117.550000,33.4485
117.555000,36.6279
117.560000,32.5082
117.565000,29.9659
117.570000,53.1086
117.575000,22.0764
117.580000,17.8211
117.585000,31.7432
117.590000,20.2135
117.595000,2.1589
117.600000,4.4669
117.605000,20.8323
117.610000,0.8876
117.615000,2.4531
117.620000,20.7773
117.625000,-1.9436
117.630000,-3.3899
117.635000,9.6688
117.640000,11.6580
117.645000,0.4290
117.650000,15.2586
117.655000,28.8327
117.660000,0.9312
117.665000,4.1989
117.670000,15.8138
117.675000,1.0536
117.680000,-11.9743
117.685000,4.6777
117.690000,-7.5732
117.695000,-25.6994
117.700000,-26.1519
117.705000,-31.6873
117.710000,-44.8328
117.715000,-37.5220
117.720000,-18.8863
117.725000,-44.2567
117.730000,-39.4713
117.735000,-24.7077
117.740000,-21.8005
117.745000,-31.8718
117.750000,-24.0035
117.755000,-12.3551
117.760000,-31.0385
117.765000,-24.2116
117.770000,-21.1495
117.775000,-43.1931
117.780000,-46.2315
117.785000,-34.5949
117.790000,-40.4909
117.795000,-66.9427
117.800000,-61.6292
117.805000,-59.7178
117.810000,-73.0826
117.815000,-72.0938
117.820000,-63.6939
117.825000,-65.0356
117.830000,-68.7741
117.835000,-56.4444
117.840000,-47.7014
117.845000,-61.2793
117.850000,-52.6663
117.855000,-33.3254
117.860000,-40.3927
117.865000,-29.1527
117.870000,-13.0556
117.875000,-42.4602
117.880000,-40.1726
117.885000,-36.0205
117.890000,-48.4908
117.895000,-57.2775
117.900000,-31.3539
117.905000,-40.1003
117.910000,-61.8218
117.915000,-58.9974
117.920000,-50.7183
117.925000,-61.9725
117.930000,-57.0792
117.935000,-46.6421
117.940000,-44.2410
117.945000,-56.0599
117.950000,-24.5866
117.955000,-33.1364
117.960000,-29.6647
117.965000,-26.2451
117.970000,-7.1864
117.975000,-17.2352
117.980000,-23.7778
117.985000,-17.1611
117.990000,-30.0144
117.995000,-49.4978
118.000000,-34.8814
118.005000,-26.0697
118.010000,-39.0563
118.015000,-23.6084
118.020000,-15.3188
118.025000,-22.9268
118.030000,-10.1246
118.035000,15.6811
118.040000,9.8534
118.045000,7.8815
118.050000,12.6152
118.055000,22.5412
118.060000,22.1998
118.065000,19.9026
118.070000,38.6356
118.075000,18.6987
118.080000,16.6581
118.085000,31.3630
118.090000,12.0530
118.095000,-0.1959
118.100000,7.8949
118.105000,7.2573
118.110000,-6.9402
118.115000,20.5391
118.120000,27.4931
118.125000,15.0744
118.130000,20.8018
118.135000,42.6773
118.140000,44.9236
118.145000,40.4830
118.150000,54.7782
118.155000,67.9457
118.160000,47.1515
118.165000,56.2982
118.170000,69.2095
118.175000,56.0983
118.180000,50.6672
118.185000,47.6180
118.190000,38.1568
118.195000,27.8170
118.200000,47.7365
118.205000,48.3648
118.210000,23.6092
118.215000,24.2020
118.220000,52.9363
118.225000,36.8684
118.230000,22.6077
118.235000,42.1584
118.240000,42.9617
118.245000,30.6931
118.250000,59.8318
118.255000,70.4277
118.260000,46.2442
118.265000,41.7635
118.270000,51.8770
118.275000,33.6319
118.280000,21.6241
118.285000,30.8764
118.290000,15.2591
118.295000,13.7745
118.300000,26.6831
118.305000,23.6319
118.310000,5.1138
118.315000,0.8700
118.320000,15.9577
118.325000,9.9331
118.330000,11.5015
118.335000,21.5497
118.340000,14.6340
118.345000,16.0786
118.350000,30.7873
118.355000,30.1197
118.360000,12.3976
118.365000,26.1231
118.370000,32.4502
118.375000,10.6308
118.380000,-1.6341
118.385000,12.6841
118.390000,10.2039
118.395000,-15.0732
118.400000,-14.4980
118.405000,-5.7505
118.410000,-21.9762
118.415000,-16.8143
118.420000,-8.0034
118.425000,-30.9062
118.430000,-22.9943
118.435000,-6.5604
118.440000,-18.7721
118.445000,-23.4014
118.450000,-12.3871
118.455000,-3.1954
118.460000,-12.9981
118.465000,-15.8988
118.470000,-13.3287
118.475000,-22.3912
118.480000,-43.7317
118.485000,-18.7660
118.490000,-30.8165
118.495000,-46.6064
118.500000,-38.5819
118.505000,-37.1973
118.510000,-49.6019
118.515000,-41.8703
118.520000,-27.7393
118.525000,-41.5361
118.530000,-41.0366
118.535000,-29.4356
118.540000,-23.4586
118.545000,-41.4193
118.550000,-22.1178
118.555000,-8.4671
118.560000,-27.5216
118.565000,-31.3321
118.570000,-5.3303
118.575000,-33.0331
118.580000,-23.0382
118.585000,-1.8206
118.590000,-19.6840
118.595000,-34.7311
118.600000,-31.3578
118.605000,-30.7595
118.610000,-47.9668
118.615000,-34.3191
118.620000,-20.3063
118.625000,-33.0418
118.630000,-26.0123
118.635000,-14.4606
118.640000,-7.0927
118.645000,-11.3939
118.650000,2.6226
118.655000,10.2992
118.660000,3.0753
118.665000,9.2189
118.670000,23.8013
118.675000,6.9212
118.680000,0.7815
118.685000,14.6283
118.690000,2.8575
118.695000,-4.0002
118.700000,-3.6669
118.705000,8.6987
118.710000,-6.7579
118.715000,11.8577
118.720000,23.2396
118.725000,15.6601
118.730000,17.0754
118.735000,29.4901
118.740000,30.3084
118.745000,17.3482
118.750000,39.4687
118.755000,48.6122
118.760000,34.2142
118.765000,54.5789
118.770000,56.7406
118.775000,40.2011
118.780000,31.0237
118.785000,47.8597
118.790000,42.4244
118.795000,20.0416
118.800000,42.5915
118.805000,44.7006
118.810000,16.9737
118.815000,24.4899
118.820000,39.3202
118.825000,30.4683
118.830000,31.3342
118.835000,52.3326
118.840000,47.7217
118.845000,38.8363
118.850000,43.2396
118.855000,48.5971
118.860000,36.6982
118.865000,50.5481
118.870000,62.8751
118.875000,47.9495
118.880000,46.9663
118.885000,56.0649
118.890000,43.8343
118.895000,29.9507
118.900000,38.8464
118.905000,40.7585
118.910000,25.5279
118.915000,30.1822
118.920000,44.7553
118.925000,29.3404
118.930000,15.9764
118.935000,41.0909
118.940000,36.6117
118.945000,42.1830
118.950000,49.6911
118.955000,48.5649
118.960000,30.3170
118.965000,44.9617
118.970000,53.5696
118.975000,41.7582
118.980000,18.5587
118.985000,26.4672
118.990000,24.3928
118.995000,12.4691
119.000000,11.3524
119.005000,15.0341
119.010000,-3.0612
119.015000,-4.8527
119.020000,8.9631
119.025000,-9.8200
119.030000,-11.5059
119.035000,7.2980
119.040000,11.9357
119.045000,0.6319
119.050000,6.8096
119.055000,17.7431
119.060000,-8.5492
119.065000,9.0218
119.070000,21.4737
119.075000,-12.1634
119.080000,-7.2694
119.085000,12.5557
119.090000,-6.1738
119.095000,-13.1528
119.100000,-5.3599
119.105000,-8.7212
119.110000,-10.4276
119.115000,-17.0038
119.120000,-4.7147
119.125000,-12.2946
119.130000,-17.9276
119.135000,-2.6199
119.140000,1.5801
119.145000,-3.1873
119.150000,17.0722
119.155000,20.8852
119.160000,-6.1968
119.165000,-4.3057
119.170000,2.2237
119.175000,-5.7193
119.180000,-14.2456
119.185000,-11.7375
119.190000,-12.8142
119.195000,-27.3813
119.200000,-17.1728
119.205000,-12.3774
119.210000,-33.6001
119.215000,-33.0687
119.220000,-19.4656
119.225000,-35.1603
119.230000,-35.7231
119.235000,-14.8858
119.240000,-17.8244
119.245000,-23.0658
119.250000,-8.8344
119.255000,11.4474
119.260000,-0.7754
119.265000,1.9614
119.270000,2.9451
119.275000,-2.9322
119.280000,-2.7326
119.285000,0.4123
119.290000,1.3535
119.295000,-17.7924
119.300000,-9.5963
119.305000,-0.7122
119.310000,-19.3741
119.315000,-21.7372
119.320000,-7.2696
119.325000,-13.7905
119.330000,-8.0697
119.335000,10.1132
119.340000,12.2907
119.345000,-2.6541
119.350000,19.5385
119.355000,16.4103
119.360000,6.9709
119.365000,16.9113
119.370000,22.5182
119.375000,19.4121
119.380000,5.2191
119.385000,27.1483
119.390000,14.7615
119.395000,-3.7451
119.400000,20.8487
119.405000,29.2531
119.410000,10.8711
119.415000,10.3422
119.420000,21.7812
119.425000,10.5283
119.430000,12.3830
119.435000,34.9864
119.440000,23.5885
119.445000,31.3207
119.450000,33.7556
119.455000,30.2799
119.460000,25.8089
119.465000,30.1457
119.470000,37.3711
119.475000,24.6794
119.480000,20.4272
119.485000,37.6977
119.490000,28.0558
119.495000,8.1495
119.500000,20.7285
119.505000,24.5592
119.510000,7.1345
119.515000,20.4560
119.520000,35.8115
119.525000,16.5555
119.530000,22.3490
119.535000,40.6229
119.540000,29.5417
119.545000,17.0284
119.550000,31.9382
119.555000,34.5469
119.560000,17.4358
119.565000,27.0762
119.570000,45.5207
119.575000,22.4169
119.580000,21.8199
119.585000,40.4340
119.590000,33.5042
119.595000,16.8547
119.600000,12.3303
119.605000,17.4012
119.610000,-0.3187
119.615000,0.8961
119.620000,8.1431
119.625000,-7.0531
119.630000,-3.2627
119.635000,16.2636
119.640000,4.7728
119.645000,-0.1497
119.650000,29.4948
119.655000,18.3760
119.660000,1.0885
119.665000,10.5002
119.670000,20.1375
119.675000,6.6762
119.680000,3.3049
119.685000,9.2339
119.690000,1.3614
119.695000,-11.7640
119.700000,3.5961
119.705000,-4.3717
119.710000,-22.2640
119.715000,-7.0313
119.720000,1.6562
119.725000,-4.9744
119.730000,-16.3068
119.735000,4.4456
119.740000,-4.4005
119.745000,-7.5281
119.750000,12.7872
119.755000,11.1100
119.760000,-6.0654
119.765000,-1.6294
119.770000,0.7693
119.775000,-11.7531
119.780000,-9.9515
119.785000,5.8250
119.790000,-6.7118
119.795000,-15.1140
119.800000,-15.8058
119.805000,-8.3270
119.810000,-22.3065
119.815000,-23.9253
119.820000,-8.1864
119.825000,-20.4528
119.830000,-25.6953
119.835000,-0.8770
119.840000,-18.2699
119.845000,-31.8634
119.850000,-17.0341
119.855000,-9.3247
119.860000,-18.8802
119.865000,-17.0856
119.870000,-11.5962
119.875000,-12.0756
119.880000,-20.2419
119.885000,-6.0673
119.890000,-4.4629
119.895000,-16.7788
119.900000,-12.2917
119.905000,-12.9148
119.910000,-34.3632
119.915000,-32.8981
119.920000,-14.3858
119.925000,-28.0423
119.930000,-30.5878
119.935000,-7.9601
119.940000,-10.6112
119.945000,-26.0269
119.950000,-11.3010
119.955000,3.7140
119.960000,-15.7972
119.965000,-13.9428
119.970000,-7.8762
119.975000,-7.9439
119.980000,-17.3072
119.985000,-2.9821
119.990000,-12.5494
119.995000,-22.7984
120.000000,-9.9054
120.005000,3.7058
120.010000,-15.9461
120.015000,-7.4302
120.020000,3.5117
120.025000,0.4479
120.030000,-7.1856
120.035000,6.6955
120.040000,1.4888
120.045000,-9.3819
120.050000,10.5487
120.055000,21.9628
120.060000,15.1455
120.065000,16.2877
120.070000,29.2417
120.075000,16.1336
120.080000,11.7773
120.085000,31.8525
120.090000,23.0804
120.095000,8.9836
120.100000,14.5404
120.105000,20.3106
120.110000,6.1643
120.115000,18.6771
120.120000,35.3000
120.125000,23.3321
120.130000,18.5785
120.135000,47.9437
120.140000,41.3696
120.145000,21.3761
120.150000,43.3209
120.155000,48.3598
120.160000,34.0845
120.165000,30.5262
120.170000,38.6376
120.175000,25.9807
120.180000,35.4522
120.185000,30.4294
120.190000,30.6562
120.195000,14.7248
120.200000,24.2068
120.205000,36.4235
120.210000,14.8590
120.215000,16.3326
120.220000,36.8880
120.225000,25.3990
120.230000,1.6780
120.235000,21.8254
120.240000,27.8682
120.245000,26.0649
120.250000,33.2861
120.255000,22.5270
120.260000,7.0790
120.265000,9.5499
120.270000,15.5699
120.275000,7.0999
120.280000,-3.0320
120.285000,16.6501
120.290000,0.9343
120.295000,-11.9133
120.300000,-0.2614
120.305000,-3.1387
120.310000,-15.0993
120.315000,-17.6282
120.320000,-0.0504
120.325000,-14.7131
120.330000,-18.0883
120.335000,-4.9116
120.340000,-3.1829
120.345000,-14.7427
120.350000,-4.8087
120.355000,-2.9193
120.360000,-19.4299
120.365000,-22.3770
120.370000,-5.8803
120.375000,-19.6208
120.380000,-29.4162
120.385000,-12.4454
120.390000,-26.7573
120.395000,-39.3446
120.400000,-31.4124
120.405000,-19.9286
120.410000,-40.0388
120.415000,-30.0242
120.420000,-17.5159
120.425000,-26.1681
120.430000,-33.4777
120.435000,-15.2378
120.440000,-18.8386
120.445000,-37.2784
120.450000,-17.4973
120.455000,-14.5665
120.460000,-27.9269
120.465000,-21.1331
120.470000,-11.9458
120.475000,-41.3731
120.480000,-39.0653
120.485000,-27.8982
120.490000,-29.0056
120.495000,-51.0876
120.500000,-30.7989
120.505000,-31.3335
120.510000,-54.0306
120.515000,-49.0554
120.520000,-39.7563
120.525000,-53.6396
120.530000,-56.6808
120.535000,-28.4447
120.540000,-31.2046
120.545000,-47.7519
120.550000,-44.3969
120.555000,-31.8509
120.560000,-42.5465
120.565000,-40.2069
120.570000,-17.6141
120.575000,-36.3549
120.580000,-40.2769
120.585000,-17.8953
120.590000,-27.0449
120.595000,-49.1660
120.600000,-37.1602
120.605000,-29.4505
120.610000,-51.4705
120.615000,-38.8608
120.620000,-37.7359
120.625000,-43.5344
120.630000,-46.3470
120.635000,-32.0003
120.640000,-37.0473
120.645000,-35.0967
120.650000,-10.7478
120.655000,-4.9404
120.660000,-14.6319
120.665000,-22.3552
120.670000,6.6101
120.675000,-12.8345
120.680000,-13.7101
120.685000,4.9942
120.690000,-9.1455
120.695000,-14.0472
120.700000,-6.9917
120.705000,3.2043
120.710000,-11.5520
120.715000,-16.3030
120.720000,4.4031
120.725000,-9.7063
120.730000,1.1629
120.735000,22.7583
120.740000,21.6355
120.745000,7.2421
120.750000,21.7458
120.755000,27.5868
120.760000,14.5485
120.765000,19.8180
120.770000,46.6846
120.775000,23.4243
120.780000,15.0324
120.785000,35.6469
120.790000,29.4474
120.795000,16.3402
120.800000,29.6285
120.805000,25.0659
120.810000,13.1995
120.815000,16.3642
120.820000,30.9644
120.825000,13.1942
120.830000,20.3262
120.835000,33.5500
120.840000,36.5693
120.845000,23.5099
120.850000,44.9464
120.855000,53.6773
120.860000,25.1971
120.865000,35.2267
120.870000,40.9406
120.875000,30.5974
120.880000,25.7617
120.885000,34.8413
120.890000,32.1035
120.895000,25.9847
120.900000,29.0435
120.905000,36.9012
120.910000,13.4146
120.915000,11.7554
120.920000,19.0805
120.925000,13.3425
120.930000,21.1517
120.935000,31.6413
120.940000,30.0925
120.945000,7.5381
120.950000,23.6489
120.955000,31.5863
120.960000,14.6378
120.965000,16.8854
120.970000,22.4925
120.975000,5.4335
120.980000,3.0579
120.985000,15.9435
120.990000,7.2204
120.995000,-15.1532
121.000000,2.4382
121.005000,5.0842
121.010000,-25.5550
121.015000,-25.7131
121.020000,-7.2461
121.025000,-15.9179
121.030000,-15.0952
121.035000,3.7600
121.040000,-9.6921
121.045000,-12.5120
121.050000,7.8447
121.055000,9.6012
121.060000,-12.1039
121.065000,-13.2023
121.070000,-6.7786
121.075000,-14.5113
121.080000,-25.0837
121.085000,-16.9751
121.090000,-23.3162
121.095000,-34.7266
121.100000,-24.6764
121.105000,-21.1179
121.110000,-35.4467
121.115000,-37.7915
121.120000,-25.7463
121.125000,-37.8365
121.130000,-46.3663
121.135000,-28.7890
121.140000,-39.1719
121.145000,-35.7551
121.150000,-30.8216
121.155000,-21.0827
121.160000,-31.4986
121.165000,-19.7595
121.170000,-18.4573
121.175000,-26.4726
121.180000,-34.2234
121.185000,-23.5466
121.190000,-32.9352
121.195000,-47.7198
121.200000,-38.4613
121.205000,-34.1968
121.210000,-50.8816
121.215000,-34.5588
121.220000,-34.9785
121.225000,-45.8356
121.230000,-52.2217
121.235000,-27.4807
121.240000,-19.7388
121.245000,-14.9701
121.250000,-7.9746
121.255000,-17.2465
121.260000,-22.3188
121.265000,-14.8168
121.270000,-7.1366
121.275000,-19.2026
121.280000,-27.0712
121.285000,-5.8073
121.290000,-18.7997
121.295000,-25.9105
121.300000,-16.9643
121.305000,-15.6226
121.310000,-22.7741
121.315000,-10.5371
121.320000,-6.2691
121.325000,-15.6895
121.330000,-13.5614
121.335000,7.3014
121.340000,4.9889
121.345000,-3.1333
121.350000,5.2529
121.355000,21.4614
121.360000,10.9699
121.365000,27.0292
121.370000,23.3009
121.375000,18.6496
121.380000,16.7779
121.385000,30.9969
121.390000,28.9037
121.395000,11.6665
121.400000,23.4247
121.405000,21.0738
121.410000,-2.5018
121.415000,9.2181
121.420000,17.0329
121.425000,2.3764
121.430000,1.2102
121.435000,16.9623
121.440000,9.8504
121.445000,3.4973
121.450000,23.9478
121.455000,42.7262
121.460000,28.7583
121.465000,35.0702
121.470000,48.6696
121.475000,30.4492
121.480000,29.2644
121.485000,36.2017
121.490000,26.6991
121.495000,4.5211
121.500000,16.8126
121.505000,20.6517
121.510000,7.1248
121.515000,7.5147
121.520000,29.3206
121.525000,14.5787
121.530000,2.1761
121.535000,30.6557
121.540000,28.2509
121.545000,16.7858
121.550000,36.4797
121.555000,43.6596
121.560000,28.9438
121.565000,35.2701
121.570000,41.9758
121.575000,22.3842
121.580000,23.6291
121.585000,34.0417
121.590000,15.5097
121.595000,11.2863
121.600000,4.6978
121.605000,19.0506
121.610000,6.5413
121.615000,0.0674
121.620000,6.1861
121.625000,2.6362
121.630000,7.1919
121.635000,17.0614
121.640000,13.5988
121.645000,2.1474
121.650000,5.2688
121.655000,25.2009
121.660000,5.3854
121.665000,0.6996
121.670000,14.4605
121.675000,-0.6277
121.680000,-13.1451
121.685000,-6.5024
121.690000,-8.9355
121.695000,-24.3696
121.700000,-31.7506
121.705000,-24.9561
121.710000,-51.2622
121.715000,-39.9528
121.720000,-27.8803
121.725000,-36.3750
121.730000,-46.4658
121.735000,-36.3621
121.740000,-41.8880
121.745000,-40.5320
121.750000,-27.8608
121.755000,-15.7119
121.760000,-32.4937
121.765000,-29.0814
121.770000,-23.8038
121.775000,-46.7634
121.780000,-48.9844
121.785000,-38.6802
121.790000,-43.2994
121.795000,-67.9570
121.800000,-64.4722
121.805000,-66.0599
121.810000,-85.8162
121.815000,-74.1010
121.820000,-66.3325
121.825000,-78.5779
121.830000,-76.9045
121.835000,-56.3679
121.840000,-52.0262
121.845000,-67.2894
121.850000,-56.1343
121.855000,-45.8611
121.860000,-52.4935
121.865000,-38.7676
121.870000,-23.3101
121.875000,-38.2998
121.880000,-51.4715
121.885000,-36.8452
121.890000,-57.7911
121.895000,-73.8657
121.900000,-44.6517
121.905000,-46.4955
121.910000,-76.0974
121.915000,-62.8306
121.920000,-51.9065
121.925000,-68.9304
121.930000,-62.8895
121.935000,-52.7288
121.940000,-49.4803
121.945000,-54.9369
121.950000,-42.1362
121.955000,-33.2380
121.960000,-37.7243
121.965000,-32.5048
121.970000,-21.3800
121.975000,-29.9974
121.980000,-30.3325
121.985000,-15.0951
121.990000,-34.3555
121.995000,-41.7861
122.000000,-38.2873
122.005000,-28.4874
122.010000,-41.9425
122.015000,-21.0313
122.020000,-18.3740
122.025000,-17.4207
122.030000,-12.6779
122.035000,11.6682
122.040000,15.9402
122.045000,10.1914
122.050000,22.2656
122.055000,30.2972
122.060000,18.8344
122.065000,28.5602
122.070000,35.8988
122.075000,36.4130
122.080000,21.6139
122.085000,38.0927
122.090000,18.8525
122.095000,12.3452
122.100000,24.4139
122.105000,25.9530
122.110000,11.8061
122.115000,24.7573
122.120000,43.0395
122.125000,26.4890
122.130000,38.4189
122.135000,61.0253
122.140000,61.3337
122.145000,58.2592
122.150000,76.5181
122.155000,74.2420
122.160000,68.9957
122.165000,71.4018
122.170000,83.6848
122.175000,71.7756
122.180000,72.9704
122.185000,68.4189
122.190000,64.5274
122.195000,45.8335
122.200000,68.1505
122.205000,57.8473
122.210000,43.4272
122.215000,37.3353
122.220000,68.5994
122.225000,52.6723
122.230000,36.5174
122.235000,57.3546
122.240000,56.5922
122.245000,54.0307
122.250000,70.2058
122.255000,78.8379
122.260000,58.3212
122.265000,62.4420
122.270000,63.8526
122.275000,43.5819
122.280000,38.6871
122.285000,49.9957
122.290000,33.6223
122.295000,23.2944
122.300000,40.1958
122.305000,32.1310
122.310000,14.7207
122.315000,9.3388
122.320000,10.8285
122.325000,6.7681
122.330000,7.9966
122.335000,21.9572
122.340000,22.0691
122.345000,16.2027
122.350000,25.0058
122.355000,34.4528
122.360000,22.7450
122.365000,20.7415
122.370000,26.7833
122.375000,5.3842
122.380000,-10.5162
122.385000,3.3673
122.390000,-4.2110
122.395000,-27.9834
122.400000,-24.1177
122.405000,-25.2892
122.410000,-40.3560
122.415000,-38.1044
122.420000,-29.2652
122.425000,-39.2688
122.430000,-41.3842
122.435000,-29.5438
122.440000,-36.5914
122.445000,-41.6248
122.450000,-48.7143
122.455000,-36.4209
122.460000,-40.8182
122.465000,-32.8050
122.470000,-33.1009
122.475000,-55.9368
122.480000,-66.2851
122.485000,-47.7768
122.490000,-58.3646
122.495000,-73.3569
122.500000,-64.0277
122.505000,-63.8680
122.510000,-80.8797
122.515000,-69.9802
122.520000,-58.0279
122.525000,-75.7389
122.530000,-71.9064
122.535000,-54.5118
122.540000,-52.3503
122.545000,-67.3919
122.550000,-57.8665
122.555000,-37.6737
122.560000,-56.7782
122.565000,-59.8435
122.570000,-42.0029
122.575000,-45.6122
122.580000,-46.4038
122.585000,-28.1916
122.590000,-56.1289
122.595000,-62.0929
122.600000,-42.1208
122.605000,-50.5196
122.610000,-62.5100
122.615000,-51.0482
122.620000,-38.6927
122.625000,-46.0356
122.630000,-43.4457
122.635000,-15.2114
122.640000,-25.3795
122.645000,-32.1435
122.650000,-10.7893
122.655000,3.8975
122.660000,-7.6050
122.665000,1.6794
122.670000,18.3597
122.675000,8.8591
122.680000,0.7186
122.685000,18.2572
122.690000,8.3325
122.695000,-1.8794
122.700000,9.0358
122.705000,11.2228
122.710000,9.1843
122.715000,21.0169
122.720000,43.7103
122.725000,27.8218
122.730000,29.6837
122.735000,45.0462
122.740000,44.7106
122.745000,39.8395
122.750000,65.9824
122.755000,72.3250
122.760000,65.6734
122.765000,73.2589
122.770000,91.6040
122.775000,68.2331
122.780000,69.7489
122.785000,69.7825
122.790000,68.6984
122.795000,54.4696
122.800000,62.0528
122.805000,74.6419
122.810000,53.0891
122.815000,59.2700
122.820000,76.6055
122.825000,62.6203
122.830000,65.8977
122.835000,88.5031
122.840000,83.6647
122.845000,80.2312
122.850000,91.6869
122.855000,95.3199
122.860000,85.6017
122.865000,92.1059
122.870000,101.8088
122.875000,83.5839
122.880000,77.5878
122.885000,91.0070
122.890000,79.7881
122.895000,63.7938
122.900000,77.1153
122.905000,80.1720
122.910000,63.3337
122.915000,58.3015
122.920000,70.1082
122.925000,58.2748
122.930000,53.3889
122.935000,67.1221
122.940000,72.4261
122.945000,59.0524
122.950000,78.4555
122.955000,75.0827
122.960000,61.3240
122.965000,63.3092
122.970000,78.2522
122.975000,51.2099
122.980000,33.8722
122.985000,51.5641
122.990000,28.7516
122.995000,18.8520
123.000000,17.1394
123.005000,13.2466
123.010000,-6.0565
123.015000,-1.7894
123.020000,5.1496
123.025000,-18.7017
123.030000,-20.2989
123.035000,-1.0928
123.040000,-2.0720
123.045000,-19.9124
123.050000,0.2511
123.055000,0.3544
123.060000,-18.8901
123.065000,-10.1786
123.070000,1.2658
123.075000,-31.0244
123.080000,-31.4068
123.085000,-19.2073
123.090000,-32.1320
123.095000,-49.0357
123.100000,-42.3588
123.105000,-36.0945
123.110000,-60.9913
123.115000,-61.0591
123.120000,-43.8848
123.125000,-55.1406
123.130000,-62.0018
123.135000,-37.6026
123.140000,-40.2049
123.145000,-50.0482
123.150000,-42.9580
123.155000,-35.1303
123.160000,-57.7408
123.165000,-49.6140
123.170000,-51.1277
123.175000,-59.1651
123.180000,-63.8659
123.185000,-57.2379
123.190000,-66.0026
123.195000,-80.4418
123.200000,-68.2453
123.205000,-68.8354
123.210000,-89.5927
123.215000,-85.3817
123.220000,-71.9521
123.225000,-71.7938
123.230000,-80.3986
123.235000,-58.8071
123.240000,-67.3027
123.245000,-66.5537
123.250000,-43.0531
123.255000,-23.6528
123.260000,-47.9088
123.265000,-41.1309
123.270000,-29.4887
123.275000,-43.7623
123.280000,-38.9951
123.285000,-20.4820
123.290000,-31.8981
123.295000,-40.9922
123.300000,-35.8973
123.305000,-10.6454
123.310000,-22.3806
123.315000,-26.2721
123.320000,-19.8404
123.325000,-26.0213
123.330000,-24.0521
123.335000,5.5861
123.340000,0.9283
123.345000,-2.2698
123.350000,18.3272
123.355000,28.3469
123.360000,12.4917
123.365000,18.4319
123.370000,40.9106
123.375000,24.3430
123.380000,26.3022
123.385000,39.6471
123.390000,36.7993
123.395000,24.1969
123.400000,44.3991
123.405000,62.7298
123.410000,47.0663
123.415000,42.5916
123.420000,56.3396
123.425000,44.7945
123.430000,52.4027
123.435000,67.9171
123.440000,59.3326
123.445000,68.5893
123.450000,86.8974
123.455000,85.2973
123.460000,83.8183
123.465000,84.5179
123.470000,92.1619
123.475000,83.0155
123.480000,67.2705
123.485000,93.2296
123.490000,82.5086
123.495000,65.4068
123.500000,77.2055
123.505000,74.7293
123.510000,68.0953
123.515000,78.7910
123.520000,88.2358
123.525000,77.6958
123.530000,70.3994
123.535000,93.6089
123.540000,93.2944
123.545000,77.0625
123.550000,80.1917
123.555000,90.2912
123.560000,65.0465
123.565000,85.1646
123.570000,93.1029
123.575000,80.7334
123.580000,71.7803
123.585000,83.3418
123.590000,80.2958
123.595000,50.2318
123.600000,54.8864
123.605000,59.4155
123.610000,23.6908
123.615000,32.8588
123.620000,41.6693
123.625000,26.6981
123.630000,21.4911
123.635000,37.5038
123.640000,30.4670
123.645000,23.6139
123.650000,32.4166
123.655000,29.2500
123.660000,16.0364
123.665000,18.3114
123.670000,23.3148
123.675000,11.6303
123.680000,-6.2277
123.685000,5.8417
123.690000,2.7608
123.695000,-19.6304
123.700000,-9.2935
123.705000,-15.8650
123.710000,-31.4316
123.715000,-31.1095
123.720000,-20.5592
123.725000,-39.1382
123.730000,-44.1306
123.735000,-39.0454
123.740000,-32.6743
123.745000,-39.7552
123.750000,-28.0471
123.755000,-36.9672
123.760000,-47.7945
123.765000,-40.1610
123.770000,-42.0519
123.775000,-57.2457
123.780000,-59.8187
123.785000,-51.4553
123.790000,-58.5472
123.795000,-82.3980
123.800000,-67.6311
123.805000,-69.3931
123.810000,-78.1853
123.815000,-79.8101
123.820000,-63.4125
123.825000,-73.6896
123.830000,-87.0365
123.835000,-74.4426
123.840000,-88.4801
123.845000,-88.1764
123.850000,-71.6414
123.855000,-65.0605
123.860000,-89.3753
123.865000,-84.9118
123.870000,-64.6297
123.875000,-74.4646
123.880000,-73.1434
123.885000,-63.9762
123.890000,-69.4071
123.895000,-80.8614
123.900000,-72.8962
123.905000,-74.0167
123.910000,-81.0253
123.915000,-80.2578
123.920000,-67.1229
123.925000,-71.7535
123.930000,-75.8751
123.935000,-49.2442
123.940000,-47.6453
123.945000,-60.8388
123.950000,-47.6210
123.955000,-31.7811
123.960000,-42.5762
123.965000,-43.8802
123.970000,-19.4647
123.975000,-28.5441
123.980000,-34.1998
123.985000,-15.8778
123.990000,-29.5937
123.995000,-34.1829
124.000000,-16.5428
124.005000,3.8066
124.010000,-9.8413
124.015000,-4.4779
124.020000,14.1971
124.025000,-5.7231
124.030000,-1.0230
124.035000,10.8380
124.040000,21.4722
124.045000,13.8100
124.050000,27.4913
124.055000,43.8037
124.060000,30.6057
124.065000,33.9197
124.070000,56.0535
124.075000,40.4766
124.080000,44.9251
124.085000,61.9268
124.090000,49.4094
124.095000,36.5263
124.100000,44.2880
124.105000,55.2767
124.110000,40.6670
124.115000,49.9668
124.120000,65.2120
124.125000,57.9001
124.130000,60.9404
124.135000,82.7428
124.140000,83.0647
124.145000,78.3754
124.150000,91.0729
124.155000,86.0922
124.160000,75.1454
124.165000,85.9004
124.170000,88.1402
124.175000,73.9055
124.180000,73.1365
124.185000,87.4822
124.190000,75.3138
124.195000,58.9142
124.200000,74.4018
124.205000,86.2642
124.210000,67.5442
124.215000,63.9274
124.220000,82.0564
124.225000,64.6349
124.230000,62.9290
124.235000,69.4737
124.240000,59.6515
124.245000,52.0850
124.250000,62.4277
124.255000,58.9588
124.260000,44.6126
124.265000,53.3630
124.270000,45.0064
124.275000,32.7117
124.280000,27.7160
124.285000,37.2303
124.290000,28.6783
124.295000,17.3747
124.300000,18.2324
124.305000,11.8908
124.310000,-10.7213
124.315000,-8.5087
124.320000,8.6903
124.325000,-4.8182
124.330000,-9.4796
124.335000,-2.4265
124.340000,-1.7483
124.345000,-14.8909
124.350000,-6.4886
124.355000,-9.0098
124.360000,-24.6417
124.365000,-19.9645
124.370000,-12.9151
124.375000,-38.7796
124.380000,-41.2676
124.385000,-39.6346
124.390000,-46.3563
124.395000,-53.0657
124.400000,-43.6246
124.405000,-47.3717
124.410000,-47.4599
124.415000,-58.4931
124.420000,-43.1091
124.425000,-55.5773
124.430000,-66.8486
124.435000,-48.7054
124.440000,-53.9440
124.445000,-75.9528
124.450000,-63.1275
124.455000,-50.9210
124.460000,-74.0515
124.465000,-50.6171
124.470000,-56.7393
124.475000,-71.2967
124.480000,-75.6128
124.485000,-68.5775
124.490000,-62.0588
124.495000,-87.4072
124.500000,-64.2357
124.505000,-72.7743
124.510000,-99.1351
124.515000,-90.0003
124.520000,-81.0014
124.525000,-100.4772
124.530000,-87.8207
124.535000,-69.6481
124.540000,-73.3142
124.545000,-89.7330
124.550000,-76.8353
124.555000,-80.5017
124.560000,-75.9535
124.565000,-76.8434
124.570000,-56.3144
124.575000,-75.1427
124.580000,-67.8007
124.585000,-60.3942
124.590000,-60.1769
124.595000,-84.6676
124.600000,-59.2995
124.605000,-59.9208
124.610000,-74.1063
124.615000,-69.5596
124.620000,-58.8592
124.625000,-64.5158
124.630000,-71.2722
124.635000,-50.6762
124.640000,-39.7977
124.645000,-49.4789
124.650000,-24.8475
124.655000,-15.5042
124.660000,-21.1667
124.665000,-17.4670
124.670000,4.5147
124.675000,-7.5377
124.680000,-7.6668
124.685000,7.3195
124.690000,-3.4009
124.695000,-11.7013
124.700000,1.2169
124.705000,2.6509
124.710000,-7.1697
124.715000,-1.3739
124.720000,10.8038
124.725000,13.3745
124.730000,14.0152
124.735000,37.3597
124.740000,42.9371
124.745000,32.5109
124.750000,46.7776
124.755000,50.5174
124.760000,44.6393
124.765000,40.4413
124.770000,61.7773
124.775000,57.3216
124.780000,48.8645
124.785000,62.4747
124.790000,55.4283
124.795000,50.2516
124.800000,63.9943
124.805000,61.9479
124.810000,36.9026
124.815000,50.2737
124.820000,65.6491
124.825000,53.3532
124.830000,48.2958
124.835000,68.1709
124.840000,66.0116
124.845000,67.8131
124.850000,80.9260
124.855000,83.5646
124.860000,61.2218
124.865000,67.5593
124.870000,76.4192
124.875000,68.7228
124.880000,65.0688
124.885000,74.4377
124.890000,64.0628
124.895000,48.7495
124.900000,64.6283
124.905000,64.1548
124.910000,46.4048
124.915000,46.9347
124.920000,53.1915
124.925000,41.7135
124.930000,37.9319
124.935000,56.5215
124.940000,48.6361
124.945000,33.7324
124.950000,42.7181
124.955000,40.4814
124.960000,28.0867
124.965000,33.9544
124.970000,34.3572
124.975000,15.3136
124.980000,16.3148
124.985000,21.9376
124.990000,16.6289
124.995000,-10.4424
125.000000,11.2511
125.005000,10.3163
125.010000,-19.9894
125.015000,-16.3641
125.020000,-5.0689
125.025000,-2.5331
125.030000,-21.0317
125.035000,-14.8443
125.040000,-12.4518
125.045000,-27.1796
125.050000,-9.5581
125.055000,-15.4080
125.060000,-19.2304
125.065000,-24.6906
125.070000,-18.3413
125.075000,-32.0353
125.080000,-50.7631
125.085000,-28.7227
125.090000,-42.9854
125.095000,-49.6158
125.100000,-34.7309
125.105000,-43.0737
125.110000,-61.3344
125.115000,-59.7338
125.120000,-55.1678
125.125000,-71.6588
125.130000,-67.5897
125.135000,-59.3842
125.140000,-56.6606
125.145000,-69.1578
125.150000,-51.9782
125.155000,-53.0000
125.160000,-56.9837
125.165000,-52.9306
125.170000,-49.4203
125.175000,-58.4630
125.180000,-54.7630
125.185000,-59.1341
125.190000,-51.7710
125.195000,-74.5917
125.200000,-56.1464
125.205000,-56.8872
125.210000,-71.0507
125.215000,-70.5379
125.220000,-56.0454
125.225000,-67.9753
125.230000,-69.3734
125.235000,-48.9133
125.240000,-36.4996
125.245000,-41.4008
125.250000,-30.0711
125.255000,-27.0033
125.260000,-44.3630
125.265000,-35.0970
125.270000,-25.0353
125.275000,-39.4349
125.280000,-32.9368
125.285000,-18.4901
125.290000,-28.2166
125.295000,-46.1937
125.300000,-25.4253
125.305000,-15.8524
125.310000,-29.0450
125.315000,-23.0044
125.320000,-12.7960
125.325000,-15.0111
125.330000,-10.2046
125.335000,0.4509
125.340000,-2.1037
125.345000,-9.1057
125.350000,11.1198
125.355000,29.5108
125.360000,12.4928
125.365000,26.7956
125.370000,34.7073
125.375000,26.2053
125.380000,30.6270
125.385000,42.0942
125.390000,31.7921
125.395000,16.2332
125.400000,36.5156
125.405000,32.7502
125.410000,6.5166
125.415000,12.4222
125.420000,21.3093
125.425000,16.4034
125.430000,8.4378
125.435000,22.5332
125.440000,22.9829
125.445000,19.2079
125.450000,41.5542
125.455000,46.8614
125.460000,47.2792
125.465000,52.1020
125.470000,58.8825
125.475000,44.9282
125.480000,42.3418
125.485000,47.5516
125.490000,49.3919
125.495000,23.2434
125.500000,42.5107
125.505000,38.8681
125.510000,21.6926
125.515000,33.2982
125.520000,41.5294
125.525000,19.6460
125.530000,14.5880
125.535000,43.0199
125.540000,40.6161
125.545000,32.4186
125.550000,43.1747
125.555000,49.5868
125.560000,38.0801
125.565000,40.6303
125.570000,52.1348
125.575000,30.3396
125.580000,29.9210
125.585000,40.4960
125.590000,21.8402
125.595000,10.7398
125.600000,17.7910
125.605000,24.5606
125.610000,9.0853
125.615000,10.0166
125.620000,15.2817
125.625000,6.1727
125.630000,4.5405
125.635000,19.1387
125.640000,15.6286
125.645000,8.4515
125.650000,12.6542
125.655000,24.4371
125.660000,1.9217
125.665000,8.3456
125.670000,17.1786
125.675000,-3.1006
125.680000,-8.9081
125.685000,8.1367
125.690000,-6.5813
125.695000,-18.9914
125.700000,-31.9774
125.705000,-30.0313
125.710000,-42.0712
125.715000,-41.0379
125.720000,-25.8336
125.725000,-42.9850
125.730000,-42.9032
125.735000,-28.2873
125.740000,-40.2108
125.745000,-47.3873
125.750000,-35.2118
125.755000,-22.5098
125.760000,-35.4386
125.765000,-29.8216
125.770000,-27.3919
125.775000,-43.0842
125.780000,-51.1571
125.785000,-44.2593
125.790000,-44.9516
125.795000,-64.8375
125.800000,-62.5517
125.805000,-63.5563
125.810000,-82.8647
125.815000,-86.8821
125.820000,-76.7830
125.825000,-74.3548
125.830000,-74.9031
125.835000,-58.2869
125.840000,-62.3490
125.845000,-64.2269
125.850000,-55.3842
125.855000,-41.8353
125.860000,-51.2139
125.865000,-37.0386
125.870000,-28.6652
125.875000,-43.2473
125.880000,-40.1289
125.885000,-39.0695
125.890000,-54.0991
125.895000,-59.2540
125.900000,-42.0018
125.905000,-43.1848
125.910000,-65.1281
125.915000,-59.5204
125.920000,-54.3082
125.925000,-58.7176
125.930000,-65.4871
125.935000,-47.1351
125.940000,-50.4534
125.945000,-64.7526
125.950000,-33.7916
125.955000,-31.2133
125.960000,-41.0330
125.965000,-27.1014
125.970000,-19.0600
125.975000,-28.3205
125.980000,-33.0586
125.985000,-12.4956
125.990000,-20.0066
125.995000,-45.5326
126.000000,-28.5318
126.005000,-22.6872
126.010000,-33.5735
126.015000,-30.3072
126.020000,-7.9102
126.025000,-23.2676
126.030000,-6.4307
126.035000,2.4026
126.040000,8.8843
126.045000,-1.0341
126.050000,22.3967
126.055000,28.9719
126.060000,23.3308
126.065000,17.2893
126.070000,34.1530
126.075000,35.0528
126.080000,13.6199
126.085000,29.7891
126.090000,17.2868
126.095000,8.4072
126.100000,8.5115
126.105000,18.6271
126.110000,7.5874
126.115000,9.2280
126.120000,34.5956
126.125000,19.7289
126.130000,19.0826
126.135000,51.5460
126.140000,58.1114
126.145000,38.7647
126.150000,55.4671
126.155000,67.3455
126.160000,47.8911
126.165000,58.4083
126.170000,66.9587
126.175000,63.1784
126.180000,50.7913
126.185000,61.4723
126.190000,41.1309
126.195000,43.4108
126.200000,36.7413
126.205000,43.4697
126.210000,33.2688
126.215000,31.0269
126.220000,45.5953
126.225000,38.8666
126.230000,32.6599
126.235000,48.8986
126.240000,49.5771
126.245000,38.7220
126.250000,55.2678
126.255000,63.9806
126.260000,44.0541
126.265000,42.2143
126.270000,55.0144
126.275000,41.7059
126.280000,23.8378
126.285000,39.2974
126.290000,24.6388
126.295000,13.4948
126.300000,26.5666
126.305000,26.7343
126.310000,6.2776
126.315000,3.8893
126.320000,14.5810
126.325000,10.4352
126.330000,8.0101
126.335000,14.8399
126.340000,30.8562
126.345000,13.6095
126.350000,27.9025
126.355000,34.5361
126.360000,19.9968
126.365000,28.8633
126.370000,23.5085
126.375000,15.0013
126.380000,-3.3400
126.385000,10.7988
126.390000,5.9139
126.395000,-15.8017
126.400000,-12.0053
126.405000,-7.2571
126.410000,-24.4455
126.415000,-27.9810
126.420000,-22.3196
126.425000,-26.5824
126.430000,-29.6438
126.435000,-10.3783
126.440000,-18.5532
126.445000,-33.6475
126.450000,-22.4088
126.455000,-6.1818
126.460000,-18.8203
126.465000,-14.6472
126.470000,-15.1424
126.475000,-22.0677
126.480000,-29.6216
126.485000,-19.5255
126.490000,-24.1504
126.495000,-41.9090
126.500000,-43.0359
126.505000,-35.1924
126.510000,-56.5200
126.515000,-47.8154
126.520000,-34.3714
126.525000,-35.6503
126.530000,-52.3577
126.535000,-37.6630
126.540000,-25.5446
126.545000,-31.5859
126.550000,-20.0161
126.555000,-14.1268
126.560000,-28.9865
126.565000,-22.7345
126.570000,-12.8364
126.575000,-19.6184
126.580000,-25.7749
126.585000,-11.5653
126.590000,-20.8545
126.595000,-46.7292
126.600000,-32.0693
126.605000,-28.5045
126.610000,-37.6474
126.615000,-27.8660
126.620000,-26.1026
126.625000,-33.0094
126.630000,-30.3105
126.635000,-14.1842
126.640000,-13.7672
126.645000,-19.2893
126.650000,-4.5595
126.655000,17.3180
126.660000,-6.3717
126.665000,9.1990
126.670000,27.8167
126.675000,6.7660
126.680000,4.0952
126.685000,14.5233
126.690000,-3.9303
126.695000,-9.6292
126.700000,0.0387
126.705000,6.7603
126.710000,-2.4280
126.715000,9.4301
126.720000,26.0409
126.725000,16.7514
126.730000,21.9716
126.735000,28.0378
126.740000,28.3228
126.745000,21.3102
126.750000,42.5738
126.755000,58.6972
126.760000,47.6993
126.765000,53.4197
126.770000,60.9953
126.775000,36.9277
126.780000,44.1858
126.785000,44.0225
126.790000,31.4725
126.795000,23.3752
126.800000,45.2221
126.805000,36.8646
126.810000,18.1977
126.815000,32.3740
126.820000,41.5312
126.825000,25.5971
126.830000,27.2581
126.835000,51.1750
126.840000,51.0845
126.845000,52.6093
126.850000,52.4012
126.855000,44.7255
126.860000,44.7938
126.865000,55.8881
126.870000,71.1810
126.875000,52.3876
126.880000,46.6879
126.885000,55.9022
126.890000,41.2608
126.895000,28.4538
126.900000,41.7125
126.905000,47.7331
126.910000,20.8962
126.915000,30.2822
126.920000,34.0973
126.925000,20.7058
126.930000,21.6638
126.935000,47.0203
126.940000,45.9460
126.945000,38.7093
126.950000,57.9152
126.955000,52.5274
126.960000,39.4189
126.965000,48.9550
126.970000,59.7929
126.975000,47.3117
126.980000,23.7338
126.985000,30.3881
126.990000,20.2113
126.995000,12.3352
127.000000,13.3214
127.005000,14.6048
127.010000,1.8853
127.015000,-4.7865
127.020000,0.0630
127.025000,-17.3213
127.030000,-11.7355
127.035000,2.9757
127.040000,-0.4977
127.045000,-8.5139
127.050000,12.7428
127.055000,15.7191
127.060000,-9.3069
127.065000,13.0288
127.070000,19.5782
127.075000,-5.5319
127.080000,-14.8318
127.085000,15.5269
127.090000,-1.6585
127.095000,-26.6308
127.100000,-4.9872
127.105000,-2.0363
127.110000,-25.8899
127.115000,-16.1727
127.120000,-12.9973
127.125000,-28.3473
127.130000,-26.0583
127.135000,-6.4751
127.140000,-6.1951
127.145000,-10.8944
127.150000,-3.0782
127.155000,10.8199
127.160000,-14.1418
127.165000,-6.0232
127.170000,-2.3441
127.175000,-9.8369
127.180000,-17.8129
127.185000,-15.9289
127.190000,-23.5592
127.195000,-42.5757
127.200000,-27.9820
127.205000,-30.4377
127.210000,-49.1776
127.215000,-37.7736
127.220000,-31.4538
127.225000,-41.3146
127.230000,-37.4048
127.235000,-16.8558
127.240000,-28.7412
127.245000,-29.6876
127.250000,-10.8367
127.255000,6.2791
127.260000,-12.2496
127.265000,-13.1751
127.270000,-0.7771
127.275000,-7.3278
127.280000,-15.6863
127.285000,-0.2447
127.290000,-14.5689
127.295000,-18.2011
127.300000,-18.3199
127.305000,-7.2233
127.310000,-9.3961
127.315000,-14.9626
127.320000,-6.4168
127.325000,-13.1952
127.330000,-20.7684
127.335000,10.2703
127.340000,4.1741
127.345000,5.8604
127.350000,15.6379
127.355000,27.7710
127.360000,12.6865
127.365000,17.9269
127.370000,27.8977
127.375000,14.2102
127.380000,10.3603
127.385000,23.9173
127.390000,26.7565
127.395000,-9.2012
127.400000,18.1760
127.405000,27.2168
127.410000,12.9830
127.415000,13.6049
127.420000,24.1433
127.425000,15.1421
127.430000,21.3520
127.435000,40.3640
127.440000,26.6401
127.445000,32.4914
127.450000,52.6791
127.455000,45.1391
127.460000,28.0607
127.465000,42.7650
127.470000,53.9548
127.475000,35.5133
127.480000,30.9174
127.485000,48.5035
127.490000,31.6341
127.495000,19.5961
127.500000,30.9362
127.505000,36.9225
127.510000,25.7420
127.515000,31.1270
127.520000,41.7755
127.525000,24.9297
127.530000,33.9962
127.535000,56.9512
127.540000,51.6365
127.545000,35.8782
127.550000,45.3211
127.555000,49.8188
127.560000,33.8608
127.565000,43.5481
127.570000,47.5553
127.575000,40.1164
127.580000,33.0536
127.585000,51.4880
127.590000,45.6747
127.595000,23.3632
127.600000,26.9495
127.605000,22.0654
127.610000,11.5427
127.615000,7.1981
127.620000,11.4010
127.625000,-1.6991
127.630000,8.0188
127.635000,17.4314
127.640000,18.6887
127.645000,7.0024
127.650000,18.2139
127.655000,20.8297
127.660000,4.7045
127.665000,15.9547
127.670000,20.4842
127.675000,3.1189
127.680000,2.1886
127.685000,15.1053
127.690000,8.8039
127.695000,-18.6388
127.700000,-8.9457
127.705000,-3.5199
127.710000,-19.7554
127.715000,-16.8947
127.720000,-8.0990
127.725000,-18.6755
127.730000,-25.8967
127.735000,-14.8671
127.740000,-10.9640
127.745000,-13.1846
127.750000,1.0391
127.755000,1.6561
127.760000,-17.3350
127.765000,-17.0272
127.770000,-4.2514
127.775000,-23.1062
127.780000,-28.5654
127.785000,-8.6971
127.790000,-21.0201
127.795000,-31.5462
127.800000,-41.9655
127.805000,-29.8501
127.810000,-42.0129
127.815000,-39.1582
127.820000,-24.7908
127.825000,-39.3599
127.830000,-39.1336
127.835000,-27.3767
127.840000,-48.4889
127.845000,-48.7647
127.850000,-33.0126
127.855000,-18.8673
127.860000,-38.5023
127.865000,-37.5480
127.870000,-23.3125
127.875000,-25.5163
127.880000,-34.9368
127.885000,-15.9916
127.890000,-28.6761
127.895000,-37.5838
127.900000,-28.4949
127.905000,-39.0341
127.910000,-53.2609
127.915000,-43.4262
127.920000,-32.3618
127.925000,-38.5295
127.930000,-42.3910
127.935000,-22.8335
127.940000,-25.8325
127.945000,-35.1367
127.950000,-31.9461
127.955000,-9.9276
127.960000,-23.4994
127.965000,-17.3065
127.970000,-11.4354
127.975000,-14.5855
127.980000,-23.8124
127.985000,-6.7609
127.990000,-22.4123
127.995000,-31.6574
128.000000,-9.2769
128.005000,0.0703
128.010000,-12.9480
128.015000,-2.3672
128.020000,-0.4562
128.025000,-5.8361
128.030000,-5.2965
128.035000,11.8991
128.040000,-1.1624
128.045000,-0.8572
128.050000,22.1128
128.055000,33.9787
128.060000,18.2093
128.065000,21.2263
128.070000,34.7795
128.075000,21.4245
128.080000,20.0734
128.085000,38.2025
128.090000,24.5578
128.095000,11.2105
128.100000,27.2547
128.105000,27.0110
128.110000,11.1880
128.115000,29.3352
128.120000,40.1129
128.125000,19.4512
128.130000,34.1085
128.135000,45.0740
128.140000,47.1429
128.145000,46.6167
128.150000,56.7204
128.155000,56.5373
128.160000,39.1748
128.165000,48.1601
128.170000,53.7091
128.175000,35.8253
128.180000,41.0848
128.185000,50.4314
128.190000,44.4000
128.195000,23.9016
128.200000,30.2191
128.205000,39.3100
128.210000,28.4461
128.215000,30.4993
128.220000,41.9102
128.225000,30.2765
128.230000,21.0801
128.235000,38.0874
128.240000,36.3193
128.245000,23.7450
128.250000,39.1608
128.255000,40.2834
128.260000,20.4854
128.265000,20.2378
128.270000,24.3330
128.275000,16.6482
128.280000,12.8049
128.285000,21.7941
128.290000,14.2652
128.295000,-2.5200
128.300000,7.4922
128.305000,5.5331
128.310000,-14.6953
128.315000,-10.1001
128.320000,-2.4857
128.325000,-5.6009
128.330000,-18.9452
128.335000,1.3889
128.340000,1.3606
128.345000,-7.2003
128.350000,-1.9966
128.355000,-0.4768
128.360000,-21.6635
128.365000,-18.9509
128.370000,-10.7395
128.375000,-23.8533
128.380000,-39.2971
128.385000,-27.4595
128.390000,-36.4862
128.395000,-47.3674
128.400000,-43.5773
128.405000,-36.8555
128.410000,-40.5744
128.415000,-39.9530
128.420000,-29.2041
128.425000,-38.5702
128.430000,-40.6950
128.435000,-27.0029
128.440000,-29.8405
128.445000,-46.1953
128.450000,-42.2474
128.455000,-30.5980
128.460000,-48.2595
128.465000,-44.4156
128.470000,-28.0941
128.475000,-52.6690
128.480000,-64.0431
128.485000,-47.6803
128.490000,-43.5185
128.495000,-61.7877
128.500000,-52.8600
128.505000,-52.3312
128.510000,-78.3556
128.515000,-72.1060
128.520000,-56.9703
128.525000,-67.8275
128.530000,-76.4422
128.535000,-53.8748
128.540000,-57.1699
128.545000,-66.1758
128.550000,-52.3380
128.555000,-59.6254
128.560000,-66.6588
128.565000,-58.1040
128.570000,-41.2304
128.575000,-58.9858
128.580000,-59.9020
128.585000,-39.2739
128.590000,-45.1221
128.595000,-59.2428
128.600000,-47.5116
128.605000,-46.3728
128.610000,-62.9543
128.615000,-62.4278
128.620000,-51.9603
128.625000,-62.6400
128.630000,-63.2613
128.635000,-40.6893
128.640000,-43.0412
128.645000,-43.8717
128.650000,-27.3026
128.655000,-14.7956
128.660000,-23.0319
128.665000,-9.0610
128.670000,-1.8607
128.675000,-5.7788
128.680000,-18.3799
128.685000,5.6936
128.690000,-5.8063
128.695000,-11.0601
128.700000,-4.6532
128.705000,-3.6480
128.710000,-11.0020
128.715000,-5.5933
128.720000,12.9513
128.725000,3.2652
128.730000,10.6080
128.735000,37.1604
128.740000,30.3463
128.745000,21.7822
128.750000,44.8166
128.755000,45.6342
128.760000,32.1896
128.765000,41.5600
128.770000,60.1171
128.775000,44.8600
128.780000,48.5290
128.785000,52.1184
128.790000,53.3237
128.795000,38.6973
128.800000,61.3226
128.805000,50.4264
128.810000,32.4824
128.815000,38.0597
128.820000,56.6877
128.825000,37.8448
128.830000,45.6698
128.835000,61.6257
128.840000,63.8449
128.845000,58.7661
128.850000,68.4927
128.855000,75.8498
128.860000,49.3576
128.865000,64.6277
128.870000,63.6783
128.875000,57.5052
128.880000,52.6511
128.885000,61.7898
128.890000,57.1448
128.895000,51.2259
128.900000,57.2398
128.905000,59.0081
128.910000,44.8605
128.915000,45.3889
128.920000,47.5078
128.925000,37.7869
128.930000,35.9261
128.935000,52.9111
128.940000,42.3287
128.945000,32.1050
128.950000,37.4421
128.955000,46.2846
128.960000,26.9653
128.965000,34.3548
128.970000,36.1670
128.975000,25.4859
128.980000,13.5750
128.985000,20.0158
128.990000,13.3079
128.995000,-7.8626
129.000000,4.6993
129.005000,6.4269
129.010000,-21.9662
129.015000,-21.8711
129.020000,-10.8936
129.025000,-14.6620
129.030000,-21.6672
129.035000,2.5037
129.040000,-14.6963
129.045000,-24.7565
129.050000,-14.3651
129.055000,-9.0737
129.060000,-25.5700
129.065000,-19.7590
129.070000,-12.4017
129.075000,-26.1111
129.080000,-45.4724
129.085000,-35.4426
129.090000,-47.9011
129.095000,-47.3558
129.100000,-43.5159
129.105000,-43.6066
129.110000,-66.6472
129.115000,-66.6091
129.120000,-48.0729
129.125000,-67.3552
129.130000,-67.8014
129.135000,-66.2325
129.140000,-64.8526
129.145000,-71.6198
129.150000,-55.2454
129.155000,-55.1507
129.160000,-57.1280
129.165000,-64.8921
129.170000,-53.2057
129.175000,-58.6168
129.180000,-66.0044
129.185000,-63.0628
129.190000,-65.3774
129.195000,-75.4107
129.200000,-62.1865
129.205000,-54.6474
129.210000,-83.8918
129.215000,-74.1368
129.220000,-63.0485
129.225000,-67.3070
129.230000,-75.3092
129.235000,-59.7449
129.240000,-41.4477
129.245000,-44.8636
129.250000,-45.5537
129.255000,-42.5224
129.260000,-57.9191
129.265000,-38.6062
129.270000,-31.7982
129.275000,-38.5785
129.280000,-41.0870
129.285000,-21.9661
129.290000,-31.7713
129.295000,-43.8607
129.300000,-23.4269
129.305000,-24.4763
129.310000,-37.7639
129.315000,-22.2317
129.320000,-15.4089
129.325000,-18.0858
129.330000,-21.3225
129.335000,3.0017
129.340000,2.1048
129.345000,-7.2131
129.350000,16.8365
129.355000,28.5280
129.360000,12.9178
129.365000,23.4241
129.370000,42.5461
129.375000,26.6877
129.380000,30.8840
129.385000,44.4665
129.390000,40.4980
129.395000,31.1676
129.400000,41.2374
129.405000,44.2388
129.410000,21.8105
129.415000,27.3427
129.420000,37.1705
129.425000,26.2507
129.430000,28.5733
129.435000,40.2434
129.440000,45.2249
129.445000,39.9913
129.450000,55.2717
129.455000,70.2838
129.460000,56.2712
129.465000,64.3098
129.470000,72.0260
129.475000,59.5168
129.480000,58.9857
129.485000,70.8699
129.490000,55.5373
129.495000,39.2707
129.500000,51.9656
129.505000,53.9147
129.510000,39.3643
129.515000,44.8796
129.520000,59.0329
129.525000,42.6730
129.530000,35.7070
129.535000,67.5096
129.540000,58.3724
129.545000,45.1665
129.550000,65.4265
129.555000,66.7820
129.560000,59.9782
129.565000,65.8426
129.570000,71.1142
129.575000,53.8288
129.580000,38.2636
129.585000,55.2157
129.590000,54.8241
129.595000,36.6720
129.600000,30.1006
129.605000,40.2067
129.610000,16.3715
129.615000,27.5528
129.620000,35.5408
129.625000,19.5839
129.630000,18.3347
129.635000,35.4152
129.640000,31.7630
129.645000,10.5871
129.650000,28.6941
129.655000,28.6147
129.660000,21.8602
129.665000,21.8460
129.670000,16.3378
129.675000,5.7861
129.680000,-6.8975
129.685000,-1.3446
129.690000,-1.9398
129.695000,-33.9685
129.700000,-34.7855
129.705000,-33.5133
129.710000,-61.5203
129.715000,-50.6129
129.720000,-31.0628
129.725000,-47.8013
129.730000,-55.6327
129.735000,-49.6914
129.740000,-48.1074
129.745000,-58.2725
129.750000,-41.5888
129.755000,-43.8477
129.760000,-59.8477
129.765000,-50.5907
129.770000,-54.0962
129.775000,-66.9544
129.780000,-77.0592
129.785000,-68.1508
129.790000,-69.5959
129.795000,-87.2559
129.800000,-92.8959
129.805000,-92.2890
129.810000,-107.9260
129.815000,-104.7097
129.820000,-91.2375
129.825000,-114.4905
129.830000,-100.5240
129.835000,-89.1354
129.840000,-94.4392
129.845000,-96.8122
129.850000,-78.9681
129.855000,-69.2156
129.860000,-83.5188
129.865000,-66.5516
129.870000,-61.2283
129.875000,-83.4464
129.880000,-77.5829
129.885000,-66.8517
129.890000,-85.6502
129.895000,-87.9885
129.900000,-74.4025
129.905000,-77.3340
129.910000,-95.4242
129.915000,-88.6871
129.920000,-78.1075
129.925000,-86.0680
129.930000,-88.3737
129.935000,-64.7672
129.940000,-67.1891
129.945000,-79.9730
129.950000,-57.3447
129.955000,-45.2548
129.960000,-54.0224
129.965000,-48.9158
129.970000,-32.1098
129.975000,-34.1400
129.980000,-42.8748
129.985000,-23.7837
129.990000,-38.0604
129.995000,-50.0968
130.000000,-40.0930
130.005000,-26.8331
130.010000,-34.9638
130.015000,-22.8816
130.020000,-8.8403
130.025000,-16.0424
130.030000,-1.9937
130.035000,24.7820
130.040000,21.1305
130.045000,8.0691
130.050000,24.3516
130.055000,34.9138
130.060000,34.1189
130.065000,38.4964
130.070000,43.6187
130.075000,47.4971
130.080000,43.1285
130.085000,51.4479
130.090000,40.8452
130.095000,28.6666
130.100000,55.4714
130.105000,47.1866
130.110000,29.4405
130.115000,50.3817
130.120000,68.7109
130.125000,55.1802
130.130000,59.4495
130.135000,90.8945
130.140000,84.1864
130.145000,81.4874
130.150000,91.2443
130.155000,95.1984
130.160000,99.5864
130.165000,93.2220
130.170000,107.4399
130.175000,96.8611
130.180000,94.8600
130.185000,97.1419
130.190000,84.4343
130.195000,71.3026
130.200000,86.8726
130.205000,84.4978
130.210000,63.8223
130.215000,71.4275
130.220000,83.7276
130.225000,79.0192
130.230000,65.1734
130.235000,78.8267
130.240000,72.6670
130.245000,79.9493
130.250000,86.1945
130.255000,94.4419
130.260000,69.0744
130.265000,74.0591
130.270000,83.3743
130.275000,59.3123
130.280000,52.5314
130.285000,58.1059
130.290000,48.9227
130.295000,33.3212
130.300000,39.1143
130.305000,43.1928
130.310000,19.6844
130.315000,22.0858
130.320000,23.0312
130.325000,8.4252
130.330000,16.6057
130.335000,31.1197
130.340000,24.5749
130.345000,19.9080
130.350000,24.9479
130.355000,29.1642
130.360000,19.4617
130.365000,20.4140
130.370000,24.1939
130.375000,2.0040
130.380000,-7.4526
130.385000,-13.6005
130.390000,-14.7045
130.395000,-36.6389
130.400000,-30.1556
130.405000,-36.0013
130.410000,-48.1304
130.415000,-54.1365
130.420000,-36.7094
130.425000,-50.1304
130.430000,-65.3859
130.435000,-46.8396
130.440000,-48.5709
130.445000,-52.9619
130.450000,-51.8692
130.455000,-41.5841
130.460000,-56.7806
130.465000,-58.8745
130.470000,-55.9325
130.475000,-63.7093
130.480000,-75.6422
130.485000,-67.2370
130.490000,-79.6190
130.495000,-91.4636
130.500000,-86.9067
130.505000,-77.2422
130.510000,-96.5338
130.515000,-82.8140
130.520000,-77.7887
130.525000,-81.3675
130.530000,-95.6958
130.535000,-75.3488
130.540000,-75.9163
130.545000,-86.9666
130.550000,-64.6080
130.555000,-53.6881
130.560000,-74.3300
130.565000,-72.7500
130.570000,-55.7152
130.575000,-52.0193
130.580000,-61.3855
130.585000,-38.7927
130.590000,-54.7159
130.595000,-77.7563
130.600000,-55.6472
130.605000,-58.4348
130.610000,-67.5163
130.615000,-55.3506
130.620000,-48.2716
130.625000,-57.3756
130.630000,-44.4775
130.635000,-33.6250
130.640000,-20.9903
130.645000,-31.8607
130.650000,-12.5427
130.655000,1.8043
130.660000,-10.2183
130.665000,1.2531
130.670000,16.3639
130.675000,6.4263
130.680000,1.7061
130.685000,17.9159
130.690000,5.1182
130.695000,-2.3446
130.700000,2.7530
130.705000,18.6953
130.710000,5.3302
130.715000,21.3514
130.720000,39.4118
130.725000,32.1974
130.730000,34.6202
130.735000,52.9905
130.740000,55.6059
130.745000,49.0499
130.750000,65.6902
130.755000,88.4776
130.760000,68.9910
130.765000,84.7257
130.770000,93.0731
130.775000,74.1973
130.780000,68.3445
130.785000,82.2703
130.790000,86.7571
130.795000,57.8337
130.800000,80.4633
130.805000,75.2407
130.810000,64.6454
130.815000,76.0487
130.820000,80.6987
130.825000,70.0227
130.830000,66.6694
130.835000,92.3084
130.840000,92.3362
130.845000,82.0821
130.850000,95.1833
130.855000,97.1636
130.860000,85.3769
130.865000,102.0389
130.870000,109.2244
130.875000,93.2328
130.880000,90.0319
130.885000,103.9926
130.890000,89.8130
130.895000,72.2020
130.900000,74.4744
130.905000,78.1646
130.910000,66.7389
130.915000,61.8232
130.920000,70.6689
130.925000,56.5864
130.930000,48.8617
130.935000,72.8318
130.940000,68.6300
130.945000,78.4263
130.950000,82.3779
130.955000,71.7237
130.960000,57.4712
130.965000,71.2777
130.970000,70.7618
130.975000,58.6648
130.980000,37.4856
130.985000,48.2764
130.990000,31.6555
130.995000,17.7814
131.000000,15.6655
131.005000,8.5780
131.010000,-5.6635
131.015000,-15.9743
131.020000,0.9305
131.025000,-14.4524
131.030000,-17.9780
131.035000,0.0187
131.040000,-11.6411
131.045000,-14.5430
131.050000,-2.7073
131.055000,6.4544
131.060000,-11.4331
131.065000,-5.9543
131.070000,8.1697
131.075000,-22.1414
131.080000,-28.8613
131.085000,-21.7719
131.090000,-27.0849
131.095000,-53.7985
131.100000,-35.3232
131.105000,-41.2786
131.110000,-60.3826
131.115000,-51.6088
131.120000,-49.2122
131.125000,-59.6147
131.130000,-58.1709
131.135000,-36.0293
131.140000,-38.2070
131.145000,-49.2159
131.150000,-33.5669
131.155000,-37.5859
131.160000,-49.7688
131.165000,-40.5839
131.170000,-39.1185
131.175000,-48.8935
131.180000,-67.4763
131.185000,-56.0701
131.190000,-71.6003
131.195000,-80.7831
131.200000,-69.6922
131.205000,-60.4252
131.210000,-89.5697
131.215000,-80.0305
131.220000,-70.7109
131.225000,-78.0859
131.230000,-77.5620
131.235000,-51.4953
131.240000,-49.2013
131.245000,-59.6744
131.250000,-32.6096
131.255000,-27.0323
131.260000,-35.8883
131.265000,-27.3032
131.270000,-24.8786
131.275000,-36.4164
131.280000,-32.9999
131.285000,-25.4503
131.290000,-19.7573
131.295000,-47.4076
131.300000,-32.8078
131.305000,-20.7503
131.310000,-22.3961
131.315000,-31.0047
131.320000,-19.4336
131.325000,-20.9073
131.330000,-24.2089
131.335000,3.9820
131.340000,12.3967
131.345000,-7.1260
131.350000,23.0023
131.355000,29.4190
131.360000,18.3699
131.365000,26.7100
131.370000,39.6572
131.375000,27.1715
131.380000,23.0112
131.385000,36.0127
131.390000,25.9167
131.395000,20.6554
131.400000,34.9425
131.405000,47.3741
131.410000,29.4443
131.415000,31.8948
131.420000,50.8839
131.425000,40.2582
131.430000,35.6915
131.435000,61.6929
131.440000,58.3163
131.445000,58.1605
131.450000,78.2549
131.455000,77.5441
131.460000,60.0846
131.465000,74.5730
131.470000,83.4289
131.475000,61.3613
131.480000,67.1397
131.485000,78.2143
131.490000,60.4337
131.495000,51.2126
131.500000,56.4186
131.505000,71.9258
131.510000,46.3229
131.515000,57.0440
131.520000,77.7659
131.525000,50.0920
131.530000,59.9445
131.535000,84.0291
131.540000,79.4566
131.545000,69.2259
131.550000,77.6616
131.555000,74.1478
131.560000,60.6714
131.565000,69.1998
131.570000,77.5424
131.575000,67.6194
131.580000,64.0648
131.585000,70.5587
131.590000,66.5553
131.595000,43.8162
131.600000,42.9418
131.605000,41.4569
131.610000,15.6194
131.615000,11.4694
131.620000,23.9846
131.625000,15.1629
131.630000,7.2291
131.635000,34.3486
131.640000,26.4735
131.645000,12.8435
131.650000,32.8545
131.655000,27.8525
131.660000,6.0492
131.665000,19.5828
131.670000,23.9140
131.675000,9.0955
131.680000,-3.4976
131.685000,16.8543
131.690000,5.9600
131.695000,-20.7809
131.700000,-13.1579
131.705000,-16.9976
131.710000,-27.3773
131.715000,-26.0287
131.720000,-24.0398
131.725000,-33.4767
131.730000,-37.2945
131.735000,-14.7670
131.740000,-28.4533
131.745000,-27.0941
131.750000,-10.7256
131.755000,-13.5593
131.760000,-30.0278
131.765000,-34.5530
131.770000,-15.7913
131.775000,-39.3312
131.780000,-36.9681
131.785000,-29.2843
131.790000,-39.2947
131.795000,-64.7861
131.800000,-52.9677
131.805000,-47.8619
131.810000,-63.0990
131.815000,-62.2446
131.820000,-52.8064
131.825000,-65.0224
131.830000,-72.0337
131.835000,-52.9783
131.840000,-62.9496
131.845000,-68.7668
131.850000,-40.8314
131.855000,-42.1191
131.860000,-55.0267
131.865000,-58.3924
131.870000,-39.8127
131.875000,-50.2444
131.880000,-55.3583
131.885000,-36.8909
131.890000,-36.9988
131.895000,-59.8337
131.900000,-46.9494
131.905000,-46.8216
131.910000,-67.0564
131.915000,-60.8391
131.920000,-47.7134
131.925000,-52.5376
131.930000,-56.2591
131.935000,-30.6899
131.940000,-31.5128
131.945000,-35.3871
131.950000,-31.8055
131.955000,-17.9591
131.960000,-28.4132
131.965000,-28.1283
131.970000,-7.1958
131.975000,-24.5631
131.980000,-22.2678
131.985000,-8.4752
131.990000,-28.2436
131.995000,-26.8805
132.000000,-15.8781
132.005000,2.8378
132.010000,-17.6866
132.015000,-5.8113
132.020000,0.6116
132.025000,-3.1065
132.030000,-4.5750
132.035000,8.7378
132.040000,6.5071
132.045000,4.7554
132.050000,14.5096
132.055000,33.0790
132.060000,18.3100
132.065000,22.3927
132.070000,27.0110
132.075000,24.8556
132.080000,31.1064
132.085000,44.9344
132.090000,30.4645
132.095000,15.2005
132.100000,25.5898
132.105000,26.0164
132.110000,15.9944
132.115000,26.2825
132.120000,37.8294
132.125000,32.0985
132.130000,32.1539
132.135000,57.3861
132.140000,52.0678
132.145000,38.4640
132.150000,56.4260
132.155000,66.9392
132.160000,39.3282
132.165000,51.9378
132.170000,55.8086
132.175000,51.2844
132.180000,48.8822
132.185000,57.2855
132.190000,40.7011
132.195000,26.5126
132.200000,38.3637
132.205000,45.5160
132.210000,32.5421
132.215000,31.1632
132.220000,43.9003
132.225000,29.3225
132.230000,26.8676
132.235000,46.9092
132.240000,34.5099
132.245000,23.5446
132.250000,39.2645
132.255000,47.5917
132.260000,24.1554
132.265000,22.5782
132.270000,37.3979
132.275000,15.3632
132.280000,14.4892
132.285000,17.7161
132.290000,6.3949
132.295000,-6.6177
132.300000,1.9456
132.305000,1.3506
132.310000,-14.7714
132.315000,-17.1256
132.320000,-0.5940
132.325000,-11.4534
132.330000,-19.1348
132.335000,-0.8173
132.340000,-1.8419
132.345000,-6.7644
132.350000,-2.8295
132.355000,-11.9909
132.360000,-12.4877
132.365000,-29.5660
132.370000,-5.2354
132.375000,-26.1209
132.380000,-26.3143
132.385000,-23.5966
132.390000,-37.7702
132.395000,-44.0091
132.400000,-36.6364
132.405000,-30.5973
132.410000,-36.8209
132.415000,-40.9641
132.420000,-28.4727
132.425000,-40.9337
132.430000,-37.1441
132.435000,-19.2553
132.440000,-31.4907
132.445000,-40.7305
132.450000,-37.4160
132.455000,-19.8031
132.460000,-39.9083
132.465000,-23.5456
132.470000,-22.8814
132.475000,-41.9456
132.480000,-58.2646
132.485000,-28.6628
132.490000,-40.8339
132.495000,-55.0957
132.500000,-33.9378
132.505000,-41.0818
132.510000,-58.9252
132.515000,-64.7303
132.520000,-46.8699
132.525000,-57.9126
132.530000,-55.8581
132.535000,-51.2149
132.540000,-47.0531
132.545000,-49.5794
132.550000,-47.7214
132.555000,-43.3744
132.560000,-47.7695
132.565000,-40.8627
132.570000,-23.0093
132.575000,-43.4352
132.580000,-47.1280
132.585000,-31.3574
132.590000,-36.2818
132.595000,-58.9656
132.600000,-42.2195
132.605000,-38.6233
132.610000,-54.9728
132.615000,-44.0090
132.620000,-39.4035
132.625000,-49.2057
132.630000,-53.1512
132.635000,-37.9646
132.640000,-33.5875
132.645000,-46.1727
132.650000,-19.5250
132.655000,-7.4136
132.660000,-28.6935
132.665000,-8.3208
132.670000,6.3722
132.675000,-12.0750
132.680000,-4.0904
132.685000,7.5069
132.690000,-3.2557
132.695000,-15.4608
132.700000,-4.1545
132.705000,-8.1997
132.710000,-23.5757
132.715000,-13.3148
132.720000,-3.0562
132.725000,-2.2485
132.730000,3.6448
132.735000,22.6305
132.740000,22.0664
132.745000,11.0942
132.750000,21.2726
132.755000,32.1719
132.760000,19.8027
132.765000,30.7264
132.770000,36.9565
132.775000,27.0302
132.780000,25.5058
132.785000,41.3193
132.790000,28.7884
132.795000,26.0665
132.800000,30.7750
132.805000,28.9761
132.810000,16.3530
132.815000,22.0298
132.820000,34.6205
132.825000,16.2748
132.830000,18.3232
132.835000,41.2342
132.840000,31.4865
132.845000,26.7041
132.850000,42.9180
132.855000,50.2374
132.860000,21.1940
132.865000,32.9070
132.870000,45.9929
132.875000,33.8090
132.880000,40.1599
132.885000,45.7456
132.890000,34.9076
132.895000,20.0885
132.900000,30.5369
132.905000,34.3399
132.910000,25.5224
132.915000,23.7074
132.920000,30.2423
132.925000,9.3490
132.930000,15.0421
132.935000,30.6184
132.940000,24.3655
132.945000,19.9732
132.950000,23.1930
132.955000,30.7996
132.960000,11.6516
132.965000,17.2754
132.970000,27.1779
132.975000,4.4752
132.980000,-2.4974
132.985000,15.0530
132.990000,10.6522
132.995000,-18.4681
133.000000,-0.9154
133.005000,8.7613
133.010000,-20.9997
133.015000,-29.7202
133.020000,-3.9339
133.025000,-13.6272
133.030000,-5.8774
133.035000,0.9993
133.040000,-20.0360
133.045000,-19.0714
133.050000,0.5904
133.055000,0.4867
133.060000,-14.5496
133.065000,-13.5535
133.070000,2.9993
133.075000,-21.6689
133.080000,-20.3760
133.085000,-7.5023
133.090000,-16.9898
133.095000,-33.2606
133.100000,-17.7558
133.105000,-15.8718
133.110000,-32.7215
133.115000,-36.3300
133.120000,-25.1210
133.125000,-40.0640
133.130000,-41.5685
133.135000,-24.9769
133.140000,-31.0864
133.145000,-41.6989
133.150000,-33.6472
133.155000,-18.9185
133.160000,-35.1793
133.165000,-28.8587
133.170000,-18.2774
133.175000,-25.5626
133.180000,-27.6423
133.185000,-28.7904
133.190000,-23.3019
133.195000,-41.3155
133.200000,-30.0813
133.205000,-26.1634
133.210000,-48.0195
133.215000,-43.8435
133.220000,-29.5806
133.225000,-40.5354
133.230000,-42.2759
133.235000,-29.1628
133.240000,-15.6171
133.245000,-20.8338
133.250000,-16.5765
133.255000,-15.4870
133.260000,-28.7274
133.265000,-17.2260
133.270000,-12.0929
133.275000,-22.5232
133.280000,-9.8676
133.285000,-10.5474
133.290000,-5.2319
133.295000,-22.9232
133.300000,-8.1148
133.305000,-3.6086
133.310000,-20.4160
133.315000,-10.7197
133.320000,-7.0291
133.325000,-14.6028
133.330000,-9.0040
133.335000,3.2405
133.340000,1.8023
133.345000,-7.3786
133.350000,12.3705
133.355000,18.1414
133.360000,13.7498
133.365000,19.2069
133.370000,23.5307
133.375000,23.4889
133.380000,18.6293
133.385000,28.4747
133.390000,22.5850
133.395000,12.1496
133.400000,19.3649
133.405000,26.3098
133.410000,-9.4540
133.415000,-1.2412
133.420000,10.2597
133.425000,-5.4073
133.430000,-0.7083
133.435000,6.7228
133.440000,2.4048
133.445000,9.2783
133.450000,20.0418
133.455000,43.6572
133.460000,14.2223
133.465000,24.1205
133.470000,37.9375
133.475000,19.3543
133.480000,19.6948
133.485000,29.3299
133.490000,15.3066
133.495000,10.0845
133.500000,13.3258
133.505000,20.2354
133.510000,11.2124
133.515000,12.0735
133.520000,16.2138
133.525000,6.0497
133.530000,-0.7514
133.535000,24.3884
133.540000,13.9345
133.545000,5.4385
133.550000,16.8147
133.555000,35.8215
133.560000,19.2930
133.565000,26.8010
133.570000,34.5902
133.575000,8.5180
133.580000,10.5697
133.585000,26.1513
133.590000,17.0093
133.595000,3.6535
133.600000,6.4821
133.605000,9.7404
133.610000,-4.4625
133.615000,6.2198
133.620000,14.6539
133.625000,5.7242
133.630000,-8.1638
133.635000,15.5894
133.640000,15.4362
133.645000,-2.0205
133.650000,11.3840
133.655000,18.7002
133.660000,-0.5141
133.665000,-1.1498
133.670000,14.3775
133.675000,-2.6048
133.680000,-6.2054
133.685000,1.1505
133.690000,0.1385
133.695000,-23.0794
133.700000,-22.0257
133.705000,-21.8586
133.710000,-44.0985
133.715000,-38.5683
133.720000,-19.2193
133.725000,-26.2640
133.730000,-37.4134
133.735000,-27.8207
133.740000,-33.5281
133.745000,-31.6501
133.750000,-17.3968
133.755000,-21.9106
133.760000,-31.8577
133.765000,-17.8199
133.770000,-14.0043
133.775000,-36.0593
133.780000,-46.1119
133.785000,-32.7354
133.790000,-36.4237
133.795000,-54.6005
133.800000,-51.9202
133.805000,-39.8052
133.810000,-70.1558
133.815000,-61.8273
133.820000,-55.8257
133.825000,-60.2453
133.830000,-66.7037
133.835000,-46.0823
133.840000,-47.1667
133.845000,-48.3475
133.850000,-38.9088
133.855000,-38.2590
133.860000,-36.2256
133.865000,-31.1360
133.870000,-14.0564
133.875000,-34.5616
133.880000,-39.7674
133.885000,-24.9729
133.890000,-41.1186
133.895000,-48.2432
133.900000,-30.2441
133.905000,-33.9422
133.910000,-57.0586
133.915000,-47.8035
133.920000,-38.1359
133.925000,-54.1697
133.930000,-48.7513
133.935000,-36.9046
133.940000,-36.5703
133.945000,-53.1940
133.950000,-29.4736
133.955000,-22.9919
133.960000,-36.8214
133.965000,-30.0630
133.970000,-17.8669
133.975000,-23.9252
133.980000,-20.8955
133.985000,-11.1632
133.990000,-27.1981
133.995000,-42.8269
134.000000,-25.9674
134.005000,-21.0130
134.010000,-40.6073
134.015000,-30.2948
134.020000,-3.9837
134.025000,-8.1505
134.030000,-14.0951
134.035000,4.6226
134.040000,5.3677
134.045000,2.5516
134.050000,12.1813
134.055000,14.7057
134.060000,13.9755
134.065000,22.8206
134.070000,34.4737
134.075000,18.9182
134.080000,24.3297
134.085000,21.0528
134.090000,16.9197
134.095000,9.7778
134.100000,10.7784
134.105000,18.6697
134.110000,4.2068
134.115000,15.6893
134.120000,29.1083
134.125000,15.8418
134.130000,23.0246
134.135000,49.3395
134.140000,44.0118
134.145000,43.3365
134.150000,60.7495
134.155000,58.4374
134.160000,48.8889
134.165000,49.6105
134.170000,64.3143
134.175000,56.7593
134.180000,51.3148
134.185000,53.6613
134.190000,38.4331
134.195000,30.0405
134.200000,47.1821
134.205000,49.6355
134.210000,27.5264
134.215000,27.2047
134.220000,53.1494
134.225000,45.5882
134.230000,32.6310
134.235000,46.2579
134.240000,47.9474
134.245000,42.6420
134.250000,45.4671
134.255000,67.7374
134.260000,43.6509
134.265000,43.8850
134.270000,51.9545
134.275000,38.7665
134.280000,30.0960
134.285000,33.8567
134.290000,29.0238
134.295000,7.7603
134.300000,29.6794
134.305000,24.1456
134.310000,0.1137
134.315000,5.4616
134.320000,15.2197
134.325000,11.8279
134.330000,10.1427
134.335000,23.0286
134.340000,24.1193
134.345000,14.2922
134.350000,35.6116
134.355000,36.6447
134.360000,22.1802
134.365000,25.3214
134.370000,29.4403
134.375000,15.3187
134.380000,-5.5260
134.385000,13.4212
134.390000,12.8886
134.395000,-17.5432
134.400000,-14.2052
134.405000,-19.0989
134.410000,-24.2253
134.415000,-22.0279
134.420000,-18.9642
134.425000,-24.7561
134.430000,-33.9064
134.435000,-14.4912
134.440000,-24.2825
134.445000,-30.9850
134.450000,-18.8014
134.455000,-17.6819
134.460000,-26.2265
134.465000,-25.5993
134.470000,-16.7292
134.475000,-33.5652
134.480000,-47.9145
134.485000,-26.2389
134.490000,-36.8538
134.495000,-53.0032
134.500000,-43.1128
134.505000,-47.1345
134.510000,-58.5185
134.515000,-62.5375
134.520000,-32.8079
134.525000,-54.7170
134.530000,-60.6104
134.535000,-38.4446
134.540000,-35.1039
134.545000,-48.4901
134.550000,-35.9021
134.555000,-23.9177
134.560000,-33.0562
134.565000,-34.3214
134.570000,-21.5351
134.575000,-35.4748
134.580000,-30.0936
134.585000,-16.9513
134.590000,-34.4668
134.595000,-40.8002
134.600000,-30.5987
134.605000,-31.3166
134.610000,-51.1597
134.615000,-36.9683
134.620000,-31.3651
134.625000,-37.5266
134.630000,-39.1245
134.635000,-18.4988
134.640000,-13.7157
134.645000,-27.9459
134.650000,-5.5604
134.655000,6.6671
134.660000,-6.9960
134.665000,7.5811
134.670000,22.8871
134.675000,5.7196
134.680000,4.4538
134.685000,13.5744
134.690000,-0.4988
134.695000,-10.2208
134.700000,-1.4320
134.705000,9.2988
134.710000,-5.3761
134.715000,10.5448
134.720000,28.8438
134.725000,15.8330
134.730000,25.3389
134.735000,35.3495
134.740000,49.1772
134.745000,32.0355
134.750000,47.0134
134.755000,67.8983
134.760000,51.6579
134.765000,66.5051
134.770000,75.2957
134.775000,49.4487
134.780000,47.9543
134.785000,57.0627
134.790000,58.5159
134.795000,36.2869
134.800000,54.1295
134.805000,58.4634
134.810000,37.2033
134.815000,37.2040
134.820000,64.1420
134.825000,38.3157
134.830000,42.1976
134.835000,67.3201
134.840000,69.6096
134.845000,59.6970
134.850000,69.5137
134.855000,64.7836
134.860000,56.5447
134.865000,76.8638
134.870000,85.7844
134.875000,70.7438
134.880000,61.8807
134.885000,75.3404
134.890000,66.0382
134.895000,40.5234
134.900000,55.7106
134.905000,59.9986
134.910000,41.5376
134.915000,48.2802
134.920000,51.3042
134.925000,41.9797
134.930000,37.2851
134.935000,59.4307
134.940000,56.7451
134.945000,53.0962
134.950000,62.0994
134.955000,62.5653
134.960000,47.0899
134.965000,53.9443
134.970000,61.2806
134.975000,48.7811
134.980000,31.4498
134.985000,35.3601
134.990000,28.9152
134.995000,9.2375
135.000000,20.2978
135.005000,3.8861
135.010000,-4.9049
135.015000,-9.5541
135.020000,-2.7923
135.025000,-6.7226
135.030000,-18.5984
135.035000,9.1123
135.040000,-8.2992
135.045000,-6.0552
135.050000,9.5086
135.055000,5.9890
135.060000,-16.8048
135.065000,1.3433
135.070000,19.3476
135.075000,-14.7929
135.080000,-21.6903
135.085000,-1.8940
135.090000,-20.9498
135.095000,-39.5041
135.100000,-32.3742
135.105000,-26.3095
135.110000,-48.6669
135.115000,-48.7233
135.120000,-34.2348
135.125000,-50.2748
135.130000,-41.9256
135.135000,-25.5514
135.140000,-34.0697
135.145000,-33.4334
135.150000,-16.4793
135.155000,-15.8755
135.160000,-35.0001
135.165000,-26.9380
135.170000,-30.8209
135.175000,-37.2021
135.180000,-47.7668
135.185000,-42.9797
135.190000,-48.5080
135.195000,-61.4684
135.200000,-45.0611
135.205000,-58.9351
135.210000,-73.9117
135.215000,-66.1888
135.220000,-56.9366
135.225000,-63.0036
135.230000,-64.3668
135.235000,-54.4954
135.240000,-48.3292
135.245000,-42.9670
135.250000,-24.1508
135.255000,-24.1039
135.260000,-34.5884
135.265000,-26.6644
135.270000,-19.8410
135.275000,-24.6949
135.280000,-29.9962
135.285000,-10.9606
135.290000,-17.5589
135.295000,-33.5371
135.300000,-23.5502
135.305000,-16.7138
135.310000,-25.4830
135.315000,-28.0248
135.320000,-13.0471
135.325000,-29.8930
135.330000,-20.7935
135.335000,9.8408
135.340000,10.4528
135.345000,8.8111
135.350000,23.7572
135.355000,31.9976
135.360000,24.3179
135.365000,22.5550
135.370000,46.1961
135.375000,34.0596
135.380000,16.9719
135.385000,37.1101
135.390000,26.8217
135.395000,20.4920
135.400000,36.0708
135.405000,43.3793
135.410000,26.2213
135.415000,34.7938
135.420000,49.7183
135.425000,35.0155
135.430000,37.3451
135.435000,61.7908
135.440000,59.7479
135.445000,57.9664
135.450000,79.0954
135.455000,76.3306
135.460000,63.3159
135.465000,62.1319
135.470000,76.2512
135.475000,70.9915
135.480000,66.8673
135.485000,75.4926
135.490000,73.2972
135.495000,41.5047
135.500000,65.7150
135.505000,66.8762
135.510000,55.4625
135.515000,52.7228
135.520000,76.9328
135.525000,56.6390
135.530000,53.2437
135.535000,82.8907
135.540000,71.2567
135.545000,64.2345
135.550000,69.6440
135.555000,78.1495
135.560000,64.6058
135.565000,76.6629
135.570000,83.5502
135.575000,76.0031
135.580000,60.3743
135.585000,81.9018
135.590000,72.8767
135.595000,44.3168
135.600000,49.3392
135.605000,36.5023
135.610000,18.3030
135.615000,21.5495
135.620000,29.8880
135.625000,18.4938
135.630000,6.7752
135.635000,36.1824
135.640000,24.9966
135.645000,19.3948
135.650000,39.5755
135.655000,32.2360
135.660000,13.4432
135.665000,28.3868
135.670000,17.7906
135.675000,15.8283
135.680000,8.6431
135.685000,8.8556
135.690000,2.1645
135.695000,-28.8804
135.700000,-7.9817
135.705000,-20.4856
135.710000,-31.9128
135.715000,-29.5385
135.720000,-24.4535
135.725000,-31.2140
135.730000,-42.3616
135.735000,-24.1144
135.740000,-27.2606
135.745000,-33.5904
135.750000,-23.7356
135.755000,-28.1143
135.760000,-35.9062
135.765000,-35.7037
135.770000,-24.9573
135.775000,-44.4664
135.780000,-45.8212
135.785000,-29.9081
135.790000,-54.6842
135.795000,-68.1878
135.800000,-63.8572
135.805000,-55.8624
135.810000,-75.8559
135.815000,-74.0058
135.820000,-63.8120
135.825000,-78.2803
135.830000,-80.7753
135.835000,-64.7888
135.840000,-85.5921
135.845000,-78.0801
135.850000,-62.0746
135.855000,-50.6089
135.860000,-76.8019
135.865000,-72.3121
135.870000,-56.4835
135.875000,-63.0587
135.880000,-64.8356
135.885000,-62.9646
135.890000,-63.8118
135.895000,-71.8155
135.900000,-66.7552
135.905000,-68.3992
135.910000,-81.2434
135.915000,-75.0972
135.920000,-61.1193
135.925000,-62.3662
135.930000,-70.6369
135.935000,-41.4518
135.940000,-44.6714
135.945000,-61.5752
135.950000,-45.5329
135.955000,-30.3403
135.960000,-41.8383
135.965000,-38.1502
135.970000,-23.9500
135.975000,-25.7846
135.980000,-36.4841
135.985000,-10.8958
135.990000,-29.6548
135.995000,-38.8848
136.000000,-18.3154
136.005000,-10.8509
136.010000,-11.7710
136.015000,-7.2887
136.020000,-1.0245
136.025000,0.9560
136.030000,-8.5830
136.035000,13.1227
136.040000,15.4511
136.045000,8.3873
136.050000,31.3273
136.055000,47.1875
136.060000,33.9028
136.065000,29.6455
136.070000,53.7927
136.075000,34.0170
136.080000,41.2340
136.085000,64.7492
136.090000,52.1119
136.095000,28.4992
136.100000,38.8240
136.105000,52.6619
136.110000,34.7956
136.115000,50.2933
136.120000,67.7271
136.125000,52.9765
136.130000,55.3136
136.135000,78.0439
136.140000,78.4138
136.145000,68.6234
136.150000,85.6472
136.155000,91.4032
136.160000,76.7049
136.165000,88.0252
136.170000,82.9252
136.175000,75.8341
136.180000,75.2007
136.185000,75.0778
136.190000,68.2630
136.195000,56.8030
136.200000,61.0743
136.205000,75.3772
136.210000,66.3062
136.215000,56.8890
136.220000,72.8463
136.225000,52.8883
136.230000,50.4823
136.235000,65.7819
136.240000,61.7985
136.245000,51.4662
136.250000,64.9916
136.255000,60.4339
136.260000,45.5853
136.265000,49.3007
136.270000,56.4726
136.275000,35.2475
136.280000,35.2071
136.285000,39.2137
136.290000,33.1315
136.295000,16.3403
136.300000,19.2400
136.305000,11.8193
136.310000,-9.6880
136.315000,-1.3300
136.320000,8.0015
136.325000,-3.2271
136.330000,-22.1741
136.335000,4.4347
136.340000,-5.3222
136.345000,-8.8868
136.350000,1.1701
136.355000,2.3867
136.360000,-22.3338
136.365000,-24.0670
136.370000,-11.5080
136.375000,-32.9782
136.380000,-44.0084
136.385000,-32.2774
136.390000,-47.2877
136.395000,-60.4909
136.400000,-50.4973
136.405000,-44.7240
136.410000,-60.7128
136.415000,-63.0712
136.420000,-45.9264
136.425000,-61.6358
136.430000,-67.7200
136.435000,-54.3199
136.440000,-55.2706
136.445000,-71.8389
136.450000,-64.0175
136.455000,-53.2129
136.460000,-74.7381
136.465000,-60.3001
136.470000,-57.1033
136.475000,-79.5728
136.480000,-79.0906
136.485000,-68.7531
136.490000,-73.5547
136.495000,-96.3789
136.500000,-79.7567
136.505000,-92.1575
136.510000,-102.8274
136.515000,-99.7395
136.520000,-92.4297
136.525000,-103.2832
136.530000,-91.2635
136.535000,-67.7288
136.540000,-80.5126
136.545000,-86.7734
136.550000,-73.4082
136.555000,-79.3628
136.560000,-83.8832
136.565000,-81.1296
136.570000,-59.7783
136.575000,-79.9409
136.580000,-78.0224
136.585000,-53.8629
136.590000,-74.5485
136.595000,-86.5893
136.600000,-64.8339
136.605000,-57.7831
136.610000,-77.4860
136.615000,-77.3318
136.620000,-50.7603
136.625000,-72.9013
136.630000,-68.0036
136.635000,-45.9192
136.640000,-45.5323
136.645000,-58.0284
136.650000,-26.6772
136.655000,-19.4431
136.660000,-25.3544
136.665000,-21.7999
136.670000,-2.9901
136.675000,-6.1683
136.680000,-14.2857
136.685000,4.4081
136.690000,2.6064
136.695000,-13.1693
136.700000,2.7662
136.705000,12.6130
136.710000,-7.3502
136.715000,-2.3250
136.720000,17.1976
136.725000,11.0547
136.730000,14.1854
136.735000,48.1397
136.740000,48.1200
136.745000,37.4879
136.750000,48.7204
136.755000,59.2170
136.760000,45.2570
136.765000,53.1666
136.770000,68.2952
136.775000,65.9520
136.780000,61.8336
136.785000,75.2040
136.790000,67.4967
136.795000,51.1146
136.800000,74.0623
136.805000,77.0194
136.810000,51.1699
136.815000,61.5376
136.820000,72.7783
136.825000,63.8514
136.830000,59.1850
136.835000,77.2507
136.840000,76.1373
136.845000,79.7018
136.850000,82.3142
136.855000,87.7923
136.860000,67.4878
136.865000,77.8367
136.870000,89.0252
136.875000,74.8823
136.880000,76.1763
136.885000,80.1189
136.890000,82.0399
136.895000,72.7982
136.900000,74.5253
136.905000,75.8780
136.910000,59.0666
136.915000,58.3776
136.920000,62.3631
136.925000,42.2916
136.930000,57.6556
136.935000,58.0140
136.940000,59.9926
136.945000,39.0584
136.950000,50.9968
136.955000,53.4082
136.960000,31.4626
136.965000,41.2785
136.970000,41.7669
136.975000,25.0238
136.980000,15.5466
136.985000,30.1365
136.990000,16.6471
136.995000,-3.5003
137.000000,9.8729
137.005000,5.9501
137.010000,-17.3411
137.015000,-20.5865
137.020000,-9.2537
137.025000,-17.6227
137.030000,-25.5663
137.035000,-9.3968
137.040000,-20.8072
137.045000,-24.8726
137.050000,-14.5612
137.055000,-24.1469
137.060000,-33.6313
137.065000,-36.1344
137.070000,-21.2924
137.075000,-36.9246
137.080000,-46.3556
137.085000,-38.5768
137.090000,-56.9994
137.095000,-58.8963
137.100000,-59.4896
137.105000,-48.0263
137.110000,-79.4738
137.115000,-69.3633
137.120000,-63.5240
137.125000,-79.8656
137.130000,-86.4787
137.135000,-60.7544
137.140000,-75.7916
137.145000,-85.7422
137.150000,-68.1566
137.155000,-64.9890
137.160000,-81.7183
137.165000,-71.5620
137.170000,-65.8710
137.175000,-72.7030
137.180000,-79.9137
137.185000,-67.3023
137.190000,-66.9043
137.195000,-82.2030
137.200000,-69.4230
137.205000,-66.6545
137.210000,-86.0366
137.215000,-82.1419
137.220000,-65.3076
137.225000,-81.1510
137.230000,-79.6461
137.235000,-53.6331
137.240000,-52.3813
137.245000,-60.9820
137.250000,-44.3487
137.255000,-42.1436
137.260000,-58.5578
137.265000,-38.5898
137.270000,-33.3090
137.275000,-46.1663
137.280000,-48.5042
137.285000,-28.0352
137.290000,-34.7720
137.295000,-50.2331
137.300000,-32.8457
137.305000,-35.0101
137.310000,-30.1705
137.315000,-25.0784
137.320000,-9.6945
137.325000,-26.0299
137.330000,-13.3230
137.335000,-4.8832
137.340000,1.2253
137.345000,-5.2014
137.350000,8.8485
137.355000,27.3565
137.360000,18.2588
137.365000,21.6425
137.370000,42.6835
137.375000,31.7333
137.380000,24.0353
137.385000,43.2231
137.390000,40.8091
137.395000,23.5993
137.400000,39.7138
137.405000,48.0127
137.410000,28.2751
137.415000,34.0688
137.420000,37.7733
137.425000,28.5899
137.430000,23.1582
137.435000,43.8155
137.440000,36.3398
137.445000,29.5377
137.450000,56.2080
137.455000,66.2427
137.460000,61.1837
137.465000,64.2337
137.470000,68.7645
137.475000,59.6016
137.480000,53.4900
137.485000,72.8615
137.490000,53.0676
137.495000,41.3163
137.500000,55.5880
137.505000,53.6166
137.510000,40.8088
137.515000,49.0313
137.520000,54.3438
137.525000,32.6385
137.530000,43.4498
137.535000,51.8232
137.540000,50.4266
137.545000,44.5274
137.550000,58.3475
137.555000,64.1572
137.560000,48.0215
137.565000,58.8097
137.570000,67.5326
137.575000,47.3809
137.580000,38.4975
137.585000,62.9559
137.590000,44.8379
137.595000,28.7336
137.600000,32.1919
137.605000,38.1646
137.610000,24.1157
137.615000,27.2697
137.620000,26.6370
137.625000,22.6329
137.630000,19.1686
137.635000,34.5028
137.640000,28.7581
137.645000,16.2852
137.650000,20.6652
137.655000,25.7696
137.660000,13.8607
137.665000,10.6386
137.670000,9.6010
137.675000,-6.9212
137.680000,-7.6273
137.685000,0.5199
137.690000,-6.6454
137.695000,-32.4787
137.700000,-32.3162
137.705000,-28.1343
137.710000,-47.4948
137.715000,-48.7077
137.720000,-35.0262
137.725000,-41.5572
137.730000,-44.8639
137.735000,-49.4133
137.740000,-54.8084
137.745000,-57.2808
137.750000,-44.9068
137.755000,-46.6589
137.760000,-58.6419
137.765000,-50.2390
137.770000,-48.1473
137.775000,-61.5665
137.780000,-72.7777
137.785000,-64.1552
137.790000,-63.0526
137.795000,-83.6264
137.800000,-82.2216
137.805000,-75.5281
137.810000,-98.3223
137.815000,-90.9866
137.820000,-80.6268
137.825000,-101.5357
137.830000,-86.3933
137.835000,-77.2818
137.840000,-84.9800
137.845000,-86.3627
137.850000,-77.2937
137.855000,-66.6682
137.860000,-66.2422
137.865000,-63.7632
137.870000,-43.1637
137.875000,-61.5606
137.880000,-66.4039
137.885000,-54.5987
137.890000,-70.3838
137.895000,-75.8351
137.900000,-59.3067
137.905000,-69.5810
137.910000,-74.1059
137.915000,-77.9180
137.920000,-67.0884
137.925000,-72.2059
137.930000,-75.3937
137.935000,-48.2381
137.940000,-64.1279
137.945000,-69.8266
137.950000,-53.2087
137.955000,-43.6370
137.960000,-48.6249
137.965000,-39.8316
137.970000,-34.0510
137.975000,-35.5136
137.980000,-35.6598
137.985000,-22.1983
137.990000,-28.5037
137.995000,-51.9636
138.000000,-33.3022
138.005000,-21.3887
138.010000,-37.0051
138.015000,-20.1077
138.020000,-12.5877
138.025000,-21.9770
138.030000,2.0312
138.035000,18.5614
138.040000,12.7623
138.045000,5.7311
138.050000,16.7588
138.055000,30.3471
138.060000,32.0481
138.065000,24.0525
138.070000,43.8911
138.075000,29.5051
138.080000,25.9234
138.085000,45.2572
138.090000,34.4480
138.095000,23.2984
138.100000,29.6281
138.105000,33.1361
138.110000,21.0617
138.115000,37.2255
138.120000,52.8753
138.125000,32.3704
138.130000,44.1972
138.135000,64.3670
138.140000,62.2814
138.145000,58.4410
138.150000,77.8681
138.155000,73.2555
138.160000,65.1673
138.165000,71.2506
138.170000,89.2843
138.175000,74.4372
138.180000,71.4041
138.185000,77.3839
138.190000,59.7965
138.195000,52.3721
138.200000,63.2387
138.205000,61.9568
138.210000,46.0519
138.215000,45.9666
138.220000,71.3427
138.225000,52.3907
138.230000,41.8365
138.235000,62.9038
138.240000,60.5195
138.245000,50.8667
138.250000,68.3506
138.255000,76.4648
138.260000,57.8203
138.265000,61.0516
138.270000,65.0560
138.275000,50.9349
138.280000,33.2202
138.285000,45.8999
138.290000,38.5537
138.295000,31.0532
138.300000,35.3060
138.305000,34.3558
138.310000,10.1213
138.315000,4.6627
138.320000,15.7250
138.325000,12.0493
138.330000,12.8503
138.335000,23.1886
138.340000,27.7087
138.345000,12.6654
138.350000,34.0447
138.355000,36.7271
138.360000,16.3896
138.365000,19.6610
138.370000,27.6358
138.375000,5.0478
138.380000,-2.9474
138.385000,-6.7349
138.390000,2.8260
138.395000,-28.8907
138.400000,-19.1251
138.405000,-22.4856
138.410000,-35.4053
138.415000,-39.3885
138.420000,-19.4980
138.425000,-37.2841
138.430000,-41.0943
138.435000,-25.3405
138.440000,-28.2953
138.445000,-32.2795
138.450000,-28.9449
138.455000,-25.6218
138.460000,-30.8357
138.465000,-38.9851
138.470000,-31.3698
138.475000,-37.1317
138.480000,-51.6277
138.485000,-28.4858
138.490000,-44.5338
138.495000,-55.6150
138.500000,-47.9754
138.505000,-54.0823
138.510000,-68.0342
138.515000,-59.3791
138.520000,-40.3778
138.525000,-63.8070
138.530000,-63.7893
138.535000,-49.3451
138.540000,-36.3785
138.545000,-54.9314
138.550000,-37.5076
138.555000,-26.2548
138.560000,-40.7089
138.565000,-40.7374
138.570000,-22.5981
138.575000,-34.9108
138.580000,-39.9428
138.585000,-24.3229
138.590000,-31.0941
138.595000,-49.1623
138.600000,-38.9728
138.605000,-34.3821
138.610000,-50.8579
138.615000,-31.1936
138.620000,-29.9748
138.625000,-39.6561
138.630000,-33.4021
138.635000,-16.1084
138.640000,-13.9834
138.645000,-25.7294
138.650000,-8.5943
138.655000,9.4345
138.660000,-11.5486
138.665000,9.7580
138.670000,19.3615
138.675000,15.2533
138.680000,2.7080
138.685000,14.0654
138.690000,10.9011
138.695000,-6.4600
138.700000,2.3818
138.705000,24.1141
138.710000,3.9586
138.715000,8.3522
138.720000,36.9636
138.725000,22.7903
138.730000,14.6896
138.735000,34.9661
138.740000,28.9333
138.745000,36.7758
138.750000,43.4134
138.755000,60.7080
138.760000,53.1628
138.765000,64.1456
138.770000,72.6062
138.775000,49.1963
138.780000,35.0777
138.785000,60.4830
138.790000,42.3232
138.795000,32.8846
138.800000,54.1402
138.805000,49.0790
138.810000,32.7571
138.815000,37.5987
138.820000,58.5921
138.825000,38.0344
138.830000,40.0284
138.835000,67.0632
138.840000,60.7779
138.845000,52.4671
138.850000,59.5946
138.855000,56.4567
138.860000,58.6915
138.865000,69.6906
138.870000,80.3808
138.875000,67.7932
138.880000,53.3908
138.885000,68.5631
138.890000,61.1540
138.895000,39.1636
138.900000,50.7026
138.905000,50.2815
138.910000,31.6497
138.915000,36.6207
138.920000,43.5889
138.925000,35.5147
138.930000,43.5116
138.935000,57.9175
138.940000,53.1155
138.945000,50.7186
138.950000,52.1776
138.955000,60.3949
138.960000,42.6079
138.965000,50.5125
138.970000,64.0027
138.975000,41.3252
138.980000,28.8616
138.985000,40.6632
138.990000,27.3664
138.995000,7.8125
139.000000,16.3394
139.005000,12.8986
139.010000,-9.8896
139.015000,-8.7586
139.020000,0.4033
139.025000,-10.3638
139.030000,-13.4437
139.035000,2.1086
139.040000,5.7772
139.045000,-6.9219
139.050000,6.4963
139.055000,18.9435
139.060000,-2.2338
139.065000,10.7816
139.070000,31.4705
139.075000,-1.6437
139.080000,-6.1445
139.085000,11.4155
139.090000,-6.2993
139.095000,-20.4105
139.100000,-9.1111
139.105000,-28.2150
139.110000,-34.3760
139.115000,-27.1363
139.120000,-16.0090
139.125000,-27.7640
139.130000,-32.5922
139.135000,-13.1744
139.140000,-6.3200
139.145000,-12.5317
139.150000,-2.7947
139.155000,-0.0447
139.160000,-10.2637
139.165000,-9.7783
139.170000,-3.4421
139.175000,-13.0608
139.180000,-19.8473
139.185000,-27.0175
139.190000,-25.0996
139.195000,-41.8528
139.200000,-35.0497
139.205000,-31.6929
139.210000,-49.6560
139.215000,-42.9112
139.220000,-42.0492
139.225000,-52.3785
139.230000,-47.1516
139.235000,-22.8151
139.240000,-34.0724
139.245000,-34.8882
139.250000,-12.2348
139.255000,-6.5892
139.260000,-21.0453
139.265000,-11.4776
139.270000,-1.5639
139.275000,-16.1268
139.280000,-13.9115
139.285000,2.7024
139.290000,-13.5675
139.295000,-24.1092
139.300000,-9.3886
139.305000,-10.0912
139.310000,-25.2133
139.315000,-18.0450
139.320000,-10.4591
139.325000,-18.9658
139.330000,-13.1843
139.335000,5.7962
139.340000,7.5788
139.345000,15.5984
139.350000,22.4186
139.355000,36.6846
139.360000,9.7699
139.365000,24.8611
139.370000,33.0498
139.375000,21.2738
139.380000,13.4230
139.385000,17.6082
139.390000,20.0141
139.395000,2.9819
139.400000,20.7790
139.405000,29.1622
139.410000,9.4183
139.415000,16.1189
139.420000,28.8879
139.425000,12.5677
139.430000,16.2810
139.435000,45.3734
139.440000,29.2323
139.445000,32.6391
139.450000,47.6186
139.455000,55.6446
139.460000,43.6630
139.465000,51.6899
139.470000,56.1711
139.475000,41.5191
139.480000,41.7905
139.485000,46.6660
139.490000,37.9556
139.495000,18.8358
139.500000,39.0570
139.505000,28.2436
139.510000,8.4356
139.515000,23.9486
139.520000,41.7389
139.525000,25.1657
139.530000,32.9919
139.535000,50.1543
139.540000,48.1771
139.545000,33.1409
139.550000,49.4956
139.555000,52.2425
139.560000,35.2285
139.565000,38.3059
139.570000,61.1790
139.575000,29.5133
139.580000,41.3189
139.585000,46.6121
139.590000,47.6065
139.595000,20.6066
139.600000,23.5465
139.605000,27.5706
139.610000,1.7290
139.615000,-6.0455
139.620000,5.6343
139.625000,1.0557
139.630000,0.6502
139.635000,11.0115
139.640000,6.5962
139.645000,1.3302
139.650000,24.3424
139.655000,27.0301
139.660000,7.7828
139.665000,12.9723
139.670000,20.6099
139.675000,13.6700
139.680000,3.8495
139.685000,21.7043
139.690000,4.1100
139.695000,-24.5001
139.700000,-8.2263
139.705000,-7.8122
139.710000,-23.3607
139.715000,-16.7801
139.720000,-11.3298
139.725000,-17.9416
139.730000,-22.6110
139.735000,-8.3836
139.740000,-9.7630
139.745000,-17.8576
139.750000,0.3615
139.755000,1.3805
139.760000,-8.4434
139.765000,-3.8329
139.770000,3.7287
139.775000,-27.0430
139.780000,-17.2120
139.785000,-3.9636
139.790000,-23.6150
139.795000,-37.4112
139.800000,-23.6800
139.805000,-19.6707
139.810000,-38.4028
139.815000,-36.4566
139.820000,-29.7235
139.825000,-40.9137
139.830000,-49.3158
139.835000,-21.3495
139.840000,-36.0034
139.845000,-41.6062
139.850000,-20.8983
139.855000,-21.0412
139.860000,-29.9677
139.865000,-26.0040
139.870000,-19.1676
139.875000,-29.5596
139.880000,-27.6919
139.885000,-17.9100
139.890000,-22.2629
139.895000,-36.0221
139.900000,-32.1862
139.905000,-27.8551
139.910000,-58.0429
139.915000,-45.0149
139.920000,-25.2503
139.925000,-39.2034
139.930000,-40.3875
139.935000,-13.2386
139.940000,-11.1705
139.945000,-31.2544
139.950000,-20.9597
139.955000,-4.9204
139.960000,-24.8670
139.965000,-21.7037
139.970000,3.3684
139.975000,-8.0856
139.980000,-17.8588
139.985000,-4.1200
139.990000,-20.5184
139.995000,-30.1308
140.000000,-4.0428
140.005000,-4.1993
140.010000,-16.1222
140.015000,-6.5545
140.020000,3.5171
140.025000,-6.4258
140.030000,-16.9646
140.035000,14.8725
140.040000,5.3127
140.045000,1.0394
140.050000,19.5764
140.055000,27.3102
140.060000,15.0662
140.065000,15.0992
140.070000,30.8409
140.075000,9.3360
140.080000,12.3470
140.085000,37.1497
140.090000,23.6455
140.095000,-0.5740
140.100000,12.3315
140.105000,11.7717
140.110000,-2.0960
140.115000,12.3784
140.120000,33.6010
140.125000,12.2000
140.130000,19.4427
140.135000,41.3190
140.140000,41.1421
140.145000,30.4831
140.150000,45.9174
140.155000,46.5620
140.160000,35.5489
140.165000,36.7803
140.170000,56.8538
140.175000,33.4609
140.180000,30.7733
140.185000,34.4008
140.190000,23.9362
140.195000,11.7973
140.200000,15.3115
140.205000,31.8732
140.210000,11.9091
140.215000,12.6810
140.220000,35.1665
140.225000,15.6293
140.230000,8.6491
140.235000,31.9284
140.240000,26.2302
140.245000,15.3676
140.250000,27.6835
140.255000,36.9712
140.260000,8.3403
140.265000,11.9743
140.270000,27.5410
140.275000,3.4237
140.280000,8.4063
140.285000,11.5046
140.290000,7.6856
140.295000,-12.7261
140.300000,7.3518
140.305000,-2.9552
140.310000,-21.6734
140.315000,-18.9705
140.320000,-5.2510
140.325000,-22.8206
140.330000,-26.2286
140.335000,-6.1909
140.340000,0.1702
140.345000,-6.5900
140.350000,-3.9984
140.355000,-4.6004
140.360000,-20.1068
140.365000,-24.2471
140.370000,-10.7430
140.375000,-19.2813
140.380000,-23.9943
140.385000,-17.9270
140.390000,-32.3065
140.395000,-40.3490
140.400000,-27.4884
140.405000,-25.9590
140.410000,-38.5461
140.415000,-27.2713
140.420000,-23.4122
140.425000,-29.6538
140.430000,-37.5209
140.435000,-16.5185
140.440000,-24.8085
140.445000,-33.0707
140.450000,-20.7824
140.455000,-20.7817
140.460000,-39.7002
140.465000,-22.6965
140.470000,-19.4229
140.475000,-33.3129
140.480000,-40.3650
140.485000,-27.7328
140.490000,-32.0036
140.495000,-49.3927
140.500000,-35.9613
140.505000,-39.8817
140.510000,-61.2156
140.515000,-52.1774
140.520000,-46.0171
140.525000,-53.6787
140.530000,-47.2768
140.535000,-31.8032
140.540000,-40.7755
140.545000,-50.1813
140.550000,-39.2207
140.555000,-33.6494
140.560000,-50.4903
140.565000,-35.0360
140.570000,-18.7647
140.575000,-41.3221
140.580000,-36.5202
140.585000,-25.1820
140.590000,-30.3306
140.595000,-57.6697
140.600000,-43.9486
140.605000,-36.7802
140.610000,-57.3076
140.615000,-48.3520
140.620000,-40.7814
140.625000,-51.1513
140.630000,-50.2671
140.635000,-20.4192
140.640000,-27.7361
140.645000,-46.0807
140.650000,-15.8257
140.655000,0.7704
140.660000,-21.1730
140.665000,-14.0628
140.670000,9.5447
140.675000,-12.8159
140.680000,-15.7765
140.685000,-5.3796
140.690000,3.3466
140.695000,-20.4583
140.700000,-7.3982
140.705000,-3.1934
140.710000,-13.0839
140.715000,-11.5635
140.720000,7.8274
140.725000,-8.6845
140.730000,2.7743
140.735000,22.6206
140.740000,18.5896
140.745000,12.2620
140.750000,30.6013
140.755000,36.3930
140.760000,23.5725
140.765000,28.9081
140.770000,40.0532
140.775000,37.0414
140.780000,26.7895
140.785000,42.2837
140.790000,35.4667
140.795000,21.8946
140.800000,32.4273
140.805000,29.5509
140.810000,18.4831
140.815000,17.8163
140.820000,33.5513
140.825000,22.8012
140.830000,21.9597
140.835000,50.5196
140.840000,48.2857
140.845000,33.5857
140.850000,56.6147
140.855000,57.7935
140.860000,32.5441
140.865000,41.1127
140.870000,58.0855
140.875000,35.7844
140.880000,43.7031
140.885000,55.2186
140.890000,47.9846
140.895000,27.3357
140.900000,34.5232
140.905000,51.3337
140.910000,29.1605
140.915000,30.9139
140.920000,35.9425
140.925000,24.0667
140.930000,15.3488
140.935000,34.3277
140.940000,28.0265
140.945000,28.2747
140.950000,21.8461
140.955000,33.0884
140.960000,22.7404
140.965000,16.0414
140.970000,25.7491
140.975000,13.5263
140.980000,4.6420
140.985000,22.1111
140.990000,1.3079
140.995000,-16.3652
141.000000,1.6308
141.005000,16.4738
141.010000,-15.5650
141.015000,-20.2884
141.020000,-0.8358
141.025000,-9.5833
141.030000,-9.0266
141.035000,-1.7775
141.040000,-13.2871
141.045000,-13.9489
141.050000,-8.1807
141.055000,-0.3663
141.060000,-20.8732
141.065000,-13.6080
141.070000,-10.0451
141.075000,-28.8207
141.080000,-29.7052
141.085000,-19.0372
141.090000,-24.4516
141.095000,-41.0577
141.100000,-26.8045
141.105000,-24.4059
141.110000,-52.1567
141.115000,-42.8009
141.120000,-30.9307
141.125000,-53.9619
141.130000,-54.9581
141.135000,-44.9294
141.140000,-43.7528
141.145000,-55.8274
141.150000,-44.3166
141.155000,-38.3103
141.160000,-48.7667
141.165000,-43.8834
141.170000,-35.1991
141.175000,-34.2798
141.180000,-49.7943
141.185000,-38.2339
141.190000,-44.3815
141.195000,-39.2927
141.200000,-45.0940
141.205000,-40.4961
141.210000,-51.8543
141.215000,-63.9209
141.220000,-46.0831
141.225000,-54.5405
141.230000,-51.9735
141.235000,-38.5339
141.240000,-26.7540
141.245000,-31.4123
141.250000,-25.4266
141.255000,-32.0638
141.260000,-42.0632
141.265000,-26.2921
141.270000,-24.3250
141.275000,-31.1016
141.280000,-32.5400
141.285000,-12.0886
141.290000,-19.6090
141.295000,-30.7725
141.300000,-12.6199
141.305000,-18.7296
141.310000,-27.9957
141.315000,-12.1515
141.320000,-2.8127
141.325000,-12.2798
141.330000,-10.2595
141.335000,5.7219
141.340000,-1.4597
141.345000,-9.5592
141.350000,10.9513
141.355000,24.8511
141.360000,15.3910
141.365000,21.4713
141.370000,33.5651
141.375000,28.9688
141.380000,26.8514
141.385000,31.1905
141.390000,30.0282
141.395000,20.1046
141.400000,34.0160
141.405000,35.1354
141.410000,15.8282
141.415000,18.0435
141.420000,29.8876
141.425000,10.5898
141.430000,16.7619
141.435000,30.0082
141.440000,29.5313
141.445000,27.8626
141.450000,32.1810
141.455000,63.2461
141.460000,40.3106
141.465000,42.9557
141.470000,56.7596
141.475000,46.6677
141.480000,36.0215
141.485000,51.4902
141.490000,38.9683
141.495000,25.3975
141.500000,40.2929
141.505000,37.2573
141.510000,30.6946
141.515000,35.4329
141.520000,43.0558
141.525000,30.5970
141.530000,22.4712
141.535000,41.3985
141.540000,44.4745
141.545000,30.9119
141.550000,41.5272
141.555000,49.2208
141.560000,38.3884
141.565000,43.2505
141.570000,56.3785
141.575000,28.3614
141.580000,37.7237
141.585000,43.4434
141.590000,37.2234
141.595000,13.5418
141.600000,18.2768
141.605000,25.0030
141.610000,9.9655
141.615000,21.3416
141.620000,24.6165
141.625000,22.1203
141.630000,17.2694
141.635000,26.3413
141.640000,22.2341
141.645000,6.3833
141.650000,12.5489
141.655000,29.9315
141.660000,11.4942
141.665000,11.8571
141.670000,7.1972
141.675000,3.7930
141.680000,-11.8349
141.685000,0.0468
141.690000,-8.3715
141.695000,-25.9326
141.700000,-27.3300
141.705000,-22.5442
141.710000,-43.1593
141.715000,-51.9530
141.720000,-33.2409
141.725000,-45.7950
141.730000,-44.6021
141.735000,-38.3231
141.740000,-43.8397
141.745000,-50.2186
141.750000,-42.8957
141.755000,-36.3473
141.760000,-52.0025
141.765000,-49.7260
141.770000,-47.9777
141.775000,-63.4259
141.780000,-67.6057
141.785000,-57.0254
141.790000,-58.7677
141.795000,-83.3300
141.800000,-79.2508
141.805000,-77.0879
141.810000,-87.6567
141.815000,-91.3521
141.820000,-75.6896
141.825000,-95.3864
141.830000,-80.5326
141.835000,-68.6583
141.840000,-73.5802
141.845000,-77.0181
141.850000,-69.6276
141.855000,-54.0321
141.860000,-76.0595
141.865000,-64.3161
141.870000,-38.3282
141.875000,-64.1448
141.880000,-66.6309
141.885000,-53.3801
141.890000,-65.6171
141.895000,-73.9398
141.900000,-56.4592
141.905000,-60.5560
141.910000,-79.1673
141.915000,-83.5919
141.920000,-67.1845
141.925000,-76.1443
141.930000,-72.7733
141.935000,-60.7836
141.940000,-60.2920
141.945000,-68.4887
141.950000,-43.1431
141.955000,-50.0202
141.960000,-61.6114
141.965000,-41.7963
141.970000,-37.6857
141.975000,-31.5554
141.980000,-32.6531
141.985000,-25.5125
141.990000,-35.5220
141.995000,-57.6575
142.000000,-31.0192
142.005000,-25.5832
142.010000,-37.2549
142.015000,-18.2687
142.020000,-2.3411
142.025000,-12.6268
142.030000,-6.7857
142.035000,12.9057
142.040000,12.5149
142.045000,8.7144
142.050000,25.5963
142.055000,33.7221
142.060000,23.3369
142.065000,25.7304
142.070000,42.3695
142.075000,40.8934
142.080000,35.2611
142.085000,43.6151
142.090000,33.5230
142.095000,27.6520
142.100000,31.6040
142.105000,47.5758
142.110000,27.6228
142.115000,45.1971
142.120000,63.2530
142.125000,45.6003
142.130000,57.6044
142.135000,73.2878
142.140000,69.4194
142.145000,67.2673
142.150000,81.1525
142.155000,82.8873
142.160000,78.2754
142.165000,86.9448
142.170000,96.0964
142.175000,85.1299
142.180000,68.7846
142.185000,91.2191
142.190000,69.3094
142.195000,65.5311
142.200000,82.7165
142.205000,80.0133
142.210000,70.2547
142.215000,68.6696
142.220000,84.7415
142.225000,57.2091
142.230000,62.1694
142.235000,75.6834
142.240000,69.7651
142.245000,68.5165
142.250000,80.0137
142.255000,87.8333
142.260000,68.6846
142.265000,69.0956
142.270000,76.9916
142.275000,56.8813
142.280000,47.0437
142.285000,53.9002
142.290000,42.0126
142.295000,33.7257
142.300000,42.9250
142.305000,41.6042
142.310000,17.0785
142.315000,14.0787
142.320000,25.5316
142.325000,15.2380
142.330000,17.7732
142.335000,27.1073
142.340000,25.7592
142.345000,9.4047
142.350000,27.7446
142.355000,16.4376
142.360000,24.9681
142.365000,11.5739
142.370000,19.8424
142.375000,1.5598
142.380000,-15.7389
142.385000,-3.6793
142.390000,-11.6346
142.395000,-30.7700
142.400000,-29.6297
142.405000,-26.0825
142.410000,-53.9230
142.415000,-42.2482
142.420000,-25.3741
142.425000,-48.5652
142.430000,-50.4728
142.435000,-40.6188
142.440000,-49.5639
142.445000,-54.6633
142.450000,-48.2114
142.455000,-49.0059
142.460000,-61.8662
142.465000,-61.4449
142.470000,-59.9076
142.475000,-71.3513
142.480000,-74.7012
142.485000,-60.7129
142.490000,-70.7923
142.495000,-86.7216
142.500000,-75.6004
142.505000,-83.7957
142.510000,-93.2503
142.515000,-89.8110
142.520000,-73.1904
142.525000,-83.7080
142.530000,-90.4437
142.535000,-69.3457
142.540000,-67.2232
142.545000,-78.6571
142.550000,-66.4024
142.555000,-59.8810
142.560000,-68.7980
142.565000,-69.3404
142.570000,-59.7248
142.575000,-63.3368
142.580000,-62.8726
142.585000,-45.8928
142.590000,-58.1256
142.595000,-61.5558
142.600000,-55.4322
142.605000,-55.6502
142.610000,-64.8594
142.615000,-48.3336
142.620000,-48.8040
142.625000,-55.5227
142.630000,-42.6576
142.635000,-28.3859
142.640000,-30.0961
142.645000,-41.2072
142.650000,-17.4098
142.655000,0.7513
142.660000,-12.6234
142.665000,-3.4013
142.670000,20.1738
142.675000,5.9332
142.680000,0.3591
142.685000,15.2720
142.690000,12.0791
142.695000,-11.0335
142.700000,5.4997
142.705000,24.2436
142.710000,6.3183
142.715000,21.3951
142.720000,43.1754
142.725000,37.5674
142.730000,35.6342
142.735000,47.4837
142.740000,54.8922
142.745000,47.5777
142.750000,63.7398
142.755000,84.9830
142.760000,64.9073
142.765000,80.5847
142.770000,90.6465
142.775000,75.0455
142.780000,72.7479
142.785000,80.9548
142.790000,77.8004
142.795000,61.8642
142.800000,74.2670
142.805000,86.6084
142.810000,66.1987
142.815000,70.8224
142.820000,91.1493
142.825000,69.7129
142.830000,78.7449
142.835000,99.3279
142.840000,88.8462
142.845000,89.1399
142.850000,94.5015
142.855000,94.8358
142.860000,97.2425
142.865000,99.7450
142.870000,114.3079
142.875000,96.1921
142.880000,94.7420
142.885000,101.2393
142.890000,95.9664
142.895000,74.6306
142.900000,83.1723
142.905000,84.8563
142.910000,59.6459
142.915000,73.2213
142.920000,77.7153
142.925000,53.5127
142.930000,60.3136
142.935000,77.7190
142.940000,68.8431
142.945000,68.9351
142.950000,72.7877
142.955000,78.2696
142.960000,56.0713
142.965000,59.1784
142.970000,82.2937
142.975000,48.6702
142.980000,39.5015
142.985000,45.4627
142.990000,36.4493
142.995000,23.2577
143.000000,19.0422
143.005000,9.1960
143.010000,-4.8615
143.015000,-7.8499
143.020000,-1.1577
143.025000,-10.7340
143.030000,-18.9655
143.035000,-6.9147
143.040000,-6.0050
143.045000,-15.3311
143.050000,-10.4760
143.055000,3.4835
143.060000,-22.0199
143.065000,-6.0912
143.070000,-6.5289
143.075000,-26.7639
143.080000,-30.0929
143.085000,-19.7449
143.090000,-26.9588
143.095000,-56.1853
143.100000,-51.1295
143.105000,-53.6383
143.110000,-66.1666
143.115000,-63.7614
143.120000,-57.3907
143.125000,-63.1741
143.130000,-64.8861
143.135000,-43.4792
143.140000,-50.5356
143.145000,-55.4687
143.150000,-38.8137
143.155000,-40.1321
143.160000,-60.8023
143.165000,-51.2796
143.170000,-48.9919
143.175000,-55.3014
143.180000,-71.0707
143.185000,-63.3795
143.190000,-74.9841
143.195000,-86.0749
143.200000,-72.6293
143.205000,-73.0667
143.210000,-90.9751
143.215000,-84.7798
143.220000,-77.2477
143.225000,-82.0787
143.230000,-82.6837
143.235000,-65.0148
143.240000,-69.4136
143.245000,-63.6389
143.250000,-43.9045
143.255000,-28.9143
143.260000,-51.9014
143.265000,-33.5954
143.270000,-27.6616
143.275000,-43.2116
143.280000,-44.4950
143.285000,-28.8962
143.290000,-27.3800
143.295000,-35.2387
143.300000,-33.1547
143.305000,-19.7030
143.310000,-34.4740
143.315000,-37.5347
143.320000,-21.0078
143.325000,-26.8997
143.330000,-27.9661
143.335000,6.8530
143.340000,8.7405
143.345000,7.3067
143.350000,25.9559
143.355000,20.4873
143.360000,21.4693
143.365000,25.3039
143.370000,41.5718
143.375000,35.8908
143.380000,21.9149
143.385000,41.9880
143.390000,30.0256
143.395000,25.7892
143.400000,36.8433
143.405000,52.7573
143.410000,32.4600
143.415000,35.9927
143.420000,58.1119
143.425000,36.2708
143.430000,43.0327
143.435000,72.1534
143.440000,69.0728
143.445000,71.3623
143.450000,97.2423
143.455000,87.2179
143.460000,82.4703
143.465000,85.7811
143.470000,99.2579
143.475000,78.6923
143.480000,80.1518
143.485000,91.5196
143.490000,87.2738
143.495000,63.6617
143.500000,74.6592
143.505000,74.3209
143.510000,62.3733
143.515000,66.1926
143.520000,80.3256
143.525000,66.3493
143.530000,61.9994
143.535000,91.9267
143.540000,84.6781
143.545000,78.5955
143.550000,88.0776
143.555000,93.0447
143.560000,75.1193
143.565000,85.2015
143.570000,99.2217
143.575000,74.9131
143.580000,79.5195
143.585000,84.2031
143.590000,64.4070
143.595000,54.7679
143.600000,55.7706
143.605000,50.0847
143.610000,30.9100
143.615000,20.6470
143.620000,39.1210
143.625000,19.9562
143.630000,27.7383
143.635000,36.1777
143.640000,30.7556
143.645000,23.3432
143.650000,36.1982
143.655000,33.7049
143.660000,25.8388
143.665000,22.0132
143.670000,21.1056
143.675000,13.2205
143.680000,4.1119
143.685000,8.4153
143.690000,2.7560
143.695000,-30.5068
143.700000,-11.0049
143.705000,-20.5097
143.710000,-29.1057
143.715000,-30.5293
143.720000,-28.3329
143.725000,-45.8567
143.730000,-46.3862
143.735000,-28.3656
143.740000,-33.5645
143.745000,-34.6112
143.750000,-25.1999
143.755000,-25.1974
143.760000,-32.6779
143.765000,-37.6475
143.770000,-32.4870
143.775000,-55.2325
143.780000,-49.1605
143.785000,-48.5198
143.790000,-53.7849
143.795000,-66.9363
143.800000,-68.0731
143.805000,-66.2527
143.810000,-83.4218
143.815000,-73.2663
143.820000,-68.8693
143.825000,-80.6825
143.830000,-89.4279
143.835000,-63.2300
143.840000,-79.6255
143.845000,-78.7131
143.850000,-67.9711
143.855000,-64.2408
143.860000,-70.2583
143.865000,-75.8143
143.870000,-51.2333
143.875000,-61.2000
143.880000,-65.6070
143.885000,-59.3559
143.890000,-68.4230
143.895000,-76.2003
143.900000,-64.5883
143.905000,-67.2744
143.910000,-84.9978
143.915000,-77.6703
143.920000,-66.3147
143.925000,-68.2378
143.930000,-67.5191
143.935000,-49.0174
143.940000,-42.3957
143.945000,-47.3682
143.950000,-43.8773
143.955000,-24.4038
143.960000,-31.4828
143.965000,-35.0711
143.970000,-14.5806
143.975000,-21.2128
143.980000,-23.4273
143.985000,-8.0044
143.990000,-27.7328
143.995000,-33.3888
144.000000,-15.4013
144.005000,-8.7958
144.010000,-20.9544
144.015000,-4.5058
144.020000,8.4444
144.025000,-0.1094
144.030000,-3.3046
144.035000,19.0372
144.040000,24.4613
144.045000,-0.6021
144.050000,31.3362
144.055000,39.5951
144.060000,31.9475
144.065000,37.1527
144.070000,55.0311
144.075000,36.3747
144.080000,45.3165
144.085000,53.2596
144.090000,43.7468
144.095000,22.8758
144.100000,33.1835
144.105000,43.3376
144.110000,28.8853
144.115000,40.8801
144.120000,66.9068
144.125000,52.6069
144.130000,48.7752
144.135000,71.6900
144.140000,77.7628
144.145000,58.7685
144.150000,73.7347
144.155000,80.9283
144.160000,73.7245
144.165000,80.6168
144.170000,88.0069
144.175000,75.8441
144.180000,62.0706
144.185000,72.8884
144.190000,64.8283
144.195000,47.0534
144.200000,54.5331
144.205000,68.5009
144.210000,46.7220
144.215000,47.7121
144.220000,53.0472
144.225000,46.9514
144.230000,41.9718
144.235000,56.0218
144.240000,52.8883
144.245000,43.9809
144.250000,61.0382
144.255000,65.7569
144.260000,34.0754
144.265000,39.1197
144.270000,47.2294
144.275000,40.3359
144.280000,31.3634
144.285000,34.4872
144.290000,24.0425
144.295000,7.6545
144.300000,8.4666
144.305000,9.1337
144.310000,-11.3291
144.315000,-8.3306
144.320000,-1.8432
144.325000,-5.8509
144.330000,-13.9515
144.335000,0.5699
144.340000,2.5370
144.345000,-10.2041
144.350000,1.6389
144.355000,2.9892
144.360000,-21.1321
144.365000,-16.5286
144.370000,1.1497
144.375000,-25.3685
144.380000,-42.7942
144.385000,-25.6221
144.390000,-45.2969
144.395000,-55.4938
144.400000,-45.4070
144.405000,-45.8484
144.410000,-52.7250
144.415000,-57.9314
144.420000,-40.3401
144.425000,-51.3502
144.430000,-58.5922
144.435000,-51.1304
144.440000,-47.6897
144.445000,-52.6955
144.450000,-41.7999
144.455000,-32.1365
144.460000,-50.1960
144.465000,-46.4008
144.470000,-44.2461
144.475000,-50.5420
144.480000,-62.9345
144.485000,-56.1654
144.490000,-57.7220
144.495000,-77.3613
144.500000,-62.5068
144.505000,-72.6535
144.510000,-81.1798
144.515000,-77.0155
144.520000,-74.3322
144.525000,-85.8340
144.530000,-81.2327
144.535000,-61.8002
144.540000,-59.8570
144.545000,-68.6444
144.550000,-65.0954
144.555000,-51.2699
144.560000,-67.0233
144.565000,-51.5096
144.570000,-37.0495
144.575000,-60.7685
144.580000,-65.2507
144.585000,-37.8757
144.590000,-58.6473
144.595000,-66.1387
144.600000,-59.1639
144.605000,-52.0449
144.610000,-66.6714
144.615000,-59.8850
144.620000,-52.7909
144.625000,-64.0899
144.630000,-66.3588
144.635000,-39.8162
144.640000,-32.4862
144.645000,-42.1845
144.650000,-22.4505
144.655000,-8.3346
144.660000,-21.7027
144.665000,-12.5791
144.670000,3.3709
144.675000,-7.0889
144.680000,-12.7931
144.685000,-2.1386
144.690000,5.2203
144.695000,-13.8213
144.700000,-14.5536
144.705000,4.3841
144.710000,-2.6530
144.715000,-5.0217
144.720000,8.1490
144.725000,-4.4311
144.730000,1.8173
144.735000,33.8008
144.740000,20.7165
144.745000,18.1368
144.750000,34.3876
144.755000,43.4929
144.760000,35.7140
144.765000,36.4636
144.770000,56.7763
144.775000,45.9944
144.780000,29.2368
144.785000,56.1488
144.790000,43.8521
144.795000,32.7238
144.800000,45.5862
144.805000,48.9791
144.810000,34.2612
144.815000,40.4893
144.820000,47.2559
144.825000,37.7416
144.830000,42.0999
144.835000,56.8749
144.840000,51.4388
144.845000,48.0908
144.850000,66.3751
144.855000,68.9232
144.860000,41.9528
144.865000,59.3269
144.870000,59.3961
144.875000,54.8510
144.880000,49.6827
144.885000,58.7361
144.890000,58.3483
144.895000,39.2575
144.900000,43.3997
144.905000,49.2939
144.910000,34.6976
144.915000,42.1332
144.920000,37.8963
144.925000,19.8245
144.930000,20.4760
144.935000,46.2567
144.940000,44.5102
144.945000,23.8102
144.950000,35.7753
144.955000,40.1563
144.960000,20.8610
144.965000,27.9769
144.970000,29.6066
144.975000,5.9189
144.980000,3.1613
144.985000,18.5668
144.990000,6.1771
144.995000,-10.3556
145.000000,-0.0037
145.005000,1.8725
145.010000,-19.1295
145.015000,-19.2201
145.020000,-6.3834
145.025000,-9.3229
145.030000,-5.7774
145.035000,-2.5411
145.040000,-15.7875
145.045000,-22.1002
145.050000,-6.0749
145.055000,2.1358
145.060000,-31.7960
145.065000,-22.3556
145.070000,-14.1695
145.075000,-22.0988
145.080000,-33.2367
145.085000,-25.5611
145.090000,-32.1959
145.095000,-33.7074
145.100000,-32.5369
145.105000,-30.1248
145.110000,-46.3745
145.115000,-46.2413
145.120000,-34.1648
145.125000,-44.5709
145.130000,-57.5758
145.135000,-44.1283
145.140000,-44.3996
145.145000,-51.0284
145.150000,-43.1433
145.155000,-35.2458
145.160000,-49.0349
145.165000,-38.4408
145.170000,-35.0999
145.175000,-43.1866
145.180000,-42.0050
145.185000,-34.6681
145.190000,-38.8125
145.195000,-48.0973
145.200000,-41.5713
145.205000,-35.9382
145.210000,-55.1478
145.215000,-47.4056
145.220000,-41.2898
145.225000,-47.9498
145.230000,-58.3867
145.235000,-28.4649
145.240000,-24.0016
145.245000,-32.2434
145.250000,-22.3668
145.255000,-24.7361
145.260000,-32.9288
145.265000,-28.2267
145.270000,-21.2565
145.275000,-26.1581
145.280000,-31.6496
145.285000,-7.5470
145.290000,-16.2893
145.295000,-32.9308
145.300000,-18.2833
145.305000,-12.5536
145.310000,-21.4928
145.315000,-21.6250
145.320000,-9.8622
145.325000,-2.4020
145.330000,-14.5090
145.335000,1.8615
145.340000,4.0812
145.345000,-5.7932
145.350000,9.0951
145.355000,22.1261
145.360000,8.5191
145.365000,16.6310
145.370000,33.2437
145.375000,18.2759
145.380000,17.6259
145.385000,34.6587
145.390000,25.6393
145.395000,18.9314
145.400000,28.3235
145.405000,28.1393
145.410000,6.8552
145.415000,7.1111
145.420000,21.5152
145.425000,12.6724
145.430000,-0.8164
145.435000,13.2224
145.440000,11.8597
145.445000,16.4395
145.450000,28.9693
145.455000,36.1082
145.460000,29.8597
145.465000,25.2969
145.470000,45.4234
145.475000,25.7102
145.480000,30.0830
145.485000,36.1293
145.490000,26.5274
145.495000,14.8679
145.500000,22.3676
145.505000,23.8987
145.510000,9.3564
145.515000,15.8156
145.520000,27.6213
145.525000,17.7519
145.530000,10.0843
145.535000,20.3568
145.540000,24.0212
145.545000,14.6228
145.550000,28.7092
145.555000,32.8109
145.560000,25.9344
145.565000,32.7104
145.570000,35.3878
145.575000,20.8130
145.580000,8.2238
145.585000,30.0889
145.590000,23.6528
145.595000,6.4250
145.600000,11.8800
145.605000,11.6480
145.610000,6.0120
145.615000,10.0034
145.620000,22.8902
145.625000,2.8208
145.630000,3.7313
145.635000,9.8955
145.640000,9.4351
145.645000,3.3330
145.650000,16.3175
145.655000,16.3590
145.660000,5.9703
145.665000,-2.4542
145.670000,8.2720
145.675000,-3.5765
145.680000,-10.0149
145.685000,-0.1378
145.690000,-3.2622
145.695000,-24.7186
145.700000,-16.3215
145.705000,-18.2194
145.710000,-43.9553
145.715000,-36.9940
145.720000,-23.7868
145.725000,-29.2897
145.730000,-33.1122
145.735000,-28.8023
145.740000,-28.7189
145.745000,-34.0953
145.750000,-22.7036
145.755000,-16.4862
145.760000,-46.5940
145.765000,-33.4887
145.770000,-27.6832
145.775000,-38.6790
145.780000,-43.9500
145.785000,-42.9786
145.790000,-43.7093
145.795000,-53.6949
145.800000,-55.5445
145.805000,-42.4828
145.810000,-66.6317
145.815000,-57.2721
145.820000,-49.4100
145.825000,-63.2475
145.830000,-57.2956
145.835000,-49.4070
145.840000,-52.3405
145.845000,-53.3558
145.850000,-43.7000
145.855000,-36.2686
145.860000,-42.4175
145.865000,-31.6793
145.870000,-18.8070
145.875000,-39.1197
145.880000,-38.1414
145.885000,-29.0944
145.890000,-40.0252
145.895000,-48.1529
145.900000,-29.9558
145.905000,-30.2497
145.910000,-55.0555
145.915000,-48.9876
145.920000,-35.2652
145.925000,-52.5641
145.930000,-59.6993
145.935000,-36.0953
145.940000,-39.2771
145.945000,-52.9278
145.950000,-32.6501
145.955000,-26.0835
145.960000,-36.9295
145.965000,-31.5066
145.970000,-22.8925
145.975000,-31.8995
145.980000,-32.7862
145.985000,-19.4705
145.990000,-27.8496
145.995000,-51.5439
146.000000,-30.6252
146.005000,-25.8452
146.010000,-36.4265
146.015000,-26.9299
146.020000,-2.8411
146.025000,-12.8273
146.030000,-8.0532
146.035000,13.1092
146.040000,2.3111
146.045000,-0.7471
146.050000,7.3627
146.055000,21.9803
146.060000,10.2882
146.065000,12.2200
146.070000,25.2395
146.075000,16.8391
146.080000,5.9611
146.085000,26.4727
146.090000,4.6883
146.095000,6.4009
146.100000,8.9123
146.105000,18.3277
146.110000,4.6512
146.115000,14.5186
146.120000,32.4485
146.125000,22.1545
146.130000,13.8561
146.135000,45.3241
146.140000,39.0211
146.145000,37.6159
146.150000,42.8860
146.155000,52.2167
146.160000,45.6090
146.165000,47.4771
146.170000,58.3761
146.175000,50.4560
146.180000,40.2469
146.185000,40.6040
146.190000,35.1637
146.195000,26.6756
146.200000,43.3622
146.205000,51.7538
146.210000,34.7895
146.215000,25.7718
146.220000,45.5183
146.225000,33.8662
146.230000,21.8318
146.235000,46.4574
146.240000,40.0643
146.245000,33.5880
146.250000,42.3634
146.255000,59.3260
146.260000,35.7477
146.265000,40.5924
146.270000,43.5650
146.275000,26.2844
146.280000,26.3802
146.285000,32.0142
146.290000,18.6921
146.295000,18.0270
146.300000,23.0820
146.305000,25.1507
146.310000,8.5754
146.315000,4.1853
146.320000,22.7952
146.325000,16.9523
146.330000,6.2998
146.335000,15.8497
146.340000,19.7540
146.345000,3.8294
146.350000,22.5842
146.355000,28.2555
146.360000,17.7247
146.365000,25.0977
146.370000,23.4658
146.375000,12.8229
146.380000,5.0016
146.385000,14.3211
146.390000,-0.3542
146.395000,-14.5094
146.400000,-2.2812
146.405000,-3.6445
146.410000,-17.8978
146.415000,-10.4194
146.420000,-10.6383
146.425000,-24.5949
146.430000,-32.2598
146.435000,-7.4154
146.440000,-16.0167
146.445000,-22.7687
146.450000,-8.6921
146.455000,-11.4130
146.460000,-17.9294
146.465000,-13.3825
146.470000,-9.5956
146.475000,-30.7292
146.480000,-39.0137
146.485000,-22.8196
146.490000,-24.8023
146.495000,-38.2840
146.500000,-29.7455
146.505000,-31.2497
146.510000,-49.8722
146.515000,-43.6802
146.520000,-24.9981
146.525000,-38.5836
146.530000,-46.2669
146.535000,-27.6912
146.540000,-29.5479
146.545000,-37.1627
146.550000,-25.1279
146.555000,-14.9224
146.560000,-31.5497
146.565000,-29.8275
146.570000,-19.6729
146.575000,-26.6876
146.580000,-28.7727
146.585000,-10.4560
146.590000,-23.0392
146.595000,-38.3737
146.600000,-25.5269
146.605000,-16.0810
146.610000,-42.5150
146.615000,-25.5239
146.620000,-24.6594
146.625000,-29.9707
146.630000,-24.8969
146.635000,-6.3403
146.640000,-11.9605
146.645000,-19.4907
146.650000,-6.9659
146.655000,9.7727
146.660000,-1.2142
146.665000,-2.7551
146.670000,23.4897
146.675000,6.1096
146.680000,-0.5554
146.685000,13.9083
146.690000,8.4046
146.695000,-9.9926
146.700000,0.9437
146.705000,14.0219
146.710000,-3.1190
146.715000,12.1567
146.720000,31.1702
146.725000,18.7329
146.730000,24.9362
146.735000,29.3863
146.740000,32.5711
146.745000,21.8435
146.750000,33.6346
146.755000,53.7072
146.760000,32.4318
146.765000,50.5867
146.770000,65.0980
146.775000,46.7218
146.780000,30.7721
146.785000,52.1170
146.790000,35.3800
146.795000,28.3214
146.800000,42.1785
146.805000,42.6192
146.810000,32.9380
146.815000,29.6521
146.820000,44.9236
146.825000,23.7364
146.830000,34.8736
146.835000,50.5122
146.840000,44.3284
146.845000,42.0418
146.850000,57.5339
146.855000,54.0655
146.860000,45.6423
146.865000,59.5093
146.870000,68.1322
146.875000,57.9310
146.880000,48.7771
146.885000,63.1913
146.890000,59.1405
146.895000,33.9237
146.900000,39.2910
146.905000,48.4152
146.910000,24.6107
146.915000,33.6608
146.920000,41.1492
146.925000,34.8432
146.930000,36.2693
146.935000,41.0576
146.940000,52.1022
146.945000,37.1986
146.950000,58.7283
146.955000,58.1322
146.960000,35.7645
146.965000,35.0527
146.970000,60.8741
146.975000,40.0142
146.980000,31.0764
146.985000,43.5563
146.990000,29.7506
146.995000,11.5144
147.000000,16.8659
147.005000,-1.3029
147.010000,-13.7613
147.015000,1.3988
147.020000,1.4083
147.025000,-4.8010
147.030000,-18.2177
147.035000,0.7361
147.040000,16.2585
147.045000,-8.1783
147.050000,15.4717
147.055000,13.0126
147.060000,-6.0718
147.065000,10.8553
147.070000,17.5308
147.075000,-9.6662
147.080000,-9.1522
147.085000,7.4443
147.090000,-13.4711
147.095000,-28.3219
147.100000,-19.0563
147.105000,-17.8434
147.110000,-27.2972
147.115000,-27.2851
147.120000,-23.1378
147.125000,-36.1534
147.130000,-33.0683
147.135000,-15.8992
147.140000,-14.5014
147.145000,-14.0905
147.150000,-1.8266
147.155000,-5.4528
147.160000,-20.3301
147.165000,-8.5590
147.170000,-7.6745
147.175000,-15.6168
147.180000,-31.8812
147.185000,-29.5253
147.190000,-34.4288
147.195000,-44.2724
147.200000,-35.5007
147.205000,-30.4061
147.210000,-53.2627
147.215000,-49.0820
147.220000,-41.7405
147.225000,-43.3365
147.230000,-49.9881
147.235000,-33.6640
147.240000,-30.0939
147.245000,-30.8116
147.250000,-8.7070
147.255000,-0.0707
147.260000,-15.2579
147.265000,-16.0224
147.270000,-2.0163
147.275000,-10.0107
147.280000,-15.6769
147.285000,-8.8228
147.290000,-9.6628
147.295000,-27.8432
147.300000,-18.6770
147.305000,-8.4168
147.310000,-22.5149
147.315000,-18.0329
147.320000,-13.5482
147.325000,-17.4114
147.330000,-17.5051
147.335000,8.3671
147.340000,14.5395
147.345000,0.9727
147.350000,18.6368
147.355000,32.0227
147.360000,17.7352
147.365000,24.2696
147.370000,31.2256
147.375000,21.8775
147.380000,10.0972
147.385000,27.7986
147.390000,17.5343
147.395000,6.2702
147.400000,19.8151
147.405000,31.8165
147.410000,7.5612
147.415000,21.9058
147.420000,28.7771
147.425000,27.0621
147.430000,23.0627
147.435000,51.1474
147.440000,38.1603
147.445000,45.4085
147.450000,62.0586
147.455000,58.5091
147.460000,44.0623
147.465000,55.0189
147.470000,63.3297
147.475000,51.5865
147.480000,44.0071
147.485000,65.3858
147.490000,45.3241
147.495000,30.1269
147.500000,36.4453
147.505000,46.1599
147.510000,30.1330
147.515000,32.5499
147.520000,50.8509
147.525000,42.3224
147.530000,41.1007
147.535000,66.1703
147.540000,55.5222
147.545000,48.8053
147.550000,57.2132
147.555000,67.7604
147.560000,52.7737
147.565000,57.6653
147.570000,65.3668
147.575000,50.9539
147.580000,52.1790
147.585000,71.6725
147.590000,51.5293
147.595000,29.2332
147.600000,34.4482
147.605000,24.7513
147.610000,14.1731
147.615000,6.4710
147.620000,18.3123
147.625000,8.8151
147.630000,6.6134
147.635000,26.1846
147.640000,22.6464
147.645000,7.6972
147.650000,30.9318
147.655000,38.4677
147.660000,15.4163
147.665000,19.0982
147.670000,23.3977
147.675000,8.9258
147.680000,6.8763
147.685000,17.0711
147.690000,2.8016
147.695000,-19.8282
147.700000,-13.1875
147.705000,-13.3692
147.710000,-20.5571
147.715000,-25.9467
147.720000,-13.7676
147.725000,-30.0188
147.730000,-37.0217
147.735000,-14.5647
147.740000,-19.0182
147.745000,-18.4983
147.750000,-6.7155
147.755000,-16.5175
147.760000,-27.0042
147.765000,-12.0901
147.770000,-6.2971
147.775000,-31.9032
147.780000,-30.2780
147.785000,-18.8254
147.790000,-39.6101
147.795000,-47.6509
147.800000,-46.8480
147.805000,-47.3525
147.810000,-67.0254
147.815000,-57.5322
147.820000,-39.8268
147.825000,-63.0301
147.830000,-60.5668
147.835000,-49.8310
147.840000,-52.6234
147.845000,-65.2940
147.850000,-45.0286
147.855000,-40.6550
147.860000,-49.7624
147.865000,-42.5229
147.870000,-39.3554
147.875000,-46.6537
147.880000,-46.5777
147.885000,-38.9123
147.890000,-44.6447
147.895000,-60.5390
147.900000,-50.0299
147.905000,-48.9311
147.910000,-68.6261
147.915000,-63.4146
147.920000,-57.4474
147.925000,-53.0914
147.930000,-61.4063
147.935000,-30.9196
147.940000,-39.6395
147.945000,-42.9986
147.950000,-24.7312
147.955000,-24.8625
147.960000,-26.0612
147.965000,-26.2668
147.970000,-10.5232
147.975000,-18.5489
147.980000,-23.8524
147.985000,-8.7017
147.990000,-20.0932
147.995000,-36.0109
148.000000,-9.8835
148.005000,-9.7951
148.010000,-21.2217
148.015000,-18.7841
148.020000,-2.2199
148.025000,-7.3453
148.030000,-0.6780
148.035000,19.5455
148.040000,11.1126
148.045000,-0.5181
148.050000,29.6471
148.055000,38.3797
148.060000,35.0700
148.065000,38.2386
148.070000,44.3166
148.075000,37.0746
148.080000,38.8576
148.085000,47.9283
148.090000,43.4945
148.095000,21.9831
148.100000,27.9757
148.105000,25.7334
148.110000,27.9695
148.115000,37.7030
148.120000,53.7611
148.125000,36.9686
148.130000,38.4760
148.135000,64.5894
148.140000,63.8282
148.145000,57.0612
148.150000,72.8551
148.155000,80.3299
148.160000,62.0434
148.165000,64.1136
148.170000,76.0177
148.175000,65.2253
148.180000,64.5057
148.185000,62.3858
148.190000,52.4537
148.195000,34.5856
148.200000,49.5005
148.205000,59.6253
148.210000,43.5484
148.215000,47.4915
148.220000,54.0438
148.225000,43.2376
148.230000,34.3993
148.235000,54.3320
148.240000,42.1885
148.245000,35.8596
148.250000,55.9761
148.255000,61.0803
148.260000,28.4373
148.265000,41.4113
148.270000,45.4031
148.275000,28.5367
148.280000,29.3953
148.285000,25.5735
148.290000,18.8136
148.295000,11.1053
148.300000,8.0318
148.305000,7.2550
148.310000,-19.0750
148.315000,-11.5077
148.320000,1.3745
148.325000,-9.8738
148.330000,-17.2415
148.335000,-1.4932
148.340000,-1.3962
148.345000,-10.0115
148.350000,-6.7204
148.355000,4.9781
148.360000,-15.1492
148.365000,-11.5123
148.370000,-5.4693
148.375000,-25.7280
148.380000,-32.0079
148.385000,-31.6918
148.390000,-37.4013
148.395000,-49.1823
148.400000,-49.2520
148.405000,-37.7917
148.410000,-63.1366
148.415000,-52.0266
148.420000,-40.1878
148.425000,-60.1295
148.430000,-52.7073
148.435000,-47.4859
148.440000,-52.6685
148.445000,-60.5212
148.450000,-44.0632
148.455000,-42.6313
148.460000,-52.2355
148.465000,-49.9042
148.470000,-45.9530
148.475000,-61.3643
148.480000,-63.6149
148.485000,-52.5172
148.490000,-69.6324
148.495000,-79.6238
148.500000,-69.8753
148.505000,-70.6195
148.510000,-91.4065
148.515000,-80.5676
148.520000,-81.5709
148.525000,-89.5232
148.530000,-89.0125
148.535000,-63.8196
148.540000,-62.9743
148.545000,-71.3067
148.550000,-66.7032
148.555000,-69.4328
148.560000,-65.2215
148.565000,-61.4858
148.570000,-46.4027
148.575000,-57.9700
148.580000,-67.8841
148.585000,-57.2595
148.590000,-59.3044
148.595000,-79.8503
148.600000,-53.1904
148.605000,-62.6833
148.610000,-71.2444
148.615000,-73.6870
148.620000,-54.7587
148.625000,-66.1101
148.630000,-70.6737
148.635000,-50.7375
148.640000,-40.8232
148.645000,-46.7685
148.650000,-31.5778
148.655000,-16.1550
148.660000,-16.9147
148.665000,-9.4422
148.670000,6.6989
148.675000,-11.7891
148.680000,-6.5650
148.685000,3.4269
148.690000,-9.0948
148.695000,-11.9789
148.700000,1.2361
148.705000,-2.4135
148.710000,-14.4802
148.715000,-4.9202
148.720000,12.1526
148.725000,8.0289
148.730000,18.3895
148.735000,30.0456
148.740000,32.7282
148.745000,33.9956
148.750000,45.8739
148.755000,56.8605
148.760000,50.9075
148.765000,50.5087
148.770000,69.5648
148.775000,59.1313
148.780000,51.7319
148.785000,72.5008
148.790000,58.3316
148.795000,43.6436
148.800000,67.3762
148.805000,67.6792
148.810000,41.3705
148.815000,55.9226
148.820000,58.7181
148.825000,50.4679
148.830000,56.2311
148.835000,68.3029
148.840000,79.9418
148.845000,72.8979
148.850000,94.3950
148.855000,86.4827
148.860000,73.4989
148.865000,77.8525
148.870000,89.8051
148.875000,74.7112
148.880000,67.5391
148.885000,85.9268
148.890000,77.9407
148.895000,62.1356
148.900000,62.1382
148.905000,68.6041
148.910000,61.8808
148.915000,54.3864
148.920000,59.7038
148.925000,37.2231
148.930000,44.7945
148.935000,59.0387
148.940000,54.4276
148.945000,41.1464
148.950000,44.7705
148.955000,51.7306
148.960000,29.7897
148.965000,35.8816
148.970000,41.9759
148.975000,28.6022
148.980000,5.5927
148.985000,31.6743
148.990000,16.7023
148.995000,-7.8636
149.000000,10.2128
149.005000,22.4133
149.010000,-26.5621
149.015000,-26.2139
149.020000,2.2003
149.025000,-11.3187
149.030000,-15.5236
149.035000,-8.1597
149.040000,-14.5218
149.045000,-31.6260
149.050000,-17.4420
149.055000,-15.8474
149.060000,-31.2269
149.065000,-34.9154
149.070000,-19.5336
149.075000,-44.6254
149.080000,-46.8993
149.085000,-41.8418
149.090000,-45.0642
149.095000,-54.4995
149.100000,-56.9934
149.105000,-50.3587
149.110000,-65.6992
149.115000,-73.2044
149.120000,-59.0777
149.125000,-74.0132
149.130000,-86.3450
149.135000,-69.9700
149.140000,-71.8935
149.145000,-84.7954
149.150000,-71.5507
149.155000,-60.1554
149.160000,-76.2781
149.165000,-70.7836
149.170000,-59.6591
149.175000,-71.0732
149.180000,-69.2343
149.185000,-64.9182
149.190000,-73.4418
149.195000,-95.1145
149.200000,-71.5044
149.205000,-76.2001
149.210000,-91.6502
149.215000,-83.7734
149.220000,-73.4975
149.225000,-76.5229
149.230000,-85.3271
149.235000,-65.4800
149.240000,-52.9930
149.245000,-59.2405
149.250000,-52.2361
149.255000,-46.4130
149.260000,-60.2073
149.265000,-53.5996
149.270000,-47.1233
149.275000,-46.6671
149.280000,-43.3741
149.285000,-26.9702
149.290000,-31.7549
149.295000,-53.0121
149.300000,-31.0173
149.305000,-30.5141
149.310000,-36.5345
149.315000,-24.6735
149.320000,-7.7479
149.325000,-12.9803
149.330000,-13.2110
149.335000,-4.1231
149.340000,3.0642
149.345000,-7.0002
149.350000,13.2980
149.355000,27.1708
149.360000,19.6085
149.365000,29.3403
149.370000,36.0472
149.375000,34.8569
149.380000,33.8550
149.385000,46.0213
149.390000,38.7224
149.395000,36.0742
149.400000,49.5665
149.405000,49.1689
149.410000,32.3176
149.415000,36.2029
149.420000,51.2326
149.425000,35.7319
149.430000,30.9568
149.435000,38.0948
149.440000,48.5629
149.445000,42.7356
149.450000,57.4293
149.455000,73.6803
149.460000,68.7945
149.465000,66.9126
149.470000,80.0362
149.475000,65.6656
149.480000,62.6705
149.485000,77.0272
149.490000,58.3850
149.495000,51.5085
149.500000,67.3060
149.505000,61.0470
149.510000,51.2505
149.515000,59.5860
149.520000,63.9023
149.525000,56.8414
149.530000,50.6601
149.535000,57.2347
149.540000,59.6732
149.545000,51.9454
149.550000,68.3592
149.555000,72.2131
149.560000,62.1044
149.565000,57.5867
149.570000,64.8372
149.575000,52.3757
149.580000,46.6321
149.585000,56.7375
149.590000,52.0621
149.595000,34.0097
149.600000,39.0874
149.605000,51.1645
149.610000,27.5585
149.615000,36.4479
149.620000,37.8614
149.625000,23.4220
149.630000,24.4791
149.635000,34.5102
149.640000,35.7497
149.645000,9.2989
149.650000,21.4776
149.655000,31.3804
149.660000,7.3988
149.665000,3.6549
149.670000,10.8352
149.675000,3.6473
149.680000,-8.7744
149.685000,-10.1035
149.690000,-0.8099
149.695000,-23.0739
149.700000,-37.1631
149.705000,-31.2356
149.710000,-55.5144
149.715000,-47.7692
149.720000,-32.6045
149.725000,-50.7320
149.730000,-53.7503
149.735000,-49.0955
149.740000,-53.6006
149.745000,-65.6850
149.750000,-55.8131
149.755000,-50.7985
149.760000,-62.6098
149.765000,-61.0859
149.770000,-55.7693
149.775000,-69.4913
149.780000,-83.4000
149.785000,-69.4027
149.790000,-74.9742
149.795000,-94.7642
149.800000,-92.3678
149.805000,-83.2178
149.810000,-97.2773
149.815000,-103.6076
149.820000,-97.9779
149.825000,-105.3112
149.830000,-104.0609
149.835000,-88.4083
149.840000,-90.0013
149.845000,-97.2164
149.850000,-90.3155
149.855000,-81.0446
149.860000,-80.8872
149.865000,-86.8419
149.870000,-60.8501
149.875000,-78.9167
149.880000,-83.2391
149.885000,-71.0195
149.890000,-86.5799
149.895000,-89.7096
149.900000,-65.5552
149.905000,-65.3545
149.910000,-89.2779
149.915000,-86.3305
149.920000,-74.4787
149.925000,-85.4253
149.930000,-82.4252
149.935000,-62.3507
149.940000,-70.1337
149.945000,-79.5188
149.950000,-54.7617
149.955000,-49.8347
149.960000,-55.5621
149.965000,-52.3177
149.970000,-39.8736
149.975000,-46.5059
149.980000,-41.9216
149.985000,-31.5690
149.990000,-30.3613
149.995000,-52.7211
150.000000,-25.9643
150.005000,-21.0026
150.010000,-31.2336
150.015000,-24.1886
150.020000,0.4307
150.025000,-11.5354
150.030000,-1.5062
150.035000,26.5211
150.040000,9.5697
150.045000,19.1855
150.050000,23.3304
150.055000,28.6021
150.060000,31.4768
150.065000,33.0493
150.070000,39.4891
150.075000,43.2406
150.080000,45.4406
150.085000,52.2299
150.090000,45.1899
150.095000,30.3047
150.100000,51.6516
150.105000,53.4309
150.110000,33.5652
150.115000,47.3857
150.120000,74.8012
150.125000,63.7068
150.130000,55.2958
150.135000,86.0957
150.140000,81.6516
150.145000,76.8904
150.150000,86.7873
150.155000,96.8527
150.160000,83.2047
150.165000,92.4650
150.170000,98.9247
150.175000,90.9216
150.180000,78.3294
150.185000,92.9978
150.190000,83.5282
150.195000,64.2344
150.200000,86.6002
150.205000,89.5834
150.210000,72.7259
150.215000,73.6909
150.220000,90.4672
150.225000,73.7685
150.230000,61.4030
150.235000,79.7958
150.240000,74.7595
150.245000,70.0678
150.250000,78.9023
150.255000,83.4775
150.260000,61.3804
150.265000,63.4244
150.270000,76.9745
150.275000,52.3639
150.280000,44.7339
150.285000,51.4756
150.290000,46.4194
150.295000,39.2057
150.300000,40.8573
150.305000,49.9930
150.310000,24.3562
150.315000,28.5048
150.320000,22.9577
150.325000,20.0617
150.330000,10.0057
150.335000,28.1207
150.340000,26.2272
150.345000,7.3107
150.350000,18.4128
150.355000,23.4055
150.360000,5.7496
150.365000,12.7137
150.370000,14.9044
150.375000,-4.3628
150.380000,-11.9345
150.385000,-5.8967
150.390000,-11.3017
150.395000,-30.2721
150.400000,-18.3669
150.405000,-30.2155
150.410000,-35.6475
150.415000,-35.9045
150.420000,-30.1320
150.425000,-47.7649
150.430000,-51.2173
150.435000,-38.7970
150.440000,-49.7272
150.445000,-60.5404
150.450000,-56.5929
150.455000,-39.7980
150.460000,-49.2109
150.465000,-54.7873
150.470000,-53.3602
150.475000,-59.4410
150.480000,-60.5416
150.485000,-58.9257
150.490000,-60.1170
150.495000,-78.6372
150.500000,-62.9301
150.505000,-66.7285
150.510000,-91.0136
150.515000,-76.1994
150.520000,-62.3449
150.525000,-75.3830
150.530000,-74.8348
150.535000,-68.9979
150.540000,-64.5649
150.545000,-68.5274
150.550000,-63.4587
150.555000,-45.9502
150.560000,-64.0086
150.565000,-58.6762
150.570000,-54.7521
150.575000,-54.5037
150.580000,-55.1425
150.585000,-34.6481
150.590000,-45.7735
150.595000,-54.8815
150.600000,-45.8911
150.605000,-44.1366
150.610000,-63.5317
150.615000,-50.2445
150.620000,-38.8811
150.625000,-43.1933
150.630000,-52.0045
150.635000,-30.3432
150.640000,-20.3214
150.645000,-27.9008
150.650000,-12.7398
150.655000,-3.4640
150.660000,-7.9381
150.665000,7.7784
150.670000,19.5423
150.675000,2.6929
150.680000,8.7881
150.685000,11.1007
150.690000,6.4722
150.695000,-8.4593
150.700000,8.6828
150.705000,22.2895
150.710000,4.2034
150.715000,16.3905
150.720000,45.7591
150.725000,30.6800
150.730000,31.9658
150.735000,43.5831
150.740000,45.5506
150.745000,31.9138
150.750000,52.9936
150.755000,72.1985
150.760000,58.3389
150.765000,73.5441
150.770000,79.9391
150.775000,69.0311
150.780000,62.2064
150.785000,74.2905
150.790000,69.9951
150.795000,51.1798
150.800000,73.1588
150.805000,71.7584
150.810000,56.7708
150.815000,55.6537
150.820000,73.1510
150.825000,58.7103
150.830000,57.8276
150.835000,76.5878
150.840000,87.7904
150.845000,72.4525
150.850000,78.3231
150.855000,83.9910
150.860000,75.8107
150.865000,85.1773
150.870000,95.4195
150.875000,86.5849
150.880000,68.3801
150.885000,92.1147
150.890000,76.1397
150.895000,64.7325
150.900000,71.2369
150.905000,70.0488
150.910000,53.2801
150.915000,54.1470
150.920000,68.8086
150.925000,50.7268
150.930000,50.8581
150.935000,67.6359
150.940000,55.7301
150.945000,57.8874
150.950000,72.0258
150.955000,57.7804
150.960000,55.5801
150.965000,61.2061
150.970000,64.7080
150.975000,44.6446
150.980000,33.6047
150.985000,40.1396
150.990000,32.4334
150.995000,12.1000
151.000000,20.5769
151.005000,18.7061
151.010000,-2.4495
151.015000,-0.3964
151.020000,5.8331
151.025000,-14.3716
151.030000,-18.2130
151.035000,-3.9911
151.040000,-4.4199
151.045000,-13.0901
151.050000,6.1570
151.055000,5.6491
151.060000,-15.5336
151.065000,2.6620
151.070000,4.3420
151.075000,-19.5786
151.080000,-24.6490
151.085000,-12.2403
151.090000,-17.3141
151.095000,-38.5934
151.100000,-23.5355
151.105000,-28.2544
151.110000,-49.9716
151.115000,-45.3508
151.120000,-32.4260
151.125000,-46.8148
151.130000,-48.1141
151.135000,-27.1326
151.140000,-20.9366
151.145000,-32.8258
151.150000,-18.3236
151.155000,-14.6549
151.160000,-35.8221
151.165000,-35.5128
151.170000,-26.4533
151.175000,-31.8342
151.180000,-48.4375
151.185000,-43.2667
151.190000,-42.8294
151.195000,-59.6751
151.200000,-47.9352
151.205000,-50.6194
151.210000,-67.7377
151.215000,-62.7020
151.220000,-51.7152
151.225000,-57.3518
151.230000,-58.1940
151.235000,-38.3896
151.240000,-41.5838
151.245000,-40.2923
151.250000,-18.1941
151.255000,-15.1278
151.260000,-26.1255
151.265000,-19.9713
151.270000,-14.4577
151.275000,-22.8432
151.280000,-20.4149
151.285000,-8.0548
151.290000,-13.2088
151.295000,-33.7400
151.300000,-21.6721
151.305000,-13.4440
151.310000,-26.8098
151.315000,-31.1574
151.320000,-17.5233
151.325000,-23.2526
151.330000,-16.5828
151.335000,5.7684
151.340000,8.0811
151.345000,3.3415
151.350000,26.3644
151.355000,29.9657
151.360000,17.4978
151.365000,21.9349
151.370000,40.9828
151.375000,28.6866
151.380000,17.4429
151.385000,28.9559
151.390000,23.7682
151.395000,21.2641
151.400000,24.3607
151.405000,33.2690
151.410000,25.8196
151.415000,31.6189
151.420000,33.6756
151.425000,28.9320
151.430000,29.5457
151.435000,50.0589
151.440000,53.1803
151.445000,48.0896
151.450000,63.3189
151.455000,66.4528
151.460000,54.5378
151.465000,65.2853
151.470000,65.2830
151.475000,55.2390
151.480000,48.8070
151.485000,66.1441
151.490000,54.4271
151.495000,33.1289
151.500000,46.0698
151.505000,46.0453
151.510000,24.3958
151.515000,34.5633
151.520000,54.6716
151.525000,46.5215
151.530000,53.5953
151.535000,65.4246
151.540000,65.2278
151.545000,48.0806
151.550000,61.4837
151.555000,69.1619
151.560000,47.7228
151.565000,61.7424
151.570000,71.1779
151.575000,44.4867
151.580000,50.1763
151.585000,61.9193
151.590000,52.1354
151.595000,40.8743
151.600000,32.6629
151.605000,25.4049
151.610000,8.7371
151.615000,6.3949
151.620000,18.6332
151.625000,-0.1003
151.630000,5.4704
151.635000,22.6347
151.640000,18.3936
151.645000,12.5418
151.650000,36.7789
151.655000,25.3662
151.660000,17.6412
151.665000,18.2295
151.670000,25.9767
151.675000,17.9407
151.680000,-0.7741
151.685000,12.2923
151.690000,-1.3707
151.695000,-15.7372
151.700000,-3.0276
151.705000,-11.1141
151.710000,-25.2730
151.715000,-15.7609
151.720000,-20.1679
151.725000,-19.1822
151.730000,-24.0829
151.735000,-6.7314
151.740000,-13.3341
151.745000,-20.5054
151.750000,1.9819
151.755000,-10.9863
151.760000,-22.1566
151.765000,-6.0719
151.770000,-1.1194
151.775000,-26.9809
151.780000,-23.0296
151.785000,-10.8413
151.790000,-23.9026
151.795000,-52.4255
151.800000,-41.6485
151.805000,-27.7555
151.810000,-46.8909
151.815000,-55.0209
151.820000,-44.0417
151.825000,-58.1427
151.830000,-52.4130
151.835000,-32.8381
151.840000,-44.7542
151.845000,-48.5086
151.850000,-26.2410
151.855000,-21.9395
151.860000,-25.2657
151.865000,-24.1485
151.870000,-22.1431
151.875000,-32.3183
151.880000,-35.9278
151.885000,-19.1619
151.890000,-32.4962
151.895000,-43.0849
151.900000,-39.6144
151.905000,-34.8430
151.910000,-49.9791
151.915000,-49.5783
151.920000,-39.9780
151.925000,-38.0484
151.930000,-47.6715
151.935000,-23.5637
151.940000,-22.2494
151.945000,-33.0071
151.950000,-26.1914
151.955000,-5.7768
151.960000,-20.2039
151.965000,-12.2497
151.970000,-1.9806
151.975000,-9.8473
151.980000,-18.3323
151.985000,-7.1945
151.990000,-9.3525
151.995000,-27.5110
152.000000,-17.2946
152.005000,-8.2029
152.010000,-14.7386
152.015000,-11.1247
152.020000,1.1445
152.025000,-10.6403
152.030000,-7.8405
152.035000,6.9677
152.040000,11.0840
152.045000,-0.6277
152.050000,20.7725
152.055000,34.8042
152.060000,19.9355
152.065000,28.0362
152.070000,33.3455
152.075000,21.2105
152.080000,17.3925
152.085000,40.5628
152.090000,25.8196
152.095000,-1.1030
152.100000,10.9006
152.105000,15.9264
152.110000,0.2230
152.115000,10.7312
152.120000,22.6926
152.125000,16.1023
152.130000,24.8392
152.135000,46.0931
152.140000,38.6979
152.145000,36.8267
152.150000,50.9280
152.155000,59.5388
152.160000,38.1593
152.165000,45.4668
152.170000,50.2858
152.175000,31.7975
152.180000,37.9381
152.185000,40.9497
152.190000,28.5787
152.195000,10.4978
152.200000,21.0551
152.205000,22.7116
152.210000,10.6863
152.215000,15.6800
152.220000,29.2266
152.225000,11.9824
152.230000,11.9326
152.235000,32.1820
152.240000,18.3939
152.245000,19.7797
152.250000,32.3793
152.255000,38.5439
152.260000,23.0246
152.265000,27.8155
152.270000,28.0458
152.275000,2.0331
152.280000,6.5005
152.285000,18.7329
152.290000,-0.3358
152.295000,-8.9773
152.300000,2.0804
152.305000,-7.1094
152.310000,-23.8925
152.315000,-24.1182
152.320000,-7.4216
152.325000,-16.3281
152.330000,-26.9364
152.335000,-4.9350
152.340000,-4.7994
152.345000,-9.2826
152.350000,3.4760
152.355000,4.9812
152.360000,-12.0300
152.365000,-14.8194
152.370000,-4.9719
152.375000,-15.1796
152.380000,-23.3946
152.385000,-13.3962
152.390000,-35.2125
152.395000,-41.6864
152.400000,-34.6234
152.405000,-30.4109
152.410000,-40.5622
152.415000,-33.7719
152.420000,-27.9982
152.425000,-31.1875
152.430000,-37.0121
152.435000,-16.6634
152.440000,-19.4814
152.445000,-34.8234
152.450000,-16.9543
152.455000,-7.9069
152.460000,-27.1623
152.465000,-14.6361
152.470000,-12.8899
152.475000,-25.6447
152.480000,-41.1201
152.485000,-20.7988
152.490000,-35.6070
152.495000,-40.5229
152.500000,-41.5510
152.505000,-35.1441
152.510000,-64.3859
152.515000,-57.9536
152.520000,-52.3056
152.525000,-61.6866
152.530000,-43.0666
152.535000,-35.7129
152.540000,-29.8981
152.545000,-39.6451
152.550000,-33.8508
152.555000,-37.7553
152.560000,-40.2693
152.565000,-24.1508
152.570000,-8.1951
152.575000,-25.2799
152.580000,-40.6219
152.585000,-20.0827
152.590000,-30.4509
152.595000,-58.0798
152.600000,-30.0633
152.605000,-33.4157
152.610000,-54.6578
152.615000,-49.9511
152.620000,-38.3436
152.625000,-45.6787
152.630000,-56.9245
152.635000,-24.5878
152.640000,-26.7910
152.645000,-39.7732
152.650000,-12.8359
152.655000,1.4662
152.660000,-11.7677
152.665000,-8.9355
152.670000,11.7767
152.675000,-6.0127
152.680000,-11.1634
152.685000,3.3706
152.690000,-2.0929
152.695000,-12.9727
152.700000,-8.0567
152.705000,-4.7752
152.710000,-18.5808
152.715000,-9.9352
152.720000,0.1165
152.725000,-11.9783
152.730000,-7.0288
152.735000,17.0182
152.740000,9.6444
152.745000,13.9114
152.750000,26.4815
152.755000,32.6202
152.760000,18.9040
152.765000,22.8008
152.770000,37.1986
152.775000,25.8041
152.780000,17.4958
152.785000,37.4493
152.790000,29.1684
152.795000,8.2762
152.800000,30.8244
152.805000,23.3267
152.810000,8.5078
152.815000,12.7368
152.820000,30.4037
152.825000,9.7811
152.830000,14.7596
152.835000,35.4250
152.840000,42.3468
152.845000,24.9079
152.850000,52.7875
152.855000,55.9641
152.860000,29.4248
152.865000,27.8404
152.870000,46.6458
152.875000,32.3758
152.880000,28.0565
152.885000,39.5758
152.890000,37.9540
152.895000,20.2071
152.900000,31.9568
152.905000,26.9391
152.910000,17.3416
152.915000,17.2270
152.920000,19.3019
152.925000,13.4112
152.930000,5.9692
152.935000,27.4338
152.940000,22.5151
152.945000,11.6814
152.950000,23.7245
152.955000,28.0780
152.960000,14.1044
152.965000,25.0883
152.970000,23.8855
152.975000,12.8935
152.980000,0.5599
152.985000,17.4208
152.990000,-1.5306
152.995000,-28.6714
153.000000,2.1142
153.005000,0.4543
153.010000,-22.5968
153.015000,-20.2900
153.020000,-3.1285
153.025000,-10.4124
153.030000,-10.6474
153.035000,2.2971
153.040000,-11.7724
153.045000,-12.2768
153.050000,0.6511
153.055000,1.5725
153.060000,-7.3477
153.065000,-9.3921
153.070000,-7.3573
153.075000,-11.0149
153.080000,-36.9211
153.085000,-14.6181
153.090000,-22.5437
153.095000,-33.3222
153.100000,-22.0158
153.105000,-25.9446
153.110000,-35.8024
153.115000,-38.3873
153.120000,-23.4268
153.125000,-30.5833
153.130000,-37.3035
153.135000,-27.1566
153.140000,-37.7091
153.145000,-39.0299
153.150000,-30.8921
153.155000,-22.6298
153.160000,-32.5938
153.165000,-24.2739
153.170000,-11.6026
153.175000,-28.7598
153.180000,-31.8185
153.185000,-26.7804
153.190000,-28.9046
153.195000,-48.1533
153.200000,-29.9291
153.205000,-24.8166
153.210000,-44.3233
153.215000,-43.9018
153.220000,-34.2604
153.225000,-35.9041
153.230000,-39.0844
153.235000,-20.7139
153.240000,-15.4913
153.245000,-21.1169
153.250000,-10.2907
153.255000,-16.0657
153.260000,-26.9774
153.265000,-12.3520
153.270000,-10.3377
153.275000,-19.4855
153.280000,-18.4612
153.285000,-4.4545
153.290000,-13.1605
153.295000,-27.3130
153.300000,-6.8281
153.305000,-7.7105
153.310000,-21.3621
153.315000,-6.9272
153.320000,-2.3716
153.325000,-7.6637
153.330000,-14.8221
153.335000,3.8868
153.340000,5.6061
153.345000,-5.1994
153.350000,8.8012
153.355000,28.0288
153.360000,5.3757
153.365000,8.7878
153.370000,25.3682
153.375000,14.2734
153.380000,21.4151
153.385000,35.3135
153.390000,29.8671
153.395000,20.4424
153.400000,14.2762
153.405000,35.5558
153.410000,-0.5514
153.415000,15.0199
153.420000,8.7850
153.425000,7.9102
153.430000,-3.0358
153.435000,13.9871
153.440000,9.2499
153.445000,11.0621
153.450000,25.4310
153.455000,43.2764
153.460000,28.6124
153.465000,33.4473
153.470000,29.5287
153.475000,25.4868
153.480000,21.3383
153.485000,39.8565
153.490000,19.7880
153.495000,11.2728
153.500000,18.6626
153.505000,30.0476
153.510000,8.7933
153.515000,11.1339
153.520000,28.5860
153.525000,1.9716
153.530000,15.2939
153.535000,28.3313
153.540000,24.8932
153.545000,14.2423
153.550000,21.8729
153.555000,30.1500
153.560000,18.9284
153.565000,28.1395
153.570000,34.7809
153.575000,13.9080
153.580000,8.6000
153.585000,27.0034
153.590000,16.5961
153.595000,10.2219
153.600000,9.8137
153.605000,21.5686
153.610000,3.3879
153.615000,12.1750
153.620000,22.1159
153.625000,10.9860
153.630000,10.5278
153.635000,9.6121
153.640000,9.2874
153.645000,-2.1761
153.650000,3.4642
153.655000,26.0449
153.660000,-6.2964
153.665000,2.5993
153.670000,10.9459
153.675000,-2.3607
153.680000,-14.4914
153.685000,4.7283
153.690000,-5.8639
153.695000,-34.0858
153.700000,-17.3592
153.705000,-27.0693
153.710000,-45.4360
153.715000,-29.3568
153.720000,-16.6889
153.725000,-30.8546
153.730000,-32.4793
153.735000,-34.6453
153.740000,-35.3400
153.745000,-41.3520
153.750000,-31.2912
153.755000,-25.2385
153.760000,-41.9396
153.765000,-32.2324
153.770000,-30.5183
153.775000,-46.8858
153.780000,-47.1785
153.785000,-40.9582
153.790000,-44.6519
153.795000,-61.6601
153.800000,-55.3258
153.805000,-57.8421
153.810000,-70.0747
153.815000,-67.7445
153.820000,-64.9772
153.825000,-71.5849
153.830000,-65.1356
153.835000,-48.2678
153.840000,-59.3477
153.845000,-64.3928
153.850000,-52.3964
153.855000,-45.3395
153.860000,-48.6202
153.865000,-43.1190
153.870000,-22.8522
153.875000,-41.0823
153.880000,-50.4158
153.885000,-38.2977
153.890000,-46.0495
153.895000,-52.7226
153.900000,-49.5767
153.905000,-34.7604
153.910000,-66.4329
153.915000,-53.7942
153.920000,-49.8336
153.925000,-49.4298
153.930000,-63.7391
153.935000,-38.5323
153.940000,-44.9396
153.945000,-58.7675
153.950000,-38.9735
153.955000,-41.8937
153.960000,-46.2215
153.965000,-36.4688
153.970000,-21.5211
153.975000,-28.2934
153.980000,-35.4634
153.985000,-16.5594
153.990000,-19.5922
153.995000,-33.2523
154.000000,-27.6259
154.005000,-27.8746
154.010000,-30.5520
154.015000,-19.3727
154.020000,-10.6865
154.025000,-12.0451
154.030000,-0.7723
154.035000,7.6694
154.040000,16.8476
154.045000,2.0691
154.050000,11.0066
154.055000,21.9414
154.060000,20.8391
154.065000,13.6174
154.070000,26.6712
154.075000,27.0478
154.080000,16.8865
154.085000,31.4483
154.090000,24.6044
154.095000,13.1945
154.100000,21.7410
154.105000,37.4237
154.110000,17.4195
154.115000,33.3730
154.120000,54.1213
154.125000,35.1086
154.130000,37.2827
154.135000,57.9372
154.140000,59.6450
154.145000,45.6226
154.150000,58.1506
154.155000,63.9440
154.160000,59.9240
154.165000,58.9517
154.170000,69.4694
154.175000,61.9239
154.180000,58.1573
154.185000,59.9809
154.190000,55.7179
154.195000,47.6453
154.200000,70.0305
154.205000,66.0371
154.210000,52.0939
154.215000,50.6106
154.220000,66.1001
154.225000,51.9082
154.230000,47.9539
154.235000,65.9092
154.240000,54.8715
154.245000,53.3644
154.250000,68.0801
154.255000,65.4473
154.260000,48.5782
154.265000,49.1994
154.270000,60.2482
154.275000,48.6006
154.280000,37.5105
154.285000,42.2603
154.290000,39.8832
154.295000,34.4834
154.300000,32.2747
154.305000,34.4024
154.310000,11.9726
154.315000,8.1302
154.320000,27.7832
154.325000,11.9064
154.330000,14.6223
154.335000,18.2814
154.340000,24.3087
154.345000,9.8741
154.350000,27.5769
154.355000,23.7714
154.360000,14.8782
154.365000,17.7188
154.370000,23.7918
154.375000,11.8364
154.380000,-9.3770
154.385000,4.5408
154.390000,-0.5690
154.395000,-21.9349
154.400000,-20.6753
154.405000,-17.5569
154.410000,-33.7584
154.415000,-25.8458
154.420000,-14.9730
154.425000,-42.4669
154.430000,-42.5327
154.435000,-29.5249
154.440000,-30.5554
154.445000,-36.9944
154.450000,-36.9141
154.455000,-32.9866
154.460000,-37.4312
154.465000,-45.1932
154.470000,-36.9901
154.475000,-53.2674
154.480000,-62.3170
154.485000,-42.9154
154.490000,-49.1976
154.495000,-67.4834
154.500000,-54.5902
154.505000,-60.3326
154.510000,-65.6191
154.515000,-62.2586
154.520000,-48.0744
154.525000,-59.1324
154.530000,-72.7985
154.535000,-54.9356
154.540000,-58.7602
154.545000,-66.9172
154.550000,-56.4580
154.555000,-42.1988
154.560000,-59.4666
154.565000,-56.9620
154.570000,-43.3148
154.575000,-54.0574
154.580000,-41.7181
154.585000,-30.2945
154.590000,-42.2877
154.595000,-60.2502
154.600000,-49.9246
154.605000,-41.2853
154.610000,-51.6029
154.615000,-46.5986
154.620000,-34.0657
154.625000,-40.9702
154.630000,-42.8566
154.635000,-21.1884
154.640000,-24.3600
154.645000,-30.9167
154.650000,-9.7388
154.655000,1.1628
154.660000,-13.4001
154.665000,1.9477
154.670000,17.9493
154.675000,10.0554
154.680000,5.6747
154.685000,11.6417
154.690000,5.9284
154.695000,2.1665
154.700000,12.0510
154.705000,18.1485
154.710000,12.2938
154.715000,24.0812
154.720000,41.4552
154.725000,35.3547
154.730000,33.2299
154.735000,42.1300
154.740000,45.7201
154.745000,43.7624
154.750000,55.3556
154.755000,74.5923
154.760000,57.0324
154.765000,71.4982
154.770000,82.7329
154.775000,61.0753
154.780000,54.6090
154.785000,68.2948
154.790000,63.4134
154.795000,59.8473
154.800000,71.1182
154.805000,81.5652
154.810000,57.7921
154.815000,64.0260
154.820000,81.9181
154.825000,65.2529
154.830000,62.0226
154.835000,80.1637
154.840000,76.4711
154.845000,73.2052
154.850000,84.6621
154.855000,94.4469
154.860000,80.9992
154.865000,85.2637
154.870000,96.6111
154.875000,81.8987
154.880000,69.4291
154.885000,92.8528
154.890000,91.3021
154.895000,75.4429
154.900000,68.0795
154.905000,68.9594
154.910000,62.2600
154.915000,55.8243
154.920000,75.5913
154.925000,62.5472
154.930000,57.7586
154.935000,66.9251
154.940000,66.7298
154.945000,65.7171
154.950000,74.9335
154.955000,74.5128
154.960000,52.3362
154.965000,66.3649
154.970000,65.3506
154.975000,47.0846
154.980000,32.0464
154.985000,41.4237
154.990000,30.7689
154.995000,21.2948
155.000000,23.8370
155.005000,11.5193
155.010000,-7.7126
155.015000,0.1356
155.020000,0.6327
155.025000,-12.7241
155.030000,-16.8859
155.035000,-2.6776
155.040000,-5.1743
155.045000,-9.1053
155.050000,3.4814
155.055000,-3.3996
155.060000,-26.6157
155.065000,-9.3453
155.070000,-0.8832
155.075000,-19.3162
155.080000,-37.6407
155.085000,-8.5418
155.090000,-27.7396
155.095000,-46.8733
155.100000,-36.2336
155.105000,-42.1181
155.110000,-58.6126
155.115000,-54.6994
155.120000,-47.8477
155.125000,-55.6174
155.130000,-56.0074
155.135000,-34.5574
155.140000,-41.2500
155.145000,-48.5502
155.150000,-38.7726
155.155000,-29.4548
155.160000,-54.7034
155.165000,-46.5745
155.170000,-42.4374
155.175000,-61.0399
155.180000,-67.4667
155.185000,-64.4077
155.190000,-58.6886
155.195000,-73.9970
155.200000,-64.0503
155.205000,-70.1446
155.210000,-84.2350
155.215000,-81.2153
155.220000,-70.6615
155.225000,-77.0010
155.230000,-74.9423
155.235000,-62.8849
155.240000,-56.9060
155.245000,-64.2665
155.250000,-38.6090
155.255000,-34.7505
155.260000,-38.7978
155.265000,-37.8303
155.270000,-20.1648
155.275000,-38.4626
155.280000,-33.6508
155.285000,-26.7834
155.290000,-29.9744
155.295000,-45.9694
155.300000,-25.8732
155.305000,-18.3609
155.310000,-30.0132
155.315000,-24.8315
155.320000,-18.6733
155.325000,-22.9496
155.330000,-20.9293
155.335000,8.6451
155.340000,-0.2360
155.345000,-1.6518
155.350000,30.6896
155.355000,30.1596
155.360000,10.2260
155.365000,28.7684
155.370000,39.7436
155.375000,28.8182
155.380000,18.0664
155.385000,36.3467
155.390000,38.8942
155.395000,22.2917
155.400000,32.7076
155.405000,46.9753
155.410000,34.3205
155.415000,38.7332
155.420000,51.3910
155.425000,44.1869
155.430000,52.7104
155.435000,73.1352
155.440000,64.0326
155.445000,68.3392
155.450000,86.6740
155.455000,87.9289
155.460000,77.2781
155.465000,85.4516
155.470000,92.5301
155.475000,85.0354
155.480000,74.7825
155.485000,88.9332
155.490000,80.8477
155.495000,63.4147
155.500000,72.0839
155.505000,73.8224
155.510000,59.0964
155.515000,68.8003
155.520000,85.6624
155.525000,77.9840
155.530000,66.5896
155.535000,102.0454
155.540000,87.0785
155.545000,78.5549
155.550000,87.1584
155.555000,95.4049
155.560000,79.0240
155.565000,83.8334
155.570000,93.2314
155.575000,87.3988
155.580000,74.7372
155.585000,89.0249
155.590000,76.9375
155.595000,51.9725
155.600000,52.0276
155.605000,49.0650
155.610000,30.1981
155.615000,27.3987
155.620000,34.4747
155.625000,21.7650
155.630000,13.2984
155.635000,30.7791
155.640000,28.3958
155.645000,19.2051
155.650000,41.2210
155.655000,40.9400
155.660000,13.4621
155.665000,25.0872
155.670000,20.0605
155.675000,16.0740
155.680000,-0.4483
155.685000,13.3652
155.690000,-5.5803
155.695000,-28.5333
155.700000,-14.6235
155.705000,-27.0858
155.710000,-36.9909
155.715000,-29.6152
155.720000,-24.9489
155.725000,-31.7401
155.730000,-50.0112
155.735000,-24.8017
155.740000,-32.9336
155.745000,-34.9689
155.750000,-25.2387
155.755000,-23.8202
155.760000,-43.4815
155.765000,-36.7213
155.770000,-37.1869
155.775000,-49.1176
155.780000,-53.6434
155.785000,-40.2201
155.790000,-58.6485
155.795000,-80.1372
155.800000,-67.3182
155.805000,-65.2060
155.810000,-84.8335
155.815000,-89.6270
155.820000,-79.0370
155.825000,-87.3523
155.830000,-93.5457
155.835000,-72.8886
155.840000,-77.8245
155.845000,-82.2333
155.850000,-62.7767
155.855000,-59.0126
155.860000,-77.5656
155.865000,-75.4072
155.870000,-62.4096
155.875000,-75.4554
155.880000,-68.7142
155.885000,-54.9090
155.890000,-71.0070
155.895000,-82.6044
155.900000,-72.6514
155.905000,-72.1627
155.910000,-90.2899
155.915000,-85.0237
155.920000,-70.6400
155.925000,-77.3902
155.930000,-77.3996
155.935000,-53.2385
155.940000,-47.0333
155.945000,-60.8716
155.950000,-42.3389
155.955000,-22.2592
155.960000,-44.7663
155.965000,-30.4746
155.970000,-20.1164
155.975000,-24.8485
155.980000,-33.7444
155.985000,-17.0009
155.990000,-28.7053
155.995000,-39.6233
156.000000,-21.7411
156.005000,-15.0395
156.010000,-19.7275
156.015000,-3.3820
156.020000,12.7951
156.025000,-9.4301
156.030000,1.7324
156.035000,13.7602
156.040000,7.2931
156.045000,12.4053
156.050000,26.6719
156.055000,47.0603
156.060000,38.2417
156.065000,41.7665
156.070000,65.9156
156.075000,45.4319
156.080000,41.8281
156.085000,71.8209
156.090000,51.8233
156.095000,33.4044
156.100000,36.2078
156.105000,57.3995
156.110000,35.9536
156.115000,45.2032
156.120000,67.7940
156.125000,46.7282
156.130000,51.2782
156.135000,72.9840
156.140000,88.8643
156.145000,73.9225
156.150000,92.0437
156.155000,94.6796
156.160000,85.1272
156.165000,88.0020
156.170000,90.5175
156.175000,84.0809
156.180000,80.2643
156.185000,88.3485
156.190000,74.3794
156.195000,53.2385
156.200000,59.9964
156.205000,72.5045
156.210000,52.9790
156.215000,54.9239
156.220000,68.8466
156.225000,56.4979
156.230000,53.3967
156.235000,69.4163
156.240000,59.0497
156.245000,53.7594
156.250000,66.0264
156.255000,72.0514
156.260000,50.8356
156.265000,61.1460
156.270000,60.9855
156.275000,36.7760
156.280000,37.6040
156.285000,45.1401
156.290000,25.2929
156.295000,3.6771
156.300000,23.1473
156.305000,14.5235
156.310000,-15.9591
156.315000,-5.4132
156.320000,1.7903
156.325000,-9.7027
156.330000,-16.0012
156.335000,-0.4672
156.340000,-6.8699
156.345000,-14.1388
156.350000,-2.3806
156.355000,5.0362
156.360000,-11.5348
156.365000,-24.4715
156.370000,-5.2742
156.375000,-22.0143
156.380000,-41.9802
156.385000,-32.4140
156.390000,-49.0819
156.395000,-63.4583
156.400000,-54.5834
156.405000,-51.9403
156.410000,-68.6538
156.415000,-59.0164
156.420000,-53.1574
156.425000,-61.2944
156.430000,-70.1925
156.435000,-44.0313
156.440000,-53.6464
156.445000,-71.9662
156.450000,-50.5664
156.455000,-42.4440
156.460000,-70.0807
156.465000,-51.0961
156.470000,-47.0160
156.475000,-66.1024
156.480000,-72.4010
156.485000,-62.7360
156.490000,-78.7814
156.495000,-89.8731
156.500000,-86.1156
156.505000,-77.4084
156.510000,-108.2721
156.515000,-95.6542
156.520000,-92.7370
156.525000,-93.8850
156.530000,-92.3290
156.535000,-81.2729
156.540000,-74.1047
156.545000,-75.5576
156.550000,-73.9259
156.555000,-68.6479
156.560000,-78.9117
156.565000,-74.6070
156.570000,-60.5480
156.575000,-68.3385
156.580000,-74.3258
156.585000,-49.7768
156.590000,-64.5624
156.595000,-75.9006
156.600000,-69.0991
156.605000,-68.8257
156.610000,-81.2905
156.615000,-65.6286
156.620000,-68.5647
156.625000,-74.0658
156.630000,-67.2292
156.635000,-47.8093
156.640000,-45.2925
156.645000,-59.5994
156.650000,-26.4085
156.655000,-7.4566
156.660000,-21.1799
156.665000,-16.5061
156.670000,0.5898
156.675000,-1.8190
156.680000,-15.0505
156.685000,3.2708
156.690000,1.1253
156.695000,-8.9777
156.700000,-6.4726
156.705000,2.2744
156.710000,-10.8951
156.715000,-3.7695
156.720000,17.7831
156.725000,12.2874
156.730000,13.9480
156.735000,34.4809
156.740000,41.5088
156.745000,25.4359
156.750000,57.5700
156.755000,60.5337
156.760000,55.7779
156.765000,58.6904
156.770000,69.9293
156.775000,64.2378
156.780000,54.6929
156.785000,62.5813
156.790000,61.8697
156.795000,45.5029
156.800000,54.8265
156.805000,61.7635
156.810000,35.1731
156.815000,54.1966
156.820000,65.0954
156.825000,52.8511
156.830000,53.2631
156.835000,70.5446
156.840000,72.7561
156.845000,69.3048
156.850000,83.4411
156.855000,84.9848
156.860000,69.7187
156.865000,77.3415
156.870000,81.6806
156.875000,70.6583
156.880000,70.3937
156.885000,68.5609
156.890000,70.8468
156.895000,57.0706
156.900000,64.9151
156.905000,65.8147
156.910000,53.9090
156.915000,48.9396
156.920000,50.1432
156.925000,34.5330
156.930000,43.0968
156.935000,51.5740
156.940000,52.3845
156.945000,41.8962
156.950000,41.7362
156.955000,54.9660
156.960000,36.1197
156.965000,36.1522
156.970000,42.9421
156.975000,20.5064
156.980000,12.6391
156.985000,31.1821
156.990000,16.7170
156.995000,-1.3546
157.000000,11.6282
157.005000,4.9110
157.010000,-11.6116
157.015000,-28.7173
157.020000,-9.7168
157.025000,-17.9643
157.030000,-15.7618
157.035000,-5.0685
157.040000,-22.5163
157.045000,-33.9330
157.050000,-5.4616
157.055000,-16.7063
157.060000,-26.6475
157.065000,-31.0693
157.070000,-15.7394
157.075000,-28.7569
157.080000,-45.2159
157.085000,-35.2953
157.090000,-48.0009
157.095000,-52.2478
157.100000,-49.4539
157.105000,-48.8171
157.110000,-64.5573
157.115000,-60.1361
157.120000,-61.1480
157.125000,-64.0075
157.130000,-65.6782
157.135000,-55.1310
157.140000,-55.0610
157.145000,-71.3177
157.150000,-60.6936
157.155000,-48.6746
157.160000,-63.8152
157.165000,-51.3794
157.170000,-57.1494
157.175000,-62.6818
157.180000,-61.0781
157.185000,-59.7329
157.190000,-70.0804
157.195000,-74.9380
157.200000,-63.6408
157.205000,-66.6161
157.210000,-74.1333
157.215000,-71.0556
157.220000,-66.4151
157.225000,-64.7594
157.230000,-69.2984
157.235000,-47.2004
157.240000,-41.5753
157.245000,-50.8065
157.250000,-40.2917
157.255000,-37.8487
157.260000,-44.3262
157.265000,-33.7918
157.270000,-29.2458
157.275000,-40.5614
157.280000,-40.7677
157.285000,-20.9921
157.290000,-31.5843
157.295000,-40.4310
157.300000,-23.1379
157.305000,-12.1497
157.310000,-27.1085
157.315000,-25.4411
157.320000,-8.2791
157.325000,-18.5480
157.330000,-14.0795
157.335000,3.0144
157.340000,-0.3783
157.345000,-16.0782
157.350000,10.6883
157.355000,29.5635
157.360000,12.6528
157.365000,23.0385
157.370000,32.3534
157.375000,27.5791
157.380000,27.5925
157.385000,31.5963
157.390000,32.8494
157.395000,22.5825
157.400000,37.4430
157.405000,32.2635
157.410000,20.0803
157.415000,21.7895
157.420000,32.7744
157.425000,19.4295
157.430000,10.1789
157.435000,30.8743
157.440000,19.5665
157.445000,17.1331
157.450000,40.0903
157.455000,54.8523
157.460000,43.8582
157.465000,50.4590
157.470000,60.1247
157.475000,47.4202
157.480000,37.9929
157.485000,56.4602
157.490000,43.2437
157.495000,30.4285
157.500000,38.5270
157.505000,40.8569
157.510000,26.8678
157.515000,34.2080
157.520000,42.6983
157.525000,25.3824
157.530000,25.4213
157.535000,38.1899
157.540000,50.7014
157.545000,32.5610
157.550000,44.3096
157.555000,53.8884
157.560000,43.3858
157.565000,46.6627
157.570000,52.3590
157.575000,37.1658
157.580000,35.8172
157.585000,41.5380
157.590000,33.0224
157.595000,23.1198
157.600000,19.6222
157.605000,34.9690
157.610000,8.3119
157.615000,19.3430
157.620000,31.6801
157.625000,5.5415
157.630000,11.5979
157.635000,19.7483
157.640000,16.3889
157.645000,12.6373
157.650000,18.2120
157.655000,16.7267
157.660000,2.1040
157.665000,-1.8853
157.670000,6.8768
157.675000,-1.9956
157.680000,-1.8944
157.685000,-1.7028
157.690000,0.1384
157.695000,-23.8372
157.700000,-29.3415
157.705000,-24.9793
157.710000,-48.2042
157.715000,-40.0495
157.720000,-23.3272
157.725000,-44.1232
157.730000,-50.3358
157.735000,-39.0035
157.740000,-40.6769
157.745000,-50.4384
157.750000,-44.0516
157.755000,-27.9451
157.760000,-40.7754
157.765000,-37.0705
157.770000,-40.4585
157.775000,-50.0383
157.780000,-55.0248
157.785000,-39.8263
157.790000,-52.7786
157.795000,-64.7682
157.800000,-71.4222
157.805000,-66.9095
157.810000,-77.5480
157.815000,-75.6599
157.820000,-55.4955
157.825000,-80.7731
157.830000,-77.5197
157.835000,-61.3956
157.840000,-66.0750
157.845000,-70.2329
157.850000,-57.0325
157.855000,-50.6681
157.860000,-59.7183
157.865000,-47.6724
157.870000,-28.1126
157.875000,-51.2922
157.880000,-54.8218
157.885000,-41.0353
157.890000,-54.3000
157.895000,-61.4133
157.900000,-43.7835
157.905000,-35.2631
157.910000,-68.2133
157.915000,-55.2858
157.920000,-49.0155
157.925000,-60.6414
157.930000,-60.9972
157.935000,-39.0706
157.940000,-50.3805
157.945000,-64.8388
157.950000,-42.2620
157.955000,-36.5755
157.960000,-47.5290
157.965000,-41.2863
157.970000,-24.3399
157.975000,-29.2201
157.980000,-36.7743
157.985000,-16.8254
157.990000,-27.9208
157.995000,-45.3137
158.000000,-28.4410
158.005000,-19.0833
158.010000,-32.1561
158.015000,-20.3058
158.020000,0.8881
158.025000,-21.1832
158.030000,-3.1584
158.035000,13.1484
158.040000,0.8831
158.045000,8.1052
158.050000,6.6918
158.055000,21.0230
158.060000,17.3751
158.065000,10.9493
158.070000,25.5870
158.075000,25.3124
158.080000,14.4750
158.085000,21.3343
158.090000,14.8004
158.095000,6.4895
158.100000,22.2759
158.105000,30.1456
158.110000,7.8513
158.115000,24.7518
158.120000,43.9293
158.125000,24.3204
158.130000,24.3477
158.135000,61.0530
158.140000,51.2636
158.145000,34.3417
158.150000,50.5185
158.155000,53.0293
158.160000,48.8943
158.165000,62.0631
158.170000,67.0477
158.175000,55.1414
158.180000,52.3896
158.185000,63.8750
158.190000,55.3809
158.195000,40.1814
158.200000,61.1925
158.205000,63.3804
158.210000,34.8834
158.215000,43.0662
158.220000,55.6356
158.225000,46.3431
158.230000,32.3764
158.235000,40.6772
158.240000,42.1323
158.245000,43.0144
158.250000,51.2878
158.255000,58.8765
158.260000,49.5015
158.265000,39.0884
158.270000,46.0883
158.275000,27.8118
158.280000,23.3908
158.285000,36.4856
158.290000,30.1599
158.295000,17.3170
158.300000,22.5435
158.305000,36.1791
158.310000,6.9594
158.315000,15.6612
158.320000,22.3052
158.325000,11.5922
158.330000,5.3524
158.335000,29.3288
158.340000,15.7610
158.345000,6.0178
158.350000,28.0498
158.355000,32.0386
158.360000,22.0295
158.365000,13.2855
158.370000,28.3972
158.375000,5.3330
158.380000,-9.2634
158.385000,4.0058
158.390000,7.8597
158.395000,-14.9496
158.400000,-5.9893
158.405000,-6.1637
158.410000,-19.0129
158.415000,-10.7202
158.420000,-9.3581
158.425000,-22.8601
158.430000,-31.8063
158.435000,-13.1889
158.440000,-22.2512
158.445000,-32.6582
158.450000,-23.8562
158.455000,-17.7481
158.460000,-25.1926
158.465000,-26.8429
158.470000,-25.2919
158.475000,-36.2629
158.480000,-38.1565
158.485000,-29.8934
158.490000,-37.3398
158.495000,-43.4458
158.500000,-29.9515
158.505000,-34.0223
158.510000,-52.8314
158.515000,-32.3090
158.520000,-31.3308
158.525000,-43.7172
158.530000,-43.6365
158.535000,-34.2157
158.540000,-24.1142
158.545000,-45.0810
158.550000,-24.9939
158.555000,-23.6058
158.560000,-30.1309
158.565000,-36.9962
158.570000,-24.3855
158.575000,-33.0438
158.580000,-25.5965
158.585000,-15.9923
158.590000,-24.8617
158.595000,-35.8703
158.600000,-27.8160
158.605000,-20.0992
158.610000,-44.0617
158.615000,-26.0940
158.620000,-19.4503
158.625000,-30.9842
158.630000,-27.0633
158.635000,-5.4216
158.640000,-10.6558
158.645000,-27.0428
158.650000,-6.2119
158.655000,-0.9683
158.660000,0.4217
158.665000,-4.3685
158.670000,20.6079
158.675000,3.9758
158.680000,0.7450
158.685000,16.8535
158.690000,6.9900
158.695000,-5.0816
158.700000,-1.8637
158.705000,16.6088
158.710000,1.4304
158.715000,13.7796
158.720000,27.2685
158.725000,21.0465
158.730000,26.5099
158.735000,25.8875
158.740000,35.2815
158.745000,17.1543
158.750000,39.4358
158.755000,51.8111
158.760000,36.4367
158.765000,44.7443
158.770000,59.8411
158.775000,41.2447
158.780000,30.0373
158.785000,48.9555
158.790000,45.1192
158.795000,23.9516
158.800000,43.0813
158.805000,45.2725
158.810000,27.9613
158.815000,28.5011
158.820000,51.7812
158.825000,33.7891
158.830000,33.3395
158.835000,54.6056
158.840000,51.8529
158.845000,44.4262
158.850000,52.8482
158.855000,52.3958
158.860000,45.1269
158.865000,49.4664
158.870000,68.2401
158.875000,41.7146
158.880000,40.4340
158.885000,59.3426
158.890000,53.2257
158.895000,36.9617
158.900000,52.6618
158.905000,42.7764
158.910000,25.9229
158.915000,34.8883
158.920000,46.1506
158.925000,32.6252
158.930000,38.8155
158.935000,42.3313
158.940000,39.5867
158.945000,40.3889
158.950000,56.4868
158.955000,47.8077
158.960000,39.4383
158.965000,39.1689
158.970000,48.8680
158.975000,30.0127
158.980000,27.7416
158.985000,35.4450
158.990000,25.8705
158.995000,6.1964
159.000000,14.6968
159.005000,7.2492
159.010000,-9.7130
159.015000,-3.1784
159.020000,1.6478
159.025000,-12.9254
159.030000,-18.7038
159.035000,2.1229
159.040000,-1.5144
159.045000,-2.3484
159.050000,16.8820
159.055000,8.2055
159.060000,-1.8900
159.065000,9.1960
159.070000,24.5667
159.075000,-1.9325
159.080000,-7.5128
159.085000,3.4128
159.090000,-6.4851
159.095000,-16.6294
159.100000,-7.4772
159.105000,-12.1242
159.110000,-19.9489
159.115000,-20.6094
159.120000,-12.5542
159.125000,-20.7699
159.130000,-23.8954
159.135000,-0.5822
159.140000,0.3117
159.145000,-19.9487
159.150000,2.5259
159.155000,5.0856
159.160000,-12.3205
159.165000,-6.7524
159.170000,1.4201
159.175000,-9.5892
159.180000,-20.4195
159.185000,-26.6145
159.190000,-20.6939
159.195000,-31.4956
159.200000,-21.4395
159.205000,-31.0311
159.210000,-46.6404
159.215000,-35.6128
159.220000,-32.6553
159.225000,-35.4069
159.230000,-36.8033
159.235000,-17.2819
159.240000,-32.7432
159.245000,-28.8564
159.250000,-8.3650
159.255000,-1.8743
159.260000,-12.3339
159.265000,-8.2567
159.270000,1.4068
159.275000,-15.0147
159.280000,-10.4162
159.285000,-8.9635
159.290000,-9.4174
159.295000,-19.1318
159.300000,-9.2915
159.305000,-4.5791
159.310000,-22.7181
159.315000,-7.5383
159.320000,-8.9466
159.325000,-16.0823
159.330000,-13.4909
159.335000,10.0988
159.340000,12.4531
159.345000,0.8386
159.350000,24.5126
159.355000,24.8887
159.360000,9.9398
159.365000,20.9388
159.370000,29.4743
159.375000,17.6587
159.380000,19.0284
159.385000,22.7954
159.390000,20.2061
159.395000,2.3634
159.400000,19.2484
159.405000,23.7758
159.410000,6.1679
159.415000,14.2717
159.420000,31.5866
159.425000,11.2177
159.430000,13.8063
159.435000,44.3851
159.440000,30.7116
159.445000,33.6618
159.450000,46.9602
159.455000,54.2076
159.460000,38.0926
159.465000,44.3726
159.470000,49.1453
159.475000,35.8974
159.480000,31.6299
159.485000,40.9771
159.490000,33.3680
159.495000,13.4411
159.500000,26.1615
159.505000,30.8709
159.510000,19.6290
159.515000,21.5703
159.520000,40.2626
159.525000,23.8517
159.530000,24.0345
159.535000,49.1140
159.540000,45.0373
159.545000,37.6157
159.550000,53.1848
159.555000,46.3551
159.560000,34.2596
159.565000,46.1021
159.570000,58.2662
159.575000,41.1390
159.580000,39.1739
159.585000,47.5250
159.590000,43.5837
159.595000,24.5450
159.600000,26.3964
159.605000,20.9914
159.610000,5.3203
159.615000,2.7321
159.620000,8.2900
159.625000,-5.3002
159.630000,-1.6016
159.635000,22.0383
159.640000,13.7717
159.645000,5.2093
159.650000,24.7924
159.655000,18.5105
159.660000,4.9093
159.665000,26.7116
159.670000,19.2912
159.675000,8.0460
159.680000,4.7924
159.685000,12.4778
159.690000,2.7163
159.695000,-21.6312
159.700000,-5.4195
159.705000,-14.5484
159.710000,-15.8657
159.715000,-18.1332
159.720000,-13.1801
159.725000,-21.9952
159.730000,-24.1356
159.735000,-11.1810
159.740000,-11.8678
159.745000,-15.3682
159.750000,1.2300
159.755000,9.5739
159.760000,-15.5654
159.765000,-1.4511
159.770000,4.4935
159.775000,-13.2210
159.780000,-16.2444
159.785000,-10.1244
159.790000,-20.1880
159.795000,-36.0263
159.800000,-33.6189
159.805000,-26.2131
159.810000,-40.2971
159.815000,-41.4105
159.820000,-29.0131
159.825000,-45.1883
159.830000,-48.4643
159.835000,-23.7474
159.840000,-37.1085
159.845000,-45.6421
159.850000,-26.4381
159.855000,-22.0021
159.860000,-31.6390
159.865000,-33.7004
159.870000,-15.7256
159.875000,-29.4666
159.880000,-20.0588
159.885000,-19.2562
159.890000,-26.8753
159.895000,-44.2097
159.900000,-36.3285
159.905000,-35.0095
159.910000,-52.3288
159.915000,-48.4576
159.920000,-40.5845
159.925000,-43.5106
159.930000,-49.5205
159.935000,-25.1339
159.940000,-22.0680
159.945000,-33.6859
159.950000,-16.1691
159.955000,-4.2197
159.960000,-18.3841
159.965000,-12.6541
159.970000,-0.4542
159.975000,-16.2409
159.980000,-17.6469
159.985000,-5.6914
159.990000,-20.1999
159.995000,-28.3679
160.000000,-9.5097
160.005000,-7.1368
160.010000,-17.4236
160.015000,-15.0685
160.020000,3.7710
160.025000,-5.5084
160.030000,-9.9174
160.035000,4.4364
160.040000,8.3179
160.045000,-1.8463
160.050000,20.2659
160.055000,23.7177
160.060000,22.4569
160.065000,33.4865
160.070000,36.8772
160.075000,21.9184
160.080000,29.6683
160.085000,38.9747
160.090000,24.6402
160.095000,3.4383
160.100000,11.1916
160.105000,15.7559
160.110000,5.1120
160.115000,9.6526
160.120000,33.1875
160.125000,20.0991
160.130000,19.6109
160.135000,47.7407
160.140000,44.7266
160.145000,37.9166
160.150000,59.5949
160.155000,60.4456
160.160000,46.4754
160.165000,55.0749
160.170000,56.5689
160.175000,45.8565
160.180000,41.8349
160.185000,49.9044
160.190000,42.1192
160.195000,16.6631
160.200000,25.7749
160.205000,39.4883
160.210000,22.9229
160.215000,16.6186
160.220000,35.7363
160.225000,20.3640
160.230000,18.2426
160.235000,37.2183
160.240000,31.4754
160.245000,33.6276
160.250000,49.0776
160.255000,45.7237
160.260000,21.0051
160.265000,31.7834
160.270000,39.2385
160.275000,22.3975
160.280000,19.5660
160.285000,27.4637
160.290000,8.8933
160.295000,-3.8116
160.300000,2.5480
160.305000,-11.2041
160.310000,-19.3781
160.315000,-19.1317
160.320000,-13.5935
160.325000,-12.1168
160.330000,-17.1526
160.335000,1.3842
160.340000,-3.4776
160.345000,-5.8298
160.350000,0.1464
160.355000,4.1927
160.360000,-10.7417
160.365000,-17.1756
160.370000,-1.4332
160.375000,-20.2896
160.380000,-31.8342
160.385000,-28.9233
160.390000,-34.6830
160.395000,-44.9602
160.400000,-36.0213
160.405000,-39.2442
160.410000,-49.3857
160.415000,-47.7685
160.420000,-34.4354
160.425000,-46.9377
160.430000,-47.2484
160.435000,-29.2848
160.440000,-34.2052
160.445000,-36.8867
160.450000,-20.5819
160.455000,-25.2344
160.460000,-32.7109
160.465000,-22.8242
160.470000,-20.8335
160.475000,-44.0537
160.480000,-45.6718
160.485000,-39.5564
160.490000,-48.7367
160.495000,-65.5393
160.500000,-51.5610
160.505000,-53.6118
160.510000,-76.2407
160.515000,-66.6042
160.520000,-65.1740
160.525000,-73.8918
160.530000,-68.2435
160.535000,-57.9717
160.540000,-52.8513
160.545000,-57.4924
160.550000,-46.4145
160.555000,-39.4089
160.560000,-54.2285
160.565000,-41.9934
160.570000,-24.3364
160.575000,-48.6121
160.580000,-54.0555
160.585000,-29.1218
160.590000,-52.1689
160.595000,-67.9432
160.600000,-52.5915
160.605000,-52.2356
160.610000,-63.8019
160.615000,-59.2905
160.620000,-49.8429
160.625000,-64.6261
160.630000,-61.5842
160.635000,-36.9881
160.640000,-39.7142
160.645000,-38.6397
160.650000,-9.9858
160.655000,-2.5984
160.660000,-12.1598
160.665000,-8.1443
160.670000,9.0907
160.675000,0.3026
160.680000,-4.0466
160.685000,4.8813
160.690000,-5.4474
160.695000,-16.1112
160.700000,-6.6847
160.705000,-5.3244
160.710000,-15.4659
160.715000,-12.5382
160.720000,-3.6395
160.725000,-4.2295
160.730000,6.2118
160.735000,27.8549
160.740000,29.3807
160.745000,26.1796
160.750000,39.7124
160.755000,54.5913
160.760000,37.7555
160.765000,45.0120
160.770000,46.4020
160.775000,40.5018
160.780000,40.9396
160.785000,54.0460
160.790000,55.6027
160.795000,25.1165
160.800000,43.5764
160.805000,45.8610
160.810000,19.2428
160.815000,31.6332
160.820000,38.9854
160.825000,28.1210
160.830000,37.2354
160.835000,62.7384
160.840000,61.5134
160.845000,60.5770
160.850000,75.6813
160.855000,72.7444
160.860000,50.3932
160.865000,58.9448
160.870000,63.7471
160.875000,57.1845
160.880000,52.6325
160.885000,63.3729
160.890000,57.1363
160.895000,50.0983
160.900000,46.5242
160.905000,53.0480
160.910000,35.6651
160.915000,33.0560
160.920000,37.7351
160.925000,29.4137
160.930000,34.0519
160.935000,48.5373
160.940000,48.9125
160.945000,31.0194
160.950000,42.4342
160.955000,44.8137
160.960000,23.4769
160.965000,34.8240
160.970000,43.8841
160.975000,14.9850
160.980000,13.7394
160.985000,17.7778
160.990000,14.5349
160.995000,-12.4704
161.000000,9.5000
161.005000,-0.9482
161.010000,-27.1574
161.015000,-25.4073
161.020000,-4.7750
161.025000,-12.1600
161.030000,-21.6413
161.035000,-6.9215
161.040000,-15.9579
161.045000,-21.2151
161.050000,-14.9630
161.055000,-12.7679
161.060000,-14.6469
161.065000,-13.8887
161.070000,-15.3077
161.075000,-32.9986
161.080000,-37.9834
161.085000,-25.2061
161.090000,-39.1480
161.095000,-57.0386
161.100000,-43.4417
161.105000,-48.5443
161.110000,-65.3642
161.115000,-66.0651
161.120000,-51.9361
161.125000,-66.1517
161.130000,-69.5522
161.135000,-58.2563
161.140000,-59.6075
161.145000,-67.2978
161.150000,-60.6098
161.155000,-57.6901
161.160000,-60.1757
161.165000,-49.0110
161.170000,-43.7614
161.175000,-53.5512
161.180000,-54.6058
161.185000,-52.2434
161.190000,-53.2579
161.195000,-78.0719
161.200000,-56.9856
161.205000,-60.1423
161.210000,-79.5778
161.215000,-73.7066
161.220000,-54.2381
161.225000,-67.6379
161.230000,-66.9955
161.235000,-46.9530
161.240000,-35.0137
161.245000,-49.9852
161.250000,-34.3824
161.255000,-46.5859
161.260000,-44.1136
161.265000,-32.9212
161.270000,-32.6791
161.275000,-38.1800
161.280000,-36.1500
161.285000,-23.5665
161.290000,-28.2042
161.295000,-42.6106
161.300000,-27.1164
161.305000,-32.6967
161.310000,-29.6282
161.315000,-21.2156
161.320000,-12.1579
161.325000,-20.1949
161.330000,-23.5377
161.335000,1.5147
161.340000,4.1787
161.345000,-1.6199
161.350000,11.3257
161.355000,21.0361
161.360000,11.7148
161.365000,19.5247
161.370000,39.3108
161.375000,29.4506
161.380000,27.2908
161.385000,43.0769
161.390000,31.7038
161.395000,24.2798
161.400000,36.7517
161.405000,42.3095
161.410000,17.7222
161.415000,20.2962
161.420000,35.6193
161.425000,30.8177
161.430000,17.0236
161.435000,40.2204
161.440000,33.0047
161.445000,37.5373
161.450000,44.1911
161.455000,67.7440
161.460000,54.7665
161.465000,57.7872
161.470000,69.9875
161.475000,51.0880
161.480000,44.6393
161.485000,67.2395
161.490000,58.7191
161.495000,49.4304
161.500000,47.8946
161.505000,59.9255
161.510000,41.2717
161.515000,49.8021
161.520000,51.9850
161.525000,45.4937
161.530000,35.7814
161.535000,54.0643
161.540000,55.3938
161.545000,48.3853
161.550000,58.6496
161.555000,61.7643
161.560000,53.4894
161.565000,58.0355
161.570000,66.3948
161.575000,42.7781
161.580000,42.4721
161.585000,58.4935
161.590000,39.4068
161.595000,26.6733
161.600000,32.4855
161.605000,38.2092
161.610000,24.9642
161.615000,30.8049
161.620000,34.1375
161.625000,20.3518
161.630000,15.6990
161.635000,27.2771
161.640000,28.5322
161.645000,9.8506
161.650000,21.6881
161.655000,24.8697
161.660000,13.2465
161.665000,13.0231
161.670000,9.9871
161.675000,-0.8803
161.680000,-11.2001
161.685000,-4.2221
161.690000,-8.1043
161.695000,-32.1947
161.700000,-32.1329
161.705000,-27.1424
161.710000,-47.2872
161.715000,-44.1928
161.720000,-36.1177
161.725000,-46.9517
161.730000,-49.8610
161.735000,-38.4130
161.740000,-45.7083
161.745000,-58.0160
161.750000,-52.2599
161.755000,-45.8521
161.760000,-63.5312
161.765000,-57.7639
161.770000,-57.4970
161.775000,-74.2493
161.780000,-78.7895
161.785000,-67.8729
161.790000,-67.7372
161.795000,-92.8001
161.800000,-84.7144
161.805000,-79.7708
161.810000,-96.7448
161.815000,-101.6065
161.820000,-88.2871
161.825000,-109.2456
161.830000,-97.2263
161.835000,-81.1147
161.840000,-87.7465
161.845000,-89.6850
161.850000,-80.5391
161.855000,-70.8062
161.860000,-89.1766
161.865000,-75.1479
161.870000,-59.2066
161.875000,-83.1580
161.880000,-81.7691
161.885000,-64.8062
161.890000,-89.0412
161.895000,-88.6793
161.900000,-63.2825
161.905000,-68.0061
161.910000,-88.3802
161.915000,-84.2719
161.920000,-73.4737
161.925000,-85.5727
161.930000,-80.9375
161.935000,-60.6872
161.940000,-62.6708
161.945000,-80.6696
161.950000,-50.6836
161.955000,-46.3762
161.960000,-57.4880
161.965000,-45.1089
161.970000,-41.5943
161.975000,-42.5496
161.980000,-42.6130
161.985000,-22.7996
161.990000,-33.4743
161.995000,-47.5143
162.000000,-31.4227
162.005000,-23.2708
162.010000,-33.7605
162.015000,-20.9460
162.020000,-9.0990
162.025000,-7.9620
162.030000,-3.3202
162.035000,20.0043
162.040000,7.0712
162.045000,13.6690
162.050000,24.3324
162.055000,28.3379
162.060000,22.2434
162.065000,27.6820
162.070000,44.0044
162.075000,38.0975
162.080000,43.0695
162.085000,49.7303
162.090000,44.4316
162.095000,28.1207
162.100000,40.0694
162.105000,58.3928
162.110000,38.1757
162.115000,54.7688
162.120000,76.1623
162.125000,53.9186
162.130000,57.2291
162.135000,83.6187
162.140000,91.9677
162.145000,71.7071
162.150000,90.1027
162.155000,97.6454
162.160000,82.6244
162.165000,95.8120
162.170000,99.6734
162.175000,89.3710
162.180000,83.8853
162.185000,92.6967
162.190000,81.6109
162.195000,75.3275
162.200000,87.9895
162.205000,89.1284
162.210000,76.3243
162.215000,76.8032
162.220000,100.3862
162.225000,80.3609
162.230000,61.1587
162.235000,86.2800
162.240000,87.5302
162.245000,75.1561
162.250000,83.6022
162.255000,93.8758
162.260000,66.3679
162.265000,66.1425
162.270000,79.6188
162.275000,51.1149
162.280000,47.9363
162.285000,62.3903
162.290000,45.1853
162.295000,38.1715
162.300000,47.0958
162.305000,54.8257
162.310000,25.9085
162.315000,23.8316
162.320000,23.8786
162.325000,26.1850
162.330000,10.6743
162.335000,33.9056
162.340000,17.4673
162.345000,12.4482
162.350000,26.5902
162.355000,26.6076
162.360000,3.5049
162.365000,17.6725
162.370000,21.5336
162.375000,-7.3240
162.380000,-10.6396
162.385000,-3.6050
162.390000,-7.7209
162.395000,-30.9186
162.400000,-27.7984
162.405000,-23.3246
162.410000,-37.6606
162.415000,-45.2759
162.420000,-29.9154
162.425000,-48.0882
162.430000,-55.5379
162.435000,-41.5975
162.440000,-53.0672
162.445000,-65.6487
162.450000,-59.5088
162.455000,-58.1988
162.460000,-69.0183
162.465000,-68.2325
162.470000,-52.5813
162.475000,-68.3810
162.480000,-84.1532
162.485000,-72.2942
162.490000,-73.1147
162.495000,-81.8785
162.500000,-75.3432
162.505000,-77.4247
162.510000,-95.7131
162.515000,-76.3253
162.520000,-68.1035
162.525000,-75.9359
162.530000,-92.9428
162.535000,-74.0055
162.540000,-72.4637
162.545000,-83.5633
162.550000,-68.8378
162.555000,-58.4826
162.560000,-78.5073
162.565000,-68.9167
162.570000,-60.2067
162.575000,-64.3936
162.580000,-63.8039
162.585000,-53.8422
162.590000,-55.3471
162.595000,-69.2714
162.600000,-56.0792
162.605000,-50.8699
162.610000,-59.0589
162.615000,-48.4416
162.620000,-49.1726
162.625000,-55.2560
162.630000,-50.5132
162.635000,-30.8783
162.640000,-27.6655
162.645000,-39.5587
162.650000,-22.1267
162.655000,-2.6362
162.660000,-15.3115
162.665000,-1.6072
162.670000,12.7659
162.675000,3.7703
162.680000,-1.2383
162.685000,9.3116
162.690000,8.2972
162.695000,-2.7391
162.700000,9.1250
162.705000,26.6798
162.710000,19.9607
162.715000,35.7345
162.720000,54.4166
162.725000,40.3917
162.730000,44.1507
162.735000,53.1027
162.740000,62.1505
162.745000,49.0875
162.750000,61.3394
162.755000,82.2101
162.760000,57.8833
162.765000,82.7869
162.770000,90.7051
162.775000,63.7987
162.780000,68.4695
162.785000,83.9746
162.790000,74.3311
162.795000,70.3892
162.800000,86.8047
162.805000,92.4075
162.810000,63.9131
162.815000,74.1288
162.820000,92.8444
162.825000,76.1367
162.830000,75.2671
162.835000,94.3481
162.840000,86.9050
162.845000,86.5540
162.850000,96.7336
162.855000,92.0120
162.860000,87.3136
162.865000,102.6985
162.870000,110.9349
162.875000,86.6847
162.880000,79.2928
162.885000,100.2683
162.890000,97.2570
162.895000,71.1973
162.900000,76.9770
162.905000,89.3325
162.910000,67.9892
162.915000,62.2926
162.920000,82.8684
162.925000,58.4307
162.930000,65.8583
162.935000,76.4220
162.940000,71.6499
162.945000,67.1509
162.950000,69.4858
162.955000,76.0352
162.960000,56.0758
162.965000,64.6873
162.970000,80.3374
162.975000,52.5373
162.980000,28.2667
162.985000,38.9298
162.990000,35.0617
162.995000,18.2482
163.000000,19.6532
163.005000,15.6951
163.010000,-6.7334
163.015000,-4.8580
163.020000,-0.5683
163.025000,-12.9516
163.030000,-20.3712
163.035000,-5.6942
163.040000,-5.4033
163.045000,-16.8255
163.050000,-6.0774
163.055000,-0.6070
163.060000,-22.9347
163.065000,-15.0332
163.070000,-5.4613
163.075000,-29.3554
163.080000,-32.4206
163.085000,-24.6839
163.090000,-30.3068
163.095000,-45.6287
163.100000,-33.7247
163.105000,-41.4404
163.110000,-60.1218
163.115000,-52.8957
163.120000,-42.9654
163.125000,-64.4630
163.130000,-64.4930
163.135000,-46.8477
163.140000,-40.9988
163.145000,-54.2536
163.150000,-34.1994
163.155000,-37.5685
163.160000,-55.2526
163.165000,-53.6385
163.170000,-51.4569
163.175000,-48.6264
163.180000,-66.1648
163.185000,-61.7977
163.190000,-59.7961
163.195000,-82.5867
163.200000,-59.2419
163.205000,-74.0254
163.210000,-84.5896
163.215000,-77.3555
163.220000,-68.8273
163.225000,-70.1641
163.230000,-76.5864
163.235000,-60.3465
163.240000,-60.7994
163.245000,-63.7555
163.250000,-45.1697
163.255000,-34.8795
163.260000,-39.3312
163.265000,-35.1432
163.270000,-32.0614
163.275000,-35.3901
163.280000,-40.6484
163.285000,-25.2284
163.290000,-27.4078
163.295000,-32.1227
163.300000,-32.9642
163.305000,-19.0386
163.310000,-22.4030
163.315000,-24.8879
163.320000,-11.2490
163.325000,-23.9682
163.330000,-17.2776
163.335000,7.1960
163.340000,5.4795
163.345000,0.3620
163.350000,23.1987
163.355000,27.3446
163.360000,16.2418
163.365000,30.3538
163.370000,38.7713
163.375000,32.2510
163.380000,23.2314
163.385000,33.1193
163.390000,37.3843
163.395000,26.6499
163.400000,35.7555
163.405000,52.5921
163.410000,34.6218
163.415000,45.4395
163.420000,50.3216
163.425000,36.7424
163.430000,41.0654
163.435000,64.0494
163.440000,57.8473
163.445000,60.5168
163.450000,75.6812
163.455000,86.4785
163.460000,69.3971
163.465000,71.9018
163.470000,80.2331
163.475000,61.9754
163.480000,72.8151
163.485000,82.5920
163.490000,75.6783
163.495000,52.5853
163.500000,64.8183
163.505000,71.7852
163.510000,52.9598
163.515000,61.0651
163.520000,80.0272
163.525000,59.2359
163.530000,62.0882
163.535000,83.5371
163.540000,71.5612
163.545000,63.4478
163.550000,70.6626
163.555000,78.5638
163.560000,72.0824
163.565000,80.6997
163.570000,71.0165
163.575000,74.1812
163.580000,65.6193
163.585000,74.8036
163.590000,60.6947
163.595000,50.6919
163.600000,52.2292
163.605000,43.7716
163.610000,24.1936
163.615000,20.5994
163.620000,32.5174
163.625000,8.7883
163.630000,13.2714
163.635000,32.3833
163.640000,25.2360
163.645000,12.0136
163.650000,37.4604
163.655000,31.9710
163.660000,18.4045
163.665000,26.4100
163.670000,18.2967
163.675000,14.7342
163.680000,1.3265
163.685000,13.1161
163.690000,-3.5574
163.695000,-23.9087
163.700000,-9.5484
163.705000,-20.1308
163.710000,-27.1957
163.715000,-29.5292
163.720000,-16.7403
163.725000,-28.0490
163.730000,-46.9082
163.735000,-19.2710
163.740000,-28.2921
163.745000,-30.3643
163.750000,-11.4692
163.755000,-15.2099
163.760000,-33.5106
163.765000,-27.1523
163.770000,-14.2285
163.775000,-38.9360
163.780000,-50.0040
163.785000,-30.9537
163.790000,-41.8813
163.795000,-61.8432
163.800000,-54.0094
163.805000,-54.7557
163.810000,-72.5947
163.815000,-61.1122
163.820000,-51.7467
163.825000,-70.8269
163.830000,-68.2513
163.835000,-58.2162
163.840000,-61.5387
163.845000,-68.7878
163.850000,-59.2186
163.855000,-48.0121
163.860000,-58.3060
163.865000,-59.4782
163.870000,-39.9384
163.875000,-38.8339
163.880000,-59.2402
163.885000,-44.5796
163.890000,-50.5957
163.895000,-63.9822
163.900000,-52.7757
163.905000,-59.4635
163.910000,-76.7388
163.915000,-64.9573
163.920000,-57.2985
163.925000,-57.6122
163.930000,-64.2835
163.935000,-34.4074
163.940000,-39.6314
163.945000,-52.5368
163.950000,-30.5518
163.955000,-13.5523
163.960000,-22.9401
163.965000,-20.9872
163.970000,-6.3057
163.975000,-10.8988
163.980000,-24.8995
163.985000,-10.9403
163.990000,-26.4018
163.995000,-30.6254
164.000000,-15.8901
164.005000,-5.9468
164.010000,-13.4099
164.015000,-3.4213
164.020000,4.6219
164.025000,-4.9600
164.030000,-14.0717
164.035000,8.1424
164.040000,3.4416
164.045000,12.7547
164.050000,29.8910
164.055000,34.2495
164.060000,31.2271
164.065000,33.7094
164.070000,48.5246
164.075000,34.1887
164.080000,38.6954
164.085000,46.8964
164.090000,30.0869
164.095000,13.7326
164.100000,22.9073
164.105000,28.3103
164.110000,10.9047
164.115000,29.3311
164.120000,41.4145
164.125000,26.8127
164.130000,36.1702
164.135000,56.7190
164.140000,52.4463
164.145000,55.5328
164.150000,63.8166
164.155000,79.9496
164.160000,56.5706
164.165000,66.4315
164.170000,66.0417
164.175000,63.3338
164.180000,50.1884
164.185000,59.6408
164.190000,48.1180
164.195000,28.0353
164.200000,36.4526
164.205000,46.0062
164.210000,32.2713
164.215000,23.1472
164.220000,33.7928
164.225000,24.2445
164.230000,31.6446
164.235000,41.7723
164.240000,40.9596
164.245000,38.5240
164.250000,49.0462
164.255000,58.2897
164.260000,35.0671
164.265000,34.6030
164.270000,43.6403
164.275000,25.0992
164.280000,15.6164
164.285000,24.0136
164.290000,11.4882
164.295000,-10.4738
164.300000,-1.7753
164.305000,-5.8567
164.310000,-29.2647
164.315000,-16.9107
164.320000,-14.6684
164.325000,-18.4093
164.330000,-26.4637
164.335000,-4.0421
164.340000,1.9194
164.345000,-9.8724
164.350000,3.8299
164.355000,10.8599
164.360000,-13.5077
164.365000,-18.3914
164.370000,-4.9747
164.375000,-14.1965
164.380000,-30.8863
164.385000,-24.3588
164.390000,-30.2123
164.395000,-44.7164
164.400000,-38.3990
164.405000,-27.8986
164.410000,-58.4168
164.415000,-52.9722
164.420000,-36.9632
164.425000,-44.6603
164.430000,-51.5116
164.435000,-31.4540
164.440000,-36.0379
164.445000,-54.1439
164.450000,-25.9997
164.455000,-8.9469
164.460000,-28.3516
164.465000,-27.4821
164.470000,-19.7229
164.475000,-40.3433
164.480000,-44.7246
164.485000,-32.9125
164.490000,-38.0120
164.495000,-52.3198
164.500000,-44.6422
164.505000,-55.2103
164.510000,-71.9827
164.515000,-69.6270
164.520000,-60.5732
164.525000,-70.4415
164.530000,-65.6205
164.535000,-37.4468
164.540000,-46.2999
164.545000,-58.5776
164.550000,-48.1690
164.555000,-42.0002
164.560000,-45.3423
164.565000,-47.2791
164.570000,-28.2913
164.575000,-34.1774
164.580000,-43.1389
164.585000,-24.8822
164.590000,-37.0449
164.595000,-70.8153
164.600000,-45.0948
164.605000,-45.0445
164.610000,-64.1819
164.615000,-59.4764
164.620000,-51.1858
164.625000,-60.1033
164.630000,-53.9433
164.635000,-33.3516
164.640000,-38.8513
164.645000,-38.8026
164.650000,-18.0547
164.655000,-5.7937
164.660000,-6.7338
164.665000,-3.2570
164.670000,13.8765
164.675000,-2.6387
164.680000,-16.9699
164.685000,9.6814
164.690000,-1.7523
164.695000,-14.9019
164.700000,-7.9503
164.705000,-0.2854
164.710000,-22.4708
164.715000,-22.8853
164.720000,-7.3046
164.725000,-4.9678
164.730000,-0.9019
164.735000,25.9698
164.740000,21.0060
164.745000,20.3771
164.750000,40.3439
164.755000,53.6432
164.760000,27.3499
164.765000,30.7919
164.770000,50.3179
164.775000,40.0957
164.780000,35.0138
164.785000,44.5797
164.790000,41.7355
164.795000,22.2205
164.800000,32.0520
164.805000,22.5945
164.810000,9.3228
164.815000,9.3868
164.820000,27.6273
164.825000,18.9109
164.830000,15.3968
164.835000,36.6947
164.840000,39.5968
164.845000,36.3923
164.850000,54.2884
164.855000,51.6628
164.860000,34.6758
164.865000,49.0242
164.870000,59.7601
164.875000,47.4619
164.880000,38.3820
164.885000,42.3014
164.890000,39.2571
164.895000,24.7918
164.900000,27.8537
164.905000,37.5709
164.910000,19.3035
164.915000,16.6704
164.920000,26.9752
164.925000,10.8573
164.930000,12.5865
164.935000,39.6489
164.940000,31.5492
164.945000,20.9287
164.950000,25.5538
164.955000,42.5269
164.960000,11.8351
164.965000,20.5411
164.970000,37.2588
164.975000,12.0756
164.980000,7.2955
164.985000,14.3738
164.990000,7.7188
164.995000,-10.6110
165.000000,2.1310
165.005000,2.8916
165.010000,-25.8759
165.015000,-23.7133
165.020000,-8.6014
165.025000,-16.1135
165.030000,-14.6777
165.035000,-2.0001
165.040000,-11.9290
165.045000,-18.7206
165.050000,5.1774
165.055000,4.1765
165.060000,-3.8505
165.065000,-9.4296
165.070000,3.5667
165.075000,-10.5328
165.080000,-17.4160
165.085000,-18.7766
165.090000,-28.2967
165.095000,-36.6345
165.100000,-23.8294
165.105000,-25.3336
165.110000,-37.6826
165.115000,-34.9746
165.120000,-29.7433
165.125000,-46.7351
165.130000,-46.5889
165.135000,-27.0697
165.140000,-39.2614
165.145000,-36.7544
165.150000,-31.7895
165.155000,-13.8437
165.160000,-28.0941
165.165000,-20.9626
165.170000,-16.8313
165.175000,-28.6539
165.180000,-30.0443
165.185000,-20.8281
165.190000,-31.3839
165.195000,-45.1306
165.200000,-35.4433
165.205000,-35.0428
165.210000,-51.7769
165.215000,-45.9945
165.220000,-32.1986
165.225000,-45.4937
165.230000,-42.2376
165.235000,-17.7256
165.240000,-13.3019
165.245000,-19.9563
165.250000,-13.1911
165.255000,-8.4461
165.260000,-18.2488
165.265000,-6.5817
165.270000,-0.8221
165.275000,-13.1621
165.280000,-10.8036
165.285000,4.9611
165.290000,-6.2470
165.295000,-28.2924
165.300000,-15.0671
165.305000,-18.1808
165.310000,-19.2051
165.315000,-14.9395
165.320000,-7.4675
165.325000,-19.4982
165.330000,-12.6177
165.335000,0.7034
165.340000,6.9767
165.345000,-1.2606
165.350000,13.1531
165.355000,25.5487
165.360000,11.2254
165.365000,15.6577
165.370000,26.7919
165.375000,19.8680
165.380000,12.8011
165.385000,26.4901
165.390000,23.2663
165.395000,15.6077
165.400000,17.3125
165.405000,17.2321
165.410000,-1.2182
165.415000,1.2009
165.420000,13.1353
165.425000,-2.1262
165.430000,-1.9677
165.435000,11.4287
165.440000,17.6500
165.445000,2.9506
165.450000,16.9308
165.455000,34.7982
165.460000,17.0303
165.465000,21.4710
165.470000,42.9602
165.475000,14.2034
165.480000,23.1987
165.485000,36.5045
165.490000,18.6147
165.495000,0.7329
165.500000,22.1109
165.505000,13.6413
165.510000,-4.5995
165.515000,3.7062
165.520000,11.8071
165.525000,6.8946
165.530000,5.8629
165.535000,22.3745
165.540000,11.9833
165.545000,8.0234
165.550000,21.1176
165.555000,41.0438
165.560000,17.8305
165.565000,18.8975
165.570000,37.7458
165.575000,13.7608
165.580000,3.7334
165.585000,26.6856
165.590000,8.9412
165.595000,-0.3855
165.600000,5.5952
165.605000,13.2664
165.610000,-7.6191
165.615000,-2.2720
165.620000,14.7847
165.625000,-4.5112
165.630000,6.0516
165.635000,14.6637
165.640000,12.0846
165.645000,-1.1976
165.650000,15.2095
165.655000,15.6394
165.660000,5.2170
165.665000,4.0796
165.670000,7.4426
165.675000,-0.4033
165.680000,-11.7073
165.685000,4.4108
165.690000,2.7295
165.695000,-29.4591
165.700000,-21.6850
165.705000,-21.7833
165.710000,-39.0051
165.715000,-24.0800
165.720000,-22.3485
165.725000,-28.9874
165.730000,-36.6834
165.735000,-26.9154
165.740000,-25.7614
165.745000,-38.9903
165.750000,-15.9759
165.755000,-16.0961
165.760000,-30.5676
165.765000,-31.2879
165.770000,-21.3158
165.775000,-36.3882
165.780000,-34.8616
165.785000,-31.2221
165.790000,-31.8821
165.795000,-50.5515
165.800000,-44.2803
165.805000,-44.7167
165.810000,-60.7601
165.815000,-59.4599
165.820000,-36.8960
165.825000,-64.0943
165.830000,-54.9398
165.835000,-40.3526
165.840000,-45.4178
165.845000,-49.3632
165.850000,-46.4519
165.855000,-36.8028
165.860000,-44.6561
165.865000,-20.4753
165.870000,-12.1656
165.875000,-33.8586
165.880000,-41.4884
165.885000,-29.9336
165.890000,-34.7546
165.895000,-49.3914
165.900000,-30.9578
165.905000,-32.1687
165.910000,-52.8495
165.915000,-52.0008
165.920000,-45.0889
165.925000,-45.5884
165.930000,-54.4779
165.935000,-33.1414
165.940000,-45.1363
165.945000,-53.5103
165.950000,-36.6207
165.955000,-25.6459
165.960000,-46.4484
165.965000,-28.7709
165.970000,-16.5999
165.975000,-32.5141
165.980000,-20.0211
165.985000,-15.2209
165.990000,-23.0804
165.995000,-44.5421
166.000000,-21.0137
166.005000,-14.5708
166.010000,-38.4230
166.015000,-24.5197
166.020000,-7.2228
166.025000,-11.6366
166.030000,-9.3788
166.035000,11.4439
166.040000,10.8872
166.045000,1.4505
166.050000,1.1126
166.055000,17.1818
166.060000,3.9715
166.065000,5.7582
166.070000,15.7792
166.075000,15.8899
166.080000,7.1492
166.085000,19.7187
166.090000,9.6306
166.095000,6.3226
166.100000,13.7702
166.105000,21.6007
166.110000,6.8679
166.115000,19.6072
166.120000,36.8768
166.125000,21.0486
166.130000,22.5397
166.135000,38.8458
166.140000,44.9905
166.145000,24.9595
166.150000,43.1047
166.155000,55.6959
166.160000,34.5482
166.165000,49.7259
166.170000,64.5575
166.175000,43.1532
166.180000,42.7132
166.185000,54.0679
166.190000,46.9871
166.195000,30.9246
166.200000,50.8306
166.205000,51.7136
166.210000,29.0174
166.215000,30.4841
166.220000,49.9350
166.225000,39.0109
166.230000,28.7904
166.235000,43.2830
166.240000,45.5372
166.245000,35.7219
166.250000,42.6375
166.255000,51.4600
166.260000,42.5344
166.265000,40.9975
166.270000,46.5767
166.275000,26.8318
166.280000,27.3447
166.285000,42.5846
166.290000,24.5686
166.295000,18.8143
166.300000,25.4258
166.305000,30.3260
166.310000,13.2602
166.315000,7.9968
166.320000,21.5085
166.325000,14.2964
166.330000,2.6941
166.335000,19.8920
166.340000,10.0824
166.345000,4.3631
166.350000,24.7967
166.355000,19.4012
166.360000,8.6701
166.365000,23.6946
166.370000,22.4862
166.375000,2.9519
166.380000,-1.6074
166.385000,15.6626
166.390000,1.8885
166.395000,-10.3432
166.400000,-7.7939
166.405000,-6.4504
166.410000,-15.8052
166.415000,-16.2341
166.420000,-10.7264
166.425000,-23.0636
166.430000,-31.8789
166.435000,-11.8150
166.440000,-17.7097
166.445000,-30.9571
166.450000,-31.3412
166.455000,-17.1079
166.460000,-32.0130
166.465000,-26.8953
166.470000,-21.2900
166.475000,-43.9496
166.480000,-44.9438
166.485000,-25.5465
166.490000,-26.5248
166.495000,-49.9429
166.500000,-43.5200
166.505000,-36.1307
166.510000,-51.6950
166.515000,-42.5723
166.520000,-32.4337
166.525000,-48.7098
166.530000,-51.1563
166.535000,-27.5726
166.540000,-26.1479
166.545000,-44.9374
166.550000,-37.7805
166.555000,-28.6753
166.560000,-36.4091
166.565000,-42.6461
166.570000,-17.3582
166.575000,-34.7713
166.580000,-32.0512
166.585000,-18.6704
166.590000,-25.8565
166.595000,-42.9771
166.600000,-29.3570
166.605000,-33.6714
166.610000,-36.7230
166.615000,-30.5528
166.620000,-21.2495
166.625000,-29.4811
166.630000,-35.3593
166.635000,-16.2978
166.640000,-9.5351
166.645000,-28.2960
166.650000,-17.5021
166.655000,-3.6310
166.660000,-10.4217
166.665000,1.6445
166.670000,13.2515
166.675000,10.2274
166.680000,-4.4642
166.685000,8.7910
166.690000,7.0800
166.695000,-1.6788
166.700000,3.2343
166.705000,20.9190
166.710000,-3.7864
166.715000,18.7570
166.720000,35.6997
166.725000,24.5316
166.730000,19.7137
166.735000,32.2673
166.740000,41.3219
166.745000,31.7518
166.750000,45.0138
166.755000,54.2760
166.760000,40.7093
166.765000,52.5013
166.770000,58.2726
166.775000,41.0512
166.780000,37.1198
166.785000,58.4449
166.790000,51.9108
166.795000,41.0498
166.800000,55.6495
166.805000,50.9610
166.810000,41.2796
166.815000,45.8909
166.820000,57.2262
166.825000,40.2740
166.830000,48.8975
166.835000,72.7838
166.840000,63.1351
166.845000,51.6950
166.850000,69.5967
166.855000,60.7730
166.860000,45.8239
166.865000,64.8013
166.870000,74.0325
166.875000,66.1272
166.880000,54.5317
166.885000,71.7519
166.890000,68.4872
166.895000,56.0453
166.900000,65.7521
166.905000,55.7142
166.910000,38.7905
166.915000,46.8473
166.920000,60.6034
166.925000,44.1666
166.930000,39.4717
166.935000,55.9222
166.940000,50.5521
166.945000,49.1300
166.950000,63.8282
166.955000,58.0575
166.960000,46.9957
166.965000,45.7039
166.970000,71.5862
166.975000,37.6500
166.980000,29.6949
166.985000,35.0125
166.990000,26.9147
166.995000,15.2718
167.000000,14.1352
167.005000,17.1603
167.010000,3.4500
167.015000,-1.8072
167.020000,16.6300
167.025000,-2.4297
167.030000,-7.0987
167.035000,6.9957
167.040000,2.2262
167.045000,-15.1129
167.050000,-3.4148
167.055000,4.6305
167.060000,-14.5263
167.065000,-1.2511
167.070000,9.5035
167.075000,-17.1169
167.080000,-25.5527
167.085000,-7.9185
167.090000,-13.8779
167.095000,-30.6342
167.100000,-29.5246
167.105000,-22.2640
167.110000,-39.0612
167.115000,-31.6195
167.120000,-19.5602
167.125000,-39.9962
167.130000,-39.9930
167.135000,-14.4608
167.140000,-21.1661
167.145000,-32.5090
167.150000,-23.9098
167.155000,-22.9603
167.160000,-37.5959
167.165000,-30.8403
167.170000,-26.1699
167.175000,-38.8632
167.180000,-46.0287
167.185000,-45.7916
167.190000,-36.2120
167.195000,-56.8627
167.200000,-43.3095
167.205000,-51.2604
167.210000,-63.5253
167.215000,-52.1136
167.220000,-50.0587
167.225000,-59.3875
167.230000,-60.7875
167.235000,-40.2051
167.240000,-43.9583
167.245000,-41.3513
167.250000,-24.9774
167.255000,-15.4687
167.260000,-37.2203
167.265000,-23.6024
167.270000,-19.6258
167.275000,-32.6504
167.280000,-32.5446
167.285000,-8.5906
167.290000,-20.0366
167.295000,-40.9446
167.300000,-21.9691
167.305000,-0.9723
167.310000,-17.1668
167.315000,-20.4227
167.320000,-14.1073
167.325000,-16.2927
167.330000,-15.6669
167.335000,11.8933
167.340000,8.8471
167.345000,2.1476
167.350000,19.1071
167.355000,25.4140
167.360000,12.2420
167.365000,19.1485
167.370000,30.2732
167.375000,26.5984
167.380000,13.0039
167.385000,32.1401
167.390000,26.2621
167.395000,18.6346
167.400000,32.6350
167.405000,42.2403
167.410000,32.9282
167.415000,28.8566
167.420000,44.2742
167.425000,33.2282
167.430000,30.4450
167.435000,65.9222
167.440000,52.7112
167.445000,51.0872
167.450000,68.8479
167.455000,69.0393
167.460000,62.7539
167.465000,64.0618
167.470000,80.8259
167.475000,64.7180
167.480000,63.0591
167.485000,74.5657
167.490000,64.5903
167.495000,52.1717
167.500000,56.6542
167.505000,61.0885
167.510000,43.7375
167.515000,59.8882
167.520000,69.0184
167.525000,48.2009
167.530000,56.2397
167.535000,83.3635
167.540000,72.4879
167.545000,59.5258
167.550000,72.0947
167.555000,72.5263
167.560000,63.3970
167.565000,62.3383
167.570000,85.1628
167.575000,65.9391
167.580000,65.5784
167.585000,76.6560
167.590000,62.4408
167.595000,42.0285
167.600000,45.8989
167.605000,48.3269
167.610000,21.9835
167.615000,21.6357
167.620000,24.3976
167.625000,7.4819
167.630000,15.7371
167.635000,28.6288
167.640000,31.1236
167.645000,17.0464
167.650000,36.4709
167.655000,29.8717
167.660000,11.5765
167.665000,21.5477
167.670000,20.1895
167.675000,5.4864
167.680000,-4.4548
167.685000,12.5808
167.690000,-5.0021
167.695000,-29.1749
167.700000,-12.3263
167.705000,-17.6123
167.710000,-30.1409
167.715000,-20.6541
167.720000,-19.3472
167.725000,-31.5367
167.730000,-37.7290
167.735000,-28.5000
167.740000,-27.1665
167.745000,-25.2785
167.750000,-10.2469
167.755000,-23.0226
167.760000,-36.9843
167.765000,-26.2058
167.770000,-25.9307
167.775000,-44.7723
167.780000,-50.1518
167.785000,-36.4462
167.790000,-43.2820
167.795000,-72.1557
167.800000,-68.0088
167.805000,-64.9726
167.810000,-78.4599
167.815000,-70.5474
167.820000,-65.1912
167.825000,-75.0364
167.830000,-80.5351
167.835000,-61.1423
167.840000,-75.1822
167.845000,-83.7419
167.850000,-57.1790
167.855000,-57.2271
167.860000,-74.1385
167.865000,-63.8321
167.870000,-36.0912
167.875000,-60.4127
167.880000,-62.9666
167.885000,-54.3599
167.890000,-62.1889
167.895000,-68.1108
167.900000,-67.4617
167.905000,-65.8156
167.910000,-77.6679
167.915000,-76.0864
167.920000,-67.0132
167.925000,-74.5200
167.930000,-69.9952
167.935000,-38.5887
167.940000,-42.9510
167.945000,-56.1704
167.950000,-43.8950
167.955000,-29.5259
167.960000,-41.0555
167.965000,-29.1053
167.970000,-18.0958
167.975000,-27.6806
167.980000,-34.0814
167.985000,-22.7968
167.990000,-23.9724
167.995000,-30.4535
168.000000,-19.3705
168.005000,-5.6635
168.010000,-18.5096
168.015000,-20.1424
168.020000,0.9381
168.025000,-5.8007
168.030000,-6.4588
168.035000,17.1840
168.040000,11.6360
168.045000,6.9091
168.050000,31.3063
168.055000,48.6148
168.060000,41.7545
168.065000,36.6081
168.070000,55.2327
168.075000,41.1242
168.080000,39.4802
168.085000,65.5008
168.090000,40.1551
168.095000,28.1999
168.100000,33.1808
168.105000,33.6992
168.110000,24.6822
168.115000,42.9989
168.120000,59.1496
168.125000,48.6416
168.130000,48.0662
168.135000,71.7105
168.140000,80.5329
168.145000,76.0881
168.150000,87.1212
168.155000,94.1290
168.160000,78.9085
168.165000,87.5125
168.170000,82.6768
168.175000,76.8771
168.180000,76.7255
168.185000,83.1861
168.190000,66.9109
168.195000,47.4190
168.200000,65.8444
168.205000,68.7153
168.210000,51.6175
168.215000,48.2943
168.220000,67.2596
168.225000,52.7999
168.230000,43.0716
168.235000,61.1143
168.240000,63.2889
168.245000,55.5893
168.250000,68.5045
168.255000,70.2082
168.260000,45.1222
168.265000,55.0046
168.270000,58.2567
168.275000,45.4677
168.280000,31.4257
168.285000,43.7955
168.290000,15.4027
168.295000,4.9641
168.300000,11.5856
168.305000,14.7579
168.310000,-14.9445
168.315000,-10.8653
168.320000,1.4958
168.325000,-10.0705
168.330000,-22.8228
168.335000,4.7275
168.340000,-0.6585
168.345000,-13.9873
168.350000,-2.8277
168.355000,6.1916
168.360000,-15.1920
168.365000,-16.2542
168.370000,-13.6737
168.375000,-27.8124
168.380000,-39.5263
168.385000,-33.7819
168.390000,-46.7391
168.395000,-56.7719
168.400000,-61.8940
168.405000,-47.9059
168.410000,-63.0787
168.415000,-66.0335
168.420000,-59.9709
168.425000,-72.1013
168.430000,-72.6433
168.435000,-48.6629
168.440000,-62.9993
168.445000,-70.6736
168.450000,-52.6899
168.455000,-41.0195
168.460000,-59.8357
168.465000,-62.2373
168.470000,-50.4073
168.475000,-71.0664
168.480000,-79.9043
168.485000,-67.1861
168.490000,-71.9579
168.495000,-94.7283
168.500000,-85.1363
168.505000,-86.5270
168.510000,-108.6473
168.515000,-103.0407
168.520000,-95.3592
168.525000,-104.9507
168.530000,-93.1512
168.535000,-73.8870
168.540000,-85.2029
168.545000,-80.8108
168.550000,-70.6211
168.555000,-71.8176
168.560000,-80.7885
168.565000,-72.0827
168.570000,-48.5315
168.575000,-71.6074
168.580000,-78.7130
168.585000,-58.6848
168.590000,-72.2068
168.595000,-89.6485
168.600000,-73.4163
168.605000,-69.1300
168.610000,-86.0496
168.615000,-82.2384
168.620000,-72.7539
168.625000,-76.6606
168.630000,-78.4424
168.635000,-47.2452
168.640000,-48.7316
168.645000,-48.2898
168.650000,-27.6088
168.655000,-9.5294
168.660000,-22.1016
168.665000,-13.3888
168.670000,14.2663
168.675000,-8.4988
168.680000,-9.5330
168.685000,0.2669
168.690000,-0.9732
168.695000,-13.4651
168.700000,-7.4170
168.705000,3.0917
168.710000,-13.0339
168.715000,-6.2328
168.720000,13.3832
168.725000,9.7750
168.730000,15.2031
168.735000,38.9555
168.740000,41.8372
168.745000,38.7233
168.750000,54.8877
168.755000,66.8660
168.760000,50.1876
168.765000,61.2705
168.770000,81.4302
168.775000,65.1530
168.780000,61.4960
168.785000,76.3330
168.790000,69.9010
168.795000,57.8314
168.800000,76.6241
168.805000,68.1995
168.810000,45.0143
168.815000,54.0315
168.820000,65.2225
168.825000,58.2722
168.830000,51.4254
168.835000,79.7926
168.840000,83.7978
168.845000,75.4680
168.850000,101.9102
168.855000,98.9723
168.860000,82.8571
168.865000,87.8825
168.870000,96.7630
168.875000,81.7324
168.880000,83.6602
168.885000,84.1048
168.890000,75.6928
168.895000,66.9503
168.900000,66.2487
168.905000,78.5790
168.910000,54.7324
168.915000,49.7454
168.920000,65.0924
168.925000,44.4249
168.930000,41.1395
168.935000,60.8542
168.940000,61.8831
168.945000,41.2260
168.950000,57.4641
168.955000,60.9767
168.960000,41.6272
168.965000,43.5388
168.970000,52.8360
168.975000,18.4296
168.980000,21.1510
168.985000,26.2433
168.990000,20.3679
168.995000,-9.9371
169.000000,0.7719
169.005000,8.6162
169.010000,-22.9980
169.015000,-25.4006
169.020000,-15.8447
169.025000,-13.7294
169.030000,-29.6119
169.035000,-10.7225
169.040000,-20.7395
169.045000,-30.8980
169.050000,-6.2491
169.055000,-10.8996
169.060000,-26.6432
169.065000,-29.4400
169.070000,-26.4774
169.075000,-36.4355
169.080000,-53.2492
169.085000,-35.7988
169.090000,-57.7081
169.095000,-67.0928
169.100000,-56.3917
169.105000,-56.4858
169.110000,-81.4580
169.115000,-71.9691
169.120000,-68.2128
169.125000,-78.6752
169.130000,-85.4782
169.135000,-66.7736
169.140000,-70.2881
169.145000,-82.0100
169.150000,-65.2784
169.155000,-57.8718
169.160000,-70.5536
169.165000,-65.3609
169.170000,-64.3987
169.175000,-66.8152
169.180000,-69.3218
169.185000,-65.0844
169.190000,-74.4535
169.195000,-89.7080
169.200000,-76.3861
169.205000,-73.9616
169.210000,-87.1472
169.215000,-91.2455
169.220000,-74.7945
169.225000,-82.9011
169.230000,-80.6865
169.235000,-59.2528
169.240000,-50.0376
169.245000,-63.0450
169.250000,-46.5354
169.255000,-45.8393
169.260000,-53.9033
169.265000,-41.2811
169.270000,-40.7486
169.275000,-41.7243
169.280000,-45.8017
169.285000,-30.2264
169.290000,-34.5445
169.295000,-45.5392
169.300000,-30.8860
169.305000,-36.8040
169.310000,-41.8488
169.315000,-27.3966
169.320000,-13.0542
169.325000,-28.2219
169.330000,-22.8266
169.335000,-3.6400
169.340000,-3.5553
169.345000,-3.0250
169.350000,13.6923
169.355000,33.3700
169.360000,15.6686
169.365000,31.0973
169.370000,38.8951
169.375000,34.3801
169.380000,31.1658
169.385000,41.7548
169.390000,38.0843
169.395000,27.6069
169.400000,41.3359
169.405000,38.1186
169.410000,26.9437
169.415000,31.9747
169.420000,40.0771
169.425000,30.1200
169.430000,28.7571
169.435000,42.6461
169.440000,41.4602
169.445000,42.7015
169.450000,50.9746
169.455000,69.1242
169.460000,67.3080
169.465000,69.6634
169.470000,73.0750
169.475000,58.9120
169.480000,56.0871
169.485000,75.3962
169.490000,61.4592
169.495000,52.9255
169.500000,50.1580
169.505000,50.2802
169.510000,41.0781
169.515000,49.8043
169.520000,57.2265
169.525000,40.8460
169.530000,47.8321
169.535000,57.7577
169.540000,59.4212
169.545000,52.2144
169.550000,65.4113
169.555000,67.2641
169.560000,66.2880
169.565000,63.5864
169.570000,71.1499
169.575000,47.6074
169.580000,42.4025
169.585000,54.1237
169.590000,49.9883
169.595000,22.6201
169.600000,28.0715
169.605000,35.0109
169.610000,21.7611
169.615000,30.4441
169.620000,35.1848
169.625000,18.5297
169.630000,13.1092
169.635000,33.3796
169.640000,29.3213
169.645000,18.3706
169.650000,21.1288
169.655000,27.3566
169.660000,18.9160
169.665000,13.3577
169.670000,12.3230
169.675000,-1.9897
169.680000,-13.9165
169.685000,-3.3139
169.690000,-2.9569
169.695000,-31.3547
169.700000,-32.4721
169.705000,-30.4363
169.710000,-59.3233
169.715000,-46.7676
169.720000,-31.8326
169.725000,-57.2752
169.730000,-53.6733
169.735000,-44.8087
169.740000,-45.4596
169.745000,-65.8449
169.750000,-44.8045
169.755000,-41.0628
169.760000,-61.4501
169.765000,-51.8408
169.770000,-51.2545
169.775000,-66.2746
169.780000,-75.8487
169.785000,-60.4393
169.790000,-72.6695
169.795000,-91.4418
169.800000,-87.3100
169.805000,-82.3627
169.810000,-96.0067
169.815000,-95.8916
169.820000,-86.5453
169.825000,-104.4802
169.830000,-96.5835
169.835000,-88.2771
169.840000,-88.9587
169.845000,-92.2160
169.850000,-79.5234
169.855000,-67.9979
169.860000,-66.6265
169.865000,-66.9340
169.870000,-51.6770
169.875000,-68.7211
169.880000,-73.5586
169.885000,-61.3473
169.890000,-76.0653
169.895000,-81.9055
169.900000,-67.1957
169.905000,-64.3650
169.910000,-79.9652
169.915000,-69.4790
169.920000,-65.5544
169.925000,-75.6424
169.930000,-79.1948
169.935000,-59.7471
169.940000,-62.8942
169.945000,-76.5643
169.950000,-57.7539
169.955000,-48.5201
169.960000,-54.7289
169.965000,-46.2108
169.970000,-40.9075
169.975000,-32.9465
169.980000,-31.3322
169.985000,-26.5333
169.990000,-34.6566
169.995000,-49.4944
170.000000,-33.5197
170.005000,-24.4623
170.010000,-28.3143
170.015000,-13.9965
170.020000,-6.7168
170.025000,-15.0634
170.030000,-0.2737
170.035000,13.2084
170.040000,12.1773
170.045000,10.8844
170.050000,20.1559
170.055000,31.7427
170.060000,21.5339
170.065000,26.8531
170.070000,44.3223
170.075000,34.3814
170.080000,33.0571
170.085000,45.8815
170.090000,32.0552
170.095000,22.6151
170.100000,33.5603
170.105000,44.1908
170.110000,26.2238
170.115000,34.2267
170.120000,56.7222
170.125000,40.9819
170.130000,53.7511
170.135000,77.3525
170.140000,68.3563
170.145000,53.2128
170.150000,80.1818
170.155000,82.2885
170.160000,70.3116
170.165000,70.5463
170.170000,86.5274
170.175000,84.9309
170.180000,70.2708
170.185000,75.5093
170.190000,72.8423
170.195000,60.5040
170.200000,80.8225
170.205000,73.7080
170.210000,54.7284
170.215000,58.9193
170.220000,76.9653
170.225000,59.1235
170.230000,48.3453
170.235000,64.4705
170.240000,62.6472
170.245000,52.1523
170.250000,72.1247
170.255000,77.4293
170.260000,52.5924
170.265000,55.4931
170.270000,64.3054
170.275000,40.2627
170.280000,41.5392
170.285000,45.3405
170.290000,40.9441
170.295000,27.7197
170.300000,41.4648
170.305000,40.5537
170.310000,23.5149
170.315000,13.6475
170.320000,24.0853
170.325000,16.7533
170.330000,18.0604
170.335000,30.9199
170.340000,22.8208
170.345000,9.8996
170.350000,16.9571
170.355000,21.7169
170.360000,14.2039
170.365000,14.4119
170.370000,21.8147
170.375000,-1.0962
170.380000,-15.6973
170.385000,1.9729
170.390000,6.0250
170.395000,-19.6633
170.400000,-15.3068
170.405000,-17.6647
170.410000,-37.4995
170.415000,-19.8289
170.420000,-22.3743
170.425000,-36.8476
170.430000,-44.1426
170.435000,-21.3015
170.440000,-37.3398
170.445000,-51.4441
170.450000,-33.8461
170.455000,-33.6339
170.460000,-43.1055
170.465000,-39.9145
170.470000,-42.4843
170.475000,-54.1941
170.480000,-59.3764
170.485000,-42.9289
170.490000,-53.2813
170.495000,-64.6114
170.500000,-50.7223
170.505000,-47.0032
170.510000,-65.9878
170.515000,-55.5914
170.520000,-40.2479
170.525000,-52.3310
170.530000,-77.0269
170.535000,-44.6647
170.540000,-46.3876
170.545000,-56.6456
170.550000,-45.8966
170.555000,-35.9890
170.560000,-54.2644
170.565000,-57.5728
170.570000,-36.2111
170.575000,-50.7978
170.580000,-47.9524
170.585000,-28.2814
170.590000,-37.6091
170.595000,-46.1504
170.600000,-34.9160
170.605000,-28.7749
170.610000,-47.8198
170.615000,-23.4616
170.620000,-31.5203
170.625000,-36.7655
170.630000,-36.6711
170.635000,-20.4920
170.640000,-16.9424
170.645000,-25.1030
170.650000,-10.1289
170.655000,0.1527
170.660000,-16.0412
170.665000,0.1173
170.670000,12.0880
170.675000,5.5702
170.680000,-6.6858
170.685000,9.2071
170.690000,0.9230
170.695000,-4.5544
170.700000,6.4642
170.705000,19.9829
170.710000,5.8113
170.715000,22.7177
170.720000,39.3669
170.725000,24.5317
170.730000,28.0795
170.735000,41.5759
170.740000,41.8203
170.745000,25.3663
170.750000,49.6847
170.755000,59.0173
170.760000,40.3983
170.765000,64.1451
170.770000,67.3229
170.775000,46.6802
170.780000,43.4078
170.785000,60.0363
170.790000,51.6510
170.795000,38.9789
170.800000,63.8495
170.805000,59.6606
170.810000,50.7826
170.815000,45.6466
170.820000,57.9928
170.825000,42.3204
170.830000,47.5177
170.835000,72.7921
170.840000,59.4904
170.845000,54.8396
170.850000,56.3748
170.855000,59.8582
170.860000,46.0730
170.865000,68.3592
170.870000,75.6196
170.875000,67.1216
170.880000,53.6626
170.885000,64.3011
170.890000,71.2375
170.895000,44.3657
170.900000,56.9328
170.905000,56.0061
170.910000,41.7971
170.915000,43.9870
170.920000,55.0814
170.925000,40.0254
170.930000,43.7479
170.935000,52.6521
170.940000,50.3894
170.945000,47.0798
170.950000,57.3836
170.955000,55.9517
170.960000,36.6739
170.965000,48.6318
170.970000,55.4179
170.975000,34.1021
170.980000,27.8521
170.985000,38.6495
170.990000,27.9748
170.995000,11.7709
171.000000,22.2926
171.005000,20.9681
171.010000,3.2635
171.015000,-0.4687
171.020000,5.7585
171.025000,-13.7666
171.030000,-12.1066
171.035000,5.5447
171.040000,7.2164
171.045000,-14.7794
171.050000,5.0989
171.055000,7.7244
171.060000,-9.0000
171.065000,-2.6104
171.070000,7.9159
171.075000,-16.5785
171.080000,-20.6857
171.085000,4.2971
171.090000,-10.2685
171.095000,-26.8454
171.100000,-19.6417
171.105000,-12.6680
171.110000,-31.4012
171.115000,-23.6849
171.120000,-13.7952
171.125000,-29.2486
171.130000,-34.7659
171.135000,-8.8351
171.140000,-13.6695
171.145000,-31.8199
171.150000,-11.3688
171.155000,-11.6396
171.160000,-27.7712
171.165000,-24.1895
171.170000,-12.8998
171.175000,-16.8767
171.180000,-29.8660
171.185000,-30.5010
171.190000,-35.4569
171.195000,-44.1355
171.200000,-40.0829
171.205000,-34.5057
171.210000,-41.3860
171.215000,-47.2146
171.220000,-42.7352
171.225000,-45.5525
171.230000,-51.2072
171.235000,-29.2847
171.240000,-29.7222
171.245000,-42.5731
171.250000,-5.1952
171.255000,-9.4227
171.260000,-30.5301
171.265000,-14.5416
171.270000,-1.3139
171.275000,-9.5366
171.280000,-12.8661
171.285000,-4.8477
171.290000,-8.5076
171.295000,-25.0647
171.300000,-10.7456
171.305000,-9.6880
171.310000,-10.3087
171.315000,-14.1345
171.320000,1.0235
171.325000,-16.2899
171.330000,-17.5276
171.335000,10.6790
171.340000,10.8512
171.345000,-3.7044
171.350000,15.7561
171.355000,24.1330
171.360000,10.9283
171.365000,15.7596
171.370000,33.7969
171.375000,13.9609
171.380000,13.6559
171.385000,27.2838
171.390000,20.7590
171.395000,9.7967
171.400000,29.2995
171.405000,35.0645
171.410000,15.3654
171.415000,26.4649
171.420000,21.9188
171.425000,22.0304
171.430000,16.4954
171.435000,40.6636
171.440000,34.2799
171.445000,29.3940
171.450000,53.7804
171.455000,50.6421
171.460000,43.2889
171.465000,36.8956
171.470000,56.9842
171.475000,33.1100
171.480000,37.1219
171.485000,44.0759
171.490000,43.7051
171.495000,20.7704
171.500000,32.4708
171.505000,34.3171
171.510000,19.5110
171.515000,30.1833
171.520000,47.3072
171.525000,28.0919
171.530000,28.0014
171.535000,60.5199
171.540000,41.2958
171.545000,35.0646
171.550000,40.8499
171.555000,45.7625
171.560000,37.1276
171.565000,45.6355
171.570000,58.9098
171.575000,35.2810
171.580000,41.3977
171.585000,52.7815
171.590000,44.9573
171.595000,20.1529
171.600000,24.1709
171.605000,21.4594
171.610000,3.2589
171.615000,1.8359
171.620000,9.4564
171.625000,2.0384
171.630000,-6.3783
171.635000,15.1560
171.640000,25.6810
171.645000,7.1427
171.650000,21.7215
171.655000,26.5596
171.660000,9.6243
171.665000,16.9729
171.670000,23.5607
171.675000,4.8034
171.680000,10.1457
171.685000,15.5996
171.690000,-1.1534
171.695000,-17.0211
171.700000,0.9075
171.705000,-12.9691
171.710000,-12.5498
171.715000,-13.8609
171.720000,-8.6870
171.725000,-17.0228
171.730000,-20.4161
171.735000,-7.4008
171.740000,-14.9760
171.745000,-13.1218
171.750000,2.1703
171.755000,0.1504
171.760000,-11.9142
171.765000,-3.9238
171.770000,-2.4993
171.775000,-9.9865
171.780000,-18.8677
171.785000,-10.7186
171.790000,-11.9540
171.795000,-29.1897
171.800000,-32.9622
171.805000,-25.0920
171.810000,-44.8430
171.815000,-35.7585
171.820000,-19.8030
171.825000,-40.4663
171.830000,-45.3977
171.835000,-29.7862
171.840000,-39.0542
171.845000,-48.5739
171.850000,-19.6254
171.855000,-22.7680
171.860000,-31.6587
171.865000,-32.2363
171.870000,-13.1269
171.875000,-21.3140
171.880000,-18.0625
171.885000,-14.6180
171.890000,-26.7647
171.895000,-36.7884
171.900000,-34.0633
171.905000,-39.6100
171.910000,-51.8998
171.915000,-38.0008
171.920000,-30.5923
171.925000,-42.4977
171.930000,-43.4989
171.935000,-21.1639
171.940000,-24.4452
171.945000,-29.7031
171.950000,-13.8812
171.955000,-2.2886
171.960000,-18.0718
171.965000,-21.8555
171.970000,1.4991
171.975000,-13.9586
171.980000,-9.8812
171.985000,-7.7881
171.990000,-17.8086
171.995000,-30.1283
172.000000,-5.5370
172.005000,8.5544
172.010000,-16.6714
172.015000,-9.8758
172.020000,6.5026
172.025000,-10.1347
172.030000,-11.1817
172.035000,4.7058
172.040000,-2.0861
172.045000,0.3517
172.050000,19.6891
172.055000,29.6068
172.060000,15.2117
172.065000,26.2945
172.070000,33.3520
172.075000,11.3701
172.080000,19.4574
172.085000,34.9012
172.090000,17.4386
172.095000,-0.4658
172.100000,16.9707
172.105000,15.2878
172.110000,-0.6043
172.115000,2.2038
172.120000,29.1515
172.125000,6.0875
172.130000,19.7285
172.135000,33.5934
172.140000,37.0528
172.145000,33.0141
172.150000,41.1658
172.155000,57.1015
172.160000,31.4550
172.165000,36.7242
172.170000,49.4015
172.175000,43.8429
172.180000,28.6316
172.185000,39.7612
172.190000,24.2067
172.195000,6.2696
172.200000,28.3287
172.205000,22.7421
172.210000,15.1611
172.215000,2.0975
172.220000,25.0505
172.225000,11.2439
172.230000,9.4618
172.235000,18.8852
172.240000,23.3439
172.245000,19.1640
172.250000,27.6878
172.255000,32.8889
172.260000,15.0734
172.265000,29.2239
172.270000,27.6651
172.275000,13.6769
172.280000,1.2356
172.285000,7.8940
172.290000,-2.6187
172.295000,-12.4744
172.300000,-1.0808
172.305000,-8.0730
172.310000,-31.9253
172.315000,-22.6362
172.320000,-15.7152
172.325000,-22.5215
172.330000,-30.7399
172.335000,-1.5412
172.340000,-4.3909
172.345000,-11.1981
172.350000,-2.4767
172.355000,9.0028
172.360000,-13.3298
172.365000,-19.0387
172.370000,-3.3352
172.375000,-19.7177
172.380000,-25.9548
172.385000,-19.7356
172.390000,-26.6531
172.395000,-40.7141
172.400000,-42.2817
172.405000,-35.8543
172.410000,-43.4533
172.415000,-39.9846
172.420000,-30.4935
172.425000,-31.4294
172.430000,-38.5863
172.435000,-23.6060
172.440000,-15.0463
172.445000,-33.8485
172.450000,-9.9569
172.455000,-9.4592
172.460000,-26.5719
172.465000,-6.1590
172.470000,-10.3842
172.475000,-25.0898
172.480000,-34.3577
172.485000,-30.3209
172.490000,-27.4994
172.495000,-45.0253
172.500000,-44.0317
172.505000,-43.1567
172.510000,-64.6553
172.515000,-58.4196
172.520000,-57.2345
172.525000,-61.6288
172.530000,-55.0017
172.535000,-31.2044
172.540000,-35.7644
172.545000,-36.2685
172.550000,-34.4563
172.555000,-26.5817
172.560000,-36.6560
172.565000,-20.7924
172.570000,-19.2089
172.575000,-29.4617
172.580000,-35.4313
172.585000,-16.0187
172.590000,-33.5829
172.595000,-57.2082
172.600000,-39.0333
172.605000,-49.1878
172.610000,-56.9859
172.615000,-47.7443
172.620000,-53.1082
172.625000,-60.0213
172.630000,-54.3898
172.635000,-33.4035
172.640000,-29.4671
172.645000,-31.9895
172.650000,-4.6968
172.655000,-0.5075
172.660000,-6.9609
172.665000,-9.7723
172.670000,8.6560
172.675000,-5.9949
172.680000,-3.5212
172.685000,-3.9030
172.690000,-1.9130
172.695000,-18.0797
172.700000,-19.6570
172.705000,-6.0819
172.710000,-21.9230
172.715000,-21.4343
172.720000,-5.6298
172.725000,-14.4789
172.730000,-4.6788
172.735000,18.9328
172.740000,21.7245
172.745000,15.3118
172.750000,37.0680
172.755000,38.0346
172.760000,33.3731
172.765000,33.2106
172.770000,43.0421
172.775000,39.2900
172.780000,26.3878
172.785000,43.8803
172.790000,33.1124
172.795000,16.2860
172.800000,23.9899
172.805000,28.8621
172.810000,-1.2645
172.815000,9.9209
172.820000,19.1949
172.825000,10.0849
172.830000,18.0556
172.835000,35.1388
172.840000,42.0755
172.845000,42.0995
172.850000,47.6448
172.855000,59.0398
172.860000,37.4733
172.865000,38.1864
172.870000,52.7846
172.875000,42.4525
172.880000,41.6346
172.885000,48.7674
172.890000,38.6525
172.895000,24.5656
172.900000,36.9014
172.905000,28.3095
172.910000,20.6315
172.915000,18.5221
172.920000,28.0109
172.925000,15.4244
172.930000,14.2932
172.935000,40.0116
172.940000,34.9089
172.945000,23.4706
172.950000,32.5614
172.955000,41.7399
172.960000,19.6141
172.965000,26.1151
172.970000,32.0429
172.975000,10.6910
172.980000,15.6841
172.985000,20.7889
172.990000,13.6610
172.995000,-17.0109
173.000000,-0.1013
173.005000,6.4267
173.010000,-21.3526
173.015000,-26.4995
173.020000,-18.8874
173.025000,-24.2531
173.030000,-18.3748
173.035000,-3.5763
173.040000,-15.3059
173.045000,-13.0144
173.050000,2.5681
173.055000,3.8078
173.060000,-6.4121
173.065000,-12.7948
173.070000,1.0963
173.075000,-12.3654
173.080000,-20.1795
173.085000,-19.5763
173.090000,-29.0382
173.095000,-40.4222
173.100000,-36.8959
173.105000,-27.6450
173.110000,-50.1054
173.115000,-53.3373
173.120000,-30.9859
173.125000,-51.7525
173.130000,-59.6190
173.135000,-41.8222
173.140000,-36.1807
173.145000,-46.9353
173.150000,-29.7580
173.155000,-25.7118
173.160000,-45.2750
173.165000,-26.0369
173.170000,-27.8522
173.175000,-33.1818
173.180000,-34.3225
173.185000,-31.5270
173.190000,-39.7795
173.195000,-59.5701
173.200000,-34.7491
173.205000,-46.4455
173.210000,-58.6042
173.215000,-62.4253
173.220000,-44.3387
173.225000,-57.8743
173.230000,-49.0450
173.235000,-38.8808
173.240000,-32.0534
173.245000,-23.6915
173.250000,-19.2511
173.255000,-21.5864
173.260000,-27.2931
173.265000,-25.8060
173.270000,-10.9600
173.275000,-23.5024
173.280000,-25.0027
173.285000,-0.7686
173.290000,-15.5753
173.295000,-30.5451
173.300000,-19.2473
173.305000,-26.4854
173.310000,-26.0003
173.315000,-16.9635
173.320000,-6.3578
173.325000,-14.1339
173.330000,-13.7817
173.335000,-0.3602
173.340000,-1.4776
173.345000,2.1727
173.350000,11.1169
173.355000,28.4708
173.360000,18.1281
173.365000,23.6900
173.370000,42.9070
173.375000,27.2546
173.380000,13.8647
173.385000,37.2410
173.390000,33.7794
173.395000,12.3765
173.400000,28.4750
173.405000,24.1294
173.410000,12.3372
173.415000,10.2167
173.420000,21.7657
173.425000,17.8361
173.430000,6.2580
173.435000,31.8791
173.440000,17.7254
173.445000,13.1413
173.450000,35.3755
173.455000,62.5958
173.460000,38.5630
173.465000,42.5075
173.470000,54.9641
173.475000,30.6255
173.480000,37.4174
173.485000,42.2713
173.490000,38.6875
173.495000,24.5391
173.500000,28.9098
173.505000,31.1428
173.510000,16.4311
173.515000,25.1085
173.520000,29.3064
173.525000,19.3576
173.530000,12.6458
173.535000,38.9148
173.540000,30.5067
173.545000,32.2448
173.550000,49.7586
173.555000,48.0536
173.560000,49.2377
173.565000,43.6723
173.570000,56.2390
173.575000,35.5112
173.580000,23.8584
173.585000,39.7114
173.590000,39.4321
173.595000,12.1851
173.600000,16.9882
173.605000,27.1860
173.610000,9.2929
173.615000,10.0949
173.620000,16.1757
173.625000,6.1460
173.630000,9.1689
173.635000,16.3126
173.640000,17.3354
173.645000,6.7640
173.650000,26.9313
173.655000,24.1215
173.660000,10.3122
173.665000,12.0311
173.670000,12.6779
173.675000,0.9907
173.680000,-10.2149
173.685000,-2.8593
173.690000,-7.2132
173.695000,-35.0521
173.700000,-30.4506
173.705000,-27.5043
173.710000,-49.5127
173.715000,-42.4297
173.720000,-27.7280
173.725000,-37.9105
173.730000,-44.1834
173.735000,-32.8445
173.740000,-40.4133
173.745000,-44.2847
173.750000,-38.7128
173.755000,-30.2962
173.760000,-44.6489
173.765000,-45.6090
173.770000,-43.8032
173.775000,-56.7677
173.780000,-68.6345
173.785000,-49.1183
173.790000,-54.5678
173.795000,-77.2722
173.800000,-77.8930
173.805000,-71.7992
173.810000,-84.0212
173.815000,-90.0324
173.820000,-74.3232
173.825000,-93.7906
173.830000,-84.6363
173.835000,-68.0259
173.840000,-79.2243
173.845000,-81.2283
173.850000,-69.0743
173.855000,-57.5546
173.860000,-68.2731
173.865000,-55.1557
173.870000,-39.1553
173.875000,-57.3715
173.880000,-63.0211
173.885000,-54.2460
173.890000,-66.6357
173.895000,-71.5211
173.900000,-50.1558
173.905000,-57.0811
173.910000,-78.8759
173.915000,-70.5046
173.920000,-63.7520
173.925000,-69.4120
173.930000,-79.9394
173.935000,-57.1747
173.940000,-64.8773
173.945000,-68.7273
173.950000,-47.6586
173.955000,-43.7443
173.960000,-53.1628
173.965000,-47.9187
173.970000,-36.7566
173.975000,-38.2243
173.980000,-45.4459
173.985000,-16.4631
173.990000,-26.8190
173.995000,-40.8783
174.000000,-27.6949
174.005000,-15.8443
174.010000,-34.3214
174.015000,-21.1330
174.020000,-5.0198
174.025000,-8.6215
174.030000,1.2349
174.035000,14.9189
174.040000,15.0144
174.045000,8.1397
174.050000,18.9557
174.055000,18.5630
174.060000,25.0645
174.065000,30.7327
174.070000,37.5160
174.075000,30.4026
174.080000,34.3810
174.085000,53.4790
174.090000,29.5793
174.095000,26.0751
174.100000,34.5519
174.105000,41.8110
174.110000,36.6008
174.115000,43.8163
174.120000,66.5800
174.125000,47.8859
174.130000,47.6369
174.135000,76.7762
174.140000,58.7504
174.145000,66.2781
174.150000,74.5543
174.155000,86.2109
174.160000,77.3105
174.165000,77.3369
174.170000,95.7531
174.175000,84.1404
174.180000,70.4314
174.185000,81.2260
174.190000,75.0082
174.195000,62.7612
174.200000,77.6423
174.205000,77.3227
174.210000,62.8389
174.215000,61.2055
174.220000,80.3683
174.225000,67.0377
174.230000,56.6259
174.235000,77.4490
174.240000,74.0456
174.245000,62.8953
174.250000,69.6851
174.255000,81.7362
174.260000,64.7635
174.265000,61.8605
174.270000,65.7284
174.275000,40.0138
174.280000,45.6643
174.285000,52.9718
174.290000,47.6936
174.295000,27.5056
174.300000,48.7206
174.305000,38.2196
174.310000,21.8668
174.315000,24.4078
174.320000,18.6482
174.325000,24.1043
174.330000,15.1984
174.335000,25.3150
174.340000,22.3317
174.345000,10.1090
174.350000,36.6775
174.355000,28.6092
174.360000,5.4291
174.365000,11.2191
174.370000,13.3772
174.375000,-7.3000
174.380000,-9.0374
174.385000,-1.5164
174.390000,-3.9896
174.395000,-33.4083
174.400000,-23.2606
174.405000,-28.2122
174.410000,-32.3456
174.415000,-36.5982
174.420000,-28.0690
174.425000,-39.5986
174.430000,-50.6645
174.435000,-42.0869
174.440000,-52.9643
174.445000,-60.8649
174.450000,-48.5264
174.455000,-49.8974
174.460000,-52.5587
174.465000,-58.0767
174.470000,-49.7934
174.475000,-69.9040
174.480000,-67.0538
174.485000,-53.5226
174.490000,-70.7533
174.495000,-81.2102
174.500000,-71.3170
174.505000,-75.7328
174.510000,-83.8119
174.515000,-82.1650
174.520000,-58.4159
174.525000,-67.9341
174.530000,-74.6142
174.535000,-65.6488
174.540000,-63.3595
174.545000,-75.7222
174.550000,-65.4821
174.555000,-55.0730
174.560000,-68.2149
174.565000,-64.1789
174.570000,-61.0877
174.575000,-61.0365
174.580000,-56.6830
174.585000,-38.6049
174.590000,-50.5436
174.595000,-57.9171
174.600000,-50.1082
174.605000,-44.7737
174.610000,-55.9465
174.615000,-51.8461
174.620000,-37.2299
174.625000,-50.8570
174.630000,-41.1410
174.635000,-23.0866
174.640000,-22.9878
174.645000,-35.1771
174.650000,-14.7257
174.655000,-7.5832
174.660000,-21.9244
174.665000,-3.9364
174.670000,7.4973
174.675000,7.4820
174.680000,2.7557
174.685000,11.4264
174.690000,9.2298
174.695000,-2.8326
174.700000,11.4786
174.705000,31.7033
174.710000,14.1990
174.715000,28.3367
174.720000,49.1870
174.725000,34.2067
174.730000,36.2277
174.735000,43.4634
174.740000,51.3625
174.745000,41.9976
174.750000,55.7171
174.755000,81.3544
174.760000,60.1064
174.765000,79.0290
174.770000,89.0675
174.775000,62.9199
174.780000,57.5051
174.785000,82.1649
174.790000,79.3381
174.795000,63.8021
174.800000,87.6159
174.805000,89.1296
174.810000,73.9434
174.815000,78.2902
174.820000,94.9836
174.825000,79.5410
174.830000,79.3853
174.835000,97.2454
174.840000,89.6851
174.845000,79.6267
174.850000,95.6659
174.855000,90.7506
174.860000,89.0008
174.865000,96.5551
174.870000,103.6556
174.875000,86.9724
174.880000,81.6652
174.885000,106.1406
174.890000,95.9604
174.895000,80.7197
174.900000,82.4278
174.905000,93.0107
174.910000,73.8413
174.915000,78.9602
174.920000,81.2113
174.925000,63.3100
174.930000,64.2236
174.935000,68.9932
174.940000,69.6891
174.945000,57.6832
174.950000,78.8781
174.955000,75.5581
174.960000,53.7578
174.965000,62.8730
174.970000,71.8951
174.975000,52.1885
174.980000,34.0193
174.985000,42.9209
174.990000,33.5224
174.995000,16.5601
175.000000,30.7228
175.005000,25.1123
175.010000,-1.0933
175.015000,0.9174
175.020000,4.4660
175.025000,-8.5651
175.030000,-18.4541
175.035000,2.0526
175.040000,-8.8321
175.045000,-20.1800
175.050000,-11.8225
175.055000,-4.0631
175.060000,-30.6041
175.065000,-17.8596
175.070000,-6.1156
175.075000,-36.3021
175.080000,-34.0423
175.085000,-24.8624
175.090000,-30.5236
175.095000,-51.8108
175.100000,-37.7600
175.105000,-38.8144
175.110000,-57.6048
175.115000,-51.7780
175.120000,-48.6595
175.125000,-55.2805
175.130000,-66.9362
175.135000,-44.9571
175.140000,-45.3948
175.145000,-54.4571
175.150000,-48.6251
175.155000,-49.7659
175.160000,-60.8179
175.165000,-57.2576
175.170000,-53.9695
175.175000,-64.5641
175.180000,-71.4940
175.185000,-75.4879
175.190000,-72.8329
175.195000,-84.6842
175.200000,-61.1250
175.205000,-74.5248
175.210000,-83.3445
175.215000,-78.2480
175.220000,-75.5269
175.225000,-73.6998
175.230000,-73.0925
175.235000,-66.8016
175.240000,-61.2053
175.245000,-66.6354
175.250000,-51.6662
175.255000,-38.5792
175.260000,-48.4534
175.265000,-48.9416
175.270000,-29.9561
175.275000,-48.8978
175.280000,-43.0822
175.285000,-26.7134
175.290000,-33.2996
175.295000,-39.4332
175.300000,-31.1972
175.305000,-24.0983
175.310000,-22.7354
175.315000,-28.1539
175.320000,-8.7962
175.325000,-29.1304
175.330000,-18.6362
175.335000,5.1127
175.340000,7.5002
175.345000,5.8033
175.350000,20.3846
175.355000,23.2408
175.360000,8.7643
175.365000,27.1064
175.370000,35.4559
175.375000,25.3015
175.380000,11.2532
175.385000,38.6790
175.390000,39.8461
175.395000,32.4760
175.400000,43.1189
175.405000,62.0943
175.410000,44.2999
175.415000,39.7683
175.420000,58.5710
175.425000,42.6686
175.430000,49.8544
175.435000,66.3854
175.440000,69.6906
175.445000,65.1425
175.450000,97.4594
175.455000,85.9698
175.460000,83.4827
175.465000,72.8223
175.470000,84.4132
175.475000,72.2065
175.480000,72.4891
175.485000,86.1281
175.490000,83.5154
175.495000,68.2868
175.500000,78.5307
175.505000,86.2290
175.510000,56.6049
175.515000,75.2411
175.520000,86.2951
175.525000,76.7423
175.530000,76.5810
175.535000,94.1195
175.540000,91.2286
175.545000,71.5656
175.550000,78.4910
175.555000,84.8699
175.560000,79.2280
175.565000,84.3666
175.570000,93.4297
175.575000,81.2356
175.580000,73.1626
175.585000,90.3984
175.590000,83.8434
175.595000,60.5511
175.600000,52.7611
175.605000,60.0077
175.610000,39.6655
175.615000,27.7309
175.620000,41.7216
175.625000,20.2221
175.630000,21.3842
175.635000,34.4692
175.640000,23.6741
175.645000,25.4478
175.650000,40.6007
175.655000,31.0157
175.660000,14.8632
175.665000,23.9571
175.670000,22.3610
175.675000,7.1360
175.680000,4.2092
175.685000,7.6713
175.690000,0.3545
175.695000,-21.7184
175.700000,-10.4589
175.705000,-14.6397
175.710000,-30.1295
175.715000,-24.7950
175.720000,-25.6752
175.725000,-33.4688
175.730000,-45.5512
175.735000,-29.7645
175.740000,-33.9561
175.745000,-39.1591
175.750000,-17.0796
175.755000,-29.5915
175.760000,-40.5138
175.765000,-40.3969
175.770000,-39.9449
175.775000,-50.9225
175.780000,-60.8596
175.785000,-49.6992
175.790000,-53.7872
175.795000,-72.9358
175.800000,-64.6149
175.805000,-64.4219
175.810000,-77.8979
175.815000,-75.9833
175.820000,-72.6066
175.825000,-85.5436
175.830000,-84.2620
175.835000,-76.0570
175.840000,-82.9609
175.845000,-81.5529
175.850000,-66.2026
175.855000,-68.9303
175.860000,-73.6517
175.865000,-78.1350
175.870000,-55.7622
175.875000,-69.2947
175.880000,-68.1759
175.885000,-62.7329
175.890000,-65.7437
175.895000,-74.4077
175.900000,-63.0840
175.905000,-69.8747
175.910000,-91.1903
175.915000,-84.7610
175.920000,-75.4641
175.925000,-79.7573
175.930000,-72.1689
175.935000,-46.0542
175.940000,-44.8731
175.945000,-57.2623
175.950000,-41.5332
175.955000,-26.0361
175.960000,-39.4999
175.965000,-35.2463
175.970000,-24.4764
175.975000,-22.3489
175.980000,-30.2908
175.985000,-9.1905
175.990000,-27.8435
175.995000,-39.9984
176.000000,-18.9077
176.005000,-2.3646
176.010000,-12.4359
176.015000,-11.9992
176.020000,-0.4813
176.025000,-5.1082
176.030000,-5.4212
176.035000,17.1958
176.040000,12.0591
176.045000,10.4069
176.050000,34.8782
176.055000,45.5250
176.060000,32.9070
176.065000,42.0352
176.070000,55.2230
176.075000,47.5758
176.080000,45.8749
176.085000,62.2833
176.090000,45.8461
176.095000,26.5121
176.100000,42.7661
176.105000,41.3146
176.110000,28.3418
176.115000,46.5658
176.120000,58.8216
176.125000,47.6172
176.130000,44.8956
176.135000,71.2539
176.140000,77.6435
176.145000,63.1709
176.150000,86.1287
176.155000,90.3970
176.160000,64.7836
176.165000,78.1681
176.170000,81.9490
176.175000,72.4895
176.180000,73.5048
176.185000,74.3055
176.190000,66.7487
176.195000,47.5809
176.200000,60.1849
176.205000,66.0668
176.210000,46.4763
176.215000,44.1333
176.220000,56.4902
176.225000,47.1657
176.230000,38.3087
176.235000,62.2090
176.240000,48.6027
176.245000,55.4173
176.250000,52.8921
176.255000,64.5440
176.260000,42.2380
176.265000,47.1542
176.270000,52.3032
176.275000,34.0541
176.280000,32.7846
176.285000,29.8932
176.290000,23.3104
176.295000,2.6243
176.300000,11.6750
176.305000,10.2281
176.310000,-17.3374
176.315000,-9.1569
176.320000,2.2956
176.325000,-11.6952
176.330000,-20.5822
176.335000,-12.6313
176.340000,-2.2781
176.345000,-3.1214
176.350000,0.8831
176.355000,7.4428
176.360000,-15.7170
176.365000,-19.6864
176.370000,-2.8464
176.375000,-24.1885
176.380000,-32.4475
176.385000,-36.1233
176.390000,-33.2336
176.395000,-59.6713
176.400000,-48.0200
176.405000,-44.3865
176.410000,-64.7637
176.415000,-56.3730
176.420000,-49.7441
176.425000,-68.0702
176.430000,-63.5179
176.435000,-44.5242
176.440000,-50.0961
176.445000,-58.6607
176.450000,-45.3540
176.455000,-43.9654
176.460000,-50.9315
176.465000,-46.8100
176.470000,-45.4466
176.475000,-55.1958
176.480000,-60.3498
176.485000,-53.2533
176.490000,-58.0645
176.495000,-73.4505
176.500000,-73.6642
176.505000,-68.0365
176.510000,-94.4010
176.515000,-88.7357
176.520000,-79.3013
176.525000,-93.7708
176.530000,-86.4392
176.535000,-64.5514
176.540000,-72.3807
176.545000,-76.5870
176.550000,-62.0175
176.555000,-61.5509
176.560000,-70.8916
176.565000,-57.2726
176.570000,-31.0052
176.575000,-60.1517
176.580000,-55.9964
176.585000,-44.1980
176.590000,-49.1623
176.595000,-67.5243
176.600000,-60.3874
176.605000,-52.4997
176.610000,-68.5435
176.615000,-71.4841
176.620000,-64.6642
176.625000,-70.3169
176.630000,-67.3599
176.635000,-43.9326
176.640000,-30.3263
176.645000,-42.5497
176.650000,-19.2459
176.655000,6.1283
176.660000,-13.3426
176.665000,-7.3238
176.670000,10.4983
176.675000,-5.9793
176.680000,-3.3273
176.685000,7.7474
176.690000,-7.8690
176.695000,-9.7612
176.700000,-9.6908
176.705000,-9.0256
176.710000,-18.6204
176.715000,-15.1369
176.720000,3.8775
176.725000,2.0583
176.730000,12.7368
176.735000,29.9142
176.740000,30.9776
176.745000,32.0144
176.750000,51.4134
176.755000,49.8927
176.760000,46.8000
176.765000,48.5862
176.770000,59.2075
176.775000,56.6993
176.780000,42.0697
176.785000,61.7619
176.790000,50.0544
176.795000,39.0842
176.800000,41.9964
176.805000,50.7175
176.810000,18.0842
176.815000,32.8972
176.820000,35.7970
176.825000,29.6336
176.830000,35.8023
176.835000,61.1382
176.840000,60.7183
176.845000,58.5929
176.850000,76.2733
176.855000,74.6542
176.860000,58.0202
176.865000,59.2592
176.870000,66.2998
176.875000,64.0096
176.880000,57.0350
176.885000,66.0792
176.890000,60.2538
176.895000,35.9622
176.900000,39.9370
176.905000,41.6903
176.910000,33.7170
176.915000,30.8488
176.920000,34.7491
176.925000,18.6386
176.930000,31.1480
176.935000,39.9179
176.940000,39.5683
176.945000,32.6894
176.950000,41.6071
176.955000,41.5258
176.960000,34.2116
176.965000,32.7688
176.970000,38.3074
176.975000,21.2760
176.980000,12.2188
176.985000,24.2571
176.990000,11.0573
176.995000,-11.6874
177.000000,0.8990
177.005000,-2.9197
177.010000,-16.1014
177.015000,-33.8296
177.020000,-11.2758
177.025000,-25.8422
177.030000,-17.1984
177.035000,-1.6166
177.040000,-21.7511
177.045000,-23.7589
177.050000,-6.9249
177.055000,3.4542
177.060000,-18.8968
177.065000,-16.5413
177.070000,-3.8947
177.075000,-12.2425
177.080000,-28.6615
177.085000,-23.5847
177.090000,-35.5943
177.095000,-42.7286
177.100000,-34.2323
177.105000,-41.5507
177.110000,-53.3057
177.115000,-53.2587
177.120000,-40.0763
177.125000,-56.1995
177.130000,-65.5905
177.135000,-45.4515
177.140000,-40.2428
177.145000,-55.8080
177.150000,-33.6262
177.155000,-34.4202
177.160000,-48.2964
177.165000,-38.3671
177.170000,-22.3498
177.175000,-43.2932
177.180000,-47.6989
177.185000,-39.8748
177.190000,-48.0879
177.195000,-59.3279
177.200000,-47.1868
177.205000,-44.7701
177.210000,-63.6456
177.215000,-62.8890
177.220000,-40.9222
177.225000,-55.4147
177.230000,-62.8167
177.235000,-39.3881
177.240000,-35.3049
177.245000,-29.0341
177.250000,-15.3229
177.255000,-11.5436
177.260000,-34.1990
177.265000,-20.4895
177.270000,-15.3640
177.275000,-22.3748
177.280000,-25.1705
177.285000,-16.0230
177.290000,-19.4957
177.295000,-31.6759
177.300000,-24.8595
177.305000,-15.3262
177.310000,-30.1747
177.315000,-16.4090
177.320000,-15.7971
177.325000,-8.9016
177.330000,-18.0528
177.335000,2.7640
177.340000,3.8401
177.345000,-5.4898
177.350000,14.1612
177.355000,26.4243
177.360000,12.2545
177.365000,31.4322
177.370000,29.0188
177.375000,31.9700
177.380000,27.6565
177.385000,34.6617
177.390000,32.7877
177.395000,18.7690
177.400000,20.5849
177.405000,28.2975
177.410000,1.3596
177.415000,12.2525
177.420000,18.1020
177.425000,8.9628
177.430000,3.4611
177.435000,18.3707
177.440000,23.6282
177.445000,15.4865
177.450000,33.7478
177.455000,52.3341
177.460000,31.8027
177.465000,43.8105
177.470000,43.0964
177.475000,32.0368
177.480000,37.2238
177.485000,42.6424
177.490000,27.3858
177.495000,10.3150
177.500000,28.9746
177.505000,21.9729
177.510000,3.8747
177.515000,8.3076
177.520000,23.1214
177.525000,7.6840
177.530000,10.4536
177.535000,39.0019
177.540000,33.4618
177.545000,19.0225
177.550000,33.3047
177.555000,39.2540
177.560000,26.9332
177.565000,41.9559
177.570000,45.6747
177.575000,16.7315
177.580000,24.8229
177.585000,25.2176
177.590000,16.1496
177.595000,3.9623
177.600000,12.0704
177.605000,16.8062
177.610000,3.4385
177.615000,7.6281
177.620000,13.3866
177.625000,-2.7602
177.630000,1.3045
177.635000,10.4091
177.640000,16.5648
177.645000,3.9198
177.650000,8.9182
177.655000,32.5916
177.660000,4.1968
177.665000,6.5551
177.670000,15.5872
177.675000,-1.7439
177.680000,-11.0854
177.685000,5.8758
177.690000,-3.2041
177.695000,-28.8473
177.700000,-30.1692
177.705000,-26.7104
177.710000,-38.0452
177.715000,-36.6663
177.720000,-23.5790
177.725000,-32.5147
177.730000,-39.6438
177.735000,-34.4134
177.740000,-30.3515
177.745000,-42.0487
177.750000,-28.8918
177.755000,-16.7544
177.760000,-33.9198
177.765000,-27.2998
177.770000,-19.8063
177.775000,-31.9897
177.780000,-49.0970
177.785000,-29.9244
177.790000,-32.4532
177.795000,-63.1935
177.800000,-56.1549
177.805000,-52.0050
177.810000,-65.6993
177.815000,-62.6013
177.820000,-58.5823
177.825000,-70.9668
177.830000,-64.9190
177.835000,-48.7314
177.840000,-55.1099
177.845000,-53.4942
177.850000,-45.6815
177.855000,-31.3862
177.860000,-42.5792
177.865000,-34.5497
177.870000,-13.8463
177.875000,-36.0356
177.880000,-38.8079
177.885000,-34.5787
177.890000,-42.8678
177.895000,-49.0770
177.900000,-39.0875
177.905000,-37.1928
177.910000,-53.2683
177.915000,-45.7912
177.920000,-34.2425
177.925000,-53.7284
177.930000,-57.5830
177.935000,-37.0831
177.940000,-34.4715
177.945000,-53.6464
177.950000,-33.3239
177.955000,-29.0346
177.960000,-41.1339
177.965000,-34.6582
177.970000,-17.7215
177.975000,-26.2632
177.980000,-22.5607
177.985000,-13.5526
177.990000,-15.9258
177.995000,-41.4101
178.000000,-31.1360
178.005000,-22.7945
178.010000,-39.3610
178.015000,-20.3513
178.020000,-1.7603
178.025000,-12.6177
178.030000,-14.8189
178.035000,-0.2892
178.040000,11.7904
178.045000,-1.3017
178.050000,15.7007
178.055000,18.8685
178.060000,3.9860
178.065000,10.3843
178.070000,23.3758
178.075000,21.7210
178.080000,7.1721
178.085000,19.5204
178.090000,15.0551
178.095000,2.4390
178.100000,11.8632
178.105000,20.5672
178.110000,4.2581
178.115000,12.3397
178.120000,34.1391
178.125000,15.7021
178.130000,23.2325
178.135000,47.3547
178.140000,41.1326
178.145000,30.4037
178.150000,46.6657
178.155000,55.1596
178.160000,47.7530
178.165000,52.3190
178.170000,53.8085
178.175000,50.5028
178.180000,36.2922
178.185000,46.7290
178.190000,39.2100
178.195000,24.4225
178.200000,46.0442
178.205000,43.1215
178.210000,22.6454
178.215000,29.6459
178.220000,45.8382
178.225000,29.5589
178.230000,29.5304
178.235000,30.3961
178.240000,40.3239
178.245000,25.3338
178.250000,45.2109
178.255000,50.6729
178.260000,37.8831
178.265000,32.9951
178.270000,43.1486
178.275000,29.0074
178.280000,17.8276
178.285000,34.7326
178.290000,31.5426
178.295000,22.4064
178.300000,29.2658
178.305000,27.3103
178.310000,12.6053
178.315000,4.8069
178.320000,10.8236
178.325000,7.4606
178.330000,4.4564
178.335000,24.6995
178.340000,22.1431
178.345000,10.9759
178.350000,27.0727
178.355000,22.2938
178.360000,19.4960
178.365000,13.6073
178.370000,21.3762
178.375000,12.3634
178.380000,-4.6233
178.385000,9.1880
178.390000,0.8362
178.395000,-11.2474
178.400000,4.0561
178.405000,2.0698
178.410000,-20.1435
178.415000,-3.4016
178.420000,-0.4762
178.425000,-18.7027
178.430000,-28.5169
178.435000,-9.9123
178.440000,-14.6031
178.445000,-27.1727
178.450000,-20.3465
178.455000,-13.9634
178.460000,-23.9306
178.465000,-24.2076
178.470000,-14.4739
178.475000,-22.0310
178.480000,-31.1911
178.485000,-12.3966
178.490000,-31.6756
178.495000,-46.8262
178.500000,-37.3554
178.505000,-29.2827
178.510000,-48.2140
178.515000,-34.2327
178.520000,-25.3748
178.525000,-24.9762
178.530000,-40.4008
178.535000,-30.1262
178.540000,-34.3856
178.545000,-35.9089
178.550000,-28.9526
178.555000,-8.2063
178.560000,-30.4557
178.565000,-39.1203
178.570000,-17.1193
178.575000,-25.6801
178.580000,-31.0302
178.585000,-8.9948
178.590000,-20.5587
178.595000,-29.4362
178.600000,-19.6296
178.605000,-10.4127
178.610000,-28.2597
178.615000,-24.6940
178.620000,-12.3240
178.625000,-33.2951
178.630000,-20.5319
178.635000,-11.2189
178.640000,-14.0163
178.645000,-20.4003
178.650000,-0.6491
178.655000,-1.0570
178.660000,-13.3935
178.665000,0.9798
178.670000,16.8979
178.675000,2.8694
178.680000,9.6719
178.685000,8.9708
178.690000,8.7171
178.695000,-8.8349
178.700000,8.0336
178.705000,18.1458
178.710000,5.3662
178.715000,13.2499
178.720000,28.5660
178.725000,22.1451
178.730000,19.8808
178.735000,28.7318
178.740000,28.2267
178.745000,14.6724
178.750000,30.2228
178.755000,40.0072
178.760000,28.2373
178.765000,38.5796
178.770000,51.1912
178.775000,32.0442
178.780000,22.1201
178.785000,46.1965
178.790000,38.6165
178.795000,22.8958
178.800000,41.0443
178.805000,45.4746
178.810000,32.0112
178.815000,35.0691
178.820000,53.5332
178.825000,35.8310
178.830000,32.1436
178.835000,51.4261
178.840000,49.4915
178.845000,45.0801
178.850000,47.0378
178.855000,51.2789
178.860000,39.9721
178.865000,50.7397
178.870000,57.4181
178.875000,50.1194
178.880000,45.1347
178.885000,60.9498
178.890000,51.9692
178.895000,39.6560
178.900000,47.0683
178.905000,55.4020
178.910000,31.4973
178.915000,49.3551
178.920000,48.0014
178.925000,34.8568
178.930000,28.3186
178.935000,45.9189
178.940000,46.5628
178.945000,37.9706
178.950000,48.4628
178.955000,44.0289
178.960000,33.9399
178.965000,38.1731
178.970000,56.4026
178.975000,31.2688
178.980000,19.4486
178.985000,32.6643
178.990000,22.8026
178.995000,7.7303
179.000000,7.0475
179.005000,19.4545
179.010000,3.2528
179.015000,-1.5907
179.020000,10.5746
179.025000,-1.2485
179.030000,-19.2494
179.035000,1.0724
179.040000,6.4195
179.045000,-10.5899
179.050000,-3.1356
179.055000,9.6160
179.060000,-11.4663
179.065000,-1.3262
179.070000,19.4234
179.075000,-14.3011
179.080000,-14.0807
179.085000,2.9916
179.090000,-11.4346
179.095000,-22.7619
179.100000,0.2015
179.105000,-5.1338
179.110000,-21.8857
179.115000,-9.7045
179.120000,-12.4219
179.125000,-25.9744
179.130000,-23.5084
179.135000,-7.8260
179.140000,-16.1236
179.145000,-18.4619
179.150000,-2.9644
179.155000,-0.8512
179.160000,-25.2926
179.165000,-21.9897
179.170000,-11.7823
179.175000,-22.6985
179.180000,-34.4496
179.185000,-25.3687
179.190000,-29.5479
179.195000,-37.5001
179.200000,-29.3599
179.205000,-30.2246
179.210000,-47.0646
179.215000,-40.3037
179.220000,-22.1282
179.225000,-38.3981
179.230000,-43.5019
179.235000,-24.4622
179.240000,-32.6665
179.245000,-32.5873
179.250000,-12.5112
179.255000,-5.4708
179.260000,-17.7988
179.265000,-15.1312
179.270000,-4.9765
179.275000,-16.4185
179.280000,-13.1150
179.285000,-1.3402
179.290000,-12.9763
179.295000,-22.1545
179.300000,-10.8780
179.305000,-6.2979
179.310000,-11.4975
179.315000,-10.7664
179.320000,4.5937
179.325000,-19.2045
179.330000,-11.9712
179.335000,3.1659
179.340000,13.6805
179.345000,7.6836
179.350000,20.1378
179.355000,18.9744
179.360000,0.6401
179.365000,21.3412
179.370000,32.4753
179.375000,19.7832
179.380000,12.6651
179.385000,26.6670
179.390000,24.5113
179.395000,7.8668
179.400000,28.6561
179.405000,36.8342
179.410000,12.5452
179.415000,23.0474
179.420000,35.6387
179.425000,16.5374
179.430000,20.5226
179.435000,45.3217
179.440000,33.7735
179.445000,36.9292
179.450000,51.4436
179.455000,52.3713
179.460000,42.5722
179.465000,45.2155
179.470000,53.2769
179.475000,37.8831
179.480000,33.9071
179.485000,64.2416
179.490000,51.4354
179.495000,30.1046
179.500000,44.7281
179.505000,45.1980
179.510000,27.7428
179.515000,35.7506
179.520000,54.3249
179.525000,37.0978
179.530000,46.3389
179.535000,64.5707
179.540000,55.4618
179.545000,38.6283
179.550000,53.5668
179.555000,48.9882
179.560000,34.4707
179.565000,51.3450
179.570000,60.9454
179.575000,50.4490
179.580000,49.0575
179.585000,58.7241
179.590000,48.3493
179.595000,30.1956
179.600000,35.6206
179.605000,32.0903
179.610000,14.6989
179.615000,16.8502
179.620000,22.9575
179.625000,13.7382
179.630000,-0.1663
179.635000,18.2214
179.640000,14.7761
179.645000,8.8316
179.650000,32.9214
179.655000,23.5259
179.660000,8.3738
179.665000,10.9300
179.670000,14.5901
179.675000,8.0932
179.680000,4.5078
179.685000,11.4696
179.690000,-1.1420
179.695000,-26.9591
179.700000,-9.7406
179.705000,-18.4078
179.710000,-22.3793
179.715000,-26.7065
179.720000,-11.8263
179.725000,-20.9382
179.730000,-30.7485
179.735000,-6.4156
179.740000,-15.4180
179.745000,-20.8661
179.750000,-7.1491
179.755000,-16.1354
179.760000,-27.6622
179.765000,-14.0798
179.770000,-4.1611
179.775000,-33.0637
179.780000,-31.5715
179.785000,-20.2660
179.790000,-32.1721
179.795000,-56.3810
179.800000,-38.1951
179.805000,-42.5413
179.810000,-54.1827
179.815000,-54.4857
179.820000,-45.5086
179.825000,-59.8153
179.830000,-61.0899
179.835000,-44.7953
179.840000,-48.9867
179.845000,-60.7582
179.850000,-40.4192
179.855000,-37.3434
179.860000,-44.8752
179.865000,-46.9465
179.870000,-30.0782
179.875000,-44.2504
179.880000,-46.2962
179.885000,-33.8086
179.890000,-46.1999
179.895000,-54.5778
179.900000,-40.8303
179.905000,-41.4027
179.910000,-67.6861
179.915000,-51.9578
179.920000,-42.8393
179.925000,-49.3729
179.930000,-59.9957
179.935000,-29.3094
179.940000,-35.4182
179.945000,-42.8153
179.950000,-25.4961
179.955000,-16.4899
179.960000,-32.0601
179.965000,-27.7891
179.970000,-7.7496
179.975000,-19.8287
179.980000,-20.0852
179.985000,-16.1953
179.990000,-12.2445
179.995000,-27.6583
180.000000,-14.8958
180.005000,-1.2328
180.010000,-15.3921
180.015000,-15.2708
180.020000,1.8064
180.025000,-4.0897
180.030000,-7.3311
180.035000,11.5459
180.040000,8.5562
180.045000,2.8385
180.050000,21.4925
180.055000,35.8546
180.060000,27.9896
180.065000,25.3648
180.070000,40.2511
180.075000,25.7381
180.080000,35.9050
180.085000,50.1153
180.090000,28.4667
180.095000,12.7062
180.100000,22.7266
180.105000,23.6314
180.110000,18.2758
180.115000,33.9034
180.120000,45.3146
180.125000,36.6994
180.130000,36.1849
180.135000,63.1977
180.140000,60.6891
180.145000,52.7146
180.150000,76.4453
180.155000,71.2896
180.160000,59.3616
180.165000,68.9668
180.170000,70.4802
180.175000,61.2430
180.180000,55.6439
180.185000,67.2862
180.190000,49.8957
180.195000,42.6589
180.200000,43.6376
180.205000,53.0970
180.210000,36.9729
180.215000,34.7249
180.220000,55.0978
180.225000,37.8342
180.230000,40.4969
180.235000,50.8509
180.240000,45.0136
180.245000,42.7467
180.250000,57.8697
180.255000,56.7351
180.260000,33.7083
180.265000,40.1236
180.270000,37.9145
180.275000,28.7463
180.280000,28.4346
180.285000,25.5399
180.290000,16.0868
180.295000,7.9943
180.300000,4.0350
180.305000,7.5385
180.310000,-18.8989
180.315000,-12.0759
180.320000,-2.2569
180.325000,-12.9883
180.330000,-20.3077
180.335000,6.6038
180.340000,-0.1400
180.345000,-6.9298
180.350000,2.8595
180.355000,-2.1914
180.360000,-9.7810
180.365000,-13.2626
180.370000,1.9257
180.375000,-22.2349
180.380000,-33.8812
180.385000,-24.6765
180.390000,-39.8761
180.395000,-58.6213
180.400000,-53.3195
180.405000,-43.3649
180.410000,-63.0785
180.415000,-53.9510
180.420000,-48.4469
180.425000,-62.1501
180.430000,-60.9821
180.435000,-42.1824
180.440000,-43.0047
180.445000,-49.7603
180.450000,-37.7956
180.455000,-40.0639
180.460000,-48.0955
180.465000,-46.3100
180.470000,-36.3980
180.475000,-47.0978
180.480000,-60.8418
180.485000,-42.8595
180.490000,-63.5450
180.495000,-81.3846
180.500000,-64.3480
180.505000,-71.3587
180.510000,-94.5558
180.515000,-91.3663
180.520000,-78.0566
180.525000,-84.4477
180.530000,-90.7557
180.535000,-69.1801
180.540000,-69.9046
180.545000,-73.8824
180.550000,-66.2180
180.555000,-60.7249
180.560000,-73.3100
180.565000,-55.9969
180.570000,-41.6489
180.575000,-62.8040
180.580000,-66.9090
180.585000,-46.8474
180.590000,-65.6746
180.595000,-88.3737
180.600000,-68.3767
180.605000,-57.3537
180.610000,-78.3989
180.615000,-75.6128
180.620000,-60.6786
180.625000,-70.1283
180.630000,-72.0546
180.635000,-45.3183
180.640000,-42.5233
180.645000,-53.6936
180.650000,-14.3002
180.655000,-10.3028
180.660000,-15.7922
180.665000,-18.9699
180.670000,4.8224
180.675000,-3.0045
180.680000,-5.6013
180.685000,6.0921
180.690000,-9.0011
180.695000,-14.9635
180.700000,-3.5400
180.705000,-3.6496
180.710000,-14.6717
180.715000,-14.0115
180.720000,7.0929
180.725000,7.1845
180.730000,10.4263
180.735000,35.9969
180.740000,37.6289
180.745000,30.0710
180.750000,55.1435
180.755000,67.3065
180.760000,48.5828
180.765000,52.2185
180.770000,72.3645
180.775000,52.7388
180.780000,51.7838
180.785000,75.3420
180.790000,52.9371
180.795000,50.8737
180.800000,57.9208
180.805000,51.7887
180.810000,32.0350
180.815000,44.2608
180.820000,48.3654
180.825000,47.0868
180.830000,52.8467
180.835000,72.9267
180.840000,78.8081
180.845000,70.1793
180.850000,91.9552
180.855000,91.1020
180.860000,70.7630
180.865000,79.7182
180.870000,91.0849
180.875000,82.7962
180.880000,66.8969
180.885000,79.9019
180.890000,71.0076
180.895000,51.0155
180.900000,54.8485
180.905000,69.1268
180.910000,44.6233
180.915000,51.0616
180.920000,45.7248
180.925000,33.4098
180.930000,43.8790
180.935000,58.5367
180.940000,45.0752
180.945000,33.8786
180.950000,46.4449
180.955000,58.3194
180.960000,38.9668
180.965000,44.6065
180.970000,49.2186
180.975000,32.7301
180.980000,15.5167
180.985000,27.4763
180.990000,3.7385
180.995000,-11.5419
181.000000,2.6221
181.005000,0.8746
181.010000,-27.1394
181.015000,-33.7032
181.020000,-18.7896
181.025000,-23.7999
181.030000,-17.3551
181.035000,-3.7161
181.040000,-19.6221
181.045000,-25.4970
181.050000,-3.8741
181.055000,-13.1116
181.060000,-21.1634
181.065000,-19.4841
181.070000,-19.7007
181.075000,-31.2776
181.080000,-43.7202
181.085000,-43.0029
181.090000,-49.5803
181.095000,-60.7114
181.100000,-61.2836
181.105000,-57.3010
181.110000,-80.5507
181.115000,-86.0727
181.120000,-68.9063
181.125000,-84.9433
181.130000,-85.0508
181.135000,-72.3679
181.140000,-70.1547
181.145000,-76.8863
181.150000,-76.2509
181.155000,-57.3066
181.160000,-65.6349
181.165000,-58.0401
181.170000,-53.9061
181.175000,-54.3657
181.180000,-63.5974
181.185000,-69.6327
181.190000,-76.6816
181.195000,-85.7100
181.200000,-74.5440
181.205000,-71.8423
181.210000,-100.8236
181.215000,-87.2927
181.220000,-80.9383
181.225000,-87.0868
181.230000,-80.9206
181.235000,-59.3718
181.240000,-49.3826
181.245000,-53.5700
181.250000,-49.6264
181.255000,-39.0180
181.260000,-52.5710
181.265000,-36.2666
181.270000,-30.5273
181.275000,-39.9226
181.280000,-49.5321
181.285000,-31.3179
181.290000,-29.8854
181.295000,-54.9787
181.300000,-36.8999
181.305000,-33.8667
181.310000,-40.9130
181.315000,-24.6268
181.320000,-20.1669
181.325000,-24.2275
181.330000,-21.3066
181.335000,1.0367
181.340000,0.0685
181.345000,-0.8319
181.350000,13.9082
181.355000,31.1347
181.360000,20.1899
181.365000,31.3183
181.370000,49.3533
181.375000,34.6466
181.380000,39.7220
181.385000,42.5482
181.390000,39.2485
181.395000,31.4911
181.400000,39.9112
181.405000,46.9764
181.410000,17.7750
181.415000,20.2960
181.420000,44.6736
181.425000,28.0450
181.430000,25.8535
181.435000,45.3180
181.440000,45.3807
181.445000,34.0475
181.450000,63.5923
181.455000,74.5978
181.460000,68.6130
181.465000,69.4157
181.470000,80.9151
181.475000,53.8908
181.480000,60.6559
181.485000,76.1984
181.490000,65.7357
181.495000,50.7301
181.500000,55.5982
181.505000,54.7407
181.510000,41.5967
181.515000,52.9872
181.520000,53.9260
181.525000,46.2981
181.530000,41.9172
181.535000,59.8769
181.540000,73.8747
181.545000,56.9979
181.550000,70.9108
181.555000,74.7135
181.560000,68.8359
181.565000,70.4744
181.570000,82.5027
181.575000,51.5676
181.580000,49.6178
181.585000,48.4949
181.590000,58.3460
181.595000,29.6853
181.600000,44.6951
181.605000,35.5560
181.610000,28.1691
181.615000,24.9934
181.620000,36.1487
181.625000,13.7168
181.630000,20.9379
181.635000,28.0018
181.640000,32.7937
181.645000,10.6005
181.650000,38.0279
181.655000,30.3101
181.660000,20.7225
181.665000,10.9418
181.670000,15.2586
181.675000,-0.8431
181.680000,-6.9573
181.685000,-1.7870
181.690000,-5.2127
181.695000,-32.1317
181.700000,-32.9679
181.705000,-36.1561
181.710000,-54.3734
181.715000,-53.5802
181.720000,-36.9451
181.725000,-49.4731
181.730000,-56.9582
181.735000,-47.6436
181.740000,-49.5550
181.745000,-57.4615
181.750000,-40.4286
181.755000,-40.1084
181.760000,-56.1524
181.765000,-57.4683
181.770000,-53.2902
181.775000,-75.3859
181.780000,-82.3896
181.785000,-69.6526
181.790000,-77.3489
181.795000,-95.1572
181.800000,-93.3200
181.805000,-90.0262
181.810000,-108.7076
181.815000,-104.1966
181.820000,-97.7711
181.825000,-109.6388
181.830000,-107.7022
181.835000,-95.6709
181.840000,-89.6401
181.845000,-100.7099
181.850000,-89.0069
181.855000,-72.1233
181.860000,-78.6096
181.865000,-67.1922
181.870000,-50.7016
181.875000,-74.9274
181.880000,-83.1164
181.885000,-76.6138
181.890000,-83.4829
181.895000,-92.5020
181.900000,-77.2886
181.905000,-77.0806
181.910000,-101.4273
181.915000,-94.9983
181.920000,-83.4813
181.925000,-90.0477
181.930000,-91.3545
181.935000,-67.4048
181.940000,-71.0594
181.945000,-84.5894
181.950000,-54.8976
181.955000,-45.8806
181.960000,-48.8582
181.965000,-52.7703
181.970000,-39.0680
181.975000,-43.6695
181.980000,-39.2381
181.985000,-25.6171
181.990000,-43.4257
181.995000,-51.4727
182.000000,-27.1338
182.005000,-19.5458
182.010000,-36.9301
182.015000,-23.5953
182.020000,-5.6272
182.025000,-10.2152
182.030000,-1.7973
182.035000,17.1369
182.040000,16.7253
182.045000,13.3936
182.050000,25.5807
182.055000,39.8396
182.060000,29.3734
182.065000,33.6614
182.070000,52.9578
182.075000,39.1685
182.080000,39.0395
182.085000,50.8710
182.090000,32.3756
182.095000,38.8414
182.100000,36.5012
182.105000,41.5893
182.110000,36.1332
182.115000,50.5849
182.120000,70.2646
182.125000,58.6441
182.130000,62.1494
182.135000,89.8923
182.140000,80.4563
182.145000,75.3211
182.150000,86.3765
182.155000,93.3662
182.160000,79.8498
182.165000,94.9156
182.170000,105.2504
182.175000,94.7878
182.180000,86.4758
182.185000,81.5145
182.190000,80.4400
182.195000,71.1577
182.200000,84.5788
182.205000,93.6942
182.210000,69.1067
182.215000,71.1892
182.220000,86.5729
182.225000,71.3007
182.230000,62.3064
182.235000,84.7855
182.240000,74.9766
182.245000,72.0912
182.250000,82.0501
182.255000,89.4877
182.260000,69.7278
182.265000,60.4215
182.270000,75.9257
182.275000,59.3106
182.280000,45.1541
182.285000,57.5242
182.290000,45.8695
182.295000,36.7016
182.300000,46.5707
182.305000,52.6892
182.310000,18.3964
182.315000,18.4744
182.320000,29.7520
182.325000,19.5455
182.330000,13.0320
182.335000,31.5217
182.340000,23.9087
182.345000,15.7127
182.350000,25.0711
182.355000,18.0953
182.360000,10.4786
182.365000,22.1008
182.370000,19.6351
182.375000,3.4612
182.380000,-15.9255
182.385000,-8.0713
182.390000,-10.5334
182.395000,-28.6445
182.400000,-26.7959
182.405000,-28.4199
182.410000,-32.8098
182.415000,-40.0622
182.420000,-38.1858
182.425000,-53.3783
182.430000,-56.7947
182.435000,-35.3415
182.440000,-50.2091
182.445000,-54.4304
182.450000,-50.4852
182.455000,-47.7585
182.460000,-55.8678
182.465000,-56.0013
182.470000,-46.2334
182.475000,-74.3568
182.480000,-74.3633
182.485000,-58.7956
182.490000,-72.8935
182.495000,-72.8367
182.500000,-64.0998
182.505000,-69.9271
182.510000,-84.7223
182.515000,-77.5614
182.520000,-62.3844
182.525000,-77.0524
182.530000,-84.4126
182.535000,-60.5756
182.540000,-66.4323
182.545000,-73.6725
182.550000,-66.7522
182.555000,-61.2391
182.560000,-68.0969
182.565000,-64.2230
182.570000,-47.4082
182.575000,-70.4526
182.580000,-66.4824
182.585000,-41.9518
182.590000,-44.0374
182.595000,-57.9561
182.600000,-52.1384
182.605000,-57.4172
182.610000,-52.7710
182.615000,-51.7890
182.620000,-33.9095
182.625000,-45.4835
182.630000,-41.2280
182.635000,-26.0445
182.640000,-26.0701
182.645000,-27.4204
182.650000,-23.9058
182.655000,-4.3706
182.660000,-13.2183
182.665000,-5.0428
182.670000,5.9067
182.675000,3.9981
182.680000,-0.1413
182.685000,5.5202
182.690000,-2.5211
182.695000,-0.2686
182.700000,11.3478
182.705000,27.2062
182.710000,12.7229
182.715000,33.1518
182.720000,55.0037
182.725000,33.9598
182.730000,42.3430
182.735000,46.5448
182.740000,46.0117
182.745000,42.2894
182.750000,58.2271
182.755000,70.4492
182.760000,59.8089
182.765000,70.8619
182.770000,87.2668
182.775000,67.4625
182.780000,56.1620
182.785000,72.0915
182.790000,70.7937
182.795000,63.4317
182.800000,81.9428
182.805000,78.9251
182.810000,60.6381
182.815000,67.2836
182.820000,88.1578
182.825000,70.0334
182.830000,76.7096
182.835000,86.8768
182.840000,81.2508
182.845000,75.8003
182.850000,82.3240
182.855000,80.9864
182.860000,70.5635
182.865000,81.9844
182.870000,92.7216
182.875000,73.9057
182.880000,75.2945
182.885000,85.1597
182.890000,83.2828
182.895000,63.1352
182.900000,75.2607
182.905000,78.4284
182.910000,48.7689
182.915000,61.9799
182.920000,78.7578
182.925000,58.0430
182.930000,60.1244
182.935000,72.1231
182.940000,68.9397
182.945000,54.7101
182.950000,61.2839
182.955000,60.4312
182.960000,48.8529
182.965000,56.8400
182.970000,63.5560
182.975000,43.8846
182.980000,32.5839
182.985000,41.3698
182.990000,28.7731
182.995000,19.4688
183.000000,21.5874
183.005000,27.7614
183.010000,-1.4835
183.015000,5.8796
183.020000,8.4369
183.025000,-10.2675
183.030000,-11.4671
183.035000,-11.0422
183.040000,0.4902
183.045000,-10.5729
183.050000,-6.1792
183.055000,-4.5678
183.060000,-15.0948
183.065000,-6.1336
183.070000,-2.6518
183.075000,-29.2029
183.080000,-30.7640
183.085000,-15.0035
183.090000,-24.7809
183.095000,-41.4455
183.100000,-28.7967
183.105000,-31.8086
183.110000,-39.7058
183.115000,-41.8509
183.120000,-31.2332
183.125000,-47.0979
183.130000,-46.2095
183.135000,-28.6635
183.140000,-31.6652
183.145000,-43.7062
183.150000,-32.7412
183.155000,-26.8487
183.160000,-49.2626
183.165000,-39.2136
183.170000,-36.2774
183.175000,-46.7597
183.180000,-51.8901
183.185000,-45.8717
183.190000,-43.5134
183.195000,-59.0100
183.200000,-49.6739
183.205000,-44.9176
183.210000,-73.1740
183.215000,-58.3619
183.220000,-49.8436
183.225000,-54.6289
183.230000,-61.5055
183.235000,-39.2131
183.240000,-50.6468
183.245000,-56.8716
183.250000,-35.6115
183.255000,-20.2467
183.260000,-34.4615
183.265000,-34.6414
183.270000,-19.3564
183.275000,-36.6746
183.280000,-32.5998
183.285000,-20.8919
183.290000,-18.9647
183.295000,-26.6271
183.300000,-16.9282
183.305000,-7.6599
183.310000,-19.2183
183.315000,-22.2328
183.320000,-6.6472
183.325000,-16.3012
183.330000,-13.2249
183.335000,15.8821
183.340000,-0.9783
183.345000,3.1432
183.350000,21.9457
183.355000,24.7032
183.360000,5.4547
183.365000,24.4634
183.370000,33.7630
183.375000,10.8358
183.380000,8.5711
183.385000,30.7777
183.390000,29.6076
183.395000,15.6337
183.400000,30.9352
183.405000,44.0182
183.410000,27.2481
183.415000,28.8663
183.420000,38.7670
183.425000,29.1529
183.430000,32.2867
183.435000,48.5005
183.440000,47.5088
183.445000,45.9790
183.450000,64.6573
183.455000,59.9949
183.460000,50.1302
183.465000,59.1751
183.470000,65.7365
183.475000,52.5157
183.480000,49.3259
183.485000,67.9339
183.490000,53.9383
183.495000,36.4214
183.500000,57.7042
183.505000,52.8450
183.510000,46.5809
183.515000,49.0990
183.520000,59.4637
183.525000,46.8372
183.530000,49.0221
183.535000,72.4780
183.540000,60.8592
183.545000,50.6086
183.550000,57.6285
183.555000,57.4864
183.560000,38.8278
183.565000,54.8236
183.570000,64.0301
183.575000,54.8972
183.580000,53.8818
183.585000,63.6608
183.590000,58.8200
183.595000,38.8677
183.600000,41.4662
183.605000,37.2100
183.610000,18.4508
183.615000,21.1465
183.620000,21.6659
183.625000,11.2118
183.630000,10.0153
183.635000,21.0279
183.640000,19.4041
183.645000,5.7185
183.650000,21.0420
183.655000,26.8568
183.660000,5.2713
183.665000,19.5126
183.670000,12.6270
183.675000,8.0535
183.680000,-2.5746
183.685000,7.4415
183.690000,-1.2866
183.695000,-17.7415
183.700000,-3.1402
183.705000,-5.2865
183.710000,-13.9887
183.715000,-17.2001
183.720000,-7.7777
183.725000,-23.5767
183.730000,-33.6823
183.735000,-16.1717
183.740000,-17.0029
183.745000,-18.1549
183.750000,-6.3556
183.755000,-10.8422
183.760000,-20.7777
183.765000,-16.3112
183.770000,-9.0357
183.775000,-23.7241
183.780000,-31.5723
183.785000,-16.8675
183.790000,-34.5834
183.795000,-49.6422
183.800000,-32.6487
183.805000,-30.9550
183.810000,-47.9366
183.815000,-37.2242
183.820000,-37.3042
183.825000,-47.9478
183.830000,-53.6804
183.835000,-43.1910
183.840000,-49.0831
183.845000,-56.2934
183.850000,-30.2030
183.855000,-38.5784
183.860000,-40.5492
183.865000,-48.6451
183.870000,-31.2375
183.875000,-43.5471
183.880000,-36.1052
183.885000,-20.0717
183.890000,-39.3770
183.895000,-45.6147
183.900000,-33.4401
183.905000,-45.9513
183.910000,-50.6921
183.915000,-53.5221
183.920000,-36.7253
183.925000,-41.4433
183.930000,-45.0524
183.935000,-20.0756
183.940000,-23.6944
183.945000,-38.5472
183.950000,-23.1426
183.955000,-8.6505
183.960000,-27.9761
183.965000,-29.3381
183.970000,1.3720
183.975000,-16.0874
183.980000,-15.4214
183.985000,-5.6726
183.990000,-17.9968
183.995000,-30.3716
184.000000,-13.1663
184.005000,-6.9400
184.010000,-6.6661
184.015000,-7.1637
184.020000,5.0765
184.025000,-11.9114
184.030000,-9.7405
184.035000,10.4768
184.040000,6.8423
184.045000,11.4316
184.050000,18.0111
184.055000,33.4595
184.060000,14.3485
184.065000,18.6582
184.070000,32.8333
184.075000,25.3942
184.080000,23.7617
184.085000,30.9573
184.090000,18.7845
184.095000,5.5802
184.100000,13.3580
184.105000,25.8207
184.110000,9.5626
184.115000,17.3429
184.120000,39.0362
184.125000,24.9568
184.130000,23.2210
184.135000,39.2533
184.140000,49.6946
184.145000,39.1973
184.150000,45.8964
184.155000,57.3401
184.160000,37.1316
184.165000,47.0734
184.170000,54.5612
184.175000,42.3311
184.180000,28.6639
184.185000,48.5070
184.190000,28.5732
184.195000,11.8950
184.200000,24.4507
184.205000,32.9869
184.210000,24.1876
184.215000,20.4650
184.220000,34.9063
184.225000,23.7604
184.230000,12.8221
184.235000,37.0638
184.240000,32.2928
184.245000,17.3325
184.250000,32.9337
184.255000,27.9452
184.260000,13.0712
184.265000,20.1341
184.270000,38.4626
184.275000,3.2844
184.280000,7.6443
184.285000,19.2747
184.290000,15.2570
184.295000,-9.7327
184.300000,-1.6770
184.305000,-3.5678
184.310000,-28.5845
184.315000,-23.6668
184.320000,-11.7138
184.325000,-14.2957
184.330000,-20.6641
184.335000,-4.1228
184.340000,-3.8410
184.345000,-10.6878
184.350000,0.7209
184.355000,7.3299
184.360000,-15.2120
184.365000,-20.6468
184.370000,2.6234
184.375000,-17.1827
184.380000,-28.4920
184.385000,-24.8342
184.390000,-31.1051
184.395000,-36.1488
184.400000,-36.3637
184.405000,-27.2293
184.410000,-28.4720
184.415000,-34.9799
184.420000,-26.8999
184.425000,-29.6255
184.430000,-38.8633
184.435000,-9.3091
184.440000,-26.7645
184.445000,-31.6418
184.450000,-11.9526
184.455000,-11.1927
184.460000,-27.2042
184.465000,-17.1747
184.470000,-9.9627
184.475000,-29.3118
184.480000,-36.6262
184.485000,-22.0647
184.490000,-35.8359
184.495000,-54.9855
184.500000,-29.6378
184.505000,-45.8733
184.510000,-68.3947
184.515000,-52.5085
184.520000,-51.2897
184.525000,-49.5005
184.530000,-54.6971
184.535000,-35.9348
184.540000,-46.8541
184.545000,-41.0456
184.550000,-38.4545
184.555000,-36.3077
184.560000,-45.8354
184.565000,-25.6621
184.570000,-16.0740
184.575000,-29.2211
184.580000,-41.8203
184.585000,-25.4393
184.590000,-32.9570
184.595000,-49.1565
184.600000,-35.6791
184.605000,-33.4773
184.610000,-57.7789
184.615000,-56.5758
184.620000,-41.8633
184.625000,-54.1890
184.630000,-50.5060
184.635000,-35.8793
184.640000,-31.9285
184.645000,-39.5463
184.650000,-3.8620
184.655000,-5.0389
184.660000,-9.5930
184.665000,-1.8871
184.670000,13.1745
184.675000,-3.7683
184.680000,-5.5531
184.685000,1.9626
184.690000,-13.1952
184.695000,-20.1459
184.700000,-17.8214
184.705000,-0.8999
184.710000,-28.9370
184.715000,-14.9794
184.720000,-6.7637
184.725000,-13.8545
184.730000,-7.1968
184.735000,15.0635
184.740000,22.8913
184.745000,9.7618
184.750000,30.6514
184.755000,39.2414
184.760000,26.8632
184.765000,27.4203
184.770000,38.8022
184.775000,41.4677
184.780000,20.0153
184.785000,37.9061
184.790000,24.5461
184.795000,13.7632
184.800000,20.1178
184.805000,12.2956
184.810000,-2.9520
184.815000,15.6060
184.820000,13.2181
184.825000,9.4814
184.830000,2.9728
184.835000,33.4905
184.840000,42.3550
184.845000,22.1823
184.850000,44.9079
184.855000,49.7572
184.860000,30.0345
184.865000,44.7240
184.870000,53.1370
184.875000,37.2114
184.880000,38.4688
184.885000,40.5478
184.890000,28.1741
184.895000,23.5493
184.900000,26.5780
184.905000,25.8934
184.910000,13.8153
184.915000,11.1828
184.920000,17.5250
184.925000,3.7959
184.930000,8.3371
184.935000,27.6239
184.940000,11.1714
184.945000,14.9374
184.950000,26.0372
184.955000,42.0831
184.960000,23.5617
184.965000,22.0356
184.970000,32.3091
184.975000,17.9962
184.980000,1.9689
184.985000,10.1982
184.990000,15.6210
184.995000,-22.2308
185.000000,-7.1980
185.005000,13.1557
185.010000,-30.2309
185.015000,-33.1949
185.020000,-12.1849
185.025000,-18.3810
185.030000,-13.9171
185.035000,-2.9600
185.040000,-10.2653
185.045000,-10.7387
185.050000,-3.5859
185.055000,16.6776
185.060000,-7.8443
185.065000,-6.6919
185.070000,8.2955
185.075000,-5.9480
185.080000,-18.8299
185.085000,-5.8461
185.090000,-24.4962
185.095000,-37.7751
185.100000,-26.6252
185.105000,-26.7788
185.110000,-48.5535
185.115000,-42.6463
185.120000,-35.4119
185.125000,-47.2041
185.130000,-45.3214
185.135000,-23.2506
185.140000,-30.4770
185.145000,-35.4641
185.150000,-27.6997
185.155000,-8.2827
185.160000,-26.1080
185.165000,-13.6742
185.170000,-11.9222
185.175000,-18.2669
185.180000,-25.4324
185.185000,-25.9419
185.190000,-32.9470
185.195000,-47.8078
185.200000,-35.6810
185.205000,-31.5427
185.210000,-58.4087
185.215000,-49.3052
185.220000,-40.1585
185.225000,-46.0832
185.230000,-39.6813
185.235000,-18.9612
185.240000,-14.4691
185.245000,-14.8684
185.250000,-7.6519
185.255000,-9.4736
185.260000,-23.5222
185.265000,-2.2318
185.270000,-4.7461
185.275000,-16.1305
185.280000,-23.3843
185.285000,0.9601
185.290000,-8.5695
185.295000,-24.3574
185.300000,-8.3574
185.305000,-11.5731
185.310000,-29.6260
185.315000,-13.3119
185.320000,-11.5241
185.325000,-20.1861
185.330000,-9.5013
185.335000,0.2798
185.340000,5.8572
185.345000,-6.2182
185.350000,14.1779
185.355000,24.9812
185.360000,13.7954
185.365000,22.9229
185.370000,40.6984
185.375000,29.0702
185.380000,17.3112
185.385000,28.4612
185.390000,31.1352
185.395000,14.7190
185.400000,24.2209
185.405000,20.2555
185.410000,6.7781
185.415000,2.6361
185.420000,5.2485
185.425000,-1.0358
185.430000,-10.9408
185.435000,14.9405
185.440000,11.2764
185.445000,2.8194
185.450000,26.7641
185.455000,39.3980
185.460000,38.7578
185.465000,26.3381
185.470000,51.2056
185.475000,22.8790
185.480000,17.1185
185.485000,30.3271
185.490000,15.0822
185.495000,5.6312
185.500000,10.9401
185.505000,3.4330
185.510000,-4.4699
185.515000,7.1117
185.520000,13.0421
185.525000,3.7525
185.530000,-2.2818
185.535000,20.3970
185.540000,16.3940
185.545000,10.6936
185.550000,35.5926
185.555000,42.6118
185.560000,32.4888
185.565000,33.1122
185.570000,37.7124
185.575000,28.0298
185.580000,12.0521
185.585000,30.4947
185.590000,10.2268
185.595000,8.4617
185.600000,7.5721
185.605000,10.2608
185.610000,-6.2484
185.615000,-3.4453
185.620000,3.8321
185.625000,-2.1684
185.630000,-0.5847
185.635000,12.1232
185.640000,9.9796
185.645000,5.7761
185.650000,17.3873
185.655000,25.4427
185.660000,8.8979
185.665000,7.5647
185.670000,7.1101
185.675000,5.6643
185.680000,-6.3100
185.685000,-3.5672
185.690000,-3.1679
185.695000,-25.8514
185.700000,-23.6029
185.705000,-27.6554
185.710000,-36.9479
185.715000,-32.2865
185.720000,-14.7550
185.725000,-31.4713
185.730000,-42.0148
185.735000,-32.7096
185.740000,-34.5992
185.745000,-36.2997
185.750000,-24.3593
185.755000,-17.4677
185.760000,-29.0234
185.765000,-27.4264
185.770000,-27.4118
185.775000,-31.3773
185.780000,-43.7585
185.785000,-30.3885
185.790000,-42.1123
185.795000,-59.9502
185.800000,-59.9333
185.805000,-58.1596
185.810000,-70.8508
185.815000,-69.3735
185.820000,-62.0742
185.825000,-74.1569
185.830000,-73.7438
185.835000,-48.2781
185.840000,-59.9377
185.845000,-52.3685
185.850000,-56.2786
185.855000,-38.9902
185.860000,-44.2220
185.865000,-31.8347
185.870000,-23.1289
185.875000,-38.2753
185.880000,-43.3354
185.885000,-33.9291
185.890000,-49.8179
185.895000,-50.7149
185.900000,-39.5350
185.905000,-32.5677
185.910000,-60.5501
185.915000,-62.6877
185.920000,-49.4751
185.925000,-62.9670
185.930000,-71.6162
185.935000,-35.3826
185.940000,-41.1512
185.945000,-56.9798
185.950000,-28.5438
185.955000,-29.8417
185.960000,-35.0047
185.965000,-30.9196
185.970000,-19.7511
185.975000,-31.8268
185.980000,-25.9849
185.985000,-11.6803
185.990000,-33.5746
185.995000,-47.5957
186.000000,-33.5888
186.005000,-20.3985
186.010000,-34.0514
186.015000,-17.1288
186.020000,-4.9006
186.025000,-26.0918
186.030000,-12.4816
186.035000,15.7885
186.040000,15.0609
186.045000,4.3301
186.050000,17.9514
186.055000,24.4477
186.060000,24.6201
186.065000,22.5189
186.070000,31.6206
186.075000,17.0169
186.080000,21.9418
186.085000,28.6351
186.090000,18.5798
186.095000,10.1303
186.100000,23.5560
186.105000,28.9417
186.110000,13.2971
186.115000,22.3499
186.120000,43.0700
186.125000,28.6722
186.130000,29.6166
186.135000,58.5647
186.140000,58.8608
186.145000,45.1471
186.150000,66.7503
186.155000,60.7253
186.160000,51.1340
186.165000,65.7911
186.170000,65.2271
186.175000,64.7305
186.180000,55.9308
186.185000,60.4655
186.190000,55.4469
186.195000,47.3398
186.200000,63.1363
186.205000,57.4157
186.210000,42.9619
186.215000,48.7418
186.220000,69.1037
186.225000,46.1566
186.230000,31.4935
186.235000,52.0711
186.240000,64.4386
186.245000,47.5169
186.250000,61.4710
186.255000,68.2209
186.260000,52.6954
186.265000,46.5463
186.270000,56.8274
186.275000,38.6812
186.280000,30.8121
186.285000,47.1713
186.290000,36.8240
186.295000,16.8882
186.300000,32.7350
186.305000,36.3070
186.310000,14.5911
186.315000,10.3383
186.320000,17.9781
186.325000,4.6997
186.330000,6.4883
186.335000,19.5572
186.340000,21.2825
186.345000,2.2989
186.350000,22.8825
186.355000,25.7132
186.360000,13.4143
186.365000,13.5993
186.370000,21.8237
186.375000,2.7415
186.380000,-8.4084
186.385000,5.0550
186.390000,-1.6440
186.395000,-20.2388
186.400000,-15.0538
186.405000,-14.5266
186.410000,-27.2594
186.415000,-27.3858
186.420000,-16.3898
186.425000,-36.5793
186.430000,-41.0873
186.435000,-27.4487
186.440000,-28.8875
186.445000,-42.6455
186.450000,-32.8358
186.455000,-28.4373
186.460000,-42.9745
186.465000,-43.9149
186.470000,-31.0514
186.475000,-47.3709
186.480000,-54.4816
186.485000,-32.6915
186.490000,-41.2662
186.495000,-71.3401
186.500000,-45.5310
186.505000,-49.6969
186.510000,-65.6258
186.515000,-55.9827
186.520000,-39.8822
186.525000,-56.1348
186.530000,-65.0232
186.535000,-56.0160
186.540000,-50.2166
186.545000,-62.4755
186.550000,-49.6499
186.555000,-38.0523
186.560000,-46.8244
186.565000,-51.1831
186.570000,-38.4289
186.575000,-49.6493
186.580000,-45.9726
186.585000,-25.5545
186.590000,-28.7159
186.595000,-53.6146
186.600000,-27.9456
186.605000,-34.2748
186.610000,-38.7851
186.615000,-37.2681
186.620000,-24.8262
186.625000,-35.5717
186.630000,-35.1853
186.635000,-19.1959
186.640000,-11.8043
186.645000,-36.5442
186.650000,-15.7500
186.655000,-2.3544
186.660000,-20.9310
186.665000,-4.8784
186.670000,17.6093
186.675000,-2.8877
186.680000,3.4398
186.685000,12.0813
186.690000,9.9995
186.695000,-2.0170
186.700000,8.7836
186.705000,22.0210
186.710000,15.9310
186.715000,21.3542
186.720000,54.2190
186.725000,28.5675
186.730000,33.6221
186.735000,45.3932
186.740000,45.7742
186.745000,30.5671
186.750000,43.6714
186.755000,68.2453
186.760000,46.2611
186.765000,64.3783
186.770000,72.4079
186.775000,50.9690
186.780000,54.8090
186.785000,67.8879
186.790000,66.2383
186.795000,57.7083
186.800000,72.9029
186.805000,67.3139
186.810000,63.0642
186.815000,61.0633
186.820000,76.3094
186.825000,63.0325
186.830000,57.9865
186.835000,79.2292
186.840000,77.5124
186.845000,73.1956
186.850000,78.3689
186.855000,82.7967
186.860000,69.1761
186.865000,85.1243
186.870000,96.5396
186.875000,77.2665
186.880000,72.5907
186.885000,80.9809
186.890000,81.1897
186.895000,64.1864
186.900000,59.9819
186.905000,79.7735
186.910000,56.4798
186.915000,63.2912
186.920000,75.0554
186.925000,61.4432
186.930000,55.7853
186.935000,72.3855
186.940000,64.1855
186.945000,67.1817
186.950000,63.4395
186.955000,67.8312
186.960000,49.1806
186.965000,62.7567
186.970000,60.7121
186.975000,37.4226
186.980000,37.1279
186.985000,36.9792
186.990000,28.4124
186.995000,27.8251
187.000000,20.4223
187.005000,14.7252
187.010000,2.4803
187.015000,0.3006
187.020000,4.6531
187.025000,-6.7482
187.030000,-20.6396
187.035000,9.0345
187.040000,-3.2109
187.045000,-17.7215
187.050000,-8.1497
187.055000,-8.1787
187.060000,-21.2738
187.065000,-12.0404
187.070000,-6.5788
187.075000,-35.6306
187.080000,-31.3816
187.085000,-12.9600
187.090000,-28.1903
187.095000,-50.7052
187.100000,-29.6294
187.105000,-31.7332
187.110000,-48.6898
187.115000,-47.5341
187.120000,-40.2036
187.125000,-53.0965
187.130000,-56.7903
187.135000,-35.2811
187.140000,-41.2408
187.145000,-47.5279
187.150000,-41.0576
187.155000,-35.5210
187.160000,-57.5610
187.165000,-52.2616
187.170000,-41.9939
187.175000,-56.8724
187.180000,-50.3280
187.185000,-58.3004
187.190000,-53.3335
187.195000,-78.8343
187.200000,-62.3047
187.205000,-61.9442
187.210000,-76.9663
187.215000,-70.4273
187.220000,-60.5140
187.225000,-64.5851
187.230000,-67.2572
187.235000,-63.4847
187.240000,-54.6159
187.245000,-63.4358
187.250000,-38.4266
187.255000,-35.6821
187.260000,-47.7451
187.265000,-37.7148
187.270000,-24.2468
187.275000,-36.9296
187.280000,-42.2389
187.285000,-25.8462
187.290000,-37.7195
187.295000,-42.7527
187.300000,-27.0855
187.305000,-16.7403
187.310000,-22.9975
187.315000,-14.9855
187.320000,-9.6228
187.325000,-16.0875
187.330000,-17.5973
187.335000,4.9780
187.340000,12.5111
187.345000,-5.6142
187.350000,13.2677
187.355000,12.5771
187.360000,14.1915
187.365000,21.6398
187.370000,35.3796
187.375000,27.9606
187.380000,5.8001
187.385000,31.6344
187.390000,40.9502
187.395000,24.0185
187.400000,45.6640
187.405000,56.3662
187.410000,38.1805
187.415000,45.1491
187.420000,52.9520
187.425000,47.5564
187.430000,46.5100
187.435000,67.3092
187.440000,65.7637
187.445000,53.4019
187.450000,86.6041
187.455000,78.1195
187.460000,62.0916
187.465000,74.6885
187.470000,77.9829
187.475000,76.7129
187.480000,69.1297
187.485000,89.1761
187.490000,80.7444
187.495000,62.1526
187.500000,73.6272
187.505000,81.4495
187.510000,65.1980
187.515000,77.1545
187.520000,80.4615
187.525000,63.3287
187.530000,71.6895
187.535000,96.9024
187.540000,90.3951
187.545000,75.3626
187.550000,73.5583
187.555000,84.1891
187.560000,68.4966
187.565000,80.1055
187.570000,86.2129
187.575000,68.2330
187.580000,75.4654
187.585000,83.8983
187.590000,73.6392
187.595000,44.4651
187.600000,56.3106
187.605000,55.6237
187.610000,29.1405
187.615000,26.7577
187.620000,41.0406
187.625000,26.3286
187.630000,21.5187
187.635000,36.9587
187.640000,35.1014
187.645000,18.5530
187.650000,36.6442
187.655000,32.2167
187.660000,11.1565
187.665000,25.6187
187.670000,24.5873
187.675000,6.5373
187.680000,9.9736
187.685000,2.9715
187.690000,-1.8766
187.695000,-20.2983
187.700000,-11.3147
187.705000,-14.4106
187.710000,-28.4773
187.715000,-28.6831
187.720000,-21.7847
187.725000,-43.9883
187.730000,-33.2500
187.735000,-33.3779
187.740000,-41.3764
187.745000,-38.5994
187.750000,-30.7225
187.755000,-30.3082
187.760000,-48.8237
187.765000,-40.9159
187.770000,-36.6624
187.775000,-57.3453
187.780000,-50.5142
187.785000,-40.4142
187.790000,-57.0633
187.795000,-75.8519
187.800000,-69.0066
187.805000,-63.9609
187.810000,-73.7795
187.815000,-77.3920
187.820000,-74.6739
187.825000,-86.5667
187.830000,-86.4959
187.835000,-68.3915
187.840000,-80.7858
187.845000,-92.4684
187.850000,-75.8958
187.855000,-62.8280
187.860000,-85.1330
187.865000,-73.8411
187.870000,-60.5414
187.875000,-70.5893
187.880000,-64.7965
187.885000,-62.1772
187.890000,-61.8823
187.895000,-86.5410
187.900000,-59.2480
187.905000,-70.3246
187.910000,-85.1812
187.915000,-77.4094
187.920000,-58.8180
187.925000,-72.0563
187.930000,-74.3239
187.935000,-48.0822
187.940000,-53.2891
187.945000,-61.6023
187.950000,-48.9506
187.955000,-38.6167
187.960000,-42.2677
187.965000,-35.4939
187.970000,-14.6676
187.975000,-26.7996
187.980000,-29.4251
187.985000,-13.1710
187.990000,-27.8104
187.995000,-33.8300
188.000000,-21.1742
188.005000,-3.8172
188.010000,-5.7469
188.015000,0.1347
188.020000,13.5524
188.025000,0.6020
188.030000,-4.8012
188.035000,18.4810
188.040000,8.5904
188.045000,-0.1027
188.050000,35.2901
188.055000,42.5238
188.060000,30.8533
188.065000,42.4060
188.070000,56.5738
188.075000,39.1155
188.080000,48.1514
188.085000,58.2434
188.090000,43.2024
188.095000,39.5036
188.100000,44.4164
188.105000,53.2610
188.110000,36.2758
188.115000,49.0087
188.120000,74.5025
188.125000,56.0693
188.130000,53.1511
188.135000,86.3311
188.140000,84.9272
188.145000,78.4096
188.150000,83.6063
188.155000,92.6348
188.160000,77.7580
188.165000,86.2448
188.170000,96.5528
188.175000,82.7328
188.180000,79.2082
188.185000,89.7026
188.190000,79.6420
188.195000,58.5923
188.200000,70.1303
188.205000,75.9217
188.210000,63.5779
188.215000,55.4845
188.220000,64.9784
188.225000,55.9998
188.230000,51.5966
188.235000,71.6819
188.240000,70.0306
188.245000,60.3295
188.250000,71.9606
188.255000,66.1608
188.260000,47.2742
188.265000,56.2915
188.270000,57.2142
188.275000,39.5652
188.280000,36.7375
188.285000,45.1072
188.290000,23.8700
188.295000,12.9821
188.300000,24.2329
188.305000,17.2017
188.310000,-5.1574
188.315000,-11.0648
188.320000,2.5737
188.325000,-3.4437
188.330000,-20.9395
188.335000,5.2607
188.340000,-0.3839
188.345000,-6.8674
188.350000,-4.1989
188.355000,-4.7487
188.360000,-18.8110
188.365000,-14.8812
188.370000,-13.3900
188.375000,-19.9286
188.380000,-38.7499
188.385000,-31.4729
188.390000,-50.7664
188.395000,-62.8365
188.400000,-54.3845
188.405000,-48.3023
188.410000,-66.8582
188.415000,-65.2841
188.420000,-52.2442
188.425000,-67.6001
188.430000,-61.9756
188.435000,-51.5182
188.440000,-54.2433
188.445000,-71.4726
188.450000,-53.2457
188.455000,-48.8207
188.460000,-55.5988
188.465000,-55.0251
188.470000,-49.1035
188.475000,-74.4250
188.480000,-83.4544
188.485000,-75.9207
188.490000,-75.4266
188.495000,-93.6556
188.500000,-85.5247
188.505000,-90.1077
188.510000,-108.4012
188.515000,-94.9477
188.520000,-90.8934
188.525000,-102.9895
188.530000,-103.8062
188.535000,-79.2853
188.540000,-81.6860
188.545000,-85.8026
188.550000,-75.1916
188.555000,-67.0925
188.560000,-75.8543
188.565000,-72.3934
188.570000,-55.4261
188.575000,-71.3351
188.580000,-74.3283
188.585000,-56.3984
188.590000,-66.5169
188.595000,-79.3359
188.600000,-72.6052
188.605000,-69.0018
188.610000,-78.6700
188.615000,-70.3338
188.620000,-63.0616
188.625000,-77.6416
188.630000,-68.1149
188.635000,-52.9728
188.640000,-58.8347
188.645000,-52.4612
188.650000,-26.6018
188.655000,-14.9170
188.660000,-19.5084
188.665000,-10.8775
188.670000,8.6295
188.675000,-4.5413
188.680000,-0.0182
188.685000,2.4950
188.690000,-3.3928
188.695000,-1.0678
188.700000,-2.7450
188.705000,-0.7935
188.710000,-9.6077
188.715000,-2.6593
188.720000,10.4852
188.725000,3.4504
188.730000,8.0411
188.735000,28.2732
188.740000,43.6018
188.745000,36.7650
188.750000,57.2697
188.755000,64.9587
188.760000,53.5574
188.765000,60.3301
188.770000,75.9050
188.775000,64.4928
188.780000,60.4863
188.785000,73.9296
188.790000,57.7679
188.795000,43.4486
188.800000,67.5268
188.805000,61.9796
188.810000,37.6357
188.815000,52.5404
188.820000,61.5204
188.825000,45.0969
188.830000,47.1509
188.835000,79.4896
188.840000,86.9008
188.845000,73.5637
188.850000,89.2873
188.855000,95.7039
188.860000,77.1406
188.865000,77.5155
188.870000,86.0750
188.875000,81.9952
188.880000,71.9103
188.885000,80.2293
188.890000,70.3452
188.895000,62.0237
188.900000,58.2698
188.905000,67.2160
188.910000,36.8491
188.915000,50.4727
188.920000,57.5213
188.925000,37.7837
188.930000,38.9334
188.935000,61.9478
188.940000,50.6304
188.945000,45.6730
188.950000,55.2214
188.955000,60.6157
188.960000,29.6044
188.965000,39.3844
188.970000,49.4138
188.975000,22.7491
188.980000,17.6947
188.985000,31.7684
188.990000,21.7138
188.995000,-7.9805
189.000000,-5.4641
189.005000,7.6455
189.010000,-27.9981
189.015000,-33.5700
189.020000,-13.5800
189.025000,-19.0684
189.030000,-20.4695
189.035000,-10.7593
189.040000,-17.5679
189.045000,-25.2913
189.050000,-14.3433
189.055000,-8.0898
189.060000,-17.4970
189.065000,-18.5200
189.070000,-16.2010
189.075000,-21.6509
189.080000,-44.8447
189.085000,-37.9507
189.090000,-46.2565
189.095000,-58.1044
189.100000,-51.4565
189.105000,-53.0317
189.110000,-75.4467
189.115000,-73.9952
189.120000,-60.2193
189.125000,-82.5676
189.130000,-79.9082
189.135000,-69.4174
189.140000,-65.2658
189.145000,-68.7451
189.150000,-57.2765
189.155000,-57.3009
189.160000,-59.7331
189.165000,-50.4957
189.170000,-47.4685
189.175000,-51.8531
189.180000,-67.4520
189.185000,-55.1909
189.190000,-67.8810
189.195000,-77.1413
189.200000,-67.7908
189.205000,-68.6382
189.210000,-80.3739
189.215000,-86.8533
189.220000,-77.2198
189.225000,-74.3168
189.230000,-68.8945
189.235000,-55.5370
189.240000,-41.5384
189.245000,-44.8791
189.250000,-27.6151
189.255000,-33.1818
189.260000,-47.1545
189.265000,-25.8068
189.270000,-24.9721
189.275000,-36.2555
189.280000,-40.5482
189.285000,-18.4768
189.290000,-29.1406
189.295000,-46.3446
189.300000,-34.6321
189.305000,-33.5637
189.310000,-46.3630
189.315000,-24.9897
189.320000,-14.9281
189.325000,-30.7778
189.330000,-16.2103
189.335000,2.6574
189.340000,5.7981
189.345000,0.5358
189.350000,22.1946
189.355000,23.6904
189.360000,16.5390
189.365000,27.5847
189.370000,42.3408
189.375000,33.9048
189.380000,28.7798
189.385000,44.3146
189.390000,38.1020
189.395000,26.5588
189.400000,31.6611
189.405000,34.0807
189.410000,8.7747
189.415000,14.2879
189.420000,24.5987
189.425000,23.1604
189.430000,19.4825
189.435000,31.9661
189.440000,35.4760
189.445000,36.9450
189.450000,52.6296
189.455000,67.8078
189.460000,59.2021
189.465000,63.8937
189.470000,72.9476
189.475000,45.8031
189.480000,54.3073
189.485000,65.7123
189.490000,45.3228
189.495000,29.5415
189.500000,45.1285
189.505000,39.6769
189.510000,34.0781
189.515000,37.0798
189.520000,35.3064
189.525000,21.9936
189.530000,16.8288
189.535000,51.3013
189.540000,35.6503
189.545000,37.7443
189.550000,53.3486
189.555000,60.7872
189.560000,50.3752
189.565000,52.3892
189.570000,58.2837
189.575000,42.5229
189.580000,36.6737
189.585000,50.2320
189.590000,37.1106
189.595000,13.4902
189.600000,18.1301
189.605000,26.3997
189.610000,10.9747
189.615000,13.4384
189.620000,19.9283
189.625000,7.2213
189.630000,6.4683
189.635000,23.4070
189.640000,19.1574
189.645000,17.5661
189.650000,19.6468
189.655000,32.0999
189.660000,19.9240
189.665000,15.1448
189.670000,20.2814
189.675000,8.1420
189.680000,-10.6857
189.685000,-5.4467
189.690000,-10.6665
189.695000,-22.8672
189.700000,-31.0255
189.705000,-24.0778
189.710000,-51.2277
189.715000,-48.7928
189.720000,-26.6571
189.725000,-53.1018
189.730000,-40.2991
189.735000,-37.8274
189.740000,-48.6532
189.745000,-48.3271
189.750000,-29.5122
189.755000,-29.0555
189.760000,-39.7582
189.765000,-37.8612
189.770000,-33.4974
189.775000,-57.5481
189.780000,-56.1163
189.785000,-48.0047
189.790000,-51.2011
189.795000,-79.2098
189.800000,-73.7859
189.805000,-71.9924
189.810000,-89.3116
189.815000,-91.6608
189.820000,-74.7313
189.825000,-89.9671
189.830000,-84.5788
189.835000,-71.2119
189.840000,-68.0344
189.845000,-60.1418
189.850000,-56.1258
189.855000,-48.5787
189.860000,-56.2452
189.865000,-53.3077
189.870000,-30.1207
189.875000,-42.7803
189.880000,-48.2150
189.885000,-38.0617
189.890000,-60.5024
189.895000,-68.6474
189.900000,-49.3334
189.905000,-47.9497
189.910000,-76.8040
189.915000,-71.3214
189.920000,-53.8887
189.925000,-62.8884
189.930000,-68.5719
189.935000,-53.4846
189.940000,-53.3637
189.945000,-62.4961
189.950000,-43.4786
189.955000,-23.1990
189.960000,-48.5464
189.965000,-29.5863
189.970000,-28.8767
189.975000,-17.8883
189.980000,-26.0823
189.985000,-17.3503
189.990000,-32.5443
189.995000,-42.0628
190.000000,-32.6274
190.005000,-29.1651
190.010000,-42.3102
190.015000,-19.8395
190.020000,-6.7327
190.025000,-13.7174
190.030000,-11.1615
190.035000,13.2332
190.040000,8.2319
190.045000,1.4124
190.050000,19.8313
190.055000,27.3338
190.060000,18.4288
190.065000,24.0098
190.070000,34.8332
190.075000,29.5659
190.080000,23.0056
190.085000,35.9796
190.090000,30.6466
190.095000,9.3890
190.100000,13.1193
190.105000,19.9100
190.110000,6.0931
190.115000,26.2465
190.120000,47.4335
190.125000,24.7196
190.130000,29.5613
190.135000,55.4385
190.140000,58.2660
190.145000,48.1400
190.150000,65.7424
190.155000,71.1577
190.160000,52.2310
190.165000,64.7140
190.170000,72.8237
190.175000,61.2680
190.180000,64.1678
190.185000,61.5732
190.190000,50.5423
190.195000,36.3974
190.200000,56.4666
190.205000,60.5088
190.210000,39.1792
190.215000,44.4501
190.220000,59.0576
190.225000,43.4443
190.230000,33.1907
190.235000,48.6442
190.240000,46.4464
190.245000,35.6313
190.250000,62.7173
190.255000,73.8947
190.260000,46.0534
190.265000,50.4308
190.270000,52.6497
190.275000,45.7492
190.280000,25.9838
190.285000,46.8338
190.290000,34.6451
190.295000,25.2612
190.300000,35.7005
190.305000,28.9709
190.310000,14.8595
190.315000,13.2460
190.320000,14.6535
190.325000,11.2342
190.330000,15.6928
190.335000,26.2663
190.340000,25.3706
190.345000,1.0258
190.350000,31.3235
190.355000,30.0054
190.360000,17.3072
190.365000,22.2891
190.370000,23.2517
190.375000,0.7998
190.380000,-1.9381
190.385000,6.2376
190.390000,-1.7345
190.395000,-18.3552
190.400000,-7.3077
190.405000,-14.6113
190.410000,-30.4988
190.415000,-24.4840
190.420000,-19.9545
190.425000,-21.9232
190.430000,-34.5579
190.435000,-21.0112
190.440000,-26.5987
190.445000,-33.0906
190.450000,-26.2486
190.455000,-21.0511
190.460000,-34.3993
190.465000,-31.8941
190.470000,-19.5430
190.475000,-31.2127
190.480000,-39.0075
190.485000,-16.6874
190.490000,-28.9498
190.495000,-42.6088
190.500000,-39.9761
190.505000,-42.3573
190.510000,-54.8684
190.515000,-40.0091
190.520000,-26.2829
190.525000,-44.1071
190.530000,-46.6638
190.535000,-30.4842
190.540000,-33.7071
190.545000,-45.3283
190.550000,-36.4776
190.555000,-16.0759
190.560000,-37.8903
190.565000,-35.5115
190.570000,-22.6139
190.575000,-38.6177
190.580000,-35.2257
190.585000,-10.4803
190.590000,-35.0583
190.595000,-40.9494
190.600000,-28.9660
190.605000,-21.2451
190.610000,-36.3211
190.615000,-28.0090
190.620000,-22.5117
190.625000,-34.0229
190.630000,-23.8740
190.635000,-8.4577
190.640000,-11.7397
190.645000,-29.9912
190.650000,1.3856
190.655000,-0.3555
190.660000,-12.8496
190.665000,5.1030
190.670000,18.9863
190.675000,3.1029
190.680000,-1.4942
190.685000,13.3237
190.690000,3.3443
190.695000,-9.5151
190.700000,2.2170
190.705000,17.8336
190.710000,-2.9164
190.715000,15.2815
190.720000,37.1775
190.725000,18.7066
190.730000,29.7357
190.735000,30.8267
190.740000,38.4869
190.745000,24.9800
190.750000,38.9951
190.755000,50.6288
190.760000,36.7050
190.765000,43.8789
190.770000,61.2922
190.775000,30.0213
190.780000,30.7516
190.785000,48.1493
190.790000,38.2786
190.795000,32.3224
190.800000,42.4599
190.805000,45.8375
190.810000,26.8956
190.815000,33.2721
190.820000,46.3575
190.825000,42.3413
190.830000,37.1850
190.835000,63.7169
190.840000,49.7640
190.845000,49.5857
190.850000,45.6564
190.855000,52.4615
190.860000,40.1824
190.865000,48.2652
190.870000,75.2767
190.875000,54.8394
190.880000,47.3252
190.885000,59.0245
190.890000,59.1614
190.895000,32.8367
190.900000,48.2173
190.905000,50.2038
190.910000,31.5730
190.915000,41.6892
190.920000,56.0223
190.925000,31.5721
190.930000,31.6399
190.935000,45.7214
190.940000,42.6946
190.945000,37.3389
190.950000,52.2553
190.955000,54.3337
190.960000,30.4230
190.965000,44.5808
190.970000,59.3012
190.975000,29.1971
190.980000,22.9421
190.985000,32.1020
190.990000,26.6418
190.995000,12.1024
191.000000,16.2397
191.005000,10.4654
191.010000,-0.2961
191.015000,2.1896
191.020000,13.3077
191.025000,-7.7036
191.030000,-10.4442
191.035000,1.5259
191.040000,9.1452
191.045000,-11.8629
191.050000,4.3882
191.055000,1.6449
191.060000,-17.2754
191.065000,5.0959
191.070000,19.3010
191.075000,-1.7410
191.080000,-0.9287
191.085000,7.9500
191.090000,-7.2765
191.095000,-22.6380
191.100000,-6.8733
191.105000,-13.5593
191.110000,-22.4333
191.115000,-7.4281
191.120000,-4.0233
191.125000,-15.8282
191.130000,-24.4130
191.135000,-3.0727
191.140000,-4.3783
191.145000,-6.6882
191.150000,-9.4552
191.155000,0.2142
191.160000,-19.7034
191.165000,-15.0851
191.170000,-15.8557
191.175000,-9.8025
191.180000,-25.3887
191.185000,-31.4442
191.190000,-17.6644
191.195000,-39.1733
191.200000,-24.1991
191.205000,-22.5894
191.210000,-45.0297
191.215000,-27.4446
191.220000,-26.8291
191.225000,-29.8870
191.230000,-32.6592
191.235000,-18.9766
191.240000,-29.9076
191.245000,-32.1686
191.250000,-15.6296
191.255000,-5.8174
191.260000,-17.6768
191.265000,-13.2726
191.270000,-4.9361
191.275000,-20.1869
191.280000,-19.7176
191.285000,-6.6050
191.290000,-7.8376
191.295000,-19.0917
191.300000,-1.5415
191.305000,-8.6661
191.310000,-10.1716
191.315000,-8.4935
191.320000,0.6530
191.325000,-14.6071
191.330000,-14.0824
191.335000,11.2142
191.340000,8.7357
191.345000,-4.1077
191.350000,16.6895
191.355000,20.0074
191.360000,10.9499
191.365000,11.7265
191.370000,19.0104
191.375000,17.0460
191.380000,2.4679
191.385000,20.9103
191.390000,23.6611
191.395000,7.4742
191.400000,23.5822
191.405000,39.9661
191.410000,22.5377
191.415000,17.4180
191.420000,21.8188
191.425000,24.0890
191.430000,19.2959
191.435000,37.6470
191.440000,27.5378
191.445000,31.4838
191.450000,47.3602
191.455000,34.1054
191.460000,33.6101
191.465000,37.8971
191.470000,53.6489
191.475000,35.4196
191.480000,29.2270
191.485000,46.3319
191.490000,32.2408
191.495000,29.3645
191.500000,37.5485
191.505000,29.1694
191.510000,20.3900
191.515000,27.3036
191.520000,45.1122
191.525000,34.9809
191.530000,33.5053
191.535000,55.2989
191.540000,44.5449
191.545000,28.7601
191.550000,36.6471
191.555000,46.2764
191.560000,23.0324
191.565000,35.8177
191.570000,47.0395
191.575000,29.4925
191.580000,28.8157
191.585000,41.8190
191.590000,40.7480
191.595000,25.0485
191.600000,23.1000
191.605000,28.2840
191.610000,-0.2067
191.615000,9.1233
191.620000,13.8507
191.625000,8.2419
191.630000,1.0784
191.635000,24.6390
191.640000,14.3952
191.645000,3.3618
191.650000,26.0191
191.655000,24.5162
191.660000,7.7807
191.665000,18.2150
191.670000,11.4103
191.675000,9.9497
191.680000,4.8181
191.685000,16.7738
191.690000,4.7839
191.695000,-12.1550
191.700000,3.2973
191.705000,-6.0100
191.710000,-20.4813
191.715000,-10.5805
191.720000,-3.8802
191.725000,-23.6262
191.730000,-22.3791
191.735000,-3.4188
191.740000,-9.4497
191.745000,-14.9984
191.750000,2.7872
191.755000,-5.9678
191.760000,-17.5336
191.765000,-18.3170
191.770000,-6.3892
191.775000,-23.8912
191.780000,-17.6116
191.785000,-10.0448
191.790000,-17.3687
191.795000,-30.2222
191.800000,-22.4365
191.805000,-19.1602
191.810000,-37.5080
191.815000,-40.8120
191.820000,-23.1449
191.825000,-36.7813
191.830000,-45.2121
191.835000,-29.4245
191.840000,-38.0519
191.845000,-43.7401
191.850000,-23.6130
191.855000,-26.3563
191.860000,-40.0481
191.865000,-34.7492
191.870000,-19.4126
191.875000,-34.2884
191.880000,-41.6804
191.885000,-16.3070
191.890000,-24.0402
191.895000,-39.0187
191.900000,-27.2416
191.905000,-25.6453
191.910000,-44.6593
191.915000,-44.8717
191.920000,-30.0412
191.925000,-43.7255
191.930000,-42.4754
191.935000,-15.0004
191.940000,-25.4213
191.945000,-29.7431
191.950000,-25.7365
191.955000,-6.4990
191.960000,-27.6802
191.965000,-23.8322
191.970000,-5.8655
191.975000,-17.3466
191.980000,-21.2082
191.985000,-8.5775
191.990000,-16.7074
191.995000,-25.3529
192.000000,-12.3469
192.005000,4.9304
192.010000,-12.6140
192.015000,-5.6112
192.020000,0.7850
192.025000,0.3694
192.030000,-5.0563
192.035000,11.1407
192.040000,1.2630
192.045000,-2.2925
192.050000,21.1006
192.055000,24.4540
192.060000,13.0842
192.065000,15.2042
192.070000,29.4323
192.075000,18.7528
192.080000,19.1393
192.085000,32.3065
192.090000,18.7001
192.095000,7.1988
192.100000,16.2861
192.105000,20.8037
192.110000,11.4837
192.115000,19.9603
192.120000,30.2356
192.125000,20.0011
192.130000,24.6420
192.135000,44.5087
192.140000,45.4660
192.145000,36.1071
192.150000,51.7941
192.155000,55.0096
192.160000,43.7280
192.165000,43.5350
192.170000,48.3199
192.175000,41.4064
192.180000,37.4132
192.185000,40.0348
192.190000,30.2588
192.195000,23.8993
192.200000,25.7591
192.205000,35.2148
192.210000,31.0291
192.215000,22.2678
192.220000,36.1487
192.225000,18.8801
192.230000,15.7680
192.235000,38.8385
192.240000,26.8570
192.245000,22.7259
192.250000,34.0327
192.255000,36.5472
192.260000,12.3728
192.265000,25.1817
192.270000,27.9465
192.275000,11.4964
192.280000,10.9092
192.285000,17.2539
192.290000,7.5769
192.295000,-1.6863
192.300000,0.3156
192.305000,-4.0651
192.310000,-23.2494
192.315000,-15.8692
192.320000,-3.0734
192.325000,-11.9642
192.330000,-21.0258
192.335000,-4.6763
192.340000,-8.4093
192.345000,-21.9598
192.350000,-7.1407
192.355000,-1.4034
192.360000,-20.1607
192.365000,-19.5586
192.370000,-4.6833
192.375000,-18.3602
192.380000,-34.7653
192.385000,-33.5752
192.390000,-28.1255
192.395000,-46.9387
192.400000,-40.9905
192.405000,-29.2088
192.410000,-44.1775
192.415000,-44.3690
192.420000,-25.8866
192.425000,-45.1258
192.430000,-42.0717
192.435000,-29.4701
192.440000,-28.6041
192.445000,-35.9603
192.450000,-29.6347
192.455000,-21.3496
192.460000,-33.8887
192.465000,-31.1443
192.470000,-21.6266
192.475000,-44.2649
192.480000,-51.8096
192.485000,-35.2143
192.490000,-41.6570
192.495000,-62.5903
192.500000,-45.0498
192.505000,-50.0669
192.510000,-70.8081
192.515000,-70.0470
192.520000,-62.8231
192.525000,-62.2188
192.530000,-68.2398
192.535000,-49.1282
192.540000,-47.9609
192.545000,-51.7492
192.550000,-44.9746
192.555000,-42.4075
192.560000,-55.7687
192.565000,-37.7449
192.570000,-25.7776
192.575000,-51.8018
192.580000,-46.4889
192.585000,-27.8145
192.590000,-41.2037
192.595000,-60.7984
192.600000,-44.0602
192.605000,-51.7950
192.610000,-60.0542
192.615000,-54.2739
192.620000,-48.6526
192.625000,-54.1160
192.630000,-59.1204
192.635000,-32.4354
192.640000,-34.3173
192.645000,-47.6047
192.650000,-17.5866
192.655000,-7.8316
192.660000,-10.3149
192.665000,-1.5620
192.670000,11.1326
192.675000,-1.5340
192.680000,-12.9987
192.685000,-0.2670
192.690000,-9.0102
192.695000,-12.5372
192.700000,-6.6593
192.705000,-8.6703
192.710000,-17.0312
192.715000,-8.9028
192.720000,6.2111
192.725000,-4.2869
192.730000,8.9612
192.735000,24.9014
192.740000,22.9846
192.745000,27.0489
192.750000,39.0295
192.755000,46.3624
192.760000,36.8358
192.765000,38.8605
192.770000,55.3639
192.775000,34.9474
192.780000,45.2882
192.785000,56.6786
192.790000,37.2585
192.795000,30.8921
192.800000,43.8337
192.805000,41.2141
192.810000,15.7009
192.815000,25.9745
192.820000,38.6353
192.825000,30.0260
192.830000,31.7815
192.835000,55.9732
192.840000,57.6128
192.845000,45.4420
192.850000,67.8085
192.855000,69.5732
192.860000,54.3904
192.865000,50.8187
192.870000,70.8460
192.875000,53.7544
192.880000,57.4825
192.885000,59.1062
192.890000,48.7654
192.895000,39.4289
192.900000,50.0526
192.905000,42.4299
192.910000,27.0528
192.915000,32.0934
192.920000,34.9967
192.925000,24.0028
192.930000,24.6767
192.935000,48.9303
192.940000,31.0090
192.945000,30.7342
192.950000,43.7861
192.955000,45.8460
192.960000,28.3670
192.965000,29.8609
192.970000,49.2351
192.975000,13.6880
192.980000,12.1640
192.985000,22.2984
192.990000,13.3498
192.995000,-12.9648
193.000000,-4.1504
193.005000,2.4054
193.010000,-33.1520
193.015000,-32.0150
193.020000,-12.0907
193.025000,-18.2187
193.030000,-18.3654
193.035000,-7.7372
193.040000,-16.5917
193.045000,-18.5468
193.050000,-14.6619
193.055000,-2.2132
193.060000,-23.8294
193.065000,-14.2913
193.070000,-3.2166
193.075000,-24.0992
193.080000,-27.5091
193.085000,-21.9181
193.090000,-38.2918
193.095000,-47.1386
193.100000,-45.6728
193.105000,-43.1485
193.110000,-60.5930
193.115000,-63.0892
193.120000,-51.1174
193.125000,-63.8065
193.130000,-71.3352
193.135000,-56.6370
193.140000,-48.7161
193.145000,-65.0000
193.150000,-54.8474
193.155000,-42.3665
193.160000,-49.3961
193.165000,-41.5236
193.170000,-29.4275
193.175000,-49.0752
193.180000,-55.0756
193.185000,-52.4470
193.190000,-55.9362
193.195000,-70.0263
193.200000,-57.2531
193.205000,-63.9969
193.210000,-81.9735
193.215000,-69.9478
193.220000,-62.2780
193.225000,-71.4910
193.230000,-66.7255
193.235000,-52.8567
193.240000,-46.2967
193.245000,-38.0078
193.250000,-27.9295
193.255000,-28.2994
193.260000,-36.2929
193.265000,-20.0152
193.270000,-20.7716
193.275000,-29.3420
193.280000,-36.3760
193.285000,-30.6856
193.290000,-22.9416
193.295000,-41.2598
193.300000,-25.6919
193.305000,-31.4180
193.310000,-39.2682
193.315000,-27.7630
193.320000,-8.5482
193.325000,-17.1071
193.330000,-25.1241
193.335000,-3.9263
193.340000,-2.9463
193.345000,-0.9192
193.350000,19.8105
193.355000,28.8748
193.360000,21.7753
193.365000,34.5598
193.370000,44.4189
193.375000,36.5689
193.380000,36.1175
193.385000,47.8412
193.390000,41.3932
193.395000,23.0877
193.400000,32.8535
193.405000,30.8685
193.410000,15.8184
193.415000,15.9427
193.420000,22.3794
193.425000,20.5596
193.430000,12.4918
193.435000,35.3331
193.440000,31.2394
193.445000,35.2120
193.450000,58.9519
193.455000,75.5906
193.460000,59.8703
193.465000,57.9445
193.470000,68.7949
193.475000,63.4398
193.480000,61.3683
193.485000,60.8919
193.490000,48.9813
193.495000,39.4057
193.500000,48.8819
193.505000,44.6697
193.510000,30.2155
193.515000,34.4736
193.520000,45.8046
193.525000,33.5071
193.530000,31.5881
193.535000,54.3428
193.540000,55.2240
193.545000,43.7757
193.550000,67.5684
193.555000,75.2385
193.560000,56.1231
193.565000,64.7681
193.570000,71.5744
193.575000,48.6675
193.580000,45.8589
193.585000,56.2566
193.590000,37.4637
193.595000,22.6214
193.600000,25.8554
193.605000,32.9322
193.610000,12.1002
193.615000,17.0349
193.620000,30.7881
193.625000,17.8152
193.630000,17.5766
193.635000,31.7983
193.640000,24.8146
193.645000,16.8048
193.650000,26.7800
193.655000,33.4258
193.660000,14.3926
193.665000,7.6795
193.670000,12.7667
193.675000,13.4183
193.680000,-7.9754
193.685000,1.0134
193.690000,-16.4007
193.695000,-34.3487
193.700000,-31.7814
193.705000,-32.1664
193.710000,-49.7807
193.715000,-52.4772
193.720000,-39.0882
193.725000,-51.7207
193.730000,-61.4494
193.735000,-47.4943
193.740000,-48.3638
193.745000,-51.1375
193.750000,-41.4612
193.755000,-37.8506
193.760000,-54.0866
193.765000,-45.3541
193.770000,-45.8654
193.775000,-62.3520
193.780000,-77.0944
193.785000,-57.9667
193.790000,-61.9003
193.795000,-89.4077
193.800000,-90.9793
193.805000,-84.8116
193.810000,-101.9733
193.815000,-100.8035
193.820000,-98.2782
193.825000,-107.6712
193.830000,-96.5821
193.835000,-83.1212
193.840000,-84.7983
193.845000,-99.0724
193.850000,-73.6128
193.855000,-66.9961
193.860000,-75.9442
193.865000,-61.2235
193.870000,-50.4406
193.875000,-69.9504
193.880000,-73.0779
193.885000,-66.5177
193.890000,-85.4250
193.895000,-89.3071
193.900000,-70.8299
193.905000,-72.2135
193.910000,-90.6570
193.915000,-90.2287
193.920000,-74.7812
193.925000,-83.4544
193.930000,-85.8687
193.935000,-57.9563
193.940000,-66.3669
193.945000,-82.1591
193.950000,-52.0213
193.955000,-45.6414
193.960000,-64.9110
193.965000,-42.4816
193.970000,-31.5197
193.975000,-40.0157
193.980000,-37.1138
193.985000,-32.9682
193.990000,-32.2258
193.995000,-52.9009
194.000000,-39.5373
194.005000,-28.5182
194.010000,-41.4903
194.015000,-25.9650
194.020000,-3.0150
194.025000,-19.5582
194.030000,-7.1721
194.035000,16.7749
194.040000,13.1617
194.045000,17.6445
194.050000,25.9596
194.055000,38.9433
194.060000,28.9216
194.065000,37.2738
194.070000,52.3568
194.075000,40.9178
194.080000,42.4071
194.085000,52.5710
194.090000,45.3325
194.095000,24.2549
194.100000,39.6606
194.105000,46.4138
194.110000,33.6660
194.115000,50.0307
194.120000,72.7898
194.125000,52.7518
194.130000,56.8933
194.135000,89.5632
194.140000,83.8150
194.145000,76.9316
194.150000,85.5290
194.155000,100.6104
194.160000,93.7431
194.165000,99.8596
194.170000,101.9473
194.175000,96.8548
194.180000,89.6286
194.185000,89.5463
194.190000,82.8808
194.195000,71.7302
194.200000,85.2794
194.205000,85.1577
194.210000,68.6160
194.215000,72.3437
194.220000,88.7488
194.225000,72.0116
194.230000,59.9915
194.235000,76.9383
194.240000,78.0911
194.245000,69.0931
194.250000,86.4389
194.255000,92.5102
194.260000,83.5705
194.265000,69.2103
194.270000,80.2108
194.275000,59.8680
194.280000,50.0732
194.285000,63.2321
194.290000,48.6171
194.295000,34.0464
194.300000,47.1735
194.305000,45.6640
194.310000,17.5649
194.315000,14.0113
194.320000,27.0450
194.325000,19.5695
194.330000,12.6401
194.335000,27.0715
194.340000,24.0041
194.345000,18.7402
194.350000,20.0581
194.355000,26.9850
194.360000,11.3037
194.365000,14.1451
194.370000,20.8286
194.375000,-5.1755
194.380000,-13.8568
194.385000,-6.7486
194.390000,-12.0462
194.395000,-38.4013
194.400000,-30.0353
194.405000,-29.9113
194.410000,-53.6272
194.415000,-44.3417
194.420000,-40.6306
194.425000,-52.7096
194.430000,-59.6636
194.435000,-52.0789
194.440000,-61.1717
194.445000,-59.7239
194.450000,-56.8066
194.455000,-53.9504
194.460000,-62.1813
194.465000,-68.6060
194.470000,-50.9317
194.475000,-68.7308
194.480000,-81.1282
194.485000,-73.6740
194.490000,-63.4615
194.495000,-85.3834
194.500000,-81.1950
194.505000,-80.4485
194.510000,-87.0005
194.515000,-92.4103
194.520000,-66.8461
194.525000,-84.4943
194.530000,-90.5251
194.535000,-73.2468
194.540000,-74.6073
194.545000,-81.1763
194.550000,-74.2486
194.555000,-54.1555
194.560000,-72.7521
194.565000,-70.5477
194.570000,-61.3332
194.575000,-57.1441
194.580000,-62.9391
194.585000,-50.7081
194.590000,-50.4857
194.595000,-66.3786
194.600000,-54.6235
194.605000,-49.7825
194.610000,-62.4538
194.615000,-52.6880
194.620000,-40.8879
194.625000,-51.2126
194.630000,-45.0700
194.635000,-33.6231
194.640000,-34.5726
194.645000,-36.0327
194.650000,-20.2562
194.655000,-6.9505
194.660000,-18.0210
194.665000,3.0987
194.670000,11.3698
194.675000,3.5135
194.680000,1.9254
194.685000,15.5684
194.690000,4.6933
194.695000,-5.2621
194.700000,6.5063
194.705000,17.9428
194.710000,9.5309
194.715000,31.1840
194.720000,52.4519
194.725000,42.5732
194.730000,43.8540
194.735000,47.3727
194.740000,56.3124
194.745000,51.4536
194.750000,58.9331
194.755000,75.3215
194.760000,61.6705
194.765000,85.0907
194.770000,87.9058
194.775000,71.5678
194.780000,69.9104
194.785000,84.0447
194.790000,82.1606
194.795000,77.4051
194.800000,87.8646
194.805000,89.8003
194.810000,73.3763
194.815000,78.2104
194.820000,91.3588
194.825000,75.1381
194.830000,73.7147
194.835000,97.0188
194.840000,94.1564
194.845000,84.0788
194.850000,93.4324
194.855000,98.0490
194.860000,89.7205
194.865000,94.3371
194.870000,105.6100
194.875000,93.5717
194.880000,81.8302
194.885000,95.2053
194.890000,97.8726
194.895000,72.2367
194.900000,94.4951
194.905000,87.9495
194.910000,69.1776
194.915000,71.8385
194.920000,82.3313
194.925000,64.5309
194.930000,68.1822
194.935000,72.2726
194.940000,71.7135
194.945000,70.4615
194.950000,76.0544
194.955000,73.7430
194.960000,56.3971
194.965000,64.6066
194.970000,65.2385
194.975000,47.1581
194.980000,31.0772
194.985000,43.1254
194.990000,35.5400
194.995000,27.6384
195.000000,17.8325
195.005000,19.7969
195.010000,3.0474
195.015000,5.0518
195.020000,13.2227
195.025000,-4.2811
195.030000,-25.3234
195.035000,-8.3719
195.040000,-6.5606
195.045000,-28.0678
195.050000,-10.2442
195.055000,-6.7672
195.060000,-27.2015
195.065000,-24.8310
195.070000,-7.2213
195.075000,-29.1903
195.080000,-35.4653
195.085000,-20.0093
195.090000,-28.1861
195.095000,-55.8664
195.100000,-34.8020
195.105000,-43.5450
195.110000,-57.4919
195.115000,-50.3199
195.120000,-53.2252
195.125000,-55.7401
195.130000,-69.2434
195.135000,-41.1130
195.140000,-49.1801
195.145000,-54.7270
195.150000,-39.5356
195.155000,-47.3350
195.160000,-64.9236
195.165000,-51.6624
195.170000,-58.7981
195.175000,-61.6622
195.180000,-71.0885
195.185000,-68.3041
195.190000,-65.2449
195.195000,-74.8012
195.200000,-61.8536
195.205000,-65.2413
195.210000,-79.6127
195.215000,-75.3109
195.220000,-72.1543
195.225000,-73.6527
195.230000,-79.5936
195.235000,-56.2380
195.240000,-68.1533
195.245000,-66.9905
195.250000,-47.0596
195.255000,-43.5554
195.260000,-53.7076
195.265000,-54.8964
195.270000,-32.6623
195.275000,-43.1891
195.280000,-40.5046
195.285000,-18.4354
195.290000,-36.6120
195.295000,-32.4948
195.300000,-27.3940
195.305000,-12.3264
195.310000,-32.5576
195.315000,-20.8297
195.320000,-15.2658
195.325000,-20.2092
195.330000,-18.9280
195.335000,1.2395
195.340000,4.8633
195.345000,1.1521
195.350000,12.0689
195.355000,27.7530
195.360000,15.1937
195.365000,22.5498
195.370000,39.2062
195.375000,28.4273
195.380000,15.1643
195.385000,38.5168
195.390000,31.5464
195.395000,22.8681
195.400000,46.0511
195.405000,47.6221
195.410000,40.9159
195.415000,43.2829
195.420000,54.2182
195.425000,45.1950
195.430000,47.8805
195.435000,65.9803
195.440000,69.8868
195.445000,69.6427
195.450000,82.4206
195.455000,77.0833
195.460000,68.9577
195.465000,69.5915
195.470000,80.8957
195.475000,70.0585
195.480000,72.6318
195.485000,78.2924
195.490000,75.5394
195.495000,63.6282
195.500000,77.5523
195.505000,79.5818
195.510000,63.2217
195.515000,68.5761
195.520000,83.5990
195.525000,69.7036
195.530000,69.2274
195.535000,94.8971
195.540000,80.3785
195.545000,66.6441
195.550000,78.4797
195.555000,71.0604
195.560000,62.1839
195.565000,67.7978
195.570000,86.2815
195.575000,60.2212
195.580000,72.3156
195.585000,81.7305
195.590000,66.8099
195.595000,52.7463
195.600000,50.0405
195.605000,48.9831
195.610000,26.7661
195.615000,19.9987
195.620000,37.8651
195.625000,20.4327
195.630000,20.1909
195.635000,31.3923
195.640000,22.9686
195.645000,13.0640
195.650000,31.5741
195.655000,26.7360
195.660000,10.0586
195.665000,18.9999
195.670000,20.8258
195.675000,8.3735
195.680000,-4.8143
195.685000,16.2842
195.690000,1.2862
195.695000,-26.9781
195.700000,-3.4397
195.705000,-15.7062
195.710000,-28.6350
195.715000,-24.5935
195.720000,-12.4915
195.725000,-23.3800
195.730000,-40.6289
195.735000,-33.3366
195.740000,-27.3694
195.745000,-30.6869
195.750000,-26.7634
195.755000,-18.4971
195.760000,-41.2901
195.765000,-30.5306
195.770000,-22.1801
195.775000,-46.7450
195.780000,-50.7913
195.785000,-31.8365
195.790000,-44.7583
195.795000,-64.6580
195.800000,-49.1634
195.805000,-50.9318
195.810000,-68.5217
195.815000,-66.4246
195.820000,-42.6199
195.825000,-66.2396
195.830000,-73.4776
195.835000,-59.4342
195.840000,-67.1889
195.845000,-80.5867
195.850000,-56.9659
195.855000,-51.9799
195.860000,-68.3209
195.865000,-70.7993
195.870000,-46.8600
195.875000,-59.4690
195.880000,-61.1574
195.885000,-48.2427
195.890000,-49.3585
195.895000,-60.0466
195.900000,-48.3532
195.905000,-53.8849
195.910000,-75.0502
195.915000,-61.7311
195.920000,-51.0218
195.925000,-59.0758
195.930000,-69.4588
195.935000,-44.0761
195.940000,-38.0260
195.945000,-56.8712
195.950000,-36.9149
195.955000,-26.8532
195.960000,-37.3348
195.965000,-37.5024
195.970000,-12.8057
195.975000,-16.7188
195.980000,-27.9292
195.985000,-10.5127
195.990000,-22.2904
195.995000,-33.5596
196.000000,-13.0318
196.005000,-3.4772
196.010000,-7.5149
196.015000,-6.2915
196.020000,10.9172
196.025000,-4.9612
196.030000,-10.5155
196.035000,15.0326
196.040000,5.7448
196.045000,1.9244
196.050000,21.7077
196.055000,36.7738
196.060000,16.4825
196.065000,26.3902
196.070000,35.4510
196.075000,23.8292
196.080000,26.5885
196.085000,42.7782
196.090000,29.2855
196.095000,19.8448
196.100000,31.7747
196.105000,43.1406
196.110000,22.3982
196.115000,39.4727
196.120000,53.7949
196.125000,40.4093
196.130000,30.4359
196.135000,52.2669
196.140000,64.6883
196.145000,54.9612
196.150000,58.1052
196.155000,65.5200
196.160000,62.4171
196.165000,62.6181
196.170000,76.9037
196.175000,62.6973
196.180000,47.5890
196.185000,67.4288
196.190000,52.2410
196.195000,31.7593
196.200000,45.6432
196.205000,56.1552
196.210000,33.7932
196.215000,41.3741
196.220000,46.9113
196.225000,37.1513
196.230000,35.0079
196.235000,46.5451
196.240000,42.7531
196.245000,29.2051
196.250000,41.2795
196.255000,45.9755
196.260000,30.4309
196.265000,31.8645
196.270000,33.9661
196.275000,19.5714
196.280000,9.6825
196.285000,19.9492
196.290000,12.1937
196.295000,0.2012
196.300000,6.7967
196.305000,1.0345
196.310000,-9.1953
196.315000,-11.4045
196.320000,-5.5432
196.325000,-10.0786
196.330000,-18.4320
196.335000,-4.4850
196.340000,0.0042
196.345000,-6.1843
196.350000,-4.5001
196.355000,0.0974
196.360000,-21.8072
196.365000,-18.0273
196.370000,-1.0641
196.375000,-26.5673
196.380000,-39.5468
196.385000,-30.4401
196.390000,-28.6292
196.395000,-47.7699
196.400000,-44.4151
196.405000,-31.8871
196.410000,-49.5599
196.415000,-42.1837
196.420000,-34.7384
196.425000,-57.8124
196.430000,-47.7131
196.435000,-31.8409
196.440000,-33.8979
196.445000,-49.0614
196.450000,-31.9858
196.455000,-31.5218
196.460000,-43.3259
196.465000,-38.7097
196.470000,-25.0942
196.475000,-47.8125
196.480000,-60.8736
196.485000,-41.2112
196.490000,-41.7766
196.495000,-61.6014
196.500000,-50.5676
196.505000,-51.0336
196.510000,-76.4803
196.515000,-74.4832
196.520000,-61.1989
196.525000,-66.1254
196.530000,-62.9147
196.535000,-40.0725
196.540000,-58.3034
196.545000,-66.2294
196.550000,-45.9368
196.555000,-42.8979
196.560000,-52.3870
196.565000,-41.3319
196.570000,-34.1242
196.575000,-48.2304
196.580000,-42.7705
196.585000,-30.4032
196.590000,-40.0736
196.595000,-61.9788
196.600000,-51.6281
196.605000,-40.9097
196.610000,-69.1255
196.615000,-52.7907
196.620000,-52.2191
196.625000,-54.1625
196.630000,-56.2870
196.635000,-33.4928
196.640000,-30.4071
196.645000,-43.3458
196.650000,-8.7213
196.655000,-1.6150
196.660000,-9.7226
196.665000,-9.8033
196.670000,5.8315
196.675000,-6.5279
196.680000,-8.6131
196.685000,2.6438
196.690000,-1.0526
196.695000,-12.8809
196.700000,-7.9651
196.705000,-3.5872
196.710000,-7.5550
196.715000,-14.8309
196.720000,0.8123
196.725000,2.4973
196.730000,3.0728
196.735000,20.1231
196.740000,20.6141
196.745000,20.7242
196.750000,36.9057
196.755000,41.5234
196.760000,20.7081
196.765000,35.1316
196.770000,52.1351
196.775000,38.1323
196.780000,33.4901
196.785000,48.3896
196.790000,30.9440
196.795000,29.4376
196.800000,27.1845
196.805000,31.7199
196.810000,11.8566
196.815000,21.8869
196.820000,31.5685
196.825000,28.2442
196.830000,17.1654
196.835000,45.8188
196.840000,49.7328
196.845000,44.9056
196.850000,58.3450
196.855000,58.3958
196.860000,40.5408
196.865000,61.0000
196.870000,57.6897
196.875000,43.9649
196.880000,45.3214
196.885000,46.2731
196.890000,49.9331
196.895000,23.6024
196.900000,33.2526
196.905000,41.0027
196.910000,20.9397
196.915000,22.4155
196.920000,26.8895
196.925000,17.5122
196.930000,18.2058
196.935000,31.9070
196.940000,29.7199
196.945000,15.7711
196.950000,32.5482
196.955000,31.9374
196.960000,19.4687
196.965000,23.0952
196.970000,30.1258
196.975000,24.6965
196.980000,9.9670
196.985000,16.3396
196.990000,11.3443
196.995000,-20.5978
197.000000,7.1847
197.005000,1.8787
197.010000,-27.6957
197.015000,-23.2538
197.020000,-12.7390
197.025000,-20.7890
197.030000,-17.7315
197.035000,-5.9128
197.040000,-14.4338
197.045000,-17.1758
197.050000,6.6411
197.055000,2.3834
197.060000,-12.9266
197.065000,-8.2144
197.070000,-0.0072
197.075000,-23.9416
197.080000,-25.3647
197.085000,-16.8710
197.090000,-17.3044
197.095000,-39.0224
197.100000,-28.8593
197.105000,-28.1215
197.110000,-45.7542
197.115000,-52.9069
197.120000,-33.7184
197.125000,-40.4665
197.130000,-50.1985
197.135000,-32.3991
197.140000,-34.0541
197.145000,-39.0738
197.150000,-22.0421
197.155000,-17.6603
197.160000,-24.2742
197.165000,-17.0667
197.170000,-21.2536
197.175000,-27.7042
197.180000,-34.1963
197.185000,-18.4956
197.190000,-27.6669
197.195000,-43.0129
197.200000,-38.8733
197.205000,-34.3113
197.210000,-57.8524
197.215000,-50.2052
197.220000,-37.4439
197.225000,-54.4845
197.230000,-35.3151
197.235000,-21.6469
197.240000,-18.4482
197.245000,-24.5429
197.250000,-10.0581
197.255000,-13.7005
197.260000,-18.8294
197.265000,-8.1821
197.270000,-1.4888
197.275000,-14.1744
197.280000,-21.6851
197.285000,-8.8659
197.290000,-16.7080
197.295000,-26.6013
197.300000,-17.9200
197.305000,-14.3327
197.310000,-31.1112
197.315000,-23.5536
197.320000,-10.2494
197.325000,-15.4916
197.330000,-18.5445
197.335000,8.3697
197.340000,0.7080
197.345000,-1.3006
197.350000,20.1436
197.355000,26.1980
197.360000,17.7886
197.365000,29.1506
197.370000,32.4564
197.375000,27.8104
197.380000,15.6415
197.385000,36.7077
197.390000,23.4469
197.395000,14.1525
197.400000,17.6897
197.405000,20.2811
197.410000,-2.6343
197.415000,-2.2628
197.420000,5.4725
197.425000,-2.8918
197.430000,-6.2856
197.435000,12.4363
197.440000,9.5012
197.445000,7.7760
197.450000,31.0925
197.455000,46.1991
197.460000,29.8991
197.465000,23.5364
197.470000,43.2495
197.475000,23.3858
197.480000,27.4612
197.485000,29.5078
197.490000,14.3373
197.495000,6.2812
197.500000,15.2718
197.505000,8.3465
197.510000,-3.2925
197.515000,1.1782
197.520000,9.3821
197.525000,-11.3632
197.530000,-8.0611
197.535000,20.7879
197.540000,15.7597
197.545000,9.8445
197.550000,32.0942
197.555000,37.3126
197.560000,23.9204
197.565000,31.6762
197.570000,39.8391
197.575000,13.7405
197.580000,10.2227
197.585000,25.8209
197.590000,15.8741
197.595000,-0.7825
197.600000,1.9177
197.605000,7.5923
197.610000,-10.4615
197.615000,-6.0864
197.620000,11.9730
197.625000,-0.4219
197.630000,-4.2443
197.635000,8.6081
197.640000,16.0838
197.645000,2.5632
197.650000,10.6898
197.655000,20.2609
197.660000,10.5692
197.665000,11.5576
197.670000,11.2504
197.675000,1.6557
197.680000,0.9248
197.685000,-2.0707
197.690000,-10.2018
197.695000,-29.9070
197.700000,-27.2177
197.705000,-25.2073
197.710000,-50.1026
197.715000,-37.5513
197.720000,-22.5579
197.725000,-38.0853
197.730000,-37.2884
197.735000,-22.6327
197.740000,-23.5773
197.745000,-36.2250
197.750000,-21.4251
197.755000,-4.0448
197.760000,-27.9850
197.765000,-21.0280
197.770000,-22.3772
197.775000,-31.9328
197.780000,-45.5556
197.785000,-28.9259
197.790000,-42.9148
197.795000,-55.0708
197.800000,-55.0450
197.805000,-44.6211
197.810000,-75.5402
197.815000,-62.5407
197.820000,-55.8273
197.825000,-68.9012
197.830000,-62.9822
197.835000,-47.5218
197.840000,-40.1871
197.845000,-50.5319
197.850000,-43.5480
197.855000,-26.3089
197.860000,-31.6836
197.865000,-20.7647
197.870000,-4.1643
197.875000,-33.0597
197.880000,-35.2806
197.885000,-23.9158
197.890000,-40.9002
197.895000,-53.2145
197.900000,-28.1273
197.905000,-30.1255
197.910000,-56.6856
197.915000,-55.2742
197.920000,-43.8263
197.925000,-48.0941
197.930000,-57.6106
197.935000,-29.7852
197.940000,-45.1280
197.945000,-49.2566
197.950000,-32.1800
197.955000,-25.8501
197.960000,-30.5249
197.965000,-23.2734
197.970000,-20.5942
197.975000,-12.7411
197.980000,-30.5319
197.985000,-11.9108
197.990000,-31.0283
197.995000,-45.7455
198.000000,-31.1707
198.005000,-26.7793
198.010000,-45.2262
198.015000,-28.0691
198.020000,-6.8619
198.025000,-24.8018
198.030000,-12.8091
198.035000,5.9455
198.040000,10.9334
198.045000,9.9781
198.050000,12.7190
198.055000,16.6482
198.060000,11.3536
198.065000,14.2213
198.070000,28.6303
198.075000,27.9274
198.080000,12.2303
198.085000,24.2032
198.090000,7.3397
198.095000,-6.8524
198.100000,3.4016
198.105000,11.0221
198.110000,-8.9873
198.115000,10.4102
198.120000,32.4481
198.125000,15.8038
198.130000,15.8378
198.135000,47.4788
198.140000,39.0486
198.145000,33.0433
198.150000,46.9449
198.155000,60.6868
198.160000,55.4142
198.165000,52.0748
198.170000,63.4426
198.175000,53.0742
198.180000,48.0643
198.185000,58.1861
198.190000,30.1697
198.195000,27.3793
198.200000,49.7086
198.205000,44.6798
198.210000,22.1327
198.215000,28.2628
198.220000,45.5664
198.225000,25.9746
198.230000,21.7176
198.235000,42.3859
198.240000,41.0123
198.245000,36.5041
198.250000,54.2692
198.255000,61.9752
198.260000,44.0093
198.265000,43.2788
198.270000,51.9640
198.275000,31.4249
198.280000,25.5948
198.285000,38.5400
198.290000,24.5584
198.295000,14.3760
198.300000,21.6477
198.305000,22.7853
198.310000,8.3227
198.315000,3.6386
198.320000,13.2936
198.325000,5.5177
198.330000,5.7733
198.335000,20.0447
198.340000,23.4957
198.345000,18.3700
198.350000,30.3966
198.355000,31.9999
198.360000,21.0791
198.365000,26.9742
198.370000,33.0713
198.375000,10.0047
198.380000,1.4863
198.385000,8.4002
198.390000,12.8433
198.395000,-14.1639
198.400000,-11.2512
198.405000,-3.7157
198.410000,-21.0529
198.415000,-13.1663
198.420000,-6.3498
198.425000,-21.8651
198.430000,-28.3737
198.435000,-20.7048
198.440000,-26.5464
198.445000,-18.3503
198.450000,-23.3876
198.455000,-12.8062
198.460000,-25.3200
198.465000,-27.7578
198.470000,-19.0644
198.475000,-30.1156
198.480000,-29.9597
198.485000,-26.7726
198.490000,-30.7772
198.495000,-48.5967
198.500000,-42.2042
198.505000,-36.6950
198.510000,-51.6106
198.515000,-44.0863
198.520000,-36.0180
198.525000,-40.3864
198.530000,-44.9845
198.535000,-23.6149
198.540000,-34.7606
198.545000,-50.6891
198.550000,-29.3056
198.555000,-23.2885
198.560000,-35.8107
198.565000,-38.5347
198.570000,-10.8730
198.575000,-26.0724
198.580000,-32.3263
198.585000,-6.7786
198.590000,-21.8868
198.595000,-50.5416
198.600000,-26.7959
198.605000,-28.0418
198.610000,-45.0493
198.615000,-26.8280
198.620000,-28.4002
198.625000,-30.9701
198.630000,-25.1330
198.635000,-13.7378
198.640000,-7.9786
198.645000,-18.6007
198.650000,-4.6088
198.655000,7.1915
198.660000,-8.2144
198.665000,3.8544
198.670000,12.8040
198.675000,3.1716
198.680000,-1.5312
198.685000,8.0808
198.690000,1.0213
198.695000,-17.9478
198.700000,7.0311
198.705000,12.9554
198.710000,4.1861
198.715000,9.6119
198.720000,31.6088
198.725000,21.2180
198.730000,24.0704
198.735000,30.6525
198.740000,34.4667
198.745000,32.1643
198.750000,42.2399
198.755000,56.5450
198.760000,47.7420
198.765000,51.3995
198.770000,59.9432
198.775000,46.6728
198.780000,34.6281
198.785000,60.9858
198.790000,42.5072
198.795000,36.4041
198.800000,46.2262
198.805000,44.5430
198.810000,30.8046
198.815000,40.2163
198.820000,56.3401
198.825000,38.7080
198.830000,36.6046
198.835000,62.9073
198.840000,68.2617
198.845000,53.1143
198.850000,62.4294
198.855000,64.6128
198.860000,52.9459
198.865000,63.5948
198.870000,76.4652
198.875000,59.3845
198.880000,53.8785
198.885000,63.1741
198.890000,65.7324
198.895000,45.8773
198.900000,43.4410
198.905000,56.4888
198.910000,42.3648
198.915000,47.8438
198.920000,51.8223
198.925000,48.4727
198.930000,38.3685
198.935000,52.1613
198.940000,49.8019
198.945000,45.6948
198.950000,59.8138
198.955000,58.7206
198.960000,39.3499
198.965000,49.4887
198.970000,63.5947
198.975000,38.1215
198.980000,26.8598
198.985000,38.5784
198.990000,32.8593
198.995000,20.1266
199.000000,20.4151
199.005000,14.5874
199.010000,-11.3196
199.015000,-1.8914
199.020000,7.7545
199.025000,-13.3386
199.030000,-18.5947
199.035000,6.3744
199.040000,1.8651
199.045000,-11.4515
199.050000,3.2144
199.055000,7.6609
199.060000,-15.2937
199.065000,-2.1599
199.070000,13.6536
199.075000,-14.2491
199.080000,-10.7725
199.085000,-9.5422
199.090000,-13.9890
199.095000,-26.0941
199.100000,-19.3932
199.105000,-18.2251
199.110000,-43.0381
199.115000,-30.9613
199.120000,-27.6501
199.125000,-35.8989
199.130000,-44.7887
199.135000,-14.8754
199.140000,-18.6587
199.145000,-32.1473
199.150000,-16.0101
199.155000,-23.4990
199.160000,-39.5184
199.165000,-35.6223
199.170000,-20.5229
199.175000,-33.7783
199.180000,-49.4504
199.185000,-36.9546
199.190000,-30.8214
199.195000,-47.5291
199.200000,-39.2948
199.205000,-42.1223
199.210000,-60.8546
199.215000,-53.8171
199.220000,-39.1365
199.225000,-52.2706
199.230000,-52.0407
199.235000,-42.0809
199.240000,-38.2870
199.245000,-52.7907
199.250000,-20.6226
199.255000,-12.0248
199.260000,-24.5258
199.265000,-19.3188
199.270000,-17.3984
199.275000,-32.2424
199.280000,-27.2454
199.285000,-19.2651
199.290000,-19.3468
199.295000,-36.2045
199.300000,-21.5115
199.305000,-9.4289
199.310000,-15.0232
199.315000,-13.7623
199.320000,0.3972
199.325000,-17.0720
199.330000,-11.7512
199.335000,9.6295
199.340000,7.9347
199.345000,-0.1662
199.350000,13.7679
199.355000,27.2625
199.360000,4.4952
199.365000,16.3046
199.370000,31.5090
199.375000,17.5863
199.380000,10.8532
199.385000,29.3366
199.390000,27.2444
199.395000,24.7157
199.400000,36.8259
199.405000,49.4411
199.410000,34.5299
199.415000,36.5238
199.420000,49.0903
199.425000,33.4815
199.430000,35.9867
199.435000,48.3566
199.440000,42.7351
199.445000,53.1141
199.450000,68.3676
199.455000,64.0121
199.460000,54.6724
199.465000,61.7300
199.470000,68.5243
199.475000,56.6770
199.480000,50.2164
199.485000,65.9572
199.490000,60.0653
199.495000,44.0720
199.500000,53.0790
199.505000,65.7564
199.510000,46.3169
199.515000,59.7701
199.520000,70.5651
199.525000,59.9538
199.530000,52.5972
199.535000,80.3447
199.540000,62.3231
199.545000,48.6400
199.550000,64.5871
199.555000,64.8930
199.560000,53.8265
199.565000,68.8423
199.570000,72.3110
199.575000,58.4143
199.580000,57.8246
199.585000,71.3880
199.590000,64.4758
199.595000,39.9926
199.600000,55.1634
199.605000,41.8486
199.610000,25.6407
199.615000,27.5232
199.620000,26.4786
199.625000,20.8449
199.630000,11.5167
199.635000,35.3323
199.640000,26.5983
199.645000,19.8519
199.650000,21.5520
199.655000,29.0401
199.660000,10.8276
199.665000,13.4053
199.670000,18.5114
199.675000,5.6007
199.680000,1.2545
199.685000,13.0423
199.690000,4.8589
199.695000,-16.3637
199.700000,-5.2910
199.705000,-11.1298
199.710000,-24.5467
199.715000,-11.8419
199.720000,-20.4228
199.725000,-23.7527
199.730000,-36.8041
199.735000,-13.2935
199.740000,-19.7406
199.745000,-28.7451
199.750000,-26.6340
199.755000,-20.5997
199.760000,-35.6232
199.765000,-32.1336
199.770000,-26.9895
199.775000,-45.4192
199.780000,-51.0616
199.785000,-30.9813
199.790000,-42.6572
199.795000,-58.7078
199.800000,-55.7876
199.805000,-46.0839
199.810000,-62.5194
199.815000,-62.1540
199.820000,-53.2027
199.825000,-68.7298
199.830000,-68.2359
199.835000,-55.2255
199.840000,-73.5622
199.845000,-70.9638
199.850000,-63.6522
199.855000,-62.7380
199.860000,-75.7368
199.865000,-72.3386
199.870000,-55.2518
199.875000,-66.5895
199.880000,-70.9001
199.885000,-48.3008
199.890000,-54.5155
199.895000,-56.9262
199.900000,-62.7099
199.905000,-57.4423
199.910000,-68.6031
199.915000,-67.5405
199.920000,-55.5703
199.925000,-65.7402
199.930000,-64.0922
199.935000,-38.3913
199.940000,-47.3736
199.945000,-46.9539
199.950000,-53.3630
199.955000,-29.0860
199.960000,-42.6755
199.965000,-41.7788
199.970000,-19.6573
199.975000,-23.8788
199.980000,-29.4399
199.985000,-15.8223
199.990000,-27.9700
199.995000,-34.1289
200.000000,-18.6592
200.005000,-10.6609
200.010000,-13.4747
200.015000,-3.0983
200.020000,9.4100
200.025000,-7.0391
200.030000,2.4987
200.035000,15.3749
200.040000,15.1836
200.045000,10.7821
200.050000,15.1495
200.055000,35.4570
200.060000,25.1898
200.065000,31.3557
200.070000,48.5119
200.075000,32.6951
200.080000,33.4678
200.085000,57.3742
200.090000,40.8768
200.095000,26.5279
200.100000,38.1197
200.105000,48.5936
200.110000,31.8499
200.115000,51.3031
200.120000,65.8864
200.125000,49.5476
200.130000,50.5687
200.135000,75.6691
200.140000,78.8528
200.145000,63.2147
200.150000,80.9076
200.155000,86.3157
200.160000,65.1252
200.165000,80.0915
200.170000,83.4739
200.175000,70.5694
200.180000,62.4072
200.185000,82.3770
200.190000,64.5676
200.195000,48.9364
200.200000,67.1986
200.205000,76.6247
200.210000,54.1752
200.215000,60.0687
200.220000,69.0090
200.225000,56.0221
200.230000,44.1099
200.235000,60.5299
200.240000,57.6517
200.245000,58.7606
200.250000,61.1520
200.255000,68.2774
200.260000,42.6662
200.265000,48.2705
200.270000,47.2748
200.275000,25.9600
200.280000,33.4139
200.285000,30.4697
200.290000,19.5521
200.295000,13.6843
200.300000,13.6001
200.305000,7.1396
200.310000,-4.8247
200.315000,-6.2830
200.320000,7.3606
200.325000,-3.5695
200.330000,-15.8751
200.335000,1.0725
200.340000,3.5225
200.345000,-10.2199
200.350000,-5.9296
200.355000,-7.2188
200.360000,-21.1042
200.365000,-25.9229
200.370000,-6.8964
200.375000,-29.2795
200.380000,-40.5022
200.385000,-34.5827
200.390000,-39.8095
200.395000,-56.5467
200.400000,-51.6762
200.405000,-44.0281
200.410000,-58.0279
200.415000,-59.1998
200.420000,-51.2540
200.425000,-60.9222
200.430000,-64.8909
200.435000,-47.5219
200.440000,-63.1411
200.445000,-66.2914
200.450000,-47.9140
200.455000,-49.0282
200.460000,-67.8162
200.465000,-61.9087
200.470000,-49.6246
200.475000,-80.9391
200.480000,-84.6817
200.485000,-61.7304
200.490000,-79.2075
200.495000,-93.2823
200.500000,-76.4494
200.505000,-75.2210
200.510000,-103.0869
200.515000,-100.5872
200.520000,-84.6482
200.525000,-93.5810
200.530000,-99.4175
200.535000,-76.6409
200.540000,-82.1988
200.545000,-85.6749
200.550000,-71.7368
200.555000,-76.0593
200.560000,-84.8083
200.565000,-69.4463
200.570000,-55.6433
200.575000,-75.0126
200.580000,-81.2843
200.585000,-51.1583
200.590000,-61.2714
200.595000,-87.4477
200.600000,-70.1933
200.605000,-61.9522
200.610000,-81.9547
200.615000,-77.5118
200.620000,-67.1965
200.625000,-65.0244
200.630000,-70.4827
200.635000,-51.3049
200.640000,-51.0358
200.645000,-53.2015
200.650000,-23.8341
200.655000,-13.8752
200.660000,-24.0921
200.665000,-20.3839
200.670000,4.7064
200.675000,-5.0265
200.680000,-14.0863
200.685000,-0.3809
200.690000,-5.1374
200.695000,-9.5340
200.700000,-2.9461
200.705000,9.3996
200.710000,-7.2212
200.715000,-5.0861
200.720000,19.3184
200.725000,8.0676
200.730000,25.6398
200.735000,38.6277
200.740000,41.5301
200.745000,38.1963
200.750000,60.1297
200.755000,56.6999
200.760000,46.1017
200.765000,51.7576
200.770000,71.3428
200.775000,65.7144
200.780000,58.7632
200.785000,73.5621
200.790000,61.1807
200.795000,51.1027
200.800000,59.1069
200.805000,65.3557
200.810000,45.1308
200.815000,60.3144
200.820000,62.0219
200.825000,56.6365
200.830000,61.6687
200.835000,84.8027
200.840000,79.7721
200.845000,69.5778
200.850000,91.8985
200.855000,96.8866
200.860000,80.1259
200.865000,74.5437
200.870000,91.3652
200.875000,77.5382
200.880000,72.9730
200.885000,84.2394
200.890000,81.6735
200.895000,63.7754
200.900000,63.3631
200.905000,67.7279
200.910000,64.0116
200.915000,58.3796
200.920000,66.2443
200.925000,51.0653
200.930000,40.2324
200.935000,64.6489
200.940000,56.0246
200.945000,45.0265
200.950000,48.3646
200.955000,60.4186
200.960000,41.1604
200.965000,40.6915
200.970000,46.1422
200.975000,24.8968
200.980000,19.3768
200.985000,25.9119
200.990000,19.9585
200.995000,-4.2028
201.000000,8.2656
201.005000,14.0693
201.010000,-25.9736
201.015000,-20.9880
201.020000,-12.7039
201.025000,-20.5309
201.030000,-9.1581
201.035000,-2.3038
201.040000,-20.8140
201.045000,-30.0839
201.050000,-7.5403
201.055000,-0.4489
201.060000,-28.2010
201.065000,-30.5972
201.070000,-27.4504
201.075000,-30.3980
201.080000,-48.2361
201.085000,-44.4267
201.090000,-54.3368
201.095000,-60.4601
201.100000,-55.4962
201.105000,-56.4479
201.110000,-83.0685
201.115000,-75.7597
201.120000,-72.4893
201.125000,-84.0828
201.130000,-91.7182
201.135000,-72.5286
201.140000,-74.0206
201.145000,-84.3370
201.150000,-68.8965
201.155000,-66.2751
201.160000,-64.4849
201.165000,-64.8709
201.170000,-59.2171
201.175000,-69.5739
201.180000,-75.3565
201.185000,-65.7309
201.190000,-76.4722
201.195000,-88.8006
201.200000,-81.1913
201.205000,-81.5415
201.210000,-89.8000
201.215000,-86.0592
201.220000,-76.9848
201.225000,-81.3811
201.230000,-87.2701
201.235000,-59.0727
201.240000,-52.3429
201.245000,-57.2657
201.250000,-48.0439
201.255000,-44.0100
201.260000,-52.4834
201.265000,-41.0697
201.270000,-32.5685
201.275000,-37.1210
201.280000,-49.1463
201.285000,-24.7358
201.290000,-35.7763
201.295000,-46.1451
201.300000,-23.8938
201.305000,-34.6503
201.310000,-39.8312
201.315000,-37.7414
201.320000,-19.4979
201.325000,-24.4664
201.330000,-20.0114
201.335000,11.4807
201.340000,2.7582
201.345000,-5.8329
201.350000,17.7187
201.355000,34.9390
201.360000,21.4565
201.365000,29.1581
201.370000,43.0879
201.375000,34.8741
201.380000,42.7699
201.385000,40.6900
201.390000,42.8619
201.395000,33.6239
201.400000,34.4144
201.405000,44.2677
201.410000,20.0538
201.415000,18.7474
201.420000,30.1810
201.425000,32.4919
201.430000,29.9541
201.435000,46.4186
201.440000,47.6241
201.445000,42.0662
201.450000,59.5536
201.455000,76.9727
201.460000,71.0050
201.465000,70.1590
201.470000,80.9409
201.475000,58.0914
201.480000,70.0142
201.485000,83.6516
201.490000,54.2911
201.495000,48.7622
201.500000,59.4535
201.505000,57.8586
201.510000,43.8923
201.515000,53.6236
201.520000,54.6260
201.525000,39.8843
201.530000,43.4313
201.535000,61.6307
201.540000,60.0421
201.545000,49.9712
201.550000,68.2458
201.555000,85.4629
201.560000,60.8457
201.565000,75.5976
201.570000,85.2553
201.575000,53.1684
201.580000,57.5663
201.585000,56.7620
201.590000,47.8263
201.595000,27.9676
201.600000,31.6140
201.605000,36.0753
201.610000,11.4628
201.615000,17.5260
201.620000,36.1702
201.625000,16.4507
201.630000,20.6067
201.635000,28.4109
201.640000,28.8319
201.645000,12.0349
201.650000,24.7212
201.655000,28.5761
201.660000,14.6813
201.665000,19.2584
201.670000,12.7169
201.675000,2.1971
201.680000,-11.2175
201.685000,-1.0669
201.690000,-9.6520
201.695000,-34.7547
201.700000,-29.6589
201.705000,-34.3088
201.710000,-52.2769
201.715000,-53.7447
201.720000,-34.8583
201.725000,-53.8112
201.730000,-53.8504
201.735000,-44.1168
201.740000,-49.0244
201.745000,-51.6160
201.750000,-37.9387
201.755000,-39.7354
201.760000,-52.3709
201.765000,-48.5993
201.770000,-40.2782
201.775000,-60.4503
201.780000,-66.9394
201.785000,-67.6094
201.790000,-76.9088
201.795000,-92.8556
201.800000,-92.1399
201.805000,-87.9075
201.810000,-107.0656
201.815000,-99.0435
201.820000,-91.2479
201.825000,-108.0289
201.830000,-95.4739
201.835000,-82.1706
201.840000,-88.9248
201.845000,-86.9718
201.850000,-84.7918
201.855000,-66.6604
201.860000,-76.7727
201.865000,-56.1849
201.870000,-45.8028
201.875000,-67.5225
201.880000,-75.8429
201.885000,-64.5111
201.890000,-83.5396
201.895000,-88.1403
201.900000,-67.0115
201.905000,-69.7378
201.910000,-89.3832
201.915000,-87.0516
201.920000,-82.6707
201.925000,-82.9940
201.930000,-78.7937
201.935000,-72.3386
201.940000,-59.0658
201.945000,-70.4945
201.950000,-46.9661
201.955000,-41.0048
201.960000,-48.0987
201.965000,-35.3361
201.970000,-29.7832
201.975000,-35.2088
201.980000,-39.6635
201.985000,-29.0011
201.990000,-38.9282
201.995000,-50.3257
202.000000,-31.4179
202.005000,-19.0771
202.010000,-39.0459
202.015000,-19.8341
202.020000,-11.1209
202.025000,-13.4053
202.030000,-3.2815
202.035000,17.1903
202.040000,13.3441
202.045000,16.2904
202.050000,18.6239
202.055000,30.5690
202.060000,30.6348
202.065000,35.0432
202.070000,45.8479
202.075000,43.5812
202.080000,37.7116
202.085000,36.9414
202.090000,30.8794
202.095000,16.8375
202.100000,27.9399
202.105000,37.1640
202.110000,18.5706
202.115000,36.4225
202.120000,60.0007
202.125000,43.5586
202.130000,44.4565
202.135000,72.6898
202.140000,72.9209
202.145000,67.2111
202.150000,80.4451
202.155000,88.3484
202.160000,76.8504
202.165000,90.1350
202.170000,91.8716
202.175000,86.0391
202.180000,75.0216
202.185000,80.1877
202.190000,68.2493
202.195000,65.9832
202.200000,80.4046
202.205000,74.1055
202.210000,53.4153
202.215000,51.4744
202.220000,72.2178
202.225000,62.6713
202.230000,51.1451
202.235000,64.0158
202.240000,65.4158
202.245000,61.0831
202.250000,76.9770
202.255000,80.6100
202.260000,75.1935
202.265000,69.0018
202.270000,75.0639
202.275000,48.5898
202.280000,42.0578
202.285000,49.8916
202.290000,38.7986
202.295000,33.8962
202.300000,37.1777
202.305000,40.0737
202.310000,13.6303
202.315000,15.5586
202.320000,16.3340
202.325000,17.1912
202.330000,18.4637
202.335000,29.0524
202.340000,25.4235
202.345000,9.9837
202.350000,26.4650
202.355000,25.0085
202.360000,7.9716
202.365000,21.8407
202.370000,24.1927
202.375000,10.2163
202.380000,-2.7602
202.385000,-0.2630
202.390000,-1.1212
202.395000,-24.8861
202.400000,-16.0839
202.405000,-23.6170
202.410000,-39.3581
202.415000,-33.5292
202.420000,-28.7987
202.425000,-41.4772
202.430000,-48.3183
202.435000,-33.4742
202.440000,-36.3311
202.445000,-47.1473
202.450000,-36.8486
202.455000,-31.2161
202.460000,-51.0899
202.465000,-46.0266
202.470000,-36.2141
202.475000,-53.4969
202.480000,-62.9319
202.485000,-42.0068
202.490000,-52.7506
202.495000,-62.9581
202.500000,-59.0772
202.505000,-66.6761
202.510000,-74.0559
202.515000,-72.6724
202.520000,-51.1340
202.525000,-62.5962
202.530000,-77.4652
202.535000,-49.6519
202.540000,-54.3981
202.545000,-55.2499
202.550000,-52.2609
202.555000,-34.8869
202.560000,-42.9833
202.565000,-51.4264
202.570000,-36.3403
202.575000,-42.3290
202.580000,-54.1281
202.585000,-28.6138
202.590000,-37.6147
202.595000,-56.1119
202.600000,-42.4432
202.605000,-47.3873
202.610000,-55.8013
202.615000,-42.8768
202.620000,-34.9915
202.625000,-40.6692
202.630000,-34.1560
202.635000,-23.4962
202.640000,-12.2961
202.645000,-24.2002
202.650000,-6.1097
202.655000,5.8548
202.660000,-6.6967
202.665000,-0.8260
202.670000,17.9771
202.675000,5.8661
202.680000,-0.9118
202.685000,13.9513
202.690000,6.9442
202.695000,-17.6562
202.700000,3.4454
202.705000,15.3019
202.710000,6.3370
202.715000,18.9733
202.720000,38.6279
202.725000,25.1136
202.730000,35.1981
202.735000,38.0746
202.740000,39.7437
202.745000,33.6191
202.750000,50.2818
202.755000,59.1451
202.760000,49.8299
202.765000,54.8338
202.770000,71.7229
202.775000,55.7142
202.780000,49.0648
202.785000,59.2411
202.790000,50.4045
202.795000,43.4683
202.800000,57.8630
202.805000,66.5624
202.810000,43.9146
202.815000,50.9222
202.820000,57.2994
202.825000,49.0525
202.830000,48.3842
202.835000,68.1837
202.840000,60.7584
202.845000,56.7839
202.850000,60.7056
202.855000,61.0505
202.860000,59.4828
202.865000,62.9322
202.870000,73.0062
202.875000,60.3377
202.880000,62.1484
202.885000,77.8602
202.890000,72.2556
202.895000,51.3935
202.900000,55.0417
202.905000,55.1093
202.910000,38.6086
202.915000,41.5253
202.920000,59.2593
202.925000,47.3146
202.930000,33.0193
202.935000,61.7458
202.940000,49.1344
202.945000,51.3058
202.950000,61.1362
202.955000,56.9136
202.960000,43.2622
202.965000,49.8181
202.970000,65.3566
202.975000,56.7452
202.980000,26.8794
202.985000,35.2006
202.990000,26.5036
202.995000,10.7772
203.000000,16.4482
203.005000,8.7347
203.010000,-3.2294
203.015000,-5.3796
203.020000,5.6323
203.025000,-6.1992
203.030000,-23.7673
203.035000,-0.5393
203.040000,1.8712
203.045000,-7.7768
203.050000,4.5903
203.055000,6.1216
203.060000,-4.7943
203.065000,0.5544
203.070000,8.8894
203.075000,-7.7735
203.080000,-15.4836
203.085000,3.1027
203.090000,-12.9856
203.095000,-30.0137
203.100000,-12.4485
203.105000,-19.4878
203.110000,-38.3342
203.115000,-34.1837
203.120000,-17.9081
203.125000,-30.3566
203.130000,-37.5517
203.135000,-8.9804
203.140000,-11.3953
203.145000,-26.1873
203.150000,-3.0767
203.155000,-10.1316
203.160000,-28.5253
203.165000,-26.5800
203.170000,-17.7246
203.175000,-34.1541
203.180000,-40.4132
203.185000,-34.3070
203.190000,-30.4680
203.195000,-45.2600
203.200000,-32.6178
203.205000,-39.1567
203.210000,-44.2876
203.215000,-48.1401
203.220000,-35.2356
203.225000,-40.3574
203.230000,-46.6245
203.235000,-30.7211
203.240000,-31.7714
203.245000,-36.2678
203.250000,-20.0051
203.255000,-5.9187
203.260000,-18.0624
203.265000,-13.0798
203.270000,-8.6515
203.275000,-14.8883
203.280000,-25.2196
203.285000,-6.9241
203.290000,-12.2219
203.295000,-24.3854
203.300000,-8.0915
203.305000,1.1077
203.310000,-14.7642
203.315000,-13.7023
203.320000,4.8098
203.325000,-13.0774
203.330000,-17.5292
203.335000,1.2359
203.340000,8.0624
203.345000,-0.0609
203.350000,18.6351
203.355000,19.5767
203.360000,6.4756
203.365000,23.1856
203.370000,26.9194
203.375000,13.9523
203.380000,13.2744
203.385000,23.4338
203.390000,23.6609
203.395000,6.6857
203.400000,27.4449
203.405000,34.6638
203.410000,18.6536
203.415000,28.6922
203.420000,31.1068
203.425000,21.8809
203.430000,24.5402
203.435000,47.9328
203.440000,34.2748
203.445000,37.3129
203.450000,49.3947
203.455000,50.2712
203.460000,37.4584
203.465000,54.4901
203.470000,56.4090
203.475000,41.5656
203.480000,41.4489
203.485000,48.8538
203.490000,38.5994
203.495000,26.7641
203.500000,40.4194
203.505000,47.5488
203.510000,24.8172
203.515000,35.9957
203.520000,47.8844
203.525000,35.2259
203.530000,36.4462
203.535000,53.5332
203.540000,55.2080
203.545000,31.3512
203.550000,41.4790
203.555000,46.7598
203.560000,29.5258
203.565000,45.2804
203.570000,61.6235
203.575000,30.1599
203.580000,39.5825
203.585000,57.5851
203.590000,53.6697
203.595000,33.8186
203.600000,34.9301
203.605000,26.2600
203.610000,4.3885
203.615000,12.7927
203.620000,20.3707
203.625000,0.4996
203.630000,5.5118
203.635000,14.9407
203.640000,13.0263
203.645000,4.0808
203.650000,22.2620
203.655000,18.3468
203.660000,7.5057
203.665000,7.5694
203.670000,21.9195
203.675000,2.2169
203.680000,-0.7102
203.685000,8.7841
203.690000,-3.3921
203.695000,-14.1037
203.700000,-0.7673
203.705000,-10.6661
203.710000,-16.6471
203.715000,-13.3280
203.720000,-1.1798
203.725000,-17.8363
203.730000,-30.0077
203.735000,-6.0292
203.740000,-4.5944
203.745000,-19.6781
203.750000,-3.1062
203.755000,-3.2438
203.760000,-17.0290
203.765000,-11.4164
203.770000,-6.9833
203.775000,-21.6321
203.780000,-27.6580
203.785000,-6.0390
203.790000,-16.5077
203.795000,-29.4960
203.800000,-23.7420
203.805000,-14.0102
203.810000,-44.3517
203.815000,-35.5046
203.820000,-20.2952
203.825000,-39.4139
203.830000,-44.1171
203.835000,-32.2448
203.840000,-37.1441
203.845000,-44.1002
203.850000,-26.8877
203.855000,-24.2036
203.860000,-42.2619
203.865000,-23.7558
203.870000,-25.8396
203.875000,-35.6299
203.880000,-28.2485
203.885000,-22.1900
203.890000,-28.1900
203.895000,-35.3351
203.900000,-29.5606
203.905000,-23.8801
203.910000,-36.5583
203.915000,-38.8917
203.920000,-27.6434
203.925000,-34.7956
203.930000,-37.5742
203.935000,-19.4877
203.940000,-23.1774
203.945000,-41.7453
203.950000,-26.3163
203.955000,-11.9622
203.960000,-27.8243
203.965000,-23.3071
203.970000,-1.2399
203.975000,-8.0156
203.980000,-24.3568
203.985000,-7.4880
203.990000,-8.3130
203.995000,-20.0456
204.000000,-7.2833
204.005000,5.9102
204.010000,-12.8476
204.015000,-1.9627
204.020000,5.4289
204.025000,-3.8096
204.030000,-8.4949
204.035000,0.8760
204.040000,2.1822
204.045000,-4.2430
204.050000,11.3000
204.055000,22.3373
204.060000,14.7737
204.065000,12.5137
204.070000,21.8681
204.075000,8.5366
204.080000,9.0853
204.085000,32.8430
204.090000,21.7327
204.095000,0.5561
204.100000,15.3704
204.105000,15.3937
204.110000,11.5972
204.115000,17.4597
204.120000,26.8511
204.125000,16.5291
204.130000,18.2915
204.135000,43.6379
204.140000,35.7983
204.145000,37.3743
204.150000,41.5157
204.155000,36.6221
204.160000,24.1057
204.165000,31.0244
204.170000,37.7345
204.175000,17.8365
204.180000,22.3686
204.185000,30.4899
204.190000,25.6757
204.195000,7.4766
204.200000,24.1765
204.205000,35.8970
204.210000,12.3040
204.215000,20.9573
204.220000,35.0388
204.225000,21.6111
204.230000,14.4459
204.235000,25.9564
204.240000,30.3017
204.245000,21.0537
204.250000,32.7526
204.255000,35.4976
204.260000,6.7685
204.265000,12.4037
204.270000,21.5286
204.275000,6.1078
204.280000,0.8044
204.285000,9.0706
204.290000,8.3274
204.295000,-10.2125
204.300000,13.5194
204.305000,-1.5028
204.310000,-26.5333
204.315000,-13.2557
204.320000,-1.6272
204.325000,-12.3207
204.330000,-13.9651
204.335000,-0.3918
204.340000,-2.5507
204.345000,-13.3713
204.350000,-7.9349
204.355000,-2.8337
204.360000,-19.1221
204.365000,-21.0689
204.370000,-12.5201
204.375000,-21.1010
204.380000,-29.9725
204.385000,-28.5915
204.390000,-33.7476
204.395000,-31.3287
204.400000,-25.0191
204.405000,-23.1986
204.410000,-31.0179
204.415000,-33.9644
204.420000,-15.5676
204.425000,-28.4002
204.430000,-39.5230
204.435000,-21.4754
204.440000,-24.4619
204.445000,-30.9499
204.450000,-16.7268
204.455000,-9.9468
204.460000,-31.4378
204.465000,-11.8830
204.470000,-7.6833
204.475000,-32.7098
204.480000,-41.6695
204.485000,-23.5887
204.490000,-31.7988
204.495000,-44.8187
204.500000,-34.9651
204.505000,-33.4500
204.510000,-52.8276
204.515000,-54.8202
204.520000,-51.6200
204.525000,-45.7568
204.530000,-53.6831
204.535000,-30.0736
204.540000,-35.0060
204.545000,-41.4209
204.550000,-37.9986
204.555000,-30.4846
204.560000,-45.2341
204.565000,-29.1650
204.570000,-16.5806
204.575000,-33.3150
204.580000,-43.4963
204.585000,-19.3180
204.590000,-31.0824
204.595000,-58.4984
204.600000,-32.2638
204.605000,-29.8507
204.610000,-47.1487
204.615000,-48.3672
204.620000,-40.2683
204.625000,-46.4060
204.630000,-50.2563
204.635000,-29.8077
204.640000,-31.8667
204.645000,-42.0564
204.650000,-15.6492
204.655000,6.1791
204.660000,-11.8546
204.665000,-8.4498
204.670000,6.6921
204.675000,-5.2486
204.680000,-18.4218
204.685000,5.2910
204.690000,3.1102
204.695000,-14.6529
204.700000,-8.9162
204.705000,-2.2231
204.710000,-8.8088
204.715000,-12.3314
204.720000,1.7433
204.725000,3.3809
204.730000,3.1711
204.735000,21.6420
204.740000,26.2565
204.745000,3.8385
204.750000,24.3402
204.755000,33.5077
204.760000,22.2388
204.765000,20.0062
204.770000,42.2195
204.775000,29.8957
204.780000,23.6635
204.785000,39.6238
204.790000,31.9416
204.795000,18.5149
204.800000,39.5180
204.805000,28.5705
204.810000,8.5910
204.815000,16.0338
204.820000,22.6197
204.825000,21.7820
204.830000,14.0770
204.835000,36.6470
204.840000,42.1350
204.845000,35.1610
204.850000,50.4798
204.855000,53.3115
204.860000,26.4080
204.865000,42.6220
204.870000,43.4795
204.875000,31.5109
204.880000,32.7018
204.885000,48.0557
204.890000,46.4023
204.895000,27.5426
204.900000,35.1780
204.905000,38.3599
204.910000,20.7557
204.915000,20.8747
204.920000,25.9000
204.925000,16.1799
204.930000,16.7288
204.935000,33.5033
204.940000,30.3304
204.945000,23.3252
204.950000,25.5383
204.955000,33.1564
204.960000,10.5458
204.965000,23.0997
204.970000,34.3003
204.975000,9.7173
204.980000,1.8480
204.985000,18.2717
204.990000,6.1927
204.995000,-10.2147
205.000000,11.2492
205.005000,1.8850
205.010000,-20.6296
205.015000,-26.5193
205.020000,-8.3243
205.025000,-9.9163
205.030000,-5.1603
205.035000,2.4917
205.040000,-14.4743
205.045000,-14.0091
205.050000,-0.5876
205.055000,4.4186
205.060000,-14.6613
205.065000,-11.6695
205.070000,5.2651
205.075000,-18.7654
205.080000,-26.4439
205.085000,-10.8955
205.090000,-26.3344
205.095000,-40.6930
205.100000,-28.7900
205.105000,-21.5942
205.110000,-47.9171
205.115000,-42.6695
205.120000,-41.1795
205.125000,-48.4263
205.130000,-53.1953
205.135000,-37.0472
205.140000,-36.8026
205.145000,-43.1076
205.150000,-31.4964
205.155000,-26.4623
205.160000,-39.9596
205.165000,-30.1206
205.170000,-18.1537
205.175000,-34.4076
205.180000,-33.6207
205.185000,-32.3791
205.190000,-43.6367
205.195000,-45.8885
205.200000,-42.0660
205.205000,-41.8154
205.210000,-51.7862
205.215000,-50.7531
205.220000,-37.9656
205.225000,-57.6041
205.230000,-47.2757
205.235000,-34.0718
205.240000,-11.9950
205.245000,-20.0007
205.250000,-18.8289
205.255000,-15.3595
205.260000,-27.8675
205.265000,-29.5121
205.270000,-6.7498
205.275000,-20.4915
205.280000,-27.5939
205.285000,-7.8061
205.290000,-15.0699
205.295000,-31.9731
205.300000,-18.5563
205.305000,-13.4129
205.310000,-29.8523
205.315000,-21.8182
205.320000,-8.0828
205.325000,-23.3288
205.330000,-14.6776
205.335000,3.6319
205.340000,1.1430
205.345000,-6.3103
205.350000,20.9372
205.355000,27.9381
205.360000,18.1169
205.365000,30.3869
205.370000,40.2940
205.375000,23.3181
205.380000,25.0466
205.385000,32.6533
205.390000,32.6931
205.395000,16.6513
205.400000,25.0465
205.405000,21.4691
205.410000,10.0021
205.415000,9.2664
205.420000,16.1810
205.425000,3.9900
205.430000,0.3894
205.435000,13.6304
205.440000,27.6481
205.445000,21.1703
205.450000,36.1121
205.455000,52.8366
205.460000,33.9751
205.465000,33.7913
205.470000,50.7060
205.475000,34.4560
205.480000,32.7550
205.485000,43.9908
205.490000,35.1601
205.495000,18.9068
205.500000,23.2505
205.505000,26.8107
205.510000,12.9002
205.515000,13.0321
205.520000,24.5979
205.525000,14.2796
205.530000,13.0671
205.535000,37.5979
205.540000,32.0092
205.545000,24.2066
205.550000,38.6210
205.555000,53.8192
205.560000,40.0712
205.565000,44.4724
205.570000,57.6956
205.575000,32.3761
205.580000,29.5783
205.585000,34.0364
205.590000,27.3089
205.595000,9.0660
205.600000,18.4675
205.605000,17.8505
205.610000,-1.8778
205.615000,5.7525
205.620000,24.4330
205.625000,4.1063
205.630000,4.6146
205.635000,25.7329
205.640000,16.4982
205.645000,13.9044
205.650000,17.2032
205.655000,22.7426
205.660000,18.1368
205.665000,11.2500
205.670000,15.4129
205.675000,8.5191
205.680000,0.4820
205.685000,-0.5677
205.690000,-11.9621
205.695000,-20.5421
205.700000,-32.7222
205.705000,-28.9800
205.710000,-50.5660
205.715000,-42.0748
205.720000,-30.9311
205.725000,-42.4504
205.730000,-45.4984
205.735000,-35.1145
205.740000,-39.2388
205.745000,-47.3883
205.750000,-32.3657
205.755000,-19.3344
205.760000,-39.9146
205.765000,-40.2688
205.770000,-34.9279
205.775000,-45.6836
205.780000,-49.7949
205.785000,-46.9804
205.790000,-53.9655
205.795000,-73.2231
205.800000,-68.2553
205.805000,-71.8565
205.810000,-93.3001
205.815000,-83.5636
205.820000,-81.8841
205.825000,-93.6674
205.830000,-78.4438
205.835000,-70.2270
205.840000,-67.8368
205.845000,-74.3464
205.850000,-59.7453
205.855000,-54.4392
205.860000,-56.5679
205.865000,-51.8703
205.870000,-28.5557
205.875000,-54.6917
205.880000,-58.8220
205.885000,-40.4442
205.890000,-62.6894
205.895000,-68.8615
205.900000,-53.9787
205.905000,-54.3702
205.910000,-79.9539
205.915000,-75.2045
205.920000,-65.0820
205.925000,-80.2762
205.930000,-69.0325
205.935000,-57.3170
205.940000,-58.5951
205.945000,-61.7319
205.950000,-39.8407
205.955000,-35.0641
205.960000,-41.7245
205.965000,-30.9288
205.970000,-24.4884
205.975000,-35.3299
205.980000,-29.2153
205.985000,-17.1844
205.990000,-32.7977
205.995000,-49.3628
206.000000,-39.2795
206.005000,-33.9186
206.010000,-43.4828
206.015000,-29.8294
206.020000,-16.6205
206.025000,-16.6457
206.030000,-12.3118
206.035000,19.2705
206.040000,17.5405
206.045000,10.0097
206.050000,25.6590
206.055000,31.5593
206.060000,24.5787
206.065000,35.0446
206.070000,41.5935
206.075000,33.6272
206.080000,27.5872
206.085000,36.2910
206.090000,29.1662
206.095000,19.2928
206.100000,28.9800
206.105000,34.7508
206.110000,18.9154
206.115000,32.3970
206.120000,56.0906
206.125000,30.0940
206.130000,44.5767
206.135000,66.6297
206.140000,70.6847
206.145000,73.3698
206.150000,81.1403
206.155000,89.0442
206.160000,78.4052
206.165000,83.1395
206.170000,95.2388
206.175000,84.9145
206.180000,73.2766
206.185000,76.2043
206.190000,63.1159
206.195000,60.0311
206.200000,70.4168
206.205000,71.6063
206.210000,50.7697
206.215000,62.0897
206.220000,75.7226
206.225000,63.2710
206.230000,47.9264
206.235000,63.9158
206.240000,69.3159
206.245000,51.9821
206.250000,80.9032
206.255000,91.1303
206.260000,69.6823
206.265000,61.8131
206.270000,76.3432
206.275000,51.5578
206.280000,37.8815
206.285000,40.5057
206.290000,40.9729
206.295000,30.7963
206.300000,28.6803
206.305000,43.0232
206.310000,17.2196
206.315000,8.1551
206.320000,24.2788
206.325000,13.0271
206.330000,16.4138
206.335000,18.6378
206.340000,26.1805
206.345000,11.5720
206.350000,28.0332
206.355000,34.2094
206.360000,21.4303
206.365000,22.6692
206.370000,26.7490
206.375000,6.8234
206.380000,-3.6410
206.385000,8.7213
206.390000,-12.7419
206.395000,-27.3641
206.400000,-28.0309
206.405000,-23.4536
206.410000,-35.4279
206.415000,-43.4176
206.420000,-33.6757
206.425000,-48.7666
206.430000,-54.9587
206.435000,-32.1272
206.440000,-55.9010
206.445000,-57.7360
206.450000,-44.0374
206.455000,-41.3957
206.460000,-48.4003
206.465000,-55.0274
206.470000,-36.9135
206.475000,-61.3725
206.480000,-61.1180
206.485000,-47.0000
206.490000,-65.7182
206.495000,-85.8232
206.500000,-67.2329
206.505000,-77.5947
206.510000,-86.9886
206.515000,-78.1491
206.520000,-67.3750
206.525000,-74.0874
206.530000,-88.7020
206.535000,-59.9115
206.540000,-59.8675
206.545000,-69.1238
206.550000,-61.2218
206.555000,-48.3721
206.560000,-60.2227
206.565000,-55.7658
206.570000,-44.2285
206.575000,-54.3495
206.580000,-58.5540
206.585000,-30.1660
206.590000,-51.8406
206.595000,-65.8261
206.600000,-56.8530
206.605000,-44.0701
206.610000,-59.6087
206.615000,-55.7385
206.620000,-45.9018
206.625000,-51.5115
206.630000,-47.0232
206.635000,-28.1153
206.640000,-26.2060
206.645000,-29.3116
206.650000,-13.2802
206.655000,1.0128
206.660000,-7.1130
206.665000,-1.1482
206.670000,18.4588
206.675000,7.8064
206.680000,1.5878
206.685000,17.9993
206.690000,-0.4116
206.695000,-7.1975
206.700000,3.4849
206.705000,20.4735
206.710000,15.2313
206.715000,21.4079
206.720000,41.5711
206.725000,33.7007
206.730000,40.7359
206.735000,46.0605
206.740000,46.6156
206.745000,43.0223
206.750000,59.5251
206.755000,83.5106
206.760000,68.3520
206.765000,79.2047
206.770000,87.1600
206.775000,65.0094
206.780000,63.5446
206.785000,81.2300
206.790000,59.2834
206.795000,55.3528
206.800000,77.3588
206.805000,80.5487
206.810000,58.5998
206.815000,66.1465
206.820000,84.0669
206.825000,76.0370
206.830000,73.0468
206.835000,101.5573
206.840000,88.7545
206.845000,84.0944
206.850000,93.0578
206.855000,97.1430
206.860000,83.5331
206.865000,100.1525
206.870000,108.5548
206.875000,95.4311
206.880000,82.7407
206.885000,97.6377
206.890000,96.2085
206.895000,80.7006
206.900000,83.1402
206.905000,78.0733
206.910000,62.7402
206.915000,65.7670
206.920000,70.5631
206.925000,65.9869
206.930000,65.5288
206.935000,72.2210
206.940000,75.4663
206.945000,67.0821
206.950000,74.8202
206.955000,74.9990
206.960000,58.5569
206.965000,68.2415
206.970000,70.4419
206.975000,61.7112
206.980000,37.3797
206.985000,51.3266
206.990000,31.1704
206.995000,16.3808
207.000000,21.1781
207.005000,12.7123
207.010000,-9.9180
207.015000,-0.8707
207.020000,-3.0300
207.025000,-15.6746
207.030000,-15.8262
207.035000,0.2521
207.040000,-5.0237
207.045000,-20.1855
207.050000,-6.8286
207.055000,-5.0246
207.060000,-26.1865
207.065000,-20.1166
207.070000,-3.7061
207.075000,-31.8144
207.080000,-31.7154
207.085000,-24.9683
207.090000,-36.7805
207.095000,-49.2691
207.100000,-43.4981
207.105000,-44.3832
207.110000,-58.1914
207.115000,-54.5780
207.120000,-52.6200
207.125000,-57.1933
207.130000,-66.5671
207.135000,-38.4624
207.140000,-50.2627
207.145000,-62.4329
207.150000,-50.1569
207.155000,-44.6530
207.160000,-54.6972
207.165000,-56.1984
207.170000,-55.1463
207.175000,-59.7422
207.180000,-73.4374
207.185000,-69.3416
207.190000,-64.1397
207.195000,-85.8559
207.200000,-71.1720
207.205000,-65.1716
207.210000,-87.0132
207.215000,-77.3335
207.220000,-65.9544
207.225000,-69.5923
207.230000,-72.4659
207.235000,-70.4286
207.240000,-66.2590
207.245000,-70.7015
207.250000,-43.7669
207.255000,-39.8668
207.260000,-48.7965
207.265000,-38.6903
207.270000,-38.0464
207.275000,-43.7039
207.280000,-44.9885
207.285000,-30.8748
207.290000,-27.3535
207.295000,-44.6094
207.300000,-29.7034
207.305000,-24.9637
207.310000,-29.2604
207.315000,-24.2862
207.320000,-15.0101
207.325000,-25.9699
207.330000,-21.2101
207.335000,4.1361
207.340000,3.8382
207.345000,-0.4857
207.350000,22.5371
207.355000,20.0141
207.360000,6.9494
207.365000,25.6763
207.370000,42.8637
207.375000,34.2961
207.380000,16.6475
207.385000,33.7119
207.390000,40.2434
207.395000,24.2871
207.400000,45.4290
207.405000,54.7790
207.410000,44.4857
207.415000,41.6481
207.420000,55.0895
207.425000,49.2512
207.430000,43.4911
207.435000,69.4898
207.440000,68.3159
207.445000,75.2367
207.450000,85.6659
207.455000,84.8618
207.460000,69.1452
207.465000,78.3385
207.470000,100.3206
207.475000,81.2243
207.480000,75.6669
207.485000,96.2262
207.490000,74.0344
207.495000,64.5463
207.500000,79.2328
207.505000,83.0568
207.510000,68.5848
207.515000,78.8283
207.520000,93.2597
207.525000,71.1565
207.530000,72.0431
207.535000,105.6895
207.540000,88.8138
207.545000,77.1855
207.550000,82.9234
207.555000,92.7228
207.560000,74.8064
207.565000,83.9005
207.570000,91.4989
207.575000,78.1947
207.580000,70.4884
207.585000,89.4075
207.590000,73.5121
207.595000,55.9221
207.600000,66.7243
207.605000,55.9293
207.610000,37.1125
207.615000,38.2658
207.620000,41.4214
207.625000,24.8143
207.630000,21.8740
207.635000,40.6609
207.640000,32.8198
207.645000,23.6697
207.650000,36.2804
207.655000,33.9158
207.660000,14.8098
207.665000,7.4371
207.670000,18.1864
207.675000,3.6473
207.680000,3.9869
207.685000,11.8299
207.690000,-2.8282
207.695000,-25.9730
207.700000,-4.2196
207.705000,-13.1329
207.710000,-21.6345
207.715000,-27.6272
207.720000,-25.1510
207.725000,-35.8543
207.730000,-43.7228
207.735000,-24.6313
207.740000,-32.8306
207.745000,-42.2504
207.750000,-30.0076
207.755000,-37.9780
207.760000,-46.9219
207.765000,-39.2435
207.770000,-31.5491
207.775000,-54.9078
207.780000,-55.9665
207.785000,-50.5246
207.790000,-51.9578
207.795000,-67.8903
207.800000,-66.9265
207.805000,-62.0873
207.810000,-76.1108
207.815000,-76.8322
207.820000,-64.9404
207.825000,-82.9507
207.830000,-89.6263
207.835000,-73.1837
207.840000,-86.2772
207.845000,-86.3868
207.850000,-72.2162
207.855000,-69.7385
207.860000,-83.7269
207.865000,-82.0671
207.870000,-62.8361
207.875000,-81.1955
207.880000,-74.7134
207.885000,-50.9664
207.890000,-64.4277
207.895000,-75.9094
207.900000,-67.6119
207.905000,-65.6722
207.910000,-82.6059
207.915000,-69.9224
207.920000,-61.4036
207.925000,-72.1342
207.930000,-77.9148
207.935000,-40.1001
207.940000,-51.2791
207.945000,-62.7267
207.950000,-49.8380
207.955000,-39.5409
207.960000,-38.5704
207.965000,-40.0742
207.970000,-27.4381
207.975000,-28.8226
207.980000,-31.3127
207.985000,-19.7975
207.990000,-27.9145
207.995000,-36.4753
208.000000,-6.7648
208.005000,-2.9993
208.010000,-13.2327
208.015000,-3.3095
208.020000,8.7644
208.025000,-1.2424
208.030000,-4.5304
208.035000,14.6487
208.040000,20.8237
208.045000,10.8177
208.050000,25.7921
208.055000,35.0339
208.060000,22.7951
208.065000,35.8801
208.070000,45.8859
208.075000,40.6019
208.080000,38.1737
208.085000,59.6713
208.090000,47.2131
208.095000,28.6826
208.100000,42.1838
208.105000,48.4406
208.110000,36.4388
208.115000,55.7712
208.120000,67.6217
208.125000,50.7183
208.130000,61.0038
208.135000,73.1266
208.140000,73.4924
208.145000,64.4279
208.150000,76.7432
208.155000,89.3483
208.160000,65.6658
208.165000,74.1709
208.170000,88.9073
208.175000,77.0075
208.180000,71.6289
208.185000,74.0123
208.190000,71.0277
208.195000,50.9488
208.200000,65.2352
208.205000,74.0768
208.210000,56.4893
208.215000,59.3817
208.220000,67.8999
208.225000,59.3918
208.230000,46.5542
208.235000,61.1336
208.240000,55.2259
208.245000,53.5983
208.250000,65.1032
208.255000,66.1345
208.260000,33.1973
208.265000,47.2230
208.270000,53.7610
208.275000,22.5422
208.280000,32.9998
208.285000,27.9288
208.290000,22.3860
208.295000,8.2579
208.300000,15.1848
208.305000,10.7273
208.310000,-2.4795
208.315000,-11.0005
208.320000,6.5794
208.325000,-3.7408
208.330000,-20.2964
208.335000,-0.6077
208.340000,5.8858
208.345000,-13.9976
208.350000,2.6293
208.355000,-3.9719
208.360000,-25.2845
208.365000,-32.0068
208.370000,-12.6415
208.375000,-30.7321
208.380000,-39.8722
208.385000,-28.8669
208.390000,-41.4366
208.395000,-51.5696
208.400000,-39.8908
208.405000,-49.4783
208.410000,-47.9144
208.415000,-58.1551
208.420000,-48.6698
208.425000,-56.8123
208.430000,-53.1479
208.435000,-46.9284
208.440000,-59.5607
208.445000,-68.1149
208.450000,-49.7723
208.455000,-40.3922
208.460000,-57.9712
208.465000,-50.3295
208.470000,-45.0745
208.475000,-71.6575
208.480000,-77.2975
208.485000,-62.0720
208.490000,-64.9870
208.495000,-75.4148
208.500000,-60.0494
208.505000,-67.5642
208.510000,-91.5658
208.515000,-79.5112
208.520000,-70.0138
208.525000,-87.7545
208.530000,-85.1540
208.535000,-72.5432
208.540000,-69.8844
208.545000,-75.2638
208.550000,-63.7660
208.555000,-56.6247
208.560000,-73.3007
208.565000,-69.3688
208.570000,-43.6419
208.575000,-64.0370
208.580000,-61.1554
208.585000,-54.1659
208.590000,-54.3824
208.595000,-81.2099
208.600000,-53.6400
208.605000,-53.1724
208.610000,-66.9438
208.615000,-66.6639
208.620000,-55.9571
208.625000,-62.9029
208.630000,-62.6936
208.635000,-47.3698
208.640000,-38.7468
208.645000,-44.8634
208.650000,-22.2094
208.655000,-10.0581
208.660000,-25.1563
208.665000,-15.2344
208.670000,5.0860
208.675000,-8.2333
208.680000,-3.2536
208.685000,7.5719
208.690000,2.4814
208.695000,-11.0970
208.700000,-4.5080
208.705000,7.0843
208.710000,-11.6281
208.715000,-6.4008
208.720000,5.2807
208.725000,4.3452
208.730000,9.3770
208.735000,24.0329
208.740000,39.5440
208.745000,20.6294
208.750000,47.1862
208.755000,52.2027
208.760000,31.9061
208.765000,43.3469
208.770000,51.1063
208.775000,45.2963
208.780000,54.4328
208.785000,60.5579
208.790000,48.8717
208.795000,46.9381
208.800000,60.5447
208.805000,56.8610
208.810000,35.7759
208.815000,47.3702
208.820000,48.3795
208.825000,41.9734
208.830000,49.3189
208.835000,68.0195
208.840000,61.9684
208.845000,61.3249
208.850000,72.5317
208.855000,79.0637
208.860000,49.7057
208.865000,64.0673
208.870000,77.3721
208.875000,59.1816
208.880000,54.3364
208.885000,67.0272
208.890000,63.2262
208.895000,48.0073
208.900000,48.2796
208.905000,57.3843
208.910000,36.9904
208.915000,47.8531
208.920000,49.9952
208.925000,37.9100
208.930000,36.3349
208.935000,47.1651
208.940000,42.8264
208.945000,27.0397
208.950000,38.7579
208.955000,48.7220
208.960000,30.3696
208.965000,33.0224
208.970000,39.8944
208.975000,23.7641
208.980000,10.4304
208.985000,17.3551
208.990000,8.5844
208.995000,-9.4758
209.000000,6.0984
209.005000,10.2525
209.010000,-29.9530
209.015000,-23.3396
209.020000,-8.4823
209.025000,-22.7047
209.030000,-25.3732
209.035000,-9.5631
209.040000,-8.2703
209.045000,-20.1589
209.050000,-9.2997
209.055000,-11.0829
209.060000,-21.8529
209.065000,-19.3509
209.070000,-8.3541
209.075000,-23.0070
209.080000,-39.8856
209.085000,-21.9150
209.090000,-35.6787
209.095000,-45.4973
209.100000,-44.3268
209.105000,-31.8666
209.110000,-59.9824
209.115000,-57.3809
209.120000,-44.8114
209.125000,-58.0093
209.130000,-62.7969
209.135000,-49.8706
209.140000,-54.3342
209.145000,-64.4861
209.150000,-51.0871
209.155000,-39.7732
209.160000,-48.8036
209.165000,-47.9571
209.170000,-23.7443
209.175000,-47.5403
209.180000,-50.9927
209.185000,-47.3775
209.190000,-51.3031
209.195000,-64.6256
209.200000,-50.4218
209.205000,-43.0871
209.210000,-65.9332
209.215000,-64.4966
209.220000,-47.0738
209.225000,-62.8745
209.230000,-65.4882
209.235000,-44.8126
209.240000,-26.8868
209.245000,-33.5556
209.250000,-25.3989
209.255000,-19.0565
209.260000,-40.6132
209.265000,-26.2456
209.270000,-18.1394
209.275000,-36.8127
209.280000,-34.0461
209.285000,-10.4374
209.290000,-15.1541
209.295000,-34.0451
209.300000,-18.8915
209.305000,-21.6091
209.310000,-28.9941
209.315000,-17.6393
209.320000,-0.2723
209.325000,-16.6760
209.330000,-20.7863
209.335000,1.0813
209.340000,10.8144
209.345000,-2.2461
209.350000,17.2854
209.355000,22.3903
209.360000,21.3134
209.365000,26.0708
209.370000,38.0311
209.375000,23.6605
209.380000,28.2188
209.385000,33.0590
209.390000,29.2082
209.395000,17.6258
209.400000,22.0721
209.405000,30.9743
209.410000,4.2467
209.415000,7.3326
209.420000,18.6954
209.425000,6.1010
209.430000,4.5894
209.435000,23.6225
209.440000,22.0340
209.445000,9.4182
209.450000,31.7090
209.455000,46.2931
209.460000,42.4244
209.465000,39.3079
209.470000,48.1609
209.475000,43.6729
209.480000,40.1319
209.485000,48.3215
209.490000,28.6225
209.495000,25.2952
209.500000,21.0962
209.505000,28.0311
209.510000,18.6425
209.515000,13.4372
209.520000,30.3090
209.525000,19.8067
209.530000,16.1332
209.535000,35.3564
209.540000,36.6178
209.545000,23.3348
209.550000,41.4461
209.555000,49.8736
209.560000,35.7050
209.565000,38.8306
209.570000,50.9610
209.575000,31.3047
209.580000,23.2994
209.585000,31.2180
209.590000,22.7786
209.595000,8.8734
209.600000,17.6225
209.605000,8.1775
209.610000,-1.1500
209.615000,8.8348
209.620000,15.9889
209.625000,-1.9020
209.630000,2.2512
209.635000,20.2375
209.640000,10.2701
209.645000,13.6567
209.650000,17.7046
209.655000,24.3913
209.660000,11.9584
209.665000,14.8257
209.670000,18.1302
209.675000,-7.4634
209.680000,-10.6959
209.685000,2.0032
209.690000,-4.6134
209.695000,-28.1292
209.700000,-21.6255
209.705000,-23.2566
209.710000,-45.0423
209.715000,-46.1148
209.720000,-28.0875
209.725000,-39.1887
209.730000,-41.3988
209.735000,-27.2627
209.740000,-32.5496
209.745000,-45.0887
209.750000,-26.0377
209.755000,-15.5328
209.760000,-29.2737
209.765000,-19.8871
209.770000,-23.4884
209.775000,-41.8626
209.780000,-50.9843
209.785000,-35.1501
209.790000,-42.9027
209.795000,-61.9323
209.800000,-66.1772
209.805000,-62.8550
209.810000,-71.9327
209.815000,-76.4972
209.820000,-57.4356
209.825000,-79.1325
209.830000,-67.2121
209.835000,-53.9887
209.840000,-47.4256
209.845000,-54.3579
209.850000,-42.0848
209.855000,-32.3060
209.860000,-46.4699
209.865000,-24.6993
209.870000,-16.5725
209.875000,-34.9949
209.880000,-42.0413
209.885000,-27.4932
209.890000,-47.2109
209.895000,-55.6417
209.900000,-40.8293
209.905000,-40.9216
209.910000,-65.4514
209.915000,-54.0209
209.920000,-58.5020
209.925000,-59.7882
209.930000,-56.3531
209.935000,-38.6352
209.940000,-36.1448
209.945000,-53.2288
209.950000,-25.3926
209.955000,-29.4050
209.960000,-35.4905
209.965000,-29.5112
209.970000,-17.5546
209.975000,-22.2292
209.980000,-16.6661
209.985000,-6.9324
209.990000,-35.2012
209.995000,-42.5482
210.000000,-30.1836
210.005000,-23.7045
210.010000,-38.0353
210.015000,-24.2047
210.020000,-15.2566
210.025000,-19.6569
210.030000,-17.0339
210.035000,17.8445
210.040000,13.1051
210.045000,5.5981
210.050000,15.3002
210.055000,24.7939
210.060000,16.2069
210.065000,19.2747
210.070000,25.4763
210.075000,28.7879
210.080000,15.1995
210.085000,30.2335
210.090000,15.3185
210.095000,12.7164
210.100000,9.2246
210.105000,16.6451
210.110000,7.4655
210.115000,6.8899
210.120000,26.8472
210.125000,18.9873
210.130000,14.0257
210.135000,49.9391
210.140000,48.4983
210.145000,35.4891
210.150000,46.5780
210.155000,57.0173
210.160000,53.2725
210.165000,59.5797
210.170000,72.2671
210.175000,60.8367
210.180000,49.9607
210.185000,47.2993
210.190000,45.2144
210.195000,26.7103
210.200000,46.9527
210.205000,42.9822
210.210000,22.2642
210.215000,23.2851
210.220000,47.8194
210.225000,23.8079
210.230000,21.5688
210.235000,46.3547
210.240000,45.5388
210.245000,37.2093
210.250000,51.0933
210.255000,62.0095
210.260000,35.3576
210.265000,40.6713
210.270000,48.9929
210.275000,35.0315
210.280000,25.2881
210.285000,30.0769
210.290000,21.6411
210.295000,16.5285
210.300000,20.2471
210.305000,24.1702
210.310000,0.1278
210.315000,5.8044
210.320000,6.3374
210.325000,1.7806
210.330000,5.5168
210.335000,16.7634
210.340000,21.0963
210.345000,15.9109
210.350000,29.9378
210.355000,29.1193
210.360000,17.2348
210.365000,20.8200
210.370000,22.5878
210.375000,18.7445
210.380000,-0.1354
210.385000,14.3862
210.390000,14.1633
210.395000,-22.3956
210.400000,-6.9208
210.405000,-10.4569
210.410000,-23.1793
210.415000,-20.3978
210.420000,-10.3870
210.425000,-19.9751
210.430000,-24.7028
210.435000,-8.9342
210.440000,-21.9482
210.445000,-23.6725
210.450000,-19.2795
210.455000,0.9383
210.460000,-8.0608
210.465000,-6.3290
210.470000,-12.4520
210.475000,-17.4665
210.480000,-23.8972
210.485000,-9.0902
210.490000,-25.3812
210.495000,-41.1515
210.500000,-33.1562
210.505000,-36.0212
210.510000,-50.8330
210.515000,-36.4972
210.520000,-22.4642
210.525000,-37.3008
210.530000,-46.9476
210.535000,-29.7768
210.540000,-28.4774
210.545000,-33.5349
210.550000,-18.5840
210.555000,-16.4433
210.560000,-28.1313
210.565000,-25.2527
210.570000,-12.6665
210.575000,-17.4131
210.580000,-21.4797
210.585000,-11.0469
210.590000,-16.3359
210.595000,-41.5461
210.600000,-30.9325
210.605000,-21.8316
210.610000,-41.5599
210.615000,-26.9691
210.620000,-18.1683
210.625000,-32.7304
210.630000,-28.3165
210.635000,-10.8909
210.640000,-2.7388
210.645000,-18.3472
210.650000,1.3049
210.655000,13.7973
210.660000,-9.9011
210.665000,0.8800
210.670000,32.5107
210.675000,9.5108
210.680000,-1.9200
210.685000,12.5612
210.690000,3.3958
210.695000,-12.0498
210.700000,-2.7242
210.705000,19.4637
210.710000,-6.9886
210.715000,4.4082
210.720000,34.9500
210.725000,15.8839
210.730000,12.4643
210.735000,29.3085
210.740000,27.2704
210.745000,24.9049
210.750000,33.8819
210.755000,56.6591
210.760000,42.6730
210.765000,57.5352
210.770000,58.4851
210.775000,38.2634
210.780000,35.2604
210.785000,48.7867
210.790000,36.4883
210.795000,29.4418
210.800000,39.5735
210.805000,42.6322
210.810000,26.9238
210.815000,28.5685
210.820000,39.3448
210.825000,21.8447
210.830000,30.7158
210.835000,48.3292
210.840000,49.1940
210.845000,39.6519
210.850000,48.1715
210.855000,51.9510
210.860000,43.1372
210.865000,50.6842
210.870000,65.9381
210.875000,50.2159
210.880000,41.7413
210.885000,52.2338
210.890000,49.4968
210.895000,40.2567
210.900000,42.7355
210.905000,46.9203
210.910000,25.5499
210.915000,25.6290
210.920000,38.1795
210.925000,23.6343
210.930000,32.9403
210.935000,45.2376
210.940000,52.4789
210.945000,44.1680
210.950000,51.1803
210.955000,52.4385
210.960000,39.0883
210.965000,46.7169
210.970000,55.1699
210.975000,42.5957
210.980000,25.1006
210.985000,34.1520
210.990000,28.8386
210.995000,8.0404
211.000000,15.6954
211.005000,8.4025
211.010000,-8.5900
211.015000,-1.4428
211.020000,7.4069
211.025000,-10.7679
211.030000,-16.9934
211.035000,2.1134
211.040000,6.1775
211.045000,-9.5650
211.050000,7.2330
211.055000,15.5095
211.060000,-0.5783
211.065000,6.7049
211.070000,19.2119
211.075000,-6.9037
211.080000,-10.6158
211.085000,13.2935
211.090000,-6.4697
211.095000,-21.9240
211.100000,-6.6834
211.105000,-10.4937
211.110000,-26.2131
211.115000,-23.4172
211.120000,-12.4233
211.125000,-27.4904
211.130000,-27.5677
211.135000,-5.7636
211.140000,-3.4058
211.145000,-23.6666
211.150000,3.2926
211.155000,3.4006
211.160000,-16.2667
211.165000,-15.1173
211.170000,-2.0155
211.175000,-15.6293
211.180000,-21.6529
211.185000,-26.9457
211.190000,-15.7147
211.195000,-42.5503
211.200000,-32.3305
211.205000,-27.0235
211.210000,-50.4208
211.215000,-35.8643
211.220000,-29.7837
211.225000,-40.6693
211.230000,-35.7297
211.235000,-24.5435
211.240000,-29.6097
211.245000,-34.0371
211.250000,-10.5371
211.255000,-0.0996
211.260000,-16.5233
211.265000,-16.7536
211.270000,-2.1315
211.275000,-11.5891
211.280000,-17.3670
211.285000,4.0296
211.290000,-9.1392
211.295000,-27.2286
211.300000,-10.9333
211.305000,3.1474
211.310000,-18.4838
211.315000,-21.1364
211.320000,-5.0717
211.325000,-20.9430
211.330000,-8.4596
211.335000,11.8712
211.340000,14.8071
211.345000,5.4836
211.350000,14.4736
211.355000,24.9424
211.360000,15.3982
211.365000,23.1664
211.370000,38.5116
211.375000,23.4871
211.380000,7.6375
211.385000,28.1752
211.390000,23.1195
211.395000,2.1049
211.400000,23.2588
211.405000,33.9935
211.410000,19.6658
211.415000,23.2799
211.420000,33.5119
211.425000,25.2065
211.430000,20.5932
211.435000,47.8188
211.440000,36.9686
211.445000,34.0246
211.450000,53.2615
211.455000,46.5452
211.460000,44.8559
211.465000,32.1590
211.470000,53.8854
211.475000,42.7335
211.480000,42.5049
211.485000,53.3501
211.490000,38.5483
211.495000,30.5376
211.500000,31.5539
211.505000,40.0840
211.510000,21.7380
211.515000,34.3112
211.520000,52.5867
211.525000,30.2498
211.530000,42.1923
211.535000,60.4590
211.540000,51.7760
211.545000,39.6636
211.550000,44.0938
211.555000,50.9035
211.560000,41.6550
211.565000,43.2674
211.570000,61.2464
211.575000,34.5929
211.580000,50.0175
211.585000,50.1053
211.590000,43.3728
211.595000,30.3991
211.600000,37.4659
211.605000,28.1100
211.610000,5.0207
211.615000,8.9730
211.620000,21.9500
211.625000,4.7728
211.630000,4.2873
211.635000,19.7413
211.640000,16.2348
211.645000,6.6817
211.650000,34.4863
211.655000,26.1851
211.660000,4.7688
211.665000,12.9100
211.670000,12.6616
211.675000,5.0643
211.680000,1.5919
211.685000,7.6366
211.690000,2.6141
211.695000,-20.7968
211.700000,-4.4781
211.705000,-3.2879
211.710000,-21.1109
211.715000,-10.9505
211.720000,-8.0986
211.725000,-17.7249
211.730000,-30.0897
211.735000,-9.5974
211.740000,-6.2912
211.745000,-17.5961
211.750000,-12.7041
211.755000,-16.4846
211.760000,-30.6012
211.765000,-23.0983
211.770000,-9.3667
211.775000,-31.1471
211.780000,-34.8561
211.785000,-27.3789
211.790000,-38.9450
211.795000,-45.8429
211.800000,-31.4401
211.805000,-32.5934
211.810000,-47.3368
211.815000,-52.6456
211.820000,-40.3436
211.825000,-54.4666
211.830000,-54.1570
211.835000,-40.5798
211.840000,-43.2649
211.845000,-62.0287
211.850000,-40.0451
211.855000,-31.1350
211.860000,-55.3278
211.865000,-52.9569
211.870000,-34.7378
211.875000,-43.0484
211.880000,-44.4402
211.885000,-30.0056
211.890000,-36.3221
211.895000,-55.3681
211.900000,-45.9832
211.905000,-40.8731
211.910000,-57.7741
211.915000,-50.3489
211.920000,-41.4664
211.925000,-47.5902
211.930000,-50.5959
211.935000,-26.7091
211.940000,-29.7242
211.945000,-43.7484
211.950000,-29.0655
211.955000,-21.0950
211.960000,-30.6024
211.965000,-24.4474
211.970000,-10.1805
211.975000,-28.0592
211.980000,-23.4804
211.985000,-4.6514
211.990000,-23.3583
211.995000,-30.0378
212.000000,-5.7104
212.005000,1.8086
212.010000,-10.4516
212.015000,-8.5105
212.020000,10.2670
212.025000,-3.4623
212.030000,-0.6162
212.035000,9.0670
212.040000,5.6614
212.045000,2.4488
212.050000,17.3879
212.055000,27.9773
212.060000,18.3273
212.065000,26.5440
212.070000,32.5469
212.075000,27.1924
212.080000,34.4598
212.085000,42.9455
212.090000,26.1603
212.095000,14.5695
212.100000,30.0984
212.105000,33.4874
212.110000,23.8621
212.115000,29.6026
212.120000,51.5961
212.125000,32.8798
212.130000,36.3992
212.135000,62.8845
212.140000,52.7629
212.145000,44.2114
212.150000,59.7382
212.155000,62.8314
212.160000,42.6932
212.165000,53.8651
212.170000,64.2688
212.175000,43.7963
212.180000,44.0575
212.185000,58.0078
212.190000,42.4822
212.195000,29.8489
212.200000,44.5031
212.205000,58.2308
212.210000,41.6753
212.215000,31.8747
212.220000,50.8993
212.225000,34.5560
212.230000,29.5895
212.235000,47.6652
212.240000,41.7867
212.245000,35.6373
212.250000,38.3296
212.255000,42.9947
212.260000,25.0773
212.265000,35.5283
212.270000,38.5206
212.275000,16.3193
212.280000,17.3894
212.285000,23.8618
212.290000,10.7702
212.295000,3.3131
212.300000,9.0567
212.305000,11.5847
212.310000,-15.8710
212.315000,-10.7943
212.320000,2.2010
212.325000,-2.0911
212.330000,-23.5731
212.335000,3.6772
212.340000,0.8507
212.345000,-4.2493
212.350000,-5.1488
212.355000,-0.3393
212.360000,-20.9903
212.365000,-25.7453
212.370000,-10.1298
212.375000,-35.4145
212.380000,-37.1233
212.385000,-30.2840
212.390000,-38.5358
212.395000,-54.7263
212.400000,-41.7373
212.405000,-35.3720
212.410000,-49.2317
212.415000,-46.0554
212.420000,-38.0651
212.425000,-45.6943
212.430000,-45.7977
212.435000,-35.1519
212.440000,-36.0324
212.445000,-55.9036
212.450000,-44.6522
212.455000,-39.6357
212.460000,-53.6464
212.465000,-48.0644
212.470000,-39.1782
212.475000,-65.1061
212.480000,-64.5260
212.485000,-45.5954
212.490000,-60.6822
212.495000,-68.3018
212.500000,-57.6815
212.505000,-63.3741
212.510000,-77.3181
212.515000,-75.7712
212.520000,-67.6774
212.525000,-79.1064
212.530000,-71.7692
212.535000,-56.5869
212.540000,-70.9440
212.545000,-73.9885
212.550000,-64.5148
212.555000,-64.4517
212.560000,-71.4592
212.565000,-68.1360
212.570000,-41.8241
212.575000,-65.4591
212.580000,-63.0314
212.585000,-46.1352
212.590000,-54.3126
212.595000,-73.8159
212.600000,-52.9346
212.605000,-54.2130
212.610000,-70.3610
212.615000,-65.8785
212.620000,-51.1065
212.625000,-64.8598
212.630000,-64.4794
212.635000,-42.5075
212.640000,-43.7672
212.645000,-49.3524
212.650000,-20.9493
212.655000,-20.3941
212.660000,-27.7301
212.665000,-13.0712
212.670000,-3.1636
212.675000,-8.2976
212.680000,-19.7047
212.685000,-1.3244
212.690000,-8.4271
212.695000,-22.4500
212.700000,-3.9914
212.705000,-1.6137
212.710000,-6.3674
212.715000,-9.8661
212.720000,15.6092
212.725000,10.2549
212.730000,15.6945
212.735000,37.7052
212.740000,40.0704
212.745000,27.5015
212.750000,42.7910
212.755000,51.1744
212.760000,40.7242
212.765000,51.1093
212.770000,66.0283
212.775000,57.4984
212.780000,37.4299
212.785000,68.4415
212.790000,60.9175
212.795000,43.1515
212.800000,58.6956
212.805000,56.9320
212.810000,38.1166
212.815000,50.5396
212.820000,54.2594
212.825000,55.2230
212.830000,54.0438
212.835000,70.2589
212.840000,71.5388
212.845000,68.3940
212.850000,86.0602
212.855000,80.7825
212.860000,61.0978
212.865000,68.5830
212.870000,83.3258
212.875000,72.6664
212.880000,61.7140
212.885000,74.8484
212.890000,64.6077
212.895000,55.6640
212.900000,59.3902
212.905000,62.0366
212.910000,52.0900
212.915000,51.1187
212.920000,52.3841
212.925000,39.6268
212.930000,33.8105
212.935000,49.7429
212.940000,52.5660
212.945000,37.8097
212.950000,45.4856
212.955000,55.6812
212.960000,26.5136
212.965000,32.4004
212.970000,39.5428
212.975000,21.4771
212.980000,14.7379
212.985000,30.6033
212.990000,14.9153
212.995000,-12.6520
213.000000,9.0413
213.005000,-2.1267
213.010000,-17.8396
213.015000,-21.2880
213.020000,-13.7508
213.025000,-8.6297
213.030000,-14.3750
213.035000,-1.2693
213.040000,-14.1704
213.045000,-22.7505
213.050000,-16.8285
213.055000,-10.3187
213.060000,-29.9689
213.065000,-32.1279
213.070000,-24.3274
213.075000,-33.9890
213.080000,-48.7087
213.085000,-39.6748
213.090000,-53.2628
213.095000,-63.4785
213.100000,-44.6254
213.105000,-53.2106
213.110000,-70.0032
213.115000,-73.1081
213.120000,-57.4387
213.125000,-70.2965
213.130000,-71.3401
213.135000,-61.2398
213.140000,-65.4664
213.145000,-74.5647
213.150000,-64.1823
213.155000,-59.2703
213.160000,-67.2270
213.165000,-65.4719
213.170000,-56.3286
213.175000,-65.8116
213.180000,-74.7562
213.185000,-65.8208
213.190000,-74.5396
213.195000,-81.8366
213.200000,-72.8043
213.205000,-71.5279
213.210000,-93.1945
213.215000,-87.8112
213.220000,-73.2075
213.225000,-74.9204
213.230000,-77.7932
213.235000,-64.3056
213.240000,-48.0169
213.245000,-51.5333
213.250000,-44.7238
213.255000,-48.0733
213.260000,-55.1773
213.265000,-45.0204
213.270000,-34.7376
213.275000,-44.1019
213.280000,-45.2150
213.285000,-30.1150
213.290000,-29.3796
213.295000,-50.5212
213.300000,-28.0071
213.305000,-27.6475
213.310000,-36.5948
213.315000,-26.3246
213.320000,-18.3593
213.325000,-20.6954
213.330000,-23.4695
213.335000,-0.6462
213.340000,8.2706
213.345000,-7.7801
213.350000,12.5181
213.355000,29.2748
213.360000,18.9752
213.365000,24.3863
213.370000,43.3179
213.375000,34.9192
213.380000,28.4717
213.385000,47.5584
213.390000,45.8174
213.395000,32.9724
213.400000,38.4241
213.405000,44.8456
213.410000,26.1931
213.415000,27.6130
213.420000,39.5292
213.425000,26.8632
213.430000,25.8205
213.435000,31.9500
213.440000,48.4662
213.445000,45.2668
213.450000,56.0155
213.455000,79.2401
213.460000,69.0883
213.465000,66.0777
213.470000,83.6163
213.475000,61.4747
213.480000,67.6430
213.485000,75.1292
213.490000,62.9815
213.495000,42.7029
213.500000,53.9876
213.505000,62.2228
213.510000,49.2205
213.515000,54.0145
213.520000,51.1947
213.525000,42.2873
213.530000,42.4925
213.535000,67.9626
213.540000,57.8180
213.545000,53.5331
213.550000,71.5356
213.555000,82.0841
213.560000,68.0415
213.565000,68.7756
213.570000,77.9766
213.575000,56.0180
213.580000,42.4251
213.585000,64.0227
213.590000,52.3303
213.595000,34.3843
213.600000,37.1586
213.605000,41.5206
213.610000,24.9289
213.615000,32.7173
213.620000,37.2060
213.625000,18.4317
213.630000,16.5003
213.635000,30.7187
213.640000,34.7445
213.645000,14.2394
213.650000,24.8846
213.655000,31.1618
213.660000,24.2218
213.665000,18.4796
213.670000,17.0939
213.675000,-4.2938
213.680000,-11.0734
213.685000,-2.8832
213.690000,-8.6612
213.695000,-27.8922
213.700000,-30.7471
213.705000,-34.8379
213.710000,-64.5689
213.715000,-49.0912
213.720000,-39.3185
213.725000,-52.6634
213.730000,-63.0103
213.735000,-45.9482
213.740000,-55.7840
213.745000,-63.2565
213.750000,-50.0000
213.755000,-47.3858
213.760000,-59.8793
213.765000,-52.9274
213.770000,-57.0214
213.775000,-63.9262
213.780000,-77.3894
213.785000,-65.9822
213.790000,-78.0749
213.795000,-94.9377
213.800000,-96.7206
213.805000,-90.8124
213.810000,-113.2418
213.815000,-111.4592
213.820000,-106.1670
213.825000,-110.5489
213.830000,-106.0082
213.835000,-90.9769
213.840000,-94.0891
213.845000,-97.1059
213.850000,-72.8441
213.855000,-75.0990
213.860000,-83.1946
213.865000,-73.2179
213.870000,-54.8473
213.875000,-80.9428
213.880000,-82.2899
213.885000,-69.3956
213.890000,-81.3794
213.895000,-85.6190
213.900000,-74.7158
213.905000,-81.1508
213.910000,-94.2965
213.915000,-96.3059
213.920000,-79.7313
213.925000,-96.1762
213.930000,-85.5795
213.935000,-65.9325
213.940000,-68.3145
213.945000,-81.8323
213.950000,-56.3603
213.955000,-47.3730
213.960000,-53.2332
213.965000,-46.6395
213.970000,-37.7240
213.975000,-42.4101
213.980000,-34.5292
213.985000,-30.4581
213.990000,-44.4126
213.995000,-52.9394
214.000000,-36.1570
214.005000,-31.9504
214.010000,-42.8184
214.015000,-18.5624
214.020000,-4.5267
214.025000,-15.0476
214.030000,-1.2459
214.035000,12.3901
214.040000,17.3068
214.045000,18.1207
214.050000,28.5758
214.055000,33.8473
214.060000,35.5689
214.065000,35.6006
214.070000,46.8666
214.075000,45.3201
214.080000,46.7434
214.085000,51.1118
214.090000,49.5910
214.095000,26.7256
214.100000,41.9670
214.105000,51.8832
214.110000,26.6159
214.115000,42.3886
214.120000,67.7590
214.125000,51.2713
214.130000,58.0333
214.135000,81.1849
214.140000,83.7745
214.145000,87.2764
214.150000,91.9780
214.155000,100.0959
214.160000,90.4884
214.165000,98.4523
214.170000,107.3103
214.175000,102.8049
214.180000,92.1886
214.185000,97.0394
214.190000,84.5354
214.195000,79.8873
214.200000,90.4314
214.205000,92.7360
214.210000,66.5184
214.215000,72.4365
214.220000,78.3095
214.225000,68.1008
214.230000,61.2563
214.235000,77.2161
214.240000,80.7287
214.245000,73.6555
214.250000,86.1679
214.255000,97.0113
214.260000,81.7917
214.265000,82.2183
214.270000,80.4852
214.275000,60.6157
214.280000,49.7653
214.285000,67.1613
214.290000,46.0462
214.295000,35.6341
214.300000,46.0695
214.305000,44.0108
214.310000,16.2942
214.315000,17.2725
214.320000,23.7388
214.325000,6.1726
214.330000,7.2039
214.335000,24.6253
214.340000,22.3628
214.345000,17.7061
214.350000,31.8118
214.355000,28.8977
214.360000,20.8895
214.365000,28.5739
214.370000,16.9064
214.375000,-3.1735
214.380000,-4.8970
214.385000,-1.3479
214.390000,-9.8458
214.395000,-27.4445
214.400000,-19.6099
214.405000,-32.4412
214.410000,-54.1862
214.415000,-48.8962
214.420000,-36.9472
214.425000,-46.8501
214.430000,-64.0238
214.435000,-41.2051
214.440000,-46.9959
214.445000,-61.1811
214.450000,-51.5611
214.455000,-43.1898
214.460000,-52.6747
214.465000,-48.9534
214.470000,-54.8916
214.475000,-65.9805
214.480000,-71.9568
214.485000,-57.8309
214.490000,-64.0306
214.495000,-85.0266
214.500000,-74.1227
214.505000,-71.9710
214.510000,-90.5909
214.515000,-86.6960
214.520000,-79.8751
214.525000,-80.7810
214.530000,-92.1732
214.535000,-69.4793
214.540000,-69.0332
214.545000,-75.9994
214.550000,-65.1228
214.555000,-48.0361
214.560000,-69.9586
214.565000,-64.2043
214.570000,-42.3978
214.575000,-56.3178
214.580000,-65.1965
214.585000,-37.3603
214.590000,-56.4474
214.595000,-73.0355
214.600000,-60.7147
214.605000,-51.6304
214.610000,-72.1396
214.615000,-49.5765
214.620000,-38.0376
214.625000,-50.4529
214.630000,-53.3553
214.635000,-27.8229
214.640000,-25.3236
214.645000,-30.3333
214.650000,-13.6117
214.655000,-3.3061
214.660000,-12.6666
214.665000,2.4417
214.670000,17.0723
214.675000,3.4769
214.680000,-4.7726
214.685000,9.3601
214.690000,13.4951
214.695000,-10.7396
214.700000,-0.5332
214.705000,20.4331
214.710000,7.4525
214.715000,20.5780
214.720000,42.3637
214.725000,39.1519
214.730000,34.3156
214.735000,45.6611
214.740000,56.1159
214.745000,54.6949
214.750000,58.9684
214.755000,79.8967
214.760000,59.0608
214.765000,78.6289
214.770000,77.7783
214.775000,63.3726
214.780000,58.2461
214.785000,72.4700
214.790000,69.2467
214.795000,64.0799
214.800000,68.3339
214.805000,76.1931
214.810000,57.7530
214.815000,70.0067
214.820000,76.8189
214.825000,56.2315
214.830000,69.4573
214.835000,90.6576
214.840000,87.8365
214.845000,80.3149
214.850000,89.5069
214.855000,89.6173
214.860000,79.0649
214.865000,85.6841
214.870000,105.9226
214.875000,82.9176
214.880000,79.3756
214.885000,94.5245
214.890000,87.1202
214.895000,64.7863
214.900000,69.2653
214.905000,71.5195
214.910000,54.0670
214.915000,58.6131
214.920000,69.2209
214.925000,54.2972
214.930000,48.4909
214.935000,66.4214
214.940000,70.1359
214.945000,65.1381
214.950000,72.1003
214.955000,72.7389
214.960000,55.2190
214.965000,60.1606
214.970000,77.6457
214.975000,56.2252
214.980000,35.4144
214.985000,41.5485
214.990000,34.2984
214.995000,16.8195
215.000000,13.4374
215.005000,14.2512
215.010000,-4.6012
215.015000,-1.8255
215.020000,4.5228
215.025000,-17.9684
215.030000,-8.5915
215.035000,-6.1413
215.040000,-0.0211
215.045000,-11.3859
215.050000,-4.2534
215.055000,-1.8290
215.060000,-8.7747
215.065000,-4.3721
215.070000,-0.9928
215.075000,-28.0997
215.080000,-28.8668
215.085000,-7.5967
215.090000,-25.4492
215.095000,-48.4398
215.100000,-30.7934
215.105000,-40.4946
215.110000,-56.2682
215.115000,-53.7296
215.120000,-36.4398
215.125000,-53.2455
215.130000,-52.6347
215.135000,-35.5320
215.140000,-38.4211
215.145000,-40.8468
215.150000,-33.7369
215.155000,-19.9168
215.160000,-37.9223
215.165000,-36.6645
215.170000,-37.7198
215.175000,-47.5910
215.180000,-59.6708
215.185000,-47.8841
215.190000,-54.6611
215.195000,-61.7687
215.200000,-56.3494
215.205000,-52.0967
215.210000,-70.2699
215.215000,-63.4566
215.220000,-57.4912
215.225000,-63.5993
215.230000,-71.0585
215.235000,-45.6380
215.240000,-53.4004
215.245000,-56.4682
215.250000,-27.8440
215.255000,-23.9944
215.260000,-35.1487
215.265000,-29.6789
215.270000,-16.6250
215.275000,-33.7579
215.280000,-27.6841
215.285000,-12.5822
215.290000,-20.5334
215.295000,-31.9197
215.300000,-23.4762
215.305000,-18.3809
215.310000,-18.0592
215.315000,-25.4650
215.320000,-7.8884
215.325000,-22.5071
215.330000,-19.9019
215.335000,6.8210
215.340000,6.6813
215.345000,-3.2913
215.350000,15.3678
215.355000,28.7478
215.360000,8.5201
215.365000,21.8266
215.370000,38.8598
215.375000,22.4672
215.380000,15.4702
215.385000,30.5111
215.390000,33.7027
215.395000,25.1004
215.400000,35.5382
215.405000,34.0617
215.410000,22.4552
215.415000,25.7991
215.420000,41.1670
215.425000,35.2493
215.430000,35.1361
215.435000,60.4295
215.440000,51.7374
215.445000,45.5558
215.450000,66.8778
215.455000,65.3453
215.460000,62.5034
215.465000,52.9934
215.470000,71.3247
215.475000,49.9343
215.480000,52.7105
215.485000,70.2744
215.490000,57.3857
215.495000,46.0078
215.500000,55.1036
215.505000,56.5596
215.510000,39.7824
215.515000,45.3510
215.520000,68.6172
215.525000,49.3299
215.530000,49.7409
215.535000,70.6608
215.540000,62.6420
215.545000,58.0811
215.550000,65.0889
215.555000,63.1741
215.560000,48.5253
215.565000,68.0974
215.570000,66.4138
215.575000,53.1983
215.580000,58.6973
215.585000,71.1906
215.590000,47.0164
215.595000,45.6941
215.600000,41.5735
215.605000,34.6406
215.610000,6.3476
215.615000,12.7382
215.620000,16.6636
215.625000,11.2362
215.630000,8.2457
215.635000,28.4221
215.640000,15.3111
215.645000,12.2675
215.650000,31.7638
215.655000,27.7230
215.660000,5.2438
215.665000,17.8684
215.670000,21.9939
215.675000,2.2204
215.680000,6.5382
215.685000,8.0723
215.690000,-8.9472
215.695000,-21.5503
215.700000,-6.0672
215.705000,-8.0202
215.710000,-26.4872
215.715000,-16.2159
215.720000,-20.2078
215.725000,-36.0945
215.730000,-33.6008
215.735000,-13.0337
215.740000,-24.8065
215.745000,-25.0199
215.750000,-13.0863
215.755000,-5.7777
215.760000,-29.4688
215.765000,-18.4305
215.770000,-9.6882
215.775000,-33.5654
215.780000,-33.9292
215.785000,-22.6158
215.790000,-42.1551
215.795000,-47.1568
215.800000,-36.9822
215.805000,-39.1763
215.810000,-48.2727
215.815000,-45.1234
215.820000,-33.8679
215.825000,-60.3066
215.830000,-63.4312
215.835000,-39.5016
215.840000,-41.7373
215.845000,-58.3335
215.850000,-41.9505
215.855000,-38.5025
215.860000,-44.6379
215.865000,-48.6856
215.870000,-32.3520
215.875000,-41.0593
215.880000,-45.1214
215.885000,-28.4305
215.890000,-37.2677
215.895000,-51.3407
215.900000,-42.4574
215.905000,-43.1697
215.910000,-58.7827
215.915000,-62.7070
215.920000,-43.7141
215.925000,-51.9550
215.930000,-56.5689
215.935000,-24.9423
215.940000,-21.5365
215.945000,-39.8106
215.950000,-26.5449
215.955000,-23.9281
215.960000,-25.4800
215.965000,-32.6245
215.970000,-5.4109
215.975000,-16.1895
215.980000,-27.5736
215.985000,-7.0857
215.990000,-21.7995
215.995000,-33.2937
216.000000,-10.1738
216.005000,-6.4660
216.010000,-10.4528
216.015000,-2.6725
216.020000,2.0054
216.025000,-12.0354
216.030000,-13.4648
216.035000,10.7893
216.040000,3.3600
216.045000,1.8585
216.050000,24.3287
216.055000,33.2418
216.060000,16.9085
216.065000,24.2242
216.070000,36.1375
216.075000,22.3320
216.080000,21.4994
216.085000,45.8877
216.090000,29.1237
216.095000,10.9539
216.100000,21.6286
216.105000,25.5635
216.110000,14.1817
216.115000,26.1616
216.120000,41.6961
216.125000,26.6795
216.130000,25.3160
216.135000,44.4429
216.140000,51.2180
216.145000,23.5617
216.150000,53.9391
216.155000,51.2146
216.160000,37.3994
216.165000,36.8678
216.170000,53.0118
216.175000,40.1315
216.180000,44.8644
216.185000,43.3500
216.190000,32.9641
216.195000,23.5877
216.200000,30.8237
216.205000,49.0091
216.210000,33.2630
216.215000,25.9120
216.220000,34.7082
216.225000,21.4758
216.230000,17.8782
216.235000,34.9489
216.240000,30.4871
216.245000,23.8528
216.250000,32.1824
216.255000,35.0755
216.260000,16.1364
216.265000,12.7541
216.270000,22.2887
216.275000,14.5455
216.280000,11.0079
216.285000,17.7551
216.290000,4.6325
216.295000,1.5173
216.300000,6.4757
216.305000,-4.5222
216.310000,-11.9765
216.315000,-10.6826
216.320000,-1.4861
216.325000,-12.2794
216.330000,-18.9512
216.335000,-2.0387
216.340000,-3.5016
216.345000,-15.6455
216.350000,-3.2556
216.355000,0.2010
216.360000,-20.5244
216.365000,-22.4445
216.370000,-9.5317
216.375000,-11.4511
216.380000,-37.0286
216.385000,-14.6281
216.390000,-36.8648
216.395000,-38.7216
216.400000,-38.0936
216.405000,-20.4255
216.410000,-34.3048
216.415000,-34.7914
216.420000,-29.2023
216.425000,-35.0647
216.430000,-33.7047
216.435000,-18.6843
216.440000,-27.3106
216.445000,-33.2417
216.450000,-12.5648
216.455000,-23.8169
216.460000,-41.2621
216.465000,-23.5563
216.470000,-11.8717
216.475000,-35.0374
216.480000,-43.6314
216.485000,-29.9801
216.490000,-33.5820
216.495000,-49.2169
216.500000,-34.7406
216.505000,-37.2939
216.510000,-61.0234
216.515000,-49.8790
216.520000,-40.6243
216.525000,-59.7255
216.530000,-43.8860
216.535000,-37.4695
216.540000,-43.1140
216.545000,-56.9508
216.550000,-37.1144
216.555000,-28.0209
216.560000,-55.2569
216.565000,-44.1315
216.570000,-21.7502
216.575000,-35.9333
216.580000,-43.0123
216.585000,-22.5466
216.590000,-35.6604
216.595000,-57.2159
216.600000,-37.4057
216.605000,-34.8792
216.610000,-56.1529
216.615000,-38.9330
216.620000,-45.9008
216.625000,-52.8207
216.630000,-45.6935
216.635000,-25.7857
216.640000,-25.0504
216.645000,-35.9868
216.650000,-9.4984
216.655000,-0.1810
216.660000,-12.8541
216.665000,-15.6255
216.670000,1.4648
216.675000,-10.1347
216.680000,-15.5667
216.685000,0.2654
216.690000,-4.0377
216.695000,-17.7143
216.700000,-4.5541
216.705000,-0.7539
216.710000,-15.6451
216.715000,-15.3282
216.720000,5.2575
216.725000,-6.6489
216.730000,-2.8135
216.735000,21.2130
216.740000,19.5543
216.745000,9.7736
216.750000,25.1480
216.755000,36.3601
216.760000,19.7191
216.765000,18.4408
216.770000,34.3866
216.775000,24.2030
216.780000,18.3891
216.785000,35.9859
216.790000,35.2074
216.795000,14.2069
216.800000,32.6808
216.805000,27.1956
216.810000,9.2452
216.815000,20.3338
216.820000,32.6032
216.825000,16.4520
216.830000,12.1105
216.835000,31.2093
216.840000,35.8914
216.845000,30.4829
216.850000,48.8220
216.855000,47.9000
216.860000,27.2390
216.865000,29.6691
216.870000,45.1112
216.875000,26.0762
216.880000,30.6527
216.885000,34.4336
216.890000,36.4676
216.895000,24.7953
216.900000,24.3937
216.905000,29.2603
216.910000,21.3944
216.915000,29.1078
216.920000,28.7444
216.925000,16.2921
216.930000,16.3706
216.935000,29.8779
216.940000,29.9606
216.945000,9.8321
216.950000,24.2601
216.955000,28.2838
216.960000,5.2814
216.965000,18.0586
216.970000,22.6245
216.975000,7.6847
216.980000,6.7494
216.985000,18.2735
216.990000,9.4679
216.995000,-15.1469
217.000000,6.8276
217.005000,6.0881
217.010000,-24.8164
217.015000,-19.6671
217.020000,-5.6630
217.025000,-8.0078
217.030000,-15.3193
217.035000,7.7119
217.040000,-10.4106
217.045000,-19.8848
217.050000,-5.0296
217.055000,1.9411
217.060000,-11.1560
217.065000,-6.2842
217.070000,-6.6995
217.075000,-16.2109
217.080000,-25.3038
217.085000,-11.2225
217.090000,-17.7796
217.095000,-27.8671
217.100000,-20.4580
217.105000,-16.0210
217.110000,-40.0402
217.115000,-35.5979
217.120000,-15.2210
217.125000,-26.5684
217.130000,-41.7290
217.135000,-32.7169
217.140000,-36.3256
217.145000,-39.8041
217.150000,-28.4775
217.155000,-26.2137
217.160000,-27.7207
217.165000,-20.0177
217.170000,-11.5144
217.175000,-28.7261
217.180000,-35.8335
217.185000,-23.5618
217.190000,-29.6349
217.195000,-37.2512
217.200000,-33.0230
217.205000,-33.0920
217.210000,-47.9746
217.215000,-40.4079
217.220000,-29.8481
217.225000,-38.6002
217.230000,-45.2837
217.235000,-19.8562
217.240000,-12.6778
217.245000,-23.7622
217.250000,-5.4073
217.255000,-10.2596
217.260000,-30.1077
217.265000,-8.3962
217.270000,-11.6500
217.275000,-22.6179
217.280000,-20.9663
217.285000,-0.1870
217.290000,-13.9055
217.295000,-22.0502
217.300000,-4.9927
217.305000,-15.5846
217.310000,-25.9588
217.315000,-6.2526
217.320000,-5.6490
217.325000,-8.5033
217.330000,-15.5277
217.335000,6.0196
217.340000,0.1574
217.345000,-2.8349
217.350000,11.4987
217.355000,27.3485
217.360000,9.1935
217.365000,16.3599
217.370000,30.4100
217.375000,24.9803
217.380000,26.2014
217.385000,31.9132
217.390000,16.6341
217.395000,19.4960
217.400000,18.6553
217.405000,29.1571
217.410000,3.3629
217.415000,1.6218
217.420000,8.9585
217.425000,6.2043
217.430000,0.7250
217.435000,6.2533
217.440000,5.4824
217.445000,2.0711
217.450000,20.8335
217.455000,36.5680
217.460000,29.4986
217.465000,31.1363
217.470000,41.9509
217.475000,19.0386
217.480000,14.0698
217.485000,29.2471
217.490000,25.7592
217.495000,8.8091
217.500000,16.0687
217.505000,17.0115
217.510000,1.4073
217.515000,4.3004
217.520000,19.1938
217.525000,3.0266
217.530000,3.5809
217.535000,23.6357
217.540000,26.6082
217.545000,14.4311
217.550000,20.4219
217.555000,32.1938
217.560000,24.0947
217.565000,35.8590
217.570000,31.9851
217.575000,21.8180
217.580000,15.5798
217.585000,27.4726
217.590000,17.7405
217.595000,-1.9719
217.600000,12.9419
217.605000,11.0989
217.610000,-4.6721
217.615000,-0.1121
217.620000,10.3140
217.625000,-1.7956
217.630000,2.0005
217.635000,12.4716
217.640000,15.3250
217.645000,-9.8866
217.650000,15.8366
217.655000,29.5798
217.660000,9.2879
217.665000,-6.2671
217.670000,13.3535
217.675000,4.5890
217.680000,-10.2990
217.685000,1.5219
217.690000,-1.0671
217.695000,-19.7585
217.700000,-24.6977
217.705000,-35.4665
217.710000,-42.2082
217.715000,-43.5217
217.720000,-27.5719
217.725000,-31.6116
217.730000,-43.2133
217.735000,-28.9474
217.740000,-29.3274
217.745000,-34.6527
217.750000,-23.4116
217.755000,-16.9499
217.760000,-30.9686
217.765000,-26.3722
217.770000,-13.0520
217.775000,-36.1687
217.780000,-44.8901
217.785000,-37.7598
217.790000,-42.9375
217.795000,-60.4260
217.800000,-58.2460
217.805000,-61.8930
217.810000,-71.0408
217.815000,-66.2675
217.820000,-52.2299
217.825000,-74.1681
217.830000,-61.7487
217.835000,-51.7488
217.840000,-51.5077
217.845000,-52.4917
217.850000,-45.5680
217.855000,-34.8827
217.860000,-45.2058
217.865000,-33.6563
217.870000,-9.2069
217.875000,-37.0766
217.880000,-39.6174
217.885000,-27.6187
217.890000,-50.2471
217.895000,-61.1877
217.900000,-45.5604
217.905000,-37.9054
217.910000,-53.8615
217.915000,-56.5076
217.920000,-45.4130
217.925000,-49.5404
217.930000,-59.2285
217.935000,-40.7840
217.940000,-43.7448
217.945000,-50.6514
217.950000,-32.4568
217.955000,-28.3315
217.960000,-38.3538
217.965000,-28.1009
217.970000,-21.6102
217.975000,-30.8448
217.980000,-31.9287
217.985000,-17.3700
217.990000,-25.7910
217.995000,-50.5680
218.000000,-29.5025
218.005000,-28.1632
218.010000,-28.8382
218.015000,-24.2781
218.020000,-10.6080
218.025000,-24.1317
218.030000,-10.3272
218.035000,9.8559
218.040000,11.4601
218.045000,3.2950
218.050000,22.4688
218.055000,23.8181
218.060000,21.3705
218.065000,18.9404
218.070000,33.5548
218.075000,19.8101
218.080000,21.0473
218.085000,27.9958
218.090000,12.9669
218.095000,12.5899
218.100000,7.1151
218.105000,13.9111
218.110000,7.2060
218.115000,15.3894
218.120000,36.7497
218.125000,16.7931
218.130000,30.8940
218.135000,54.1234
218.140000,49.2435
218.145000,43.3454
218.150000,56.5051
218.155000,67.4036
218.160000,60.3830
218.165000,68.5320
218.170000,77.0123
218.175000,73.5428
218.180000,58.8379
218.185000,60.0915
218.190000,50.4634
218.195000,33.2315
218.200000,50.3320
218.205000,61.4710
218.210000,33.1617
218.215000,33.5942
218.220000,53.6074
218.225000,40.4939
218.230000,27.1876
218.235000,46.6036
218.240000,47.9823
218.245000,44.0790
218.250000,60.2905
218.255000,66.9657
218.260000,48.7723
218.265000,57.0880
218.270000,65.7474
218.275000,38.0885
218.280000,33.7351
218.285000,31.8890
218.290000,33.7539
218.295000,16.2501
218.300000,27.5577
218.305000,32.1699
218.310000,8.2166
218.315000,9.4476
218.320000,17.5929
218.325000,15.9949
218.330000,6.2166
218.335000,19.6788
218.340000,19.8405
218.345000,15.7777
218.350000,30.0908
218.355000,33.3173
218.360000,15.5829
218.365000,29.0021
218.370000,28.5350
218.375000,7.0131
218.380000,0.7133
218.385000,7.3040
218.390000,3.1718
218.395000,-21.6857
218.400000,-19.0202
218.405000,-17.4217
218.410000,-36.1384
218.415000,-36.4880
218.420000,-20.2789
218.425000,-35.9911
218.430000,-40.6282
218.435000,-29.7274
218.440000,-33.0873
218.445000,-31.1810
218.450000,-17.0940
218.455000,-22.0762
218.460000,-23.9866
218.465000,-30.5244
218.470000,-25.6444
218.475000,-42.8845
218.480000,-55.3233
218.485000,-40.6484
218.490000,-43.3558
218.495000,-58.5761
218.500000,-60.0638
218.505000,-53.3324
218.510000,-69.1107
218.515000,-72.5851
218.520000,-46.2563
218.525000,-51.3418
218.530000,-59.0627
218.535000,-47.8409
218.540000,-43.1285
218.545000,-51.1519
218.550000,-37.9192
218.555000,-19.3770
218.560000,-43.5862
218.565000,-46.6771
218.570000,-24.0082
218.575000,-33.4270
218.580000,-36.8221
218.585000,-20.2404
218.590000,-39.3931
218.595000,-52.0558
218.600000,-33.9549
218.605000,-37.2875
218.610000,-45.2135
218.615000,-45.8235
218.620000,-34.2301
218.625000,-44.2371
218.630000,-45.1676
218.635000,-16.4211
218.640000,-24.1180
218.645000,-23.3606
218.650000,-14.5383
218.655000,0.0612
218.660000,5.2841
218.665000,2.7971
218.670000,24.1403
218.675000,6.5712
218.680000,0.7951
218.685000,9.5900
218.690000,0.2494
218.695000,-1.7323
218.700000,5.1591
218.705000,6.3989
218.710000,4.0933
218.715000,19.0454
218.720000,35.5388
218.725000,23.4020
218.730000,28.0172
218.735000,36.5941
218.740000,34.0943
218.745000,41.3922
218.750000,55.0907
218.755000,73.2256
218.760000,67.1163
218.765000,73.2128
218.770000,79.1860
218.775000,56.0306
218.780000,51.8870
218.785000,68.8758
218.790000,64.1778
218.795000,45.2410
218.800000,57.3751
218.805000,62.0411
218.810000,44.5904
218.815000,52.3257
218.820000,72.4507
218.825000,53.0737
218.830000,51.7368
218.835000,82.2161
218.840000,77.2048
218.845000,70.5684
218.850000,83.1936
218.855000,89.1337
218.860000,75.9514
218.865000,74.1182
218.870000,102.4471
218.875000,74.2335
218.880000,66.0773
218.885000,91.7680
218.890000,78.4528
218.895000,49.6152
218.900000,60.5864
218.905000,64.2575
218.910000,47.5671
218.915000,58.6500
218.920000,51.6655
218.925000,50.4349
218.930000,45.4109
218.935000,72.5906
218.940000,65.9132
218.945000,50.5770
218.950000,69.0641
218.955000,72.7942
218.960000,49.3788
218.965000,56.7583
218.970000,65.4736
218.975000,54.3808
218.980000,32.9474
218.985000,38.7647
218.990000,29.1653
218.995000,13.8388
219.000000,20.1743
219.005000,17.7348
219.010000,-4.9728
219.015000,-7.4777
219.020000,-2.4239
219.025000,-7.9331
219.030000,-22.2813
219.035000,-4.4025
219.040000,-3.9827
219.045000,-9.0874
219.050000,-0.8673
219.055000,2.1240
219.060000,-18.9472
219.065000,-5.7717
219.070000,3.1316
219.075000,-23.0358
219.080000,-23.1024
219.085000,-2.9211
219.090000,-25.2968
219.095000,-38.9702
219.100000,-32.9480
219.105000,-34.0888
219.110000,-50.0884
219.115000,-42.7788
219.120000,-47.0472
219.125000,-49.6467
219.130000,-54.9302
219.135000,-28.0379
219.140000,-38.2252
219.145000,-48.1872
219.150000,-23.7010
219.155000,-18.5981
219.160000,-44.4513
219.165000,-44.1755
219.170000,-48.2936
219.175000,-43.5705
219.180000,-56.2840
219.185000,-56.4064
219.190000,-49.6181
219.195000,-66.4714
219.200000,-66.8852
219.205000,-62.1960
219.210000,-77.7288
219.215000,-65.9276
219.220000,-61.8763
219.225000,-64.5220
219.230000,-65.8197
219.235000,-48.0706
219.240000,-51.2708
219.245000,-60.5796
219.250000,-30.9717
219.255000,-21.6784
219.260000,-32.0263
219.265000,-34.2711
219.270000,-25.0341
219.275000,-36.0125
219.280000,-39.0562
219.285000,-20.2410
219.290000,-20.4102
219.295000,-42.1632
219.300000,-30.0650
219.305000,-9.0652
219.310000,-28.3236
219.315000,-23.4108
219.320000,-16.5472
219.325000,-17.7606
219.330000,-13.5026
219.335000,7.7614
219.340000,4.8246
219.345000,1.2587
219.350000,19.4993
219.355000,28.3144
219.360000,14.8435
219.365000,26.2987
219.370000,45.3416
219.375000,30.2132
219.380000,25.6185
219.385000,35.7982
219.390000,39.6822
219.395000,16.7020
219.400000,38.3641
219.405000,53.9193
219.410000,37.0519
219.415000,35.6185
219.420000,50.5331
219.425000,42.2153
219.430000,40.3198
219.435000,59.0037
219.440000,57.3809
219.445000,66.0035
219.450000,86.0502
219.455000,77.6222
219.460000,73.8005
219.465000,76.5469
219.470000,90.9815
219.475000,85.6246
219.480000,60.5330
219.485000,88.9470
219.490000,77.8337
219.495000,60.4906
219.500000,68.1467
219.505000,70.9583
219.510000,65.6953
219.515000,68.3195
219.520000,80.6047
219.525000,60.3281
219.530000,74.3614
219.535000,92.7347
219.540000,86.7237
219.545000,72.2458
219.550000,85.5227
219.555000,85.0092
219.560000,64.7871
219.565000,77.9128
219.570000,91.5982
219.575000,68.2369
219.580000,70.9754
219.585000,86.8240
219.590000,73.2464
219.595000,52.0714
219.600000,53.9257
219.605000,47.3852
219.610000,32.7986
219.615000,22.7916
219.620000,32.9139
219.625000,22.2133
219.630000,15.7979
219.635000,36.3594
219.640000,21.7047
219.645000,18.1291
219.650000,33.6076
219.655000,38.7725
219.660000,7.8249
219.665000,27.1155
219.670000,25.3392
219.675000,12.4317
219.680000,0.4732
219.685000,6.8060
219.690000,-5.0791
219.695000,-16.9291
219.700000,-5.3629
219.705000,-21.4317
219.710000,-36.2317
219.715000,-25.1320
219.720000,-31.3749
219.725000,-41.8424
219.730000,-41.1111
219.735000,-25.9123
219.740000,-27.9846
219.745000,-39.3605
219.750000,-24.3370
219.755000,-32.8322
219.760000,-44.9530
219.765000,-44.2993
219.770000,-32.4574
219.775000,-50.2068
219.780000,-60.1300
219.785000,-42.1934
219.790000,-60.0110
219.795000,-73.3957
219.800000,-65.7726
219.805000,-64.9574
219.810000,-79.1650
219.815000,-75.5068
219.820000,-73.8131
219.825000,-80.6171
219.830000,-87.2182
219.835000,-66.9299
219.840000,-78.4437
219.845000,-89.7702
219.850000,-70.3127
219.855000,-64.4242
219.860000,-84.2710
219.865000,-77.0536
219.870000,-60.3249
219.875000,-64.0225
219.880000,-76.3699
219.885000,-58.6955
219.890000,-69.1153
219.895000,-76.7665
219.900000,-69.0935
219.905000,-68.0860
219.910000,-77.3854
219.915000,-81.3548
219.920000,-72.5294
219.925000,-61.9048
219.930000,-77.2636
219.935000,-48.2058
219.940000,-43.8453
219.945000,-59.2455
219.950000,-44.1922
219.955000,-31.2229
219.960000,-54.4049
219.965000,-49.2732
219.970000,-27.5077
219.975000,-29.9816
219.980000,-32.9917
219.985000,-15.9139
219.990000,-26.7827
219.995000,-39.0736
220.000000,-17.6202
220.005000,-1.2549
220.010000,-17.3838
220.015000,-5.0697
220.020000,4.6793
220.025000,0.5791
220.030000,-4.7329
220.035000,22.2564
220.040000,10.2790
220.045000,8.7501
220.050000,30.3791
220.055000,45.3703
220.060000,31.8844
220.065000,33.2481
220.070000,48.3830
220.075000,42.4555
220.080000,47.1761
220.085000,61.9784
220.090000,54.5495
220.095000,34.9255
220.100000,48.5008
220.105000,49.0351
220.110000,31.8744
220.115000,59.5378
220.120000,69.4174
220.125000,55.5358
220.130000,55.8242
220.135000,89.7770
220.140000,84.7323
220.145000,69.5235
220.150000,80.0718
220.155000,88.4001
220.160000,79.6095
220.165000,80.3141
220.170000,90.8679
220.175000,74.1471
220.180000,74.4651
220.185000,89.5134
220.190000,68.5123
220.195000,55.0187
220.200000,72.1174
220.205000,79.0691
220.210000,67.4892
220.215000,56.3226
220.220000,70.0984
220.225000,62.5571
220.230000,58.9399
220.235000,71.5130
220.240000,68.4054
220.245000,53.5531
220.250000,64.1792
220.255000,68.7801
220.260000,42.5672
220.265000,48.0678
220.270000,52.5428
220.275000,30.4274
220.280000,36.0157
220.285000,35.9146
220.290000,24.3092
220.295000,7.1007
220.300000,17.0368
220.305000,10.7868
220.310000,-8.2480
220.315000,-5.1394
220.320000,10.8246
220.325000,-3.0197
220.330000,-15.6983
220.335000,3.5392
220.340000,5.6761
220.345000,-11.9054
220.350000,-3.6556
220.355000,-4.8482
220.360000,-17.5410
220.365000,-31.3700
220.370000,-19.6822
220.375000,-35.2499
220.380000,-40.2707
220.385000,-36.2645
220.390000,-50.0817
220.395000,-54.5109
220.400000,-49.8471
220.405000,-46.3385
220.410000,-60.2276
220.415000,-62.3734
220.420000,-51.0732
220.425000,-57.6807
220.430000,-66.0617
220.435000,-51.2875
220.440000,-57.0572
220.445000,-71.5165
220.450000,-62.7918
220.455000,-59.6332
220.460000,-67.4935
220.465000,-64.6129
220.470000,-59.7799
220.475000,-74.9383
220.480000,-88.5755
220.485000,-69.4772
220.490000,-75.0564
220.495000,-88.0676
220.500000,-76.2873
220.505000,-86.7570
220.510000,-104.2310
220.515000,-95.2391
220.520000,-87.2957
220.525000,-105.8062
220.530000,-94.2686
220.535000,-78.5931
220.540000,-86.2835
220.545000,-88.6954
220.550000,-84.8132
220.555000,-77.1139
220.560000,-88.5572
220.565000,-73.7801
220.570000,-59.3688
220.575000,-70.9730
220.580000,-74.8401
220.585000,-54.6490
220.590000,-73.3095
220.595000,-83.3367
220.600000,-65.2320
220.605000,-61.4696
220.610000,-79.8737
220.615000,-69.5184
220.620000,-67.4402
220.625000,-75.9995
220.630000,-77.9094
220.635000,-55.6661
220.640000,-49.5315
220.645000,-52.7846
220.650000,-25.9996
220.655000,-19.6113
220.660000,-21.1571
220.665000,-23.7425
220.670000,2.0216
220.675000,-8.1478
220.680000,-17.2138
220.685000,3.9299
220.690000,-6.8724
220.695000,-10.3970
220.700000,7.7302
220.705000,5.3621
220.710000,-0.6273
220.715000,3.5384
220.720000,19.8104
220.725000,13.1198
220.730000,16.0115
220.735000,42.1728
220.740000,39.3329
220.745000,28.6534
220.750000,55.4174
220.755000,54.3959
220.760000,33.6026
220.765000,55.2205
220.770000,65.8406
220.775000,54.3108
220.780000,57.9345
220.785000,78.4247
220.790000,67.4249
220.795000,50.2222
220.800000,73.8513
220.805000,66.7696
220.810000,44.6360
220.815000,60.9740
220.820000,66.9754
220.825000,59.2049
220.830000,57.1780
220.835000,75.5598
220.840000,85.3436
220.845000,74.4503
220.850000,88.9345
220.855000,89.0943
220.860000,69.2806
220.865000,76.4865
220.870000,78.5390
220.875000,77.3469
220.880000,64.8732
220.885000,81.3276
220.890000,80.6446
220.895000,59.3005
220.900000,66.5955
220.905000,77.5443
220.910000,59.3731
220.915000,53.1573
220.920000,66.7332
220.925000,48.1425
220.930000,40.4320
220.935000,61.7624
220.940000,53.6265
220.945000,34.3103
220.950000,47.5052
220.955000,47.3195
220.960000,34.1401
220.965000,31.2226
220.970000,42.8082
220.975000,17.8429
220.980000,15.3954
220.985000,20.2036
220.990000,17.2015
220.995000,-7.0322
221.000000,5.5749
221.005000,15.3689
221.010000,-22.9565
221.015000,-19.5950
221.020000,-7.7643
221.025000,-17.2952
221.030000,-15.5476
221.035000,-10.1724
221.040000,-18.9161
221.045000,-26.5449
221.050000,-17.2442
221.055000,-18.3154
221.060000,-28.1282
221.065000,-24.3283
221.070000,-23.5560
221.075000,-30.1902
221.080000,-46.2291
221.085000,-33.5586
221.090000,-47.3836
221.095000,-61.9496
221.100000,-53.0201
221.105000,-44.3357
221.110000,-66.9274
221.115000,-62.5025
221.120000,-56.5176
221.125000,-64.9558
221.130000,-80.6699
221.135000,-64.2732
221.140000,-73.0424
221.145000,-72.0207
221.150000,-63.8322
221.155000,-58.3778
221.160000,-67.0463
221.165000,-55.6448
221.170000,-51.7765
221.175000,-63.7629
221.180000,-65.1485
221.185000,-59.2901
221.190000,-65.0842
221.195000,-83.7474
221.200000,-66.6893
221.205000,-63.3656
221.210000,-80.3216
221.215000,-85.9839
221.220000,-61.5500
221.225000,-78.9758
221.230000,-73.7104
221.235000,-57.9772
221.240000,-45.6509
221.245000,-51.4154
221.250000,-41.0325
221.255000,-46.6796
221.260000,-48.1039
221.265000,-33.7433
221.270000,-28.1963
221.275000,-49.4943
221.280000,-44.6021
221.285000,-28.7284
221.290000,-29.6341
221.295000,-40.6462
221.300000,-24.9458
221.305000,-18.4316
221.310000,-37.0747
221.315000,-24.0240
221.320000,-12.3164
221.325000,-13.6844
221.330000,-14.4704
221.335000,5.8539
221.340000,7.2646
221.345000,-7.9691
221.350000,14.7913
221.355000,23.7345
221.360000,16.2112
221.365000,23.4880
221.370000,38.8401
221.375000,27.2776
221.380000,26.5331
221.385000,45.1787
221.390000,41.7068
221.395000,25.6035
221.400000,35.6878
221.405000,31.8276
221.410000,23.8692
221.415000,20.7107
221.420000,33.9619
221.425000,28.7219
221.430000,20.4421
221.435000,36.1678
221.440000,32.9811
221.445000,36.6285
221.450000,46.7167
221.455000,65.0670
221.460000,53.9587
221.465000,54.8840
221.470000,59.9590
221.475000,49.9004
221.480000,49.7868
221.485000,66.2761
221.490000,51.8673
221.495000,37.2795
221.500000,51.2522
221.505000,49.3051
221.510000,34.5526
221.515000,48.7196
221.520000,48.2597
221.525000,34.4792
221.530000,28.4171
221.535000,48.9190
221.540000,44.1462
221.545000,37.1548
221.550000,46.3877
221.555000,69.8439
221.560000,54.1374
221.565000,52.7539
221.570000,65.1653
221.575000,37.4101
221.580000,38.5980
221.585000,49.3993
221.590000,34.7458
221.595000,20.8319
221.600000,26.5257
221.605000,29.9608
221.610000,18.7647
221.615000,15.8835
221.620000,30.8851
221.625000,23.0724
221.630000,13.2576
221.635000,25.0766
221.640000,24.8014
221.645000,10.0404
221.650000,15.7639
221.655000,25.1300
221.660000,8.9936
221.665000,1.9636
221.670000,22.3250
221.675000,-0.6545
221.680000,-15.9307
221.685000,-2.1584
221.690000,-8.1737
221.695000,-27.0417
221.700000,-28.2685
221.705000,-33.7849
221.710000,-54.3348
221.715000,-46.5221
221.720000,-23.4969
221.725000,-32.6719
221.730000,-45.2948
221.735000,-43.1201
221.740000,-44.5371
221.745000,-53.7950
221.750000,-42.9034
221.755000,-36.2608
221.760000,-48.3184
221.765000,-49.2040
221.770000,-36.1398
221.775000,-53.0671
221.780000,-60.7411
221.785000,-51.2704
221.790000,-59.4831
221.795000,-85.8345
221.800000,-76.0210
221.805000,-72.2100
221.810000,-94.6801
221.815000,-79.9804
221.820000,-74.7325
221.825000,-88.9102
221.830000,-87.4410
221.835000,-59.5635
221.840000,-75.6406
221.845000,-78.0725
221.850000,-66.8700
221.855000,-56.5053
221.860000,-61.9681
221.865000,-50.8170
221.870000,-32.4124
221.875000,-62.5629
221.880000,-61.5780
221.885000,-50.6087
221.890000,-60.4535
221.895000,-60.5443
221.900000,-54.6102
221.905000,-55.0080
221.910000,-82.5636
221.915000,-69.9602
221.920000,-58.1463
221.925000,-72.5390
221.930000,-64.8384
221.935000,-53.0704
221.940000,-53.7233
221.945000,-62.9038
221.950000,-42.5630
221.955000,-40.1104
221.960000,-43.5382
221.965000,-38.2098
221.970000,-28.1108
221.975000,-24.5307
221.980000,-34.5879
221.985000,-18.4916
221.990000,-39.0740
221.995000,-45.8494
222.000000,-35.4978
222.005000,-27.6008
222.010000,-29.5467
222.015000,-26.9848
222.020000,-8.0601
222.025000,-19.4393
222.030000,-1.4122
222.035000,11.3613
222.040000,11.3347
222.045000,12.6628
222.050000,14.8925
222.055000,24.9436
222.060000,18.7598
222.065000,23.8895
222.070000,28.7192
222.075000,21.7352
222.080000,29.3784
222.085000,36.3531
222.090000,24.4965
222.095000,14.5619
222.100000,29.7179
222.105000,25.4322
222.110000,18.8185
222.115000,29.0431
222.120000,45.0237
222.125000,35.8526
222.130000,36.0536
222.135000,64.3717
222.140000,54.3041
222.145000,50.4068
222.150000,71.0505
222.155000,75.8186
222.160000,60.0787
222.165000,70.2412
222.170000,80.9232
222.175000,67.5971
222.180000,62.7323
222.185000,67.2949
222.190000,56.1543
222.195000,41.8930
222.200000,44.0464
222.205000,57.8542
222.210000,38.8545
222.215000,40.3560
222.220000,61.4597
222.225000,42.2454
222.230000,34.5115
222.235000,55.8001
222.240000,55.8576
222.245000,55.3341
222.250000,66.2345
222.255000,71.2568
222.260000,54.7550
222.265000,52.4329
222.270000,53.2631
222.275000,47.3864
222.280000,35.2948
222.285000,42.1731
222.290000,32.7784
222.295000,26.0682
222.300000,28.8985
222.305000,32.2033
222.310000,9.3136
222.315000,-0.0560
222.320000,13.1503
222.325000,9.3502
222.330000,5.0458
222.335000,23.0623
222.340000,18.8541
222.345000,7.5031
222.350000,26.9675
222.355000,29.9594
222.360000,18.4264
222.365000,24.0751
222.370000,30.5439
222.375000,11.1458
222.380000,-0.5916
222.385000,9.2162
222.390000,4.3690
222.395000,-25.2572
222.400000,-14.3521
222.405000,-17.3095
222.410000,-30.6516
222.415000,-23.3259
222.420000,-13.0448
222.425000,-29.0983
222.430000,-40.1800
222.435000,-24.1116
222.440000,-17.2585
222.445000,-32.0686
222.450000,-20.2222
222.455000,-20.8051
222.460000,-18.3775
222.465000,-25.2003
222.470000,-19.0232
222.475000,-37.4773
222.480000,-42.7509
222.485000,-29.8628
222.490000,-30.3900
222.495000,-52.1027
222.500000,-48.2633
222.505000,-43.8510
222.510000,-63.9188
222.515000,-53.7258
222.520000,-39.4529
222.525000,-51.1622
222.530000,-56.6370
222.535000,-41.9337
222.540000,-39.2952
222.545000,-40.6480
222.550000,-26.8297
222.555000,-21.9438
222.560000,-34.1017
222.565000,-37.1260
222.570000,-14.6651
222.575000,-26.0840
222.580000,-26.3493
222.585000,-15.2215
222.590000,-25.3914
222.595000,-39.8067
222.600000,-30.7025
222.605000,-22.6515
222.610000,-45.5042
222.615000,-39.7352
222.620000,-22.0886
222.625000,-34.1489
222.630000,-34.3146
222.635000,-12.7764
222.640000,-13.5884
222.645000,-14.9369
222.650000,-2.6328
222.655000,13.1368
222.660000,-5.3404
222.665000,6.6437
222.670000,24.4539
222.675000,7.2305
222.680000,4.9841
222.685000,7.9840
222.690000,9.4181
222.695000,-6.6232
222.700000,-2.3742
222.705000,8.1542
222.710000,-6.3281
222.715000,11.4198
222.720000,32.1427
222.725000,16.7926
222.730000,21.8800
222.735000,31.4027
222.740000,39.2797
222.745000,38.4010
222.750000,42.4148
222.755000,61.6383
222.760000,43.1319
222.765000,58.5929
222.770000,65.4368
222.775000,48.5668
222.780000,37.0878
222.785000,54.3653
222.790000,37.6901
222.795000,28.5726
222.800000,43.3953
222.805000,46.7391
222.810000,20.6506
222.815000,30.1085
222.820000,43.7979
222.825000,33.5751
222.830000,27.4940
222.835000,48.4323
222.840000,56.1223
222.845000,46.5547
222.850000,63.0851
222.855000,59.4321
222.860000,55.5537
222.865000,64.4240
222.870000,77.3844
222.875000,55.3145
222.880000,49.8801
222.885000,56.1049
222.890000,52.3440
222.895000,37.2379
222.900000,44.6414
222.905000,44.7130
222.910000,24.5460
222.915000,35.8229
222.920000,41.1447
222.925000,38.1100
222.930000,36.0175
222.935000,45.4780
222.940000,38.1327
222.945000,40.0851
222.950000,59.7206
222.955000,54.3121
222.960000,41.9050
222.965000,44.1486
222.970000,66.7622
222.975000,36.0253
222.980000,23.8376
222.985000,35.6429
222.990000,33.8166
222.995000,12.2683
223.000000,19.6535
223.005000,10.8172
223.010000,-10.5568
223.015000,-4.3971
223.020000,3.3351
223.025000,-14.2910
223.030000,-20.7295
223.035000,5.5914
223.040000,6.0287
223.045000,-7.0291
223.050000,7.3104
223.055000,15.5021
223.060000,2.2449
223.065000,6.6223
223.070000,16.4374
223.075000,-4.4355
223.080000,-5.2819
223.085000,14.0199
223.090000,-4.4280
223.095000,-19.4426
223.100000,-14.8141
223.105000,-13.8812
223.110000,-28.5805
223.115000,-31.2234
223.120000,-16.5640
223.125000,-27.5004
223.130000,-26.7007
223.135000,-7.3330
223.140000,-1.2781
223.145000,-16.3659
223.150000,-2.0689
223.155000,4.6185
223.160000,-13.4580
223.165000,-7.1319
223.170000,-4.3796
223.175000,-11.3201
223.180000,-21.6371
223.185000,-14.8570
223.190000,-14.9695
223.195000,-36.0397
223.200000,-22.2781
223.205000,-32.2265
223.210000,-47.9985
223.215000,-38.1383
223.220000,-33.0854
223.225000,-42.2326
223.230000,-40.3214
223.235000,-21.3232
223.240000,-26.9229
223.245000,-22.4947
223.250000,-3.4725
223.255000,5.3347
223.260000,-10.2453
223.265000,-8.2286
223.270000,6.3764
223.275000,-10.3915
223.280000,-7.3636
223.285000,1.9262
223.290000,-1.0148
223.295000,-27.0416
223.300000,-13.7987
223.305000,3.0321
223.310000,-21.6533
223.315000,-19.8155
223.320000,-0.1099
223.325000,-24.7098
223.330000,-13.8207
223.335000,10.1482
223.340000,12.6758
223.345000,-4.4596
223.350000,25.5620
223.355000,25.0319
223.360000,10.4085
223.365000,20.5069
223.370000,33.8211
223.375000,21.4653
223.380000,8.5576
223.385000,23.1834
223.390000,25.7238
223.395000,5.7706
223.400000,17.7634
223.405000,20.7003
223.410000,2.9990
223.415000,14.9224
223.420000,25.9136
223.425000,12.4955
223.430000,21.9975
223.435000,40.3777
223.440000,31.8740
223.445000,34.9690
223.450000,47.4351
223.455000,44.9016
223.460000,33.2469
223.465000,43.6563
223.470000,54.8612
223.475000,35.7914
223.480000,36.6539
223.485000,51.5035
223.490000,40.8258
223.495000,14.5193
223.500000,37.2138
223.505000,42.3706
223.510000,15.3645
223.515000,23.0131
223.520000,41.4274
223.525000,21.6157
223.530000,28.5253
223.535000,52.3846
223.540000,45.3851
223.545000,32.7776
223.550000,42.8450
223.555000,40.8121
223.560000,26.7899
223.565000,44.3239
223.570000,46.0611
223.575000,38.8554
223.580000,42.4547
223.585000,43.8023
223.590000,42.5689
223.595000,23.7293
223.600000,19.2348
223.605000,15.7798
223.610000,-4.8614
223.615000,5.0143
223.620000,9.3019
223.625000,4.6249
223.630000,-6.5602
223.635000,17.7694
223.640000,7.8352
223.645000,3.3890
223.650000,26.6459
223.655000,25.4400
223.660000,1.4538
223.665000,15.6859
223.670000,14.2079
223.675000,6.0151
223.680000,9.2386
223.685000,19.4462
223.690000,-2.8732
223.695000,-15.8849
223.700000,-5.5758
223.705000,-0.8794
223.710000,-17.9830
223.715000,-15.3335
223.720000,-9.1843
223.725000,-22.7324
223.730000,-27.1221
223.735000,-4.0593
223.740000,-12.7901
223.745000,-5.8154
223.750000,3.5287
223.755000,-3.7145
223.760000,-12.5443
223.765000,-14.9651
223.770000,-4.1282
223.775000,-14.9983
223.780000,-18.9526
223.785000,-9.2560
223.790000,-14.8592
223.795000,-38.8457
223.800000,-30.9128
223.805000,-25.5070
223.810000,-32.4891
223.815000,-26.3583
223.820000,-24.8884
223.825000,-40.7862
223.830000,-40.2170
223.835000,-29.4086
223.840000,-35.2598
223.845000,-45.6805
223.850000,-28.3121
223.855000,-21.2265
223.860000,-36.0189
223.865000,-37.3739
223.870000,-17.9372
223.875000,-27.9514
223.880000,-35.7064
223.885000,-19.1180
223.890000,-27.9848
223.895000,-38.3159
223.900000,-31.0521
223.905000,-24.7442
223.910000,-36.9354
223.915000,-50.5003
223.920000,-35.9966
223.925000,-37.7226
223.930000,-38.8234
223.935000,-25.8997
223.940000,-16.5170
223.945000,-35.6329
223.950000,-23.9287
223.955000,-3.6923
223.960000,-22.6816
223.965000,-11.5506
223.970000,4.1864
223.975000,-16.6991
223.980000,-17.9889
223.985000,-1.9051
223.990000,-17.0270
223.995000,-27.3420
224.000000,-6.0599
224.005000,2.3905
224.010000,-17.7589
224.015000,-11.8063
224.020000,4.9454
224.025000,0.1628
224.030000,-9.6153
224.035000,5.5349
224.040000,4.2448
224.045000,5.2906
224.050000,15.7266
224.055000,33.3387
224.060000,8.1830
224.065000,22.9517
224.070000,35.7225
224.075000,18.9212
224.080000,19.1984
224.085000,35.5262
224.090000,20.1597
224.095000,-1.2827
224.100000,10.2765
224.105000,18.2397
224.110000,19.4662
224.115000,19.1404
224.120000,32.9533
224.125000,17.1040
224.130000,19.2003
224.135000,40.3568
224.140000,39.0648
224.145000,32.4524
224.150000,45.5264
224.155000,46.5892
224.160000,33.9107
224.165000,38.3871
224.170000,52.5375
224.175000,32.5424
224.180000,35.7792
224.185000,40.0164
224.190000,27.2649
224.195000,15.4884
224.200000,32.7961
224.205000,28.5756
224.210000,20.4673
224.215000,23.9885
224.220000,33.7587
224.225000,23.3422
224.230000,18.0286
224.235000,22.3678
224.240000,27.5303
224.245000,21.6210
224.250000,31.0142
224.255000,30.8962
224.260000,13.4839
224.265000,20.0267
224.270000,31.6295
224.275000,6.9659
224.280000,11.5835
224.285000,17.3656
224.290000,7.2628
224.295000,-9.6890
224.300000,-1.7519
224.305000,-6.2458
224.310000,-14.2574
224.315000,-16.1342
224.320000,2.4056
224.325000,-11.2357
224.330000,-15.6705
224.335000,-0.1447
224.340000,1.0646
224.345000,-15.1417
224.350000,-3.7323
224.355000,-2.0697
224.360000,-24.3959
224.365000,-18.2797
224.370000,-9.4961
224.375000,-17.7083
224.380000,-21.9666
224.385000,-21.1742
224.390000,-28.6874
224.395000,-38.0400
224.400000,-35.8514
224.405000,-21.0308
224.410000,-34.9066
224.415000,-33.4962
224.420000,-23.5356
224.425000,-41.1040
224.430000,-37.6243
224.435000,-19.7167
224.440000,-29.8789
224.445000,-44.0275
224.450000,-17.3853
224.455000,-24.1833
224.460000,-40.1416
224.465000,-32.0046
224.470000,-27.5552
224.475000,-41.6539
224.480000,-49.6722
224.485000,-24.4670
224.490000,-37.5832
224.495000,-54.7543
224.500000,-39.1984
224.505000,-35.3409
224.510000,-60.2356
224.515000,-63.5955
224.520000,-48.3269
224.525000,-48.0267
224.530000,-62.1077
224.535000,-45.3389
224.540000,-40.5228
224.545000,-56.9940
224.550000,-42.5453
224.555000,-47.8303
224.560000,-56.0814
224.565000,-49.1845
224.570000,-27.0845
224.575000,-54.3738
224.580000,-48.3723
224.585000,-30.5526
224.590000,-35.5820
224.595000,-54.7021
224.600000,-41.4360
224.605000,-45.4349
224.610000,-57.1492
224.615000,-46.6650
224.620000,-47.1494
224.625000,-50.2300
224.630000,-53.6577
224.635000,-30.1185
224.640000,-35.8899
224.645000,-43.8132
224.650000,-9.6226
224.655000,-3.6954
224.660000,-18.4713
224.665000,-9.0519
224.670000,7.0197
224.675000,-6.3131
224.680000,-11.0857
224.685000,3.1542
224.690000,-3.5833
224.695000,-13.2656
224.700000,-5.2580
224.705000,-0.4192
224.710000,-5.8733
224.715000,-0.7812
224.720000,3.8295
224.725000,4.9951
224.730000,7.1671
224.735000,31.3204
224.740000,19.0233
224.745000,23.1920
224.750000,39.5309
224.755000,38.3182
224.760000,20.3347
224.765000,26.0208
224.770000,42.0404
224.775000,34.3688
224.780000,35.6851
224.785000,44.1698
224.790000,34.6178
224.795000,25.6217
224.800000,44.1926
224.805000,42.0526
224.810000,22.4450
224.815000,31.8604
224.820000,39.1816
224.825000,28.6003
224.830000,33.9000
224.835000,50.4475
224.840000,50.6343
224.845000,43.7091
224.850000,65.3401
224.855000,59.7278
224.860000,42.8582
224.865000,40.1604
224.870000,60.7935
224.875000,51.8928
224.880000,39.0619
224.885000,53.6415
224.890000,49.3795
224.895000,39.2581
224.900000,36.2768
224.905000,52.8799
224.910000,35.6367
224.915000,27.9152
224.920000,41.2343
224.925000,20.2860
224.930000,23.6197
224.935000,42.6993
224.940000,32.1300
224.945000,17.1442
224.950000,32.8580
224.955000,39.6306
224.960000,8.8748
224.965000,26.8897
224.970000,29.3689
224.975000,5.4149
224.980000,3.5480
224.985000,28.5421
224.990000,16.5993
224.995000,-10.7922
225.000000,-1.2096
225.005000,14.8223
225.010000,-20.0010
225.015000,-21.7867
225.020000,-5.3300
225.025000,-19.1692
225.030000,-26.9246
225.035000,-7.4519
225.040000,-12.0491
225.045000,-23.0854
225.050000,-7.1847
225.055000,-1.9120
225.060000,-26.5773
225.065000,-19.6294
225.070000,-6.6826
225.075000,-26.8120
225.080000,-35.0298
225.085000,-24.5966
225.090000,-42.4255
225.095000,-43.9644
225.100000,-34.4239
225.105000,-37.4263
225.110000,-53.8150
225.115000,-56.0309
225.120000,-30.9255
225.125000,-55.6683
225.130000,-65.4755
225.135000,-51.5933
225.140000,-55.9805
225.145000,-54.2395
225.150000,-49.5767
225.155000,-39.6521
225.160000,-52.3982
225.165000,-54.7145
225.170000,-39.8456
225.175000,-51.7327
225.180000,-61.1037
225.185000,-42.7606
225.190000,-48.9524
225.195000,-61.1867
225.200000,-46.7766
225.205000,-44.3826
225.210000,-69.3061
225.215000,-60.8210
225.220000,-46.1538
225.225000,-57.6269
225.230000,-64.6440
225.235000,-41.7773
225.240000,-34.5006
225.245000,-46.4710
225.250000,-33.1011
225.255000,-36.4779
225.260000,-41.9892
225.265000,-35.8720
225.270000,-24.8567
225.275000,-40.6553
225.280000,-38.8975
225.285000,-20.5958
225.290000,-27.9373
225.295000,-36.6363
225.300000,-20.8136
225.305000,-17.0306
225.310000,-29.7537
225.315000,-21.5196
225.320000,-6.7116
225.325000,-8.2634
225.330000,-11.9483
225.335000,1.3028
225.340000,4.1044
225.345000,-10.9846
225.350000,12.7164
225.355000,20.2491
225.360000,11.4576
225.365000,25.1682
225.370000,40.2343
225.375000,26.0881
225.380000,30.9343
225.385000,41.6885
225.390000,38.4406
225.395000,22.2999
225.400000,31.0240
225.405000,38.2688
225.410000,23.4489
225.415000,19.8461
225.420000,27.1540
225.425000,28.5108
225.430000,16.5040
225.435000,25.0114
225.440000,32.9215
225.445000,30.3080
225.450000,48.8813
225.455000,55.9741
225.460000,47.8502
225.465000,48.6193
225.470000,62.2426
225.475000,48.2765
225.480000,53.4645
225.485000,54.3348
225.490000,55.7798
225.495000,26.6402
225.500000,48.3220
225.505000,44.8233
225.510000,30.9381
225.515000,42.1857
225.520000,54.0371
225.525000,37.4059
225.530000,25.8504
225.535000,57.1027
225.540000,44.0498
225.545000,38.8788
225.550000,58.7432
225.555000,66.0614
225.560000,54.1917
225.565000,45.9514
225.570000,66.2591
225.575000,45.6147
225.580000,34.1501
225.585000,46.4929
225.590000,38.4866
225.595000,21.1976
225.600000,35.3720
225.605000,29.0692
225.610000,16.8757
225.615000,27.2927
225.620000,30.1482
225.625000,15.1400
225.630000,20.9351
225.635000,26.3613
225.640000,28.0465
225.645000,7.7621
225.650000,17.0677
225.655000,30.8493
225.660000,16.7972
225.665000,-1.0187
225.670000,17.1571
225.675000,5.7566
225.680000,-2.2324
225.685000,1.6587
225.690000,-7.1326
225.695000,-22.1420
225.700000,-24.1590
225.705000,-33.0943
225.710000,-57.3159
225.715000,-43.4522
225.720000,-29.0202
225.725000,-50.2663
225.730000,-47.8753
225.735000,-47.9638
225.740000,-45.6668
225.745000,-63.0768
225.750000,-44.4320
225.755000,-40.5804
225.760000,-53.9555
225.765000,-55.3567
225.770000,-44.4925
225.775000,-59.3575
225.780000,-77.8130
225.785000,-66.4313
225.790000,-69.4312
225.795000,-76.2412
225.800000,-83.8540
225.805000,-89.4449
225.810000,-102.3742
225.815000,-97.4841
225.820000,-86.0434
225.825000,-101.6588
225.830000,-93.7279
225.835000,-88.3030
225.840000,-86.2120
225.845000,-86.5961
225.850000,-72.1127
225.855000,-65.7632
225.860000,-76.6470
225.865000,-69.1652
225.870000,-55.1832
225.875000,-70.2298
225.880000,-70.8863
225.885000,-60.5869
225.890000,-79.9995
225.895000,-80.9671
225.900000,-63.7334
225.905000,-57.9772
225.910000,-88.7827
225.915000,-80.2154
225.920000,-67.6851
225.925000,-76.0008
225.930000,-79.8469
225.935000,-55.2499
225.940000,-61.2053
225.945000,-74.3266
225.950000,-56.2661
225.955000,-50.0936
225.960000,-61.1635
225.965000,-42.6844
225.970000,-32.4993
225.975000,-45.2894
225.980000,-40.1896
225.985000,-21.9023
225.990000,-32.7201
225.995000,-53.0802
226.000000,-34.4981
226.005000,-18.0918
226.010000,-31.9255
226.015000,-26.2614
226.020000,-3.9646
226.025000,-13.9342
226.030000,-3.0127
226.035000,15.5619
226.040000,11.5515
226.045000,11.5671
226.050000,27.0610
226.055000,39.2058
226.060000,27.1275
226.065000,37.5008
226.070000,36.8000
226.075000,44.9577
226.080000,38.8051
226.085000,49.5985
226.090000,40.9768
226.095000,34.2050
226.100000,37.3908
226.105000,42.5655
226.110000,26.5216
226.115000,46.0940
226.120000,70.4332
226.125000,48.0510
226.130000,57.8324
226.135000,78.4389
226.140000,82.6743
226.145000,66.7575
226.150000,100.3042
226.155000,97.4582
226.160000,89.5268
226.165000,100.2212
226.170000,105.7903
226.175000,92.1437
226.180000,89.2609
226.185000,95.1937
226.190000,78.8803
226.195000,65.1405
226.200000,82.3977
226.205000,91.8723
226.210000,59.6010
226.215000,59.4720
226.220000,83.2697
226.225000,66.1792
226.230000,61.2252
226.235000,82.0402
226.240000,80.6929
226.245000,71.5118
226.250000,86.8316
226.255000,92.5751
226.260000,70.6664
226.265000,73.3507
226.270000,79.2007
226.275000,66.1960
226.280000,53.8733
226.285000,57.1086
226.290000,45.1445
226.295000,36.6031
226.300000,42.4872
226.305000,45.4829
226.310000,21.9519
226.315000,11.9593
226.320000,18.6706
226.325000,14.1952
226.330000,13.2431
226.335000,23.5400
226.340000,26.9491
226.345000,13.9244
226.350000,32.1252
226.355000,26.0677
226.360000,17.4054
226.365000,25.0058
226.370000,16.8503
226.375000,-5.1369
226.380000,-20.1910
226.385000,1.2486
226.390000,-4.9916
226.395000,-34.2961
226.400000,-32.5431
226.405000,-28.5720
226.410000,-52.9458
226.415000,-44.3810
226.420000,-41.5421
226.425000,-61.0494
226.430000,-57.0385
226.435000,-43.2054
226.440000,-53.3205
226.445000,-58.6508
226.450000,-56.3808
226.455000,-54.7044
226.460000,-51.8337
226.465000,-51.2072
226.470000,-54.8937
226.475000,-64.3528
226.480000,-73.9440
226.485000,-62.1455
226.490000,-65.4253
226.495000,-85.7670
226.500000,-80.3012
226.505000,-84.8002
226.510000,-94.0763
226.515000,-86.5401
226.520000,-74.0369
226.525000,-90.9352
226.530000,-90.3580
226.535000,-76.0556
226.540000,-67.6634
226.545000,-81.8705
226.550000,-65.4432
226.555000,-51.4761
226.560000,-73.3713
226.565000,-72.0447
226.570000,-50.9672
226.575000,-63.9857
226.580000,-61.7117
226.585000,-40.7989
226.590000,-55.7461
226.595000,-66.5669
226.600000,-56.5084
226.605000,-52.4264
226.610000,-68.2822
226.615000,-59.6732
226.620000,-46.6465
226.625000,-54.9032
226.630000,-43.2191
226.635000,-33.7338
226.640000,-27.9275
226.645000,-28.4143
226.650000,-14.9267
226.655000,-1.8371
226.660000,-19.8672
226.665000,2.4997
226.670000,24.6114
226.675000,9.5405
226.680000,6.3992
226.685000,23.0159
226.690000,1.6788
226.695000,-2.5034
226.700000,5.7757
226.705000,18.2046
226.710000,8.7784
226.715000,23.3076
226.720000,36.5988
226.725000,34.2551
226.730000,30.5273
226.735000,49.1557
226.740000,57.9272
226.745000,49.6609
226.750000,70.6098
226.755000,84.8267
226.760000,75.6249
226.765000,84.5781
226.770000,95.6844
226.775000,76.8960
226.780000,64.1632
226.785000,87.1448
226.790000,80.4207
226.795000,68.5919
226.800000,79.2905
226.805000,75.8649
226.810000,63.7549
226.815000,69.5384
226.820000,91.7924
226.825000,68.0508
226.830000,79.1763
226.835000,98.3024
226.840000,95.2567
226.845000,94.4103
226.850000,102.2276
226.855000,101.6951
226.860000,88.4728
226.865000,103.8025
226.870000,121.2463
226.875000,101.9394
226.880000,93.5163
226.885000,98.5602
226.890000,97.6755
226.895000,67.7901
226.900000,75.2766
226.905000,80.1576
226.910000,60.8961
226.915000,66.0114
226.920000,77.6910
226.925000,67.7669
226.930000,60.0980
226.935000,78.2472
226.940000,79.7670
226.945000,72.4764
226.950000,78.6122
226.955000,79.5681
226.960000,64.5610
226.965000,66.4087
226.970000,80.3745
226.975000,58.1380
226.980000,41.9851
226.985000,37.4476
226.990000,30.3939
226.995000,17.4338
227.000000,19.6384
227.005000,14.2208
227.010000,-1.9832
227.015000,-0.3467
227.020000,0.6906
227.025000,-17.8743
227.030000,-17.9330
227.035000,-11.1237
227.040000,-5.0431
227.045000,-15.6525
227.050000,-7.6319
227.055000,1.8206
227.060000,-22.1154
227.065000,-5.3047
227.070000,-0.2863
227.075000,-23.2324
227.080000,-35.5579
227.085000,-19.8176
227.090000,-41.5818
227.095000,-58.5623
227.100000,-37.2168
227.105000,-49.1015
227.110000,-68.1207
227.115000,-64.5880
227.120000,-47.9770
227.125000,-60.8447
227.130000,-61.2253
227.135000,-49.0369
227.140000,-41.1142
227.145000,-53.4582
227.150000,-42.4733
227.155000,-40.5683
227.160000,-53.8355
227.165000,-54.2907
227.170000,-43.9329
227.175000,-57.1282
227.180000,-66.3660
227.185000,-59.6545
227.190000,-67.5454
227.195000,-89.1618
227.200000,-65.1394
227.205000,-80.0265
227.210000,-89.3275
227.215000,-82.2927
227.220000,-74.7012
227.225000,-75.5578
227.230000,-80.7249
227.235000,-63.7564
227.240000,-62.5179
227.245000,-68.9650
227.250000,-40.3877
227.255000,-32.1122
227.260000,-50.6083
227.265000,-43.6367
227.270000,-25.1131
227.275000,-35.6404
227.280000,-35.3016
227.285000,-25.5052
227.290000,-31.1162
227.295000,-45.7920
227.300000,-37.4379
227.305000,-23.2024
227.310000,-34.7653
227.315000,-39.8948
227.320000,-14.1777
227.325000,-21.3914
227.330000,-16.7322
227.335000,-0.7183
227.340000,4.0854
227.345000,2.5131
227.350000,17.4079
227.355000,32.1034
227.360000,13.9891
227.365000,26.2483
227.370000,29.4460
227.375000,31.2477
227.380000,19.3671
227.385000,42.2337
227.390000,38.1436
227.395000,19.8156
227.400000,36.8829
227.405000,49.5867
227.410000,38.4333
227.415000,42.9400
227.420000,47.7914
227.425000,42.6802
227.430000,43.3195
227.435000,63.7412
227.440000,64.6383
227.445000,68.2525
227.450000,87.3006
227.455000,86.6082
227.460000,70.6891
227.465000,74.6511
227.470000,81.3128
227.475000,72.8473
227.480000,73.6719
227.485000,92.1279
227.490000,74.7346
227.495000,55.8542
227.500000,66.5244
227.505000,70.3643
227.510000,58.4415
227.515000,71.6320
227.520000,79.7985
227.525000,67.8775
227.530000,72.9736
227.535000,83.0223
227.540000,85.0396
227.545000,75.3216
227.550000,82.4395
227.555000,85.7042
227.560000,69.6191
227.565000,75.6352
227.570000,87.1808
227.575000,63.9626
227.580000,71.0208
227.585000,87.3901
227.590000,71.6695
227.595000,51.8963
227.600000,55.9847
227.605000,57.1016
227.610000,32.9294
227.615000,24.0231
227.620000,22.2912
227.625000,15.4874
227.630000,19.5084
227.635000,36.8295
227.640000,30.7230
227.645000,14.0070
227.650000,42.3619
227.655000,34.7434
227.660000,16.3093
227.665000,25.0967
227.670000,27.6015
227.675000,11.6598
227.680000,12.0300
227.685000,12.2662
227.690000,-9.3825
227.695000,-18.6983
227.700000,-6.7440
227.705000,-15.3079
227.710000,-30.3682
227.715000,-21.3944
227.720000,-22.1336
227.725000,-36.4451
227.730000,-32.4724
227.735000,-26.3637
227.740000,-25.2311
227.745000,-30.8200
227.750000,-21.1528
227.755000,-18.2827
227.760000,-36.4000
227.765000,-26.1991
227.770000,-26.8519
227.775000,-51.8273
227.780000,-47.7425
227.785000,-38.5445
227.790000,-50.4885
227.795000,-65.6359
227.800000,-61.5706
227.805000,-55.0410
227.810000,-73.4243
227.815000,-78.1143
227.820000,-58.1707
227.825000,-77.1252
227.830000,-77.4538
227.835000,-58.8012
227.840000,-74.9335
227.845000,-77.9837
227.850000,-59.0898
227.855000,-52.1870
227.860000,-69.3387
227.865000,-64.0910
227.870000,-49.2436
227.875000,-61.0606
227.880000,-66.7219
227.885000,-50.6808
227.890000,-64.1657
227.895000,-75.8219
227.900000,-69.4677
227.905000,-59.3496
227.910000,-73.2105
227.915000,-64.6242
227.920000,-59.6012
227.925000,-55.2910
227.930000,-66.0784
227.935000,-48.6361
227.940000,-45.3247
227.945000,-53.4148
227.950000,-31.0967
227.955000,-22.1389
227.960000,-34.2191
227.965000,-39.8184
227.970000,-18.2104
227.975000,-18.7252
227.980000,-28.4636
227.985000,-16.1152
227.990000,-27.5999
227.995000,-22.3050
228.000000,-13.9374
228.005000,-1.2588
228.010000,-11.8695
228.015000,-5.9397
228.020000,8.6825
228.025000,-3.7786
228.030000,-12.3188
228.035000,16.0831
228.040000,10.5423
228.045000,4.5612
228.050000,22.5874
228.055000,41.0048
228.060000,36.0712
228.065000,31.3182
228.070000,41.6571
228.075000,35.2658
228.080000,36.5450
228.085000,50.0961
228.090000,43.0665
228.095000,20.9096
228.100000,30.0773
228.105000,34.9634
228.110000,22.8946
228.115000,30.3719
228.120000,51.0777
228.125000,37.2965
228.130000,36.2557
228.135000,58.8174
228.140000,60.5325
228.145000,56.6270
228.150000,79.4460
228.155000,78.0969
228.160000,47.5877
228.165000,73.5356
228.170000,73.0929
228.175000,52.5250
228.180000,57.7631
228.185000,68.1455
228.190000,56.2194
228.195000,40.1850
228.200000,50.3985
228.205000,60.6137
228.210000,45.5694
228.215000,35.1348
228.220000,51.4205
228.225000,39.5374
228.230000,39.2029
228.235000,56.2474
228.240000,44.2615
228.245000,35.0889
228.250000,48.3380
228.255000,53.1118
228.260000,30.2078
228.265000,41.1558
228.270000,41.1595
228.275000,23.2980
228.280000,18.5564
228.285000,21.0865
228.290000,17.4817
228.295000,0.5860
228.300000,13.6498
228.305000,6.0821
228.310000,-14.2319
228.315000,-17.2570
228.320000,4.9253
228.325000,-0.5969
228.330000,-22.4509
228.335000,4.7031
228.340000,0.3975
228.345000,-17.6955
228.350000,-3.9765
228.355000,-11.4247
228.360000,-22.7587
228.365000,-24.3187
228.370000,-4.2067
228.375000,-26.6347
228.380000,-33.5580
228.385000,-25.0128
228.390000,-35.7143
228.395000,-43.5139
228.400000,-43.7270
228.405000,-25.8866
228.410000,-42.8650
228.415000,-40.1302
228.420000,-34.7145
228.425000,-48.0356
228.430000,-45.3280
228.435000,-32.9439
228.440000,-44.1631
228.445000,-48.6022
228.450000,-27.9363
228.455000,-38.5225
228.460000,-60.3834
228.465000,-35.9726
228.470000,-31.6470
228.475000,-58.0557
228.480000,-60.8035
228.485000,-45.6256
228.490000,-48.4032
228.495000,-65.6703
228.500000,-53.3222
228.505000,-58.1916
228.510000,-73.6881
228.515000,-70.9095
228.520000,-54.7872
228.525000,-65.3394
228.530000,-74.0834
228.535000,-54.7404
228.540000,-53.9943
228.545000,-66.4280
228.550000,-51.2441
228.555000,-59.1141
228.560000,-61.5382
228.565000,-48.1097
228.570000,-38.4966
228.575000,-45.6394
228.580000,-54.6160
228.585000,-31.8409
228.590000,-48.8419
228.595000,-65.7874
228.600000,-44.6798
228.605000,-34.1532
228.610000,-59.5191
228.615000,-53.2401
228.620000,-50.3322
228.625000,-55.9882
228.630000,-60.6320
228.635000,-36.8067
228.640000,-37.4679
228.645000,-45.1225
228.650000,-19.1227
228.655000,-14.5271
228.660000,-14.1334
228.665000,-19.0817
228.670000,4.5622
228.675000,-3.9595
228.680000,-6.1708
228.685000,3.9417
228.690000,2.3321
228.695000,-8.6527
228.700000,-8.8966
228.705000,-9.9726
228.710000,-14.6247
228.715000,-4.6789
228.720000,10.6252
228.725000,3.1353
228.730000,9.9508
228.735000,28.9603
228.740000,21.7199
228.745000,11.2629
228.750000,33.3168
228.755000,41.8350
228.760000,25.2575
228.765000,36.0781
228.770000,52.0628
228.775000,35.6560
228.780000,35.4725
228.785000,48.0336
228.790000,41.2738
228.795000,29.8459
228.800000,39.8253
228.805000,40.2857
228.810000,18.9760
228.815000,28.6975
228.820000,37.1112
228.825000,30.2207
228.830000,32.1731
228.835000,41.7571
228.840000,46.8169
228.845000,38.3904
228.850000,58.3860
228.855000,59.5414
228.860000,37.9916
228.865000,45.4999
228.870000,48.7965
228.875000,45.6598
228.880000,37.7245
228.885000,50.2147
228.890000,39.9186
228.895000,35.9008
228.900000,39.8793
228.905000,39.7232
228.910000,30.9130
228.915000,31.5169
228.920000,33.3773
228.925000,19.7939
228.930000,24.3330
228.935000,30.2434
228.940000,30.0804
228.945000,10.6135
228.950000,30.1820
228.955000,35.1672
228.960000,14.5729
228.965000,15.4795
228.970000,24.1349
228.975000,12.8708
228.980000,4.1407
228.985000,17.7115
228.990000,9.8445
228.995000,-3.7226
229.000000,5.8343
229.005000,3.8402
229.010000,-13.0863
229.015000,-20.9185
229.020000,-9.1350
229.025000,-11.8132
229.030000,-16.1882
229.035000,-3.7458
229.040000,-5.8564
229.045000,-16.5787
229.050000,-7.2192
229.055000,1.2405
229.060000,-13.7852
229.065000,-17.3768
229.070000,-9.8194
229.075000,-20.0013
229.080000,-35.1819
229.085000,-15.1609
229.090000,-28.5758
229.095000,-31.3389
229.100000,-29.0186
229.105000,-18.5609
229.110000,-38.5144
229.115000,-38.5964
229.120000,-29.8126
229.125000,-40.3842
229.130000,-51.4129
229.135000,-34.3906
229.140000,-34.7786
229.145000,-40.1953
229.150000,-28.7937
229.155000,-26.5274
229.160000,-48.4683
229.165000,-32.4385
229.170000,-20.0965
229.175000,-24.4319
229.180000,-38.5410
229.185000,-31.5383
229.190000,-32.6959
229.195000,-45.6666
229.200000,-36.2652
229.205000,-30.8152
229.210000,-51.9315
229.215000,-47.1274
229.220000,-32.0341
229.225000,-42.3965
229.230000,-48.6637
229.235000,-23.3103
229.240000,-17.0793
229.245000,-23.2368
229.250000,-14.3785
229.255000,-14.3848
229.260000,-33.6620
229.265000,-16.2148
229.270000,-17.9308
229.275000,-28.7339
229.280000,-22.1699
229.285000,-10.4925
229.290000,-9.4622
229.295000,-31.1807
229.300000,-17.1151
229.305000,-17.9499
229.310000,-13.2180
229.315000,-9.0530
229.320000,3.7231
229.325000,-9.1589
229.330000,-11.8140
229.335000,5.6490
229.340000,3.4068
229.345000,-5.6569
229.350000,8.5144
229.355000,17.3925
229.360000,7.0548
229.365000,18.0136
229.370000,25.5817
229.375000,20.4070
229.380000,19.8544
229.385000,25.7517
229.390000,21.8807
229.395000,9.9139
229.400000,24.2675
229.405000,29.2119
229.410000,12.1669
229.415000,14.3655
229.420000,15.4194
229.425000,-5.1235
229.430000,-0.2478
229.435000,15.3179
229.440000,2.8996
229.445000,2.5959
229.450000,18.5265
229.455000,36.5762
229.460000,28.0764
229.465000,24.6999
229.470000,36.0295
229.475000,13.8125
229.480000,24.9169
229.485000,35.3184
229.490000,20.0856
229.495000,1.9687
229.500000,16.5104
229.505000,25.9470
229.510000,5.2601
229.515000,10.9909
229.520000,19.6859
229.525000,12.3628
229.530000,3.0576
229.535000,21.1376
229.540000,14.3143
229.545000,6.1552
229.550000,22.9088
229.555000,29.0843
229.560000,19.7925
229.565000,17.2582
229.570000,36.4045
229.575000,14.8987
229.580000,11.2767
229.585000,28.3344
229.590000,15.9845
229.595000,0.7370
229.600000,7.3115
229.605000,10.5861
229.610000,0.6058
229.615000,-1.2259
229.620000,11.8179
229.625000,0.1275
229.630000,-1.3515
229.635000,7.9513
229.640000,8.6200
229.645000,-1.4615
229.650000,18.1709
229.655000,21.4398
229.660000,3.0079
229.665000,-0.4297
229.670000,7.1534
229.675000,1.1795
229.680000,-10.1392
229.685000,-0.2464
229.690000,-0.1962
229.695000,-23.0556
229.700000,-26.0604
229.705000,-11.7132
229.710000,-42.5579
229.715000,-37.9760
229.720000,-18.6556
229.725000,-39.8450
229.730000,-38.5380
229.735000,-23.8127
229.740000,-26.5528
229.745000,-41.1103
229.750000,-19.1145
229.755000,-14.9289
229.760000,-23.8095
229.765000,-24.6347
229.770000,-12.5760
229.775000,-34.8451
229.780000,-45.7185
229.785000,-24.2692
229.790000,-35.7621
229.795000,-52.9858
229.800000,-49.4119
229.805000,-47.7599
229.810000,-61.5855
229.815000,-68.6086
229.820000,-54.0758
229.825000,-73.4152
229.830000,-59.5422
229.835000,-40.8049
229.840000,-47.5044
229.845000,-49.5872
229.850000,-39.8046
229.855000,-21.4791
229.860000,-30.3831
229.865000,-35.8961
229.870000,-11.9016
229.875000,-24.9820
229.880000,-33.8736
229.885000,-27.3743
229.890000,-45.5696
229.895000,-43.5310
229.900000,-34.8256
229.905000,-32.6708
229.910000,-50.2488
229.915000,-41.0946
229.920000,-41.2389
229.925000,-41.8952
229.930000,-50.0258
229.935000,-39.6723
229.940000,-42.9737
229.945000,-51.7563
229.950000,-31.5347
229.955000,-26.1298
229.960000,-38.7230
229.965000,-33.2257
229.970000,-14.2976
229.975000,-21.4705
229.980000,-22.8563
229.985000,-14.0021
229.990000,-27.6268
229.995000,-47.1744
230.000000,-29.6816
230.005000,-25.2561
230.010000,-41.2338
230.015000,-18.9758
230.020000,-6.6739
230.025000,-24.1885
230.030000,-6.9422
230.035000,12.2256
230.040000,9.1677
230.045000,-4.9602
230.050000,14.6154
230.055000,19.0771
230.060000,11.7150
230.065000,12.0248
230.070000,27.1014
230.075000,17.8441
230.080000,6.0327
230.085000,19.0069
230.090000,11.6323
230.095000,-0.9711
230.100000,4.6839
230.105000,9.9670
230.110000,-3.3823
230.115000,11.6349
230.120000,32.4456
230.125000,14.0424
230.130000,14.0872
230.135000,46.9268
230.140000,46.3313
230.145000,32.5183
230.150000,46.0976
230.155000,51.5911
230.160000,41.0903
230.165000,46.4809
230.170000,60.2057
230.175000,46.1786
230.180000,47.9792
230.185000,47.7734
230.190000,36.4163
230.195000,21.2883
230.200000,42.9556
230.205000,37.7063
230.210000,25.4499
230.215000,23.8423
230.220000,49.6363
230.225000,34.0083
230.230000,20.2367
230.235000,36.0250
230.240000,45.5795
230.245000,34.0598
230.250000,49.3259
230.255000,63.5124
230.260000,43.0390
230.265000,38.4157
230.270000,48.7773
230.275000,28.6456
230.280000,22.4936
230.285000,28.9846
230.290000,29.1912
230.295000,10.7843
230.300000,29.4371
230.305000,20.1938
230.310000,5.2815
230.315000,6.6820
230.320000,8.9236
230.325000,0.1486
230.330000,13.0281
230.335000,23.4297
230.340000,20.0223
230.345000,17.2701
230.350000,25.0787
230.355000,38.7103
230.360000,18.9950
230.365000,21.2814
230.370000,27.3036
230.375000,6.1005
230.380000,5.1760
230.385000,17.2174
230.390000,9.3036
230.395000,-16.2014
230.400000,-10.3706
230.405000,-5.6444
230.410000,-19.7039
230.415000,-23.0597
230.420000,-7.5558
230.425000,-25.5531
230.430000,-29.3414
230.435000,-9.8304
230.440000,-25.9959
230.445000,-26.8170
230.450000,-17.7803
230.455000,-14.4795
230.460000,-22.7497
230.465000,-23.6428
230.470000,-12.2266
230.475000,-27.9414
230.480000,-37.8237
230.485000,-19.0896
230.490000,-27.9169
230.495000,-37.8099
230.500000,-39.6890
230.505000,-40.2276
230.510000,-54.8618
230.515000,-50.3892
230.520000,-32.4818
230.525000,-39.8578
230.530000,-56.2286
230.535000,-26.2079
230.540000,-25.2978
230.545000,-35.6555
230.550000,-30.3272
230.555000,-15.6439
230.560000,-23.6734
230.565000,-24.8929
230.570000,-11.4652
230.575000,-22.2494
230.580000,-26.5621
230.585000,-9.3364
230.590000,-23.5033
230.595000,-41.1026
230.600000,-29.7273
230.605000,-24.7031
230.610000,-37.1774
230.615000,-36.9214
230.620000,-25.6325
230.625000,-37.8328
230.630000,-29.6031
230.635000,-18.0205
230.640000,-6.0559
230.645000,-14.9147
230.650000,-12.4455
230.655000,-1.4480
230.660000,3.5169
230.665000,7.9406
230.670000,16.7186
230.675000,10.5318
230.680000,0.3932
230.685000,10.3949
230.690000,3.0917
230.695000,-8.0139
230.700000,-1.0706
230.705000,11.6276
230.710000,3.7096
230.715000,9.3792
230.720000,27.8301
230.725000,12.1376
230.730000,14.3639
230.735000,25.4696
230.740000,36.9800
230.745000,26.0509
230.750000,45.5675
230.755000,63.4668
230.760000,45.9779
230.765000,56.8446
230.770000,68.0120
230.775000,48.2768
230.780000,41.7877
230.785000,53.9061
230.790000,42.4537
230.795000,28.1614
230.800000,49.7445
230.805000,45.0019
230.810000,23.2922
230.815000,39.8068
230.820000,53.8780
230.825000,30.3730
230.830000,37.1532
230.835000,56.8294
230.840000,52.7590
230.845000,52.2718
230.850000,57.3201
230.855000,61.9331
230.860000,52.6907
230.865000,69.6227
230.870000,86.6973
230.875000,56.3836
230.880000,54.0294
230.885000,62.7276
230.890000,52.7473
230.895000,36.9103
230.900000,49.9700
230.905000,48.7495
230.910000,39.6935
230.915000,28.5571
230.920000,42.8308
230.925000,35.4808
230.930000,37.7800
230.935000,53.8846
230.940000,47.0054
230.945000,48.8296
230.950000,55.7705
230.955000,68.3645
230.960000,41.7969
230.965000,44.9516
230.970000,57.4728
230.975000,39.0948
230.980000,27.7855
230.985000,42.5679
230.990000,18.1499
230.995000,7.4119
231.000000,12.2610
231.005000,8.0805
231.010000,-14.9166
231.015000,-7.1521
231.020000,6.1491
231.025000,-13.5014
231.030000,-23.7379
231.035000,1.6400
231.040000,-0.9892
231.045000,-9.2003
231.050000,4.1132
231.055000,6.2972
231.060000,-3.0236
231.065000,7.7986
231.070000,9.4624
231.075000,-14.3207
231.080000,-9.6214
231.085000,4.8734
231.090000,-11.7545
231.095000,-28.6338
231.100000,-17.1697
231.105000,-23.2799
231.110000,-44.1018
231.115000,-34.9370
231.120000,-32.7634
231.125000,-36.1235
231.130000,-36.1341
231.135000,-14.3943
231.140000,-16.3348
231.145000,-21.3452
231.150000,-10.5057
231.155000,-9.4274
231.160000,-24.1258
231.165000,-22.6906
231.170000,-17.2356
231.175000,-24.5971
231.180000,-37.8354
231.185000,-39.9973
231.190000,-36.8483
231.195000,-48.0071
231.200000,-38.5836
231.205000,-45.1134
231.210000,-62.5105
231.215000,-51.4306
231.220000,-45.0492
231.225000,-51.1841
231.230000,-56.2279
231.235000,-34.8258
231.240000,-36.2802
231.245000,-45.0185
231.250000,-17.1293
231.255000,-2.6566
231.260000,-21.7047
231.265000,-20.5628
231.270000,-10.8050
231.275000,-25.1191
231.280000,-20.8561
231.285000,-6.3423
231.290000,-9.3993
231.295000,-26.3237
231.300000,-25.0184
231.305000,-22.7657
231.310000,-28.1577
231.315000,-20.0867
231.320000,-15.2373
231.325000,-18.7046
231.330000,-20.3851
231.335000,11.2216
231.340000,9.6814
231.345000,9.3687
231.350000,25.5141
231.355000,29.2069
231.360000,8.8694
231.365000,26.3848
231.370000,31.9363
231.375000,22.2964
231.380000,11.4503
231.385000,28.0258
231.390000,27.4181
231.395000,12.1808
231.400000,22.5002
231.405000,35.7347
231.410000,18.2242
231.415000,21.6212
231.420000,39.1432
231.425000,24.5698
231.430000,28.4205
231.435000,57.7585
231.440000,47.9282
231.445000,46.9659
231.450000,76.8637
231.455000,68.6324
231.460000,60.7720
231.465000,67.7791
231.470000,69.2191
231.475000,60.0882
231.480000,51.1448
231.485000,67.8892
231.490000,48.9902
231.495000,42.1541
231.500000,48.1730
231.505000,50.9709
231.510000,35.3323
231.515000,48.5288
231.520000,57.8621
231.525000,45.0913
231.530000,52.4887
231.535000,77.6793
231.540000,67.0855
231.545000,56.1802
231.550000,66.2910
231.555000,65.9331
231.560000,49.3928
231.565000,62.1620
231.570000,79.9953
231.575000,59.8955
231.580000,62.9209
231.585000,63.3858
231.590000,56.6127
231.595000,30.5971
231.600000,32.4752
231.605000,39.7237
231.610000,12.6727
231.615000,11.7180
231.620000,21.6761
231.625000,6.6049
231.630000,13.3035
231.635000,29.6614
231.640000,16.0420
231.645000,12.6873
231.650000,33.3745
231.655000,32.3972
231.660000,9.7359
231.665000,15.9570
231.670000,21.9554
231.675000,14.2864
231.680000,1.4672
231.685000,10.8135
231.690000,0.0331
231.695000,-26.5798
231.700000,-6.4337
231.705000,-16.2759
231.710000,-25.4947
231.715000,-28.2110
231.720000,-17.3149
231.725000,-26.8196
231.730000,-45.6217
231.735000,-23.1477
231.740000,-21.5437
231.745000,-24.1229
231.750000,-17.0755
231.755000,-13.4462
231.760000,-26.8691
231.765000,-21.5545
231.770000,-23.6317
231.775000,-33.0462
231.780000,-33.7774
231.785000,-29.2695
231.790000,-41.5238
231.795000,-62.8725
231.800000,-58.9661
231.805000,-47.2147
231.810000,-65.1863
231.815000,-62.8103
231.820000,-51.5346
231.825000,-71.5304
231.830000,-72.4353
231.835000,-64.5253
231.840000,-63.1933
231.845000,-74.2234
231.850000,-50.9310
231.855000,-48.7342
231.860000,-60.9742
231.865000,-66.2110
231.870000,-45.6739
231.875000,-56.7382
231.880000,-57.4434
231.885000,-44.8925
231.890000,-51.1041
231.895000,-68.6799
231.900000,-59.8204
231.905000,-55.3171
231.910000,-72.1879
231.915000,-64.7908
231.920000,-58.7434
231.925000,-61.8208
231.930000,-60.5452
231.935000,-40.1028
231.940000,-35.8346
231.945000,-48.7624
231.950000,-38.2105
231.955000,-23.9112
231.960000,-28.2375
231.965000,-35.9928
231.970000,-12.9989
231.975000,-29.7085
231.980000,-25.3243
231.985000,-11.2166
231.990000,-19.9397
231.995000,-37.6602
232.000000,-15.8493
232.005000,-7.1234
232.010000,-12.0255
232.015000,-7.6441
232.020000,6.4336
232.025000,-7.4057
232.030000,-9.1964
232.035000,12.1491
232.040000,16.4647
232.045000,3.5741
232.050000,25.1223
232.055000,39.1589
232.060000,35.7525
232.065000,36.8489
232.070000,39.2831
232.075000,38.8202
232.080000,38.9425
232.085000,52.3416
232.090000,36.3107
232.095000,22.4887
232.100000,34.3833
232.105000,38.7515
232.110000,30.1175
232.115000,40.8321
232.120000,53.6291
232.125000,45.8244
232.130000,42.7185
232.135000,76.6293
232.140000,79.0577
232.145000,59.8140
232.150000,74.7850
232.155000,89.2890
232.160000,75.1842
232.165000,76.8939
232.170000,88.2315
232.175000,64.4771
232.180000,64.7947
232.185000,71.7572
232.190000,67.6043
232.195000,44.0281
232.200000,62.6042
232.205000,67.0518
232.210000,47.8907
232.215000,48.2535
232.220000,73.9541
232.225000,45.8325
232.230000,49.0991
232.235000,59.9537
232.240000,54.3135
232.245000,45.5804
232.250000,62.7857
232.255000,66.6820
232.260000,34.9653
232.265000,47.5119
232.270000,51.1656
232.275000,32.4813
232.280000,26.2132
232.285000,35.4405
232.290000,19.8560
232.295000,7.7273
232.300000,7.8316
232.305000,10.1145
232.310000,-13.4268
232.315000,-19.8087
232.320000,4.5048
232.325000,-7.4521
232.330000,-12.8104
232.335000,-0.1117
232.340000,-5.9242
232.345000,-16.7433
232.350000,-10.2774
232.355000,-0.1827
232.360000,-17.9792
232.365000,-32.6246
232.370000,-10.4956
232.375000,-24.5174
232.380000,-40.2878
232.385000,-33.8374
232.390000,-45.3860
232.395000,-57.2066
232.400000,-45.4532
232.405000,-37.1585
232.410000,-64.4175
232.415000,-59.1320
232.420000,-50.0523
232.425000,-60.8265
232.430000,-70.0236
232.435000,-42.9683
232.440000,-53.9532
232.445000,-61.2417
232.450000,-51.1790
232.455000,-44.4275
232.460000,-51.5053
232.465000,-57.6590
232.470000,-48.1539
232.475000,-72.2048
232.480000,-77.4347
232.485000,-64.1233
232.490000,-67.8173
232.495000,-79.4915
232.500000,-69.4124
232.505000,-81.0050
232.510000,-96.6685
232.515000,-88.3548
232.520000,-79.3830
232.525000,-98.8967
232.530000,-98.8717
232.535000,-80.0344
232.540000,-75.1447
232.545000,-81.1103
232.550000,-80.5167
232.555000,-73.7019
232.560000,-84.1998
232.565000,-75.0699
232.570000,-55.4221
232.575000,-72.0031
232.580000,-73.6840
232.585000,-53.8340
232.590000,-62.6064
232.595000,-75.7737
232.600000,-61.6262
232.605000,-54.7446
232.610000,-75.6884
232.615000,-61.5119
232.620000,-57.5972
232.625000,-71.8114
232.630000,-67.3907
232.635000,-48.5992
232.640000,-44.8501
232.645000,-48.7850
232.650000,-26.9460
232.655000,-14.5306
232.660000,-31.3887
232.665000,-6.6460
232.670000,3.6582
232.675000,-13.0307
232.680000,-9.2275
232.685000,-0.2929
232.690000,-4.8255
232.695000,-11.5603
232.700000,-4.6049
232.705000,6.5292
232.710000,-7.2727
232.715000,-3.2885
232.720000,13.4802
232.725000,10.7418
232.730000,22.7993
232.735000,41.9447
232.740000,40.0920
232.745000,28.3505
232.750000,52.6466
232.755000,58.5120
232.760000,43.4070
232.765000,50.8220
232.770000,69.6844
232.775000,60.3695
232.780000,59.4855
232.785000,68.7428
232.790000,70.4733
232.795000,58.4103
232.800000,76.3284
232.805000,67.8204
232.810000,46.5097
232.815000,61.4551
232.820000,76.0895
232.825000,61.9035
232.830000,63.3230
232.835000,77.2225
232.840000,79.0564
232.845000,72.5792
232.850000,90.6483
232.855000,90.7344
232.860000,73.4108
232.865000,74.6788
232.870000,86.0245
232.875000,76.7172
232.880000,72.0637
232.885000,81.0544
232.890000,76.2717
232.895000,61.0285
232.900000,69.4792
232.905000,77.5810
232.910000,62.1742
232.915000,59.6480
232.920000,59.2941
232.925000,44.4668
232.930000,45.5439
232.935000,64.7306
232.940000,54.9268
232.945000,44.6882
232.950000,49.9510
232.955000,51.3305
232.960000,34.7922
232.965000,43.6510
232.970000,47.9822
232.975000,26.7174
232.980000,14.7928
232.985000,29.8787
232.990000,15.8912
232.995000,-9.1151
233.000000,4.2825
233.005000,8.2315
233.010000,-23.5164
233.015000,-20.3393
233.020000,1.7049
233.025000,-12.0841
233.030000,-17.5970
233.035000,-9.5524
233.040000,-21.6945
233.045000,-29.0608
233.050000,-21.0629
233.055000,-14.5304
233.060000,-34.5452
233.065000,-32.7526
233.070000,-19.2714
233.075000,-43.5046
233.080000,-58.3277
233.085000,-40.4969
233.090000,-49.9527
233.095000,-64.8623
233.100000,-52.7704
233.105000,-56.5035
233.110000,-83.7943
233.115000,-71.9437
233.120000,-58.2180
233.125000,-71.9001
233.130000,-85.2718
233.135000,-66.5923
233.140000,-72.6452
233.145000,-86.8360
233.150000,-69.3918
233.155000,-76.9131
233.160000,-77.0099
233.165000,-73.3756
233.170000,-69.8213
233.175000,-76.4656
233.180000,-78.3097
233.185000,-69.8111
233.190000,-72.1481
233.195000,-94.7142
233.200000,-77.1955
233.205000,-69.4127
233.210000,-88.2871
233.215000,-87.5188
233.220000,-67.1653
233.225000,-80.5492
233.230000,-84.6692
233.235000,-66.7132
233.240000,-56.2266
233.245000,-59.1085
233.250000,-47.5249
233.255000,-50.0870
233.260000,-59.8531
233.265000,-48.8739
233.270000,-32.8690
233.275000,-56.4974
233.280000,-49.4841
233.285000,-34.8470
233.290000,-36.6205
233.295000,-47.8559
233.300000,-33.2732
233.305000,-28.6343
233.310000,-29.6591
233.315000,-22.9594
233.320000,-10.8392
233.325000,-16.2931
233.330000,-17.1942
233.335000,2.7006
233.340000,-1.3954
233.345000,-3.7885
233.350000,17.2967
233.355000,26.1251
233.360000,9.4034
233.365000,31.5080
233.370000,38.8619
233.375000,30.6272
233.380000,35.7456
233.385000,47.7284
233.390000,52.5521
233.395000,27.8273
233.400000,46.5048
233.405000,59.2132
233.410000,29.8058
233.415000,33.5616
233.420000,49.0449
233.425000,38.3770
233.430000,21.3143
233.435000,46.4052
233.440000,41.1741
233.445000,34.2954
233.450000,58.1474
233.455000,68.6574
233.460000,66.1721
233.465000,60.7684
233.470000,76.1598
233.475000,65.7417
233.480000,57.8657
233.485000,77.9712
233.490000,61.6929
233.495000,53.4356
233.500000,65.9728
233.505000,59.4600
233.510000,45.2182
233.515000,53.0762
233.520000,68.6535
233.525000,47.9239
233.530000,46.4684
233.535000,69.6464
233.540000,64.1026
233.545000,49.7262
233.550000,68.4967
233.555000,77.0712
233.560000,52.0867
233.565000,59.0379
233.570000,73.4455
233.575000,53.1926
233.580000,45.8772
233.585000,52.2432
233.590000,40.0130
233.595000,26.4417
233.600000,40.6540
233.605000,45.1124
233.610000,32.3973
233.615000,35.0298
233.620000,38.9025
233.625000,28.7311
233.630000,20.9108
233.635000,36.8050
233.640000,29.6164
233.645000,17.9301
233.650000,20.3184
233.655000,28.0014
233.660000,11.9146
233.665000,13.3422
233.670000,7.7787
233.675000,-1.3526
233.680000,-12.3411
233.685000,-10.3615
233.690000,-7.0111
233.695000,-29.2070
233.700000,-18.4622
233.705000,-31.8335
233.710000,-50.3837
233.715000,-48.8896
233.720000,-33.6578
233.725000,-48.8427
233.730000,-63.3769
233.735000,-45.5742
233.740000,-52.8817
233.745000,-53.6036
233.750000,-45.7420
233.755000,-44.2587
233.760000,-62.5931
233.765000,-52.5348
233.770000,-57.2266
233.775000,-70.1769
233.780000,-76.5270
233.785000,-67.5085
233.790000,-78.5217
233.795000,-89.8316
233.800000,-84.2004
233.805000,-88.0014
233.810000,-99.8326
233.815000,-96.4426
233.820000,-89.1490
233.825000,-110.8670
233.830000,-98.9831
233.835000,-80.6920
233.840000,-96.0936
233.845000,-88.3679
233.850000,-89.4303
233.855000,-81.6785
233.860000,-80.3249
233.865000,-78.0692
233.870000,-55.7439
233.875000,-80.1483
233.880000,-71.8140
233.885000,-68.6872
233.890000,-77.5940
233.895000,-84.5164
233.900000,-65.5414
233.905000,-65.4791
233.910000,-87.1587
233.915000,-89.2917
233.920000,-67.8123
233.925000,-77.8280
233.930000,-75.2968
233.935000,-57.7468
233.940000,-67.3506
233.945000,-77.4799
233.950000,-50.8674
233.955000,-47.7554
233.960000,-51.8961
233.965000,-48.7992
233.970000,-35.6045
233.975000,-42.3383
233.980000,-35.5833
233.985000,-27.5394
233.990000,-36.5628
233.995000,-46.0569
234.000000,-44.4401
234.005000,-28.2809
234.010000,-31.4769
234.015000,-24.7206
234.020000,-6.1502
234.025000,-13.6015
234.030000,-10.8846
234.035000,25.3418
234.040000,24.5085
234.045000,11.3378
234.050000,22.9144
234.055000,30.7385
234.060000,23.6635
234.065000,28.7827
234.070000,43.0297
234.075000,37.9221
234.080000,36.2144
234.085000,40.8214
234.090000,34.5905
234.095000,26.9113
234.100000,36.6191
234.105000,42.3170
234.110000,28.9266
234.115000,43.3976
234.120000,71.7201
234.125000,51.3680
234.130000,48.8835
234.135000,79.4133
234.140000,83.7620
234.145000,71.3033
234.150000,75.3387
234.155000,86.8924
234.160000,74.9302
234.165000,81.4442
234.170000,94.8304
234.175000,85.9864
234.180000,77.3737
234.185000,88.6053
234.190000,75.8005
234.195000,67.9294
234.200000,76.0726
234.205000,82.8685
234.210000,61.2376
234.215000,68.0567
234.220000,84.4266
234.225000,68.1301
234.230000,57.5993
234.235000,72.6299
234.240000,72.0793
234.245000,66.6760
234.250000,78.5330
234.255000,85.2169
234.260000,63.9664
234.265000,64.4229
234.270000,73.8786
234.275000,52.6957
234.280000,40.0543
234.285000,48.7920
234.290000,39.5797
234.295000,41.5950
234.300000,34.1089
234.305000,36.4888
234.310000,13.0415
234.315000,18.1092
234.320000,24.6089
234.325000,16.7173
234.330000,11.1627
234.335000,24.7088
234.340000,26.0981
234.345000,17.9120
234.350000,19.3923
234.355000,33.3782
234.360000,14.5868
234.365000,18.6575
234.370000,22.5052
234.375000,5.1734
234.380000,-12.9274
234.385000,-5.3556
234.390000,-4.5029
234.395000,-21.1281
234.400000,-20.4497
234.405000,-17.4428
234.410000,-35.8076
234.415000,-38.6299
234.420000,-29.8376
234.425000,-47.7943
234.430000,-51.9669
234.435000,-35.2151
234.440000,-42.5048
234.445000,-52.1883
234.450000,-42.3930
234.455000,-33.7484
234.460000,-48.6674
234.465000,-44.7029
234.470000,-36.1456
234.475000,-52.0362
234.480000,-63.7213
234.485000,-51.2376
234.490000,-55.8419
234.495000,-71.7176
234.500000,-65.7427
234.505000,-66.5781
234.510000,-77.1239
234.515000,-69.1368
234.520000,-59.7545
234.525000,-67.1522
234.530000,-71.6371
234.535000,-61.3947
234.540000,-53.4391
234.545000,-63.9890
234.550000,-49.7635
234.555000,-37.0607
234.560000,-54.1065
234.565000,-50.0708
234.570000,-42.0794
234.575000,-54.1469
234.580000,-50.9672
234.585000,-28.2718
234.590000,-40.8273
234.595000,-55.3976
234.600000,-51.2576
234.605000,-34.2675
234.610000,-50.4257
234.615000,-44.1974
234.620000,-37.6202
234.625000,-50.6028
234.630000,-39.3655
234.635000,-23.6871
234.640000,-19.2014
234.645000,-24.9451
234.650000,-7.5493
234.655000,-3.1744
234.660000,-14.6934
234.665000,2.9569
234.670000,24.8910
234.675000,9.9967
234.680000,3.8233
234.685000,12.7630
234.690000,10.9972
234.695000,-9.2322
234.700000,3.1273
234.705000,12.1995
234.710000,4.9823
234.715000,21.0736
234.720000,38.1140
234.725000,34.8605
234.730000,27.5782
234.735000,43.3327
234.740000,49.4509
234.745000,41.3218
234.750000,54.1980
234.755000,67.0625
234.760000,58.8794
234.765000,70.1519
234.770000,77.9104
234.775000,56.2087
234.780000,48.2757
234.785000,63.5516
234.790000,59.2377
234.795000,54.7831
234.800000,55.5741
234.805000,58.8751
234.810000,43.1901
234.815000,50.3517
234.820000,62.2833
234.825000,50.9762
234.830000,51.3201
234.835000,66.9322
234.840000,62.4346
234.845000,65.3620
234.850000,66.4355
234.855000,78.9841
234.860000,68.8713
234.865000,83.6201
234.870000,87.5576
234.875000,67.0697
234.880000,61.4979
234.885000,77.8482
234.890000,70.0898
234.895000,51.9959
234.900000,53.3687
234.905000,58.6353
234.910000,43.9512
234.915000,38.4779
234.920000,56.6033
234.925000,45.0043
234.930000,42.8664
234.935000,57.2991
234.940000,58.6859
234.945000,47.0281
234.950000,62.5070
234.955000,64.6948
234.960000,46.7827
234.965000,58.0195
234.970000,58.9946
234.975000,42.2933
234.980000,35.9526
234.985000,42.9740
234.990000,25.5036
234.995000,8.4681
235.000000,13.3007
235.005000,6.5937
235.010000,-8.7876
235.015000,-7.9906
235.020000,-2.7802
235.025000,-14.5999
235.030000,-13.6634
235.035000,1.9810
235.040000,-0.4137
235.045000,-12.2675
235.050000,5.2801
235.055000,5.6367
235.060000,-12.0252
235.065000,2.5528
235.070000,6.8814
235.075000,-10.2060
235.080000,-16.2534
235.085000,-4.5744
235.090000,-18.6879
235.095000,-33.2990
235.100000,-23.4274
235.105000,-23.8779
235.110000,-38.4053
235.115000,-39.2421
235.120000,-28.1144
235.125000,-43.8627
235.130000,-44.0535
235.135000,-21.1429
235.140000,-12.8651
235.145000,-24.0810
235.150000,-4.6068
235.155000,-2.0696
235.160000,-25.0308
235.165000,-23.3629
235.170000,-14.2686
235.175000,-28.3066
235.180000,-30.0553
235.185000,-40.7357
235.190000,-35.9594
235.195000,-56.5899
235.200000,-39.4173
235.205000,-48.9414
235.210000,-61.6212
235.215000,-46.8998
235.220000,-47.2377
235.225000,-50.9705
235.230000,-54.0209
235.235000,-38.0314
235.240000,-40.6234
235.245000,-44.8386
235.250000,-15.8601
235.255000,-10.2392
235.260000,-19.5464
235.265000,-15.7186
235.270000,-7.3260
235.275000,-12.7637
235.280000,-15.5473
235.285000,-12.6384
235.290000,-11.8157
235.295000,-20.5092
235.300000,-20.4804
235.305000,-12.6364
235.310000,-23.9773
235.315000,-22.4290
235.320000,-12.2191
235.325000,-20.6645
235.330000,-19.6442
235.335000,1.4084
235.340000,17.3668
235.345000,-0.7936
235.350000,25.7735
235.355000,26.2191
235.360000,22.7679
235.365000,22.4764
235.370000,31.1526
235.375000,17.2672
235.380000,14.1632
235.385000,22.3103
235.390000,21.6983
235.395000,2.8118
235.400000,29.3584
235.405000,24.7492
235.410000,19.1170
235.415000,19.0587
235.420000,34.4398
235.425000,24.8102
235.430000,23.4627
235.435000,43.9437
235.440000,34.1825
235.445000,34.8030
235.450000,62.1959
235.455000,57.9023
235.460000,45.0699
235.465000,52.9457
235.470000,62.0431
235.475000,44.9559
235.480000,39.4685
235.485000,50.9130
235.490000,39.8840
235.495000,31.2073
235.500000,33.9318
235.505000,40.2813
235.510000,13.8191
235.515000,33.5935
235.520000,43.3810
235.525000,28.5740
235.530000,35.8642
235.535000,59.0688
235.540000,59.7459
235.545000,45.3025
235.550000,57.1601
235.555000,52.0327
235.560000,40.6675
235.565000,46.8894
235.570000,63.7171
235.575000,48.5660
235.580000,46.0159
235.585000,53.7153
235.590000,38.5848
235.595000,22.9525
235.600000,29.2024
235.605000,29.9151
235.610000,6.7954
235.615000,-4.8586
235.620000,14.6072
235.625000,-0.8092
235.630000,1.5466
235.635000,17.3831
235.640000,12.7141
235.645000,0.0283
235.650000,39.0079
235.655000,29.3879
235.660000,7.6985
235.665000,13.7819
235.670000,27.5255
235.675000,3.8664
235.680000,7.2980
235.685000,20.0707
235.690000,2.5470
235.695000,-24.9189
235.700000,-13.1470
235.705000,-4.1116
235.710000,-28.2658
235.715000,-17.5024
235.720000,-9.1661
235.725000,-24.7802
235.730000,-22.4017
235.735000,-10.4664
235.740000,-16.2278
235.745000,-14.9807
235.750000,0.0553
235.755000,-1.9785
235.760000,-12.8637
235.765000,-10.7708
235.770000,-3.0779
235.775000,-18.7531
235.780000,-16.7825
235.785000,-2.6069
235.790000,-22.7909
235.795000,-38.3741
235.800000,-23.6393
235.805000,-25.7587
235.810000,-49.9160
235.815000,-38.8762
235.820000,-31.5170
235.825000,-43.7310
235.830000,-49.8568
235.835000,-34.5494
235.840000,-40.9069
235.845000,-47.5800
235.850000,-35.4774
235.855000,-25.6938
235.860000,-30.0560
235.865000,-34.0981
235.870000,-18.0679
235.875000,-20.6423
235.880000,-34.8794
235.885000,-21.0572
235.890000,-36.1469
235.895000,-41.0534
235.900000,-30.7945
235.905000,-33.9469
235.910000,-45.7626
235.915000,-49.6595
235.920000,-32.5682
235.925000,-49.4937
235.930000,-45.2161
235.935000,-28.0594
235.940000,-23.3752
235.945000,-31.0135
235.950000,-20.4605
235.955000,-5.0692
235.960000,-13.1716
235.965000,-16.3249
235.970000,-4.0748
235.975000,-8.6649
235.980000,-17.3584
235.985000,0.6551
235.990000,-14.1019
235.995000,-27.4115
236.000000,-7.5398
236.005000,3.0139
236.010000,-12.0132
236.015000,-15.8637
236.020000,8.1564
236.025000,-12.1492
236.030000,-8.8524
236.035000,9.8413
236.040000,6.4346
236.045000,-0.3209
236.050000,18.4099
236.055000,30.7926
236.060000,15.0299
236.065000,27.4475
236.070000,35.8963
236.075000,20.9225
236.080000,25.0432
236.085000,29.7137
236.090000,19.1587
236.095000,-0.4688
236.100000,5.6923
236.105000,10.2757
236.110000,-0.7839
236.115000,12.0298
236.120000,32.9133
236.125000,12.2710
236.130000,17.5737
236.135000,43.7820
236.140000,33.8067
236.145000,28.5304
236.150000,46.4080
236.155000,51.8049
236.160000,33.8841
236.165000,43.6732
236.170000,51.0065
236.175000,34.2737
236.180000,23.0737
236.185000,38.8639
236.190000,27.2018
236.195000,13.6019
236.200000,20.5949
236.205000,31.9610
236.210000,11.0037
236.215000,11.4266
236.220000,29.5346
236.225000,10.3876
236.230000,4.9980
236.235000,33.3595
236.240000,23.5197
236.245000,24.4597
236.250000,31.3161
236.255000,42.0494
236.260000,12.0618
236.265000,19.0683
236.270000,17.9380
236.275000,9.1264
236.280000,5.3795
236.285000,10.0569
236.290000,0.9854
236.295000,-15.1825
236.300000,-5.4797
236.305000,-2.8575
236.310000,-28.4351
236.315000,-22.3413
236.320000,-10.7039
236.325000,-15.6264
236.330000,-18.2104
236.335000,-0.5686
236.340000,-7.5824
236.345000,-12.7033
236.350000,-1.3243
236.355000,0.6579
236.360000,-6.2569
236.365000,-21.5355
236.370000,2.6334
236.375000,-14.7889
236.380000,-19.1513
236.385000,-19.2539
236.390000,-26.5871
236.395000,-41.1274
236.400000,-31.3617
236.405000,-25.8476
236.410000,-36.2832
236.415000,-37.5783
236.420000,-25.9348
236.425000,-38.5987
236.430000,-31.8370
236.435000,-18.1781
236.440000,-25.3401
236.445000,-29.9240
236.450000,-12.5087
236.455000,-13.3746
236.460000,-26.2832
236.465000,-16.5684
236.470000,-7.6856
236.475000,-27.8658
236.480000,-40.7025
236.485000,-21.5451
236.490000,-33.7027
236.495000,-47.0820
236.500000,-35.5433
236.505000,-29.5070
236.510000,-59.9602
236.515000,-53.5524
236.520000,-46.7171
236.525000,-56.2953
236.530000,-46.4695
236.535000,-35.7884
236.540000,-39.9645
236.545000,-51.2025
236.550000,-36.0166
236.555000,-37.1400
236.560000,-46.1701
236.565000,-34.2641
236.570000,-11.6636
236.575000,-30.8049
236.580000,-34.3326
236.585000,-22.2648
236.590000,-29.8132
236.595000,-55.4745
236.600000,-39.6651
236.605000,-35.6566
236.610000,-46.3370
236.615000,-44.0099
236.620000,-38.7608
236.625000,-43.7936
236.630000,-47.5724
236.635000,-27.5257
236.640000,-28.2929
236.645000,-44.2305
236.650000,-15.0201
236.655000,-5.3893
236.660000,-13.7891
236.665000,-4.2760
236.670000,-2.0858
236.675000,-8.4479
236.680000,-9.4100
236.685000,7.2529
236.690000,-8.5874
236.695000,-9.2108
236.700000,-8.8077
236.705000,-5.5653
236.710000,-24.5207
236.715000,-10.5623
236.720000,1.4759
236.725000,-6.3866
236.730000,-8.7483
236.735000,21.4516
236.740000,12.8268
236.745000,4.2684
236.750000,23.7187
236.755000,25.5124
236.760000,27.1109
236.765000,21.1139
236.770000,35.7082
236.775000,23.6434
236.780000,18.2217
236.785000,35.7393
236.790000,25.1527
236.795000,27.2022
236.800000,30.0152
236.805000,25.6552
236.810000,5.2508
236.815000,13.4513
236.820000,22.4913
236.825000,17.6105
236.830000,13.2402
236.835000,35.3165
236.840000,48.5792
236.845000,32.7439
236.850000,45.2759
236.855000,45.2153
236.860000,24.4594
236.865000,26.6119
236.870000,44.3963
236.875000,38.2688
236.880000,25.6650
236.885000,45.2850
236.890000,39.8935
236.895000,30.6246
236.900000,37.0039
236.905000,31.8276
236.910000,22.8010
236.915000,29.4156
236.920000,31.7762
236.925000,11.8357
236.930000,16.5266
236.935000,31.4785
236.940000,23.1691
236.945000,19.3156
236.950000,24.2229
236.955000,32.5360
236.960000,8.7034
236.965000,24.0739
236.970000,19.3391
236.975000,4.9748
236.980000,-1.7613
236.985000,17.5737
236.990000,12.8333
236.995000,0.8658
237.000000,-0.6993
237.005000,8.1597
237.010000,-21.7024
237.015000,-21.4463
237.020000,0.3969
237.025000,-10.7015
237.030000,-7.5856
237.035000,5.0564
237.040000,-8.6350
237.045000,-8.2762
237.050000,0.1204
237.055000,-1.3766
237.060000,-13.9974
237.065000,-11.7887
237.070000,-1.9223
237.075000,-20.0732
237.080000,-30.3713
237.085000,-19.0239
237.090000,-24.6533
237.095000,-39.6900
237.100000,-22.1349
237.105000,-15.5546
237.110000,-42.4461
237.115000,-35.3763
237.120000,-29.0205
237.125000,-34.1030
237.130000,-39.6172
237.135000,-34.3993
237.140000,-37.4867
237.145000,-47.0115
237.150000,-34.4017
237.155000,-23.8169
237.160000,-34.7433
237.165000,-25.4921
237.170000,-26.2087
237.175000,-31.0331
237.180000,-39.9949
237.185000,-21.7038
237.190000,-32.4478
237.195000,-45.1873
237.200000,-41.6976
237.205000,-31.3126
237.210000,-46.6441
237.215000,-44.3177
237.220000,-25.4630
237.225000,-43.2914
237.230000,-40.2646
237.235000,-26.4334
237.240000,-20.7299
237.245000,-20.9391
237.250000,-21.0136
237.255000,-17.2769
237.260000,-27.6607
237.265000,-16.8829
237.270000,-4.9688
237.275000,-32.3686
237.280000,-19.8713
237.285000,-11.5654
237.290000,-15.1892
237.295000,-23.9392
237.300000,-10.1406
237.305000,-12.0126
237.310000,-22.3230
237.315000,-17.7284
237.320000,-5.1709
237.325000,-12.6777
237.330000,-4.7686
237.335000,5.4074
237.340000,10.2399
237.345000,-6.9853
237.350000,12.9924
237.355000,20.8975
237.360000,12.7568
237.365000,19.3506
237.370000,34.7440
237.375000,24.1390
237.380000,16.8113
237.385000,35.1746
237.390000,34.4255
237.395000,19.1519
237.400000,25.5111
237.405000,28.7535
237.410000,9.9319
237.415000,14.1056
237.420000,10.7894
237.425000,13.4251
237.430000,7.8876
237.435000,20.6054
237.440000,15.4026
237.445000,14.4035
237.450000,29.0933
237.455000,35.2505
237.460000,27.9578
237.465000,34.1488
237.470000,51.4780
237.475000,23.7765
237.480000,30.0600
237.485000,40.9584
237.490000,28.6454
237.495000,16.7242
237.500000,28.9448
237.505000,30.3912
237.510000,20.7025
237.515000,24.0087
237.520000,29.9706
237.525000,15.3585
237.530000,12.7726
237.535000,37.9831
237.540000,32.9044
237.545000,18.7697
237.550000,32.9086
237.555000,42.4702
237.560000,23.9746
237.565000,27.9519
237.570000,39.1793
237.575000,27.4275
237.580000,21.7903
237.585000,26.5491
237.590000,23.4004
237.595000,12.3927
237.600000,16.2967
237.605000,32.7869
237.610000,7.0423
237.615000,8.2060
237.620000,27.6255
237.625000,7.7711
237.630000,3.9238
237.635000,23.8811
237.640000,11.8719
237.645000,2.0709
237.650000,15.5868
237.655000,16.3943
237.660000,2.3888
237.665000,2.0249
237.670000,17.4974
237.675000,-6.0276
237.680000,-11.7181
237.685000,-9.8259
237.690000,-8.1812
237.695000,-31.8376
237.700000,-24.6118
237.705000,-25.9521
237.710000,-45.6886
237.715000,-32.0906
237.720000,-22.0785
237.725000,-31.1418
237.730000,-36.4187
237.735000,-35.6932
237.740000,-37.1282
237.745000,-40.8536
237.750000,-26.5666
237.755000,-30.9844
237.760000,-44.1975
237.765000,-48.2068
237.770000,-29.4938
237.775000,-43.7295
237.780000,-55.5567
237.785000,-38.0402
237.790000,-50.2496
237.795000,-72.7053
237.800000,-70.8267
237.805000,-59.4764
237.810000,-72.0522
237.815000,-77.3024
237.820000,-69.5859
237.825000,-79.0655
237.830000,-77.7795
237.835000,-58.1321
237.840000,-57.5559
237.845000,-75.4425
237.850000,-63.0373
237.855000,-54.9593
237.860000,-65.7408
237.865000,-44.1513
237.870000,-28.2563
237.875000,-54.9792
237.880000,-53.8750
237.885000,-44.1252
237.890000,-56.6766
237.895000,-63.5730
237.900000,-39.7582
237.905000,-42.4613
237.910000,-74.2638
237.915000,-68.1282
237.920000,-53.6419
237.925000,-64.3833
237.930000,-64.5406
237.935000,-46.7932
237.940000,-54.1075
237.945000,-60.6125
237.950000,-41.3174
237.955000,-37.7362
237.960000,-47.3622
237.965000,-35.6947
237.970000,-33.4186
237.975000,-33.7020
237.980000,-39.9304
237.985000,-24.4369
237.990000,-29.0113
237.995000,-47.3213
238.000000,-23.9568
238.005000,-23.3848
238.010000,-32.4581
238.015000,-20.4088
238.020000,-8.7128
238.025000,-14.1952
238.030000,-3.4527
238.035000,18.6627
238.040000,9.8978
238.045000,6.2893
238.050000,19.5876
238.055000,26.8999
238.060000,19.2325
238.065000,26.7357
238.070000,29.9934
238.075000,27.3836
238.080000,23.4943
238.085000,30.1421
238.090000,25.3102
238.095000,16.3154
238.100000,29.6145
238.105000,29.8495
238.110000,23.1437
238.115000,29.8452
238.120000,53.6387
238.125000,28.6890
238.130000,44.2463
238.135000,71.6899
238.140000,63.2012
238.145000,60.1022
238.150000,74.5078
238.155000,76.6413
238.160000,64.9802
238.165000,72.5387
238.170000,87.5021
238.175000,76.9266
238.180000,67.8123
238.185000,74.4882
238.190000,64.2703
238.195000,48.6076
238.200000,71.0283
238.205000,74.1296
238.210000,55.3248
238.215000,48.8870
238.220000,71.9563
238.225000,59.6177
238.230000,51.9535
238.235000,60.9457
238.240000,68.0938
238.245000,66.7521
238.250000,65.0273
238.255000,86.3267
238.260000,62.8548
238.265000,58.0337
238.270000,63.8244
238.275000,42.7381
238.280000,31.9062
238.285000,47.0647
238.290000,37.7763
238.295000,37.1141
238.300000,36.0459
238.305000,39.8891
238.310000,18.1398
238.315000,14.8230
238.320000,22.2326
238.325000,5.7678
238.330000,12.8813
238.335000,23.0362
238.340000,23.6196
238.345000,10.3971
238.350000,19.2785
238.355000,26.9045
238.360000,14.4140
238.365000,13.3755
238.370000,25.1164
238.375000,8.1981
238.380000,-9.0168
238.385000,1.8269
238.390000,-0.8851
238.395000,-26.3129
238.400000,-13.0802
238.405000,-21.2699
238.410000,-46.2418
238.415000,-36.7866
238.420000,-24.0901
238.425000,-45.0267
238.430000,-48.5931
238.435000,-41.8810
238.440000,-41.6151
238.445000,-50.9664
238.450000,-41.0122
238.455000,-36.9429
238.460000,-55.2750
238.465000,-47.9619
238.470000,-46.1574
238.475000,-56.6328
238.480000,-65.4093
238.485000,-53.0161
238.490000,-58.7401
238.495000,-73.2981
238.500000,-69.5866
238.505000,-69.0198
238.510000,-73.9437
238.515000,-80.7486
238.520000,-53.8150
238.525000,-70.7080
238.530000,-74.9447
238.535000,-65.6631
238.540000,-59.5880
238.545000,-71.9791
238.550000,-54.9537
238.555000,-56.4976
238.560000,-66.6250
238.565000,-57.3132
238.570000,-45.8572
238.575000,-54.0088
238.580000,-54.4237
238.585000,-38.9098
238.590000,-49.1505
238.595000,-64.7433
238.600000,-44.9174
238.605000,-48.6279
238.610000,-56.4742
238.615000,-45.4091
238.620000,-43.8858
238.625000,-47.8959
238.630000,-46.7056
238.635000,-26.9043
238.640000,-29.9019
238.645000,-41.1491
238.650000,-16.4309
238.655000,-1.5449
238.660000,-10.9340
238.665000,-0.2836
238.670000,18.6544
238.675000,2.5900
238.680000,5.0971
238.685000,12.8943
238.690000,12.6076
238.695000,-0.7125
238.700000,-2.2920
238.705000,24.3224
238.710000,4.9092
238.715000,25.7050
238.720000,42.6987
238.725000,37.0072
238.730000,29.3034
238.735000,40.6749
238.740000,49.6746
238.745000,44.0040
238.750000,60.3654
238.755000,87.9673
238.760000,71.4354
238.765000,76.6954
238.770000,89.4779
238.775000,67.5300
238.780000,61.9018
238.785000,73.8007
238.790000,74.8603
238.795000,56.5333
238.800000,80.0698
238.805000,80.4997
238.810000,64.7621
238.815000,69.6468
238.820000,75.9683
238.825000,61.6173
238.830000,71.9031
238.835000,90.5067
238.840000,88.0486
238.845000,78.1784
238.850000,88.7914
238.855000,89.2524
238.860000,85.6648
238.865000,96.1801
238.870000,113.9900
238.875000,91.6884
238.880000,85.5115
238.885000,92.6883
238.890000,85.2351
238.895000,80.6941
238.900000,85.1173
238.905000,78.2128
238.910000,60.2971
238.915000,67.7732
238.920000,68.6834
238.925000,62.3908
238.930000,60.3923
238.935000,72.9716
238.940000,77.9274
238.945000,64.9114
238.950000,78.8432
238.955000,76.8661
238.960000,61.4277
238.965000,61.0305
238.970000,81.0973
238.975000,54.1042
238.980000,38.3049
238.985000,42.6754
238.990000,33.0753
238.995000,18.3055
239.000000,23.1385
239.005000,9.9507
239.010000,-7.9083
239.015000,-10.7594
239.020000,-3.7740
239.025000,-16.8749
239.030000,-18.0818
239.035000,-7.4329
239.040000,-11.9917
239.045000,-13.2047
239.050000,0.7127
239.055000,5.8669
239.060000,-25.9167
239.065000,-13.9880
239.070000,-8.8806
239.075000,-16.9006
239.080000,-30.6193
239.085000,-22.8718
239.090000,-35.3651
239.095000,-47.1752
239.100000,-42.1423
239.105000,-52.6415
239.110000,-68.3441
239.115000,-62.7508
239.120000,-49.2192
239.125000,-65.1124
239.130000,-59.6631
239.135000,-47.3067
239.140000,-49.3738
239.145000,-53.7726
239.150000,-41.4904
239.155000,-48.7354
239.160000,-53.3431
239.165000,-49.4795
239.170000,-42.2437
239.175000,-52.9744
239.180000,-70.6590
239.185000,-61.4658
239.190000,-64.5197
239.195000,-82.2577
239.200000,-71.6097
239.205000,-78.5927
239.210000,-85.3588
239.215000,-87.2182
239.220000,-75.0496
239.225000,-75.6833
239.230000,-82.4911
239.235000,-65.4522
239.240000,-66.6166
239.245000,-68.0352
239.250000,-54.3253
239.255000,-37.8417
239.260000,-53.8219
239.265000,-39.4863
239.270000,-23.8716
239.275000,-34.7525
239.280000,-34.8022
239.285000,-25.9029
239.290000,-25.8576
239.295000,-46.6960
239.300000,-39.3589
239.305000,-31.4464
239.310000,-34.7179
239.315000,-34.1201
239.320000,-20.6935
239.325000,-22.6490
239.330000,-20.9795
239.335000,-2.4644
239.340000,5.6865
239.345000,3.1085
239.350000,16.3173
239.355000,36.2880
239.360000,18.3217
239.365000,28.6594
239.370000,41.7985
239.375000,29.4106
239.380000,23.3578
239.385000,34.0499
239.390000,39.1481
239.395000,18.9603
239.400000,33.7270
239.405000,50.7116
239.410000,33.9069
239.415000,40.3539
239.420000,58.6920
239.425000,47.7419
239.430000,47.5186
239.435000,71.4663
239.440000,66.9826
239.445000,66.0018
239.450000,95.0805
239.455000,91.5079
239.460000,85.3377
239.465000,85.3465
239.470000,93.2712
239.475000,76.1328
239.480000,79.9491
239.485000,91.1436
239.490000,79.1004
239.495000,67.1137
239.500000,72.9371
239.505000,75.1245
239.510000,55.3183
239.515000,76.3746
239.520000,87.4215
239.525000,64.0756
239.530000,74.2925
239.535000,97.5963
239.540000,93.8061
239.545000,82.0075
239.550000,91.5846
239.555000,91.1932
239.560000,80.8704
239.565000,87.7693
239.570000,100.0230
239.575000,89.1680
239.580000,79.8159
239.585000,91.4344
239.590000,76.3420
239.595000,53.2053
239.600000,51.3492
239.605000,50.7719
239.610000,27.6868
239.615000,28.2284
239.620000,39.2427
239.625000,20.8420
239.630000,17.8459
239.635000,35.6084
239.640000,25.6987
239.645000,18.0546
239.650000,42.2738
239.655000,42.3349
239.660000,27.1166
239.665000,22.1821
239.670000,20.2232
239.675000,7.2798
239.680000,2.8457
239.685000,12.3361
239.690000,7.3838
239.695000,-21.3874
239.700000,-18.8200
239.705000,-21.3256
239.710000,-34.6476
239.715000,-28.6088
239.720000,-22.4888
239.725000,-42.7883
239.730000,-48.7639
239.735000,-38.0955
239.740000,-37.1435
239.745000,-35.4104
239.750000,-22.3555
239.755000,-22.2220
239.760000,-45.0657
239.765000,-40.0146
239.770000,-34.7048
239.775000,-54.7049
239.780000,-58.6475
239.785000,-55.9358
239.790000,-59.2398
239.795000,-80.4411
239.800000,-76.1936
239.805000,-69.3493
239.810000,-90.3093
239.815000,-86.4632
239.820000,-68.8212
239.825000,-93.4216
239.830000,-95.0019
239.835000,-69.4878
239.840000,-79.9755
239.845000,-97.3760
239.850000,-66.1209
239.855000,-63.3371
239.860000,-70.8250
239.865000,-72.1287
239.870000,-62.7030
239.875000,-68.1545
239.880000,-68.8599
239.885000,-59.2135
239.890000,-73.4713
239.895000,-77.4922
239.900000,-69.4266
239.905000,-75.8124
239.910000,-86.7817
239.915000,-74.0406
239.920000,-70.5340
239.925000,-79.7130
239.930000,-78.1367
239.935000,-51.2710
239.940000,-45.3852
239.945000,-51.3531
239.950000,-45.1792
239.955000,-32.1155
239.960000,-39.5105
239.965000,-38.6328
239.970000,-22.0943
239.975000,-26.4391
239.980000,-28.4372
239.985000,-16.4186
239.990000,-27.7790
239.995000,-39.2050
