timestamp,value
0.0,0.0993
0.1,0.1470
0.2,0.2504
0.3,0.4751
0.4,0.5844
0.5,0.6675
0.6,0.8912
0.7,0.8306
0.8,0.9974
0.9,0.9468
1.0,1.0829
1.1,1.1295
1.2,1.0461
1.3,0.9407
1.4,1.1478
1.5,0.9372
1.6,0.7949
1.7,0.7898
1.8,0.5899
1.9,0.5833
2.0,0.5641
2.1,0.3222
2.2,0.3170
2.3,0.2842
2.4,0.2296
2.5,0.0272
2.6,-0.2503
2.7,-0.2217
2.8,-0.4865
2.9,-0.5095
3.0,-0.5607
3.1,-0.6788
3.2,-0.7979
3.3,-1.0061
3.4,-0.8308
3.5,-1.0835
3.6,-0.9431
3.7,-0.8990
3.8,-1.1507
3.9,-1.0523
4.0,-1.1558
4.1,-1.0288
4.2,-0.9567
4.3,-0.8352
4.4,-0.7465
4.5,-0.5703
4.6,-0.5917
4.7,-0.4894
4.8,-0.1873
4.9,0.0065
5.0,0.1960
5.1,0.2142
5.2,0.5191
5.3,0.4956
5.4,0.7007
5.5,0.8949
5.6,0.8768
5.7,1.1856
5.8,0.9205
5.9,0.9825
6.0,1.0688
6.1,1.1149
6.2,1.0419
6.3,1.0006
6.4,0.9842
6.5,0.8656
6.6,0.8546
6.7,0.6025
6.8,0.5340
6.9,0.6559
7.0,0.4908
7.1,0.3133
7.2,0.1805
7.3,0.3047
7.4,-0.0441
7.5,-0.1192
7.6,-0.2742
7.7,-0.3113
7.8,-0.3927
7.9,-0.4976
8.0,-0.6466
8.1,-0.6213
8.2,-0.7701
8.3,-0.8189
8.4,-1.0813
8.5,-1.0180
8.6,-1.1764
8.7,-1.0601
8.8,-1.2206
8.9,-0.9597
9.0,-1.1345
9.1,-0.9409
9.2,-0.8331
9.3,-0.8567
9.4,-0.6272
9.5,-0.5188
9.6,-0.4542
9.7,-0.1768
9.8,-0.0922
9.9,0.1172
10.0,0.3518
10.1,0.5305
10.2,0.5651
10.3,0.6809
10.4,0.7965
10.5,0.9340
10.6,0.9616
10.7,0.9327
10.8,0.9304
10.9,0.9855
11.0,1.0432
11.1,1.1032
11.2,1.0612
11.3,0.9436
11.4,0.9036
11.5,0.8954
11.6,0.6181
11.7,0.7286
11.8,0.5944
11.9,0.4500
12.0,0.5220
12.1,0.2045
12.2,0.1381
12.3,0.0318
12.4,-0.1490
12.5,-0.1143
12.6,-0.3320
12.7,-0.4876
12.8,-0.5311
12.9,-0.5315
13.0,-0.7692
13.1,-0.8433
13.2,-0.8557
13.3,-1.0113
13.4,-0.9050
13.5,-1.0698
13.6,-0.9974
13.7,-1.0628
13.8,-1.0911
13.9,-1.0190
14.0,-0.8567
14.1,-0.8916
14.2,-0.8487
14.3,-0.6610
14.4,-0.4969
14.5,-0.4206
14.6,-0.3185
14.7,-0.2020
14.8,0.0630
14.9,0.2380
15.0,0.4330
15.1,0.4982
15.2,0.4162
15.3,0.6495
15.4,0.8178
15.5,0.9342
15.6,0.9141
15.7,0.9291
15.8,0.9926
15.9,1.0803
16.0,1.1051
16.1,1.0781
16.2,0.9479
16.3,0.9465
16.4,0.7289
16.5,0.6130
16.6,0.5446
16.7,0.6656
16.8,0.3414
16.9,0.2194
17.0,0.3407
17.1,0.0329
17.2,0.1011
17.3,-0.0161
17.4,-0.1782
17.5,-0.2463
17.6,-0.3683
17.7,-0.4154
17.8,-0.6321
17.9,-0.5474
18.0,-0.6785
18.1,-0.9008
18.2,-0.9314
18.3,-0.9425
18.4,-1.0845
18.5,-1.0500
18.6,-1.0345
18.7,-1.1025
18.8,-1.0399
18.9,-1.1123
19.0,-1.0419
19.1,-0.7812
19.2,-0.5568
19.3,-0.5969
19.4,-0.4356
19.5,-0.2146
19.6,-0.2544
19.7,0.0492
19.8,0.2416
19.9,0.3298
20.0,0.5413
20.1,0.4841
20.2,0.5715
20.3,0.6402
20.4,0.9829
20.5,0.9165
20.6,0.9370
20.7,0.9994
20.8,1.1190
20.9,0.9548
21.0,1.1164
21.1,0.9188
21.2,0.9418
21.3,0.8668
21.4,0.7062
21.5,0.5837
21.6,0.6269
21.7,0.5382
21.8,0.5797
21.9,0.4204
22.0,0.2198
22.1,0.1622
22.2,-0.1696
22.3,-0.0398
22.4,-0.2679
22.5,-0.3511
22.6,-0.4858
22.7,-0.4779
22.8,-0.6787
22.9,-0.7074
23.0,-1.0062
23.1,-0.8657
23.2,-0.9652
23.3,-0.9090
23.4,-1.1144
23.5,-1.0831
23.6,-1.1618
23.7,-1.0741
23.8,-0.9889
23.9,-0.9101
24.0,-0.8954
24.1,-0.6877
24.2,-0.6379
24.3,-0.5666
24.4,-0.2838
24.5,-0.1427
24.6,-0.1005
24.7,0.1169
24.8,0.2733
24.9,0.4083
25.0,0.5383
25.1,0.6552
25.2,0.7567
25.3,0.9597
25.4,0.8827
25.5,1.1214
25.6,1.1524
25.7,1.1360
25.8,1.0044
25.9,1.1169
26.0,0.9980
26.1,0.9063
26.2,0.9270
26.3,0.6530
26.4,0.5859
26.5,0.6470
26.6,0.4798
26.7,0.4151
26.8,0.3354
26.9,0.2664
27.0,-0.0961
27.1,0.1339
27.2,-0.2245
27.3,-0.2929
27.4,-0.3089
27.5,-0.4881
27.6,-0.4462
27.7,-0.5660
27.8,-0.6455
27.9,-0.8277
28.0,-0.8856
28.1,-0.9673
28.2,-0.9102
28.3,-1.0567
28.4,-1.0990
28.5,-1.1183
28.6,-1.0160
28.7,-0.8793
28.8,-0.8897
28.9,-1.0202
29.0,-0.7906
29.1,-0.5648
29.2,-0.4921
29.3,-0.2793
29.4,-0.3650
29.5,0.0007
29.6,-0.0123
29.7,0.1970
29.8,0.3386
29.9,0.5503
30.0,0.6502
30.1,0.9349
30.2,0.7193
30.3,0.9773
30.4,0.9523
30.5,1.1428
30.6,0.8834
30.7,1.0793
30.8,0.9722
30.9,0.8363
31.0,0.9667
31.1,0.9395
31.2,0.8837
31.3,0.7818
31.4,0.6681
31.5,0.4606
31.6,0.4161
31.7,0.2224
31.8,0.2231
31.9,-0.0059
32.0,0.0714
32.1,0.0850
32.2,-0.3150
32.3,-0.3014
32.4,-0.4806
32.5,-0.3917
32.6,-0.5909
32.7,-0.7118
32.8,-0.8898
32.9,-0.8117
33.0,-0.9849
33.1,-0.9867
33.2,-0.9819
33.3,-0.9833
33.4,-1.1474
33.5,-1.0869
33.6,-1.1129
33.7,-0.8910
33.8,-0.8437
33.9,-0.8224
34.0,-0.6554
34.1,-0.7395
34.2,-0.3686
34.3,-0.3004
34.4,-0.1091
34.5,0.0959
34.6,0.2548
34.7,0.3468
34.8,0.4583
34.9,0.5463
35.0,0.7205
35.1,0.9043
35.2,0.8977
35.3,0.9659
35.4,0.8921
35.5,1.0816
35.6,1.1737
35.7,1.1267
35.8,0.9859
35.9,0.9866
36.0,1.0092
36.1,0.8072
36.2,0.6985
36.3,0.7366
36.4,0.4848
36.5,0.6625
36.6,0.2501
36.7,0.1781
36.8,0.1929
36.9,0.0975
37.0,-0.0564
37.1,-0.1797
37.2,-0.3458
37.3,-0.4693
37.4,-0.4930
37.5,-0.5148
37.6,-0.6138
37.7,-0.7320
37.8,-0.8407
37.9,-0.7515
38.0,-1.0045
38.1,-0.9930
38.2,-1.0595
38.3,-1.0816
38.4,-0.9660
38.5,-1.0635
38.6,-1.0188
38.7,-0.9095
38.8,-0.8471
38.9,-0.8256
39.0,-0.6721
39.1,-0.4345
39.2,-0.3907
39.3,-0.3048
39.4,-0.0817
39.5,0.2126
39.6,0.2278
39.7,0.3534
39.8,0.4732
39.9,0.7607
40.0,0.8568
40.1,0.8866
40.2,1.1053
40.3,1.1238
40.4,0.9982
40.5,1.1123
40.6,1.1077
40.7,0.9227
40.8,1.0282
40.9,0.9290
41.0,0.8212
41.1,0.7011
41.2,0.6562
41.3,0.6297
41.4,0.3665
41.5,0.4795
41.6,0.2341
41.7,0.2399
41.8,-0.0367
41.9,-0.0891
42.0,-0.2100
42.1,-0.2127
42.2,-0.3462
42.3,-0.3270
42.4,-0.4785
42.5,-0.8534
42.6,-0.7356
42.7,-0.7822
42.8,-0.9059
42.9,-1.0290
43.0,-1.0596
43.1,-1.1265
43.2,-1.1043
43.3,-1.0129
43.4,-1.0382
43.5,-1.0780
43.6,-1.0006
43.7,-0.8553
43.8,-0.8325
43.9,-0.7010
44.0,-0.5211
44.1,-0.4108
44.2,-0.2073
44.3,-0.1974
44.4,0.1834
44.5,0.2975
44.6,0.3999
44.7,0.6279
44.8,0.7562
44.9,0.8191
45.0,0.9420
45.1,0.9751
45.2,1.0467
45.3,1.0267
45.4,0.9676
45.5,1.0326
45.6,1.0892
45.7,1.0708
45.8,0.9407
45.9,0.7324
46.0,0.6192
46.1,0.6709
46.2,0.7435
46.3,0.4743
46.4,0.4682
46.5,0.3882
46.6,0.0570
46.7,0.1057
46.8,-0.2254
46.9,-0.2583
47.0,-0.2278
47.1,-0.2542
47.2,-0.3895
47.3,-0.4325
47.4,-0.5822
47.5,-0.5955
47.6,-0.9193
47.7,-0.8717
47.8,-0.8393
47.9,-1.1109
48.0,-1.0784
48.1,-0.9192
48.2,-1.1951
48.3,-0.9464
48.4,-1.1081
48.5,-1.0451
48.6,-0.9630
48.7,-0.8001
48.8,-0.6808
48.9,-0.4807
49.0,-0.3498
49.1,-0.3880
49.2,-0.1897
49.3,0.0765
49.4,0.3158
49.5,0.4293
49.6,0.4261
49.7,0.6604
49.8,0.7963
49.9,0.9008
50.0,0.9455
50.1,0.9537
50.2,0.9791
50.3,1.0627
50.4,1.0620
50.5,0.9601
50.6,0.9956
50.7,0.9443
50.8,0.9728
50.9,0.9119
51.0,0.8916
51.1,0.6864
51.2,0.5690
51.3,0.5371
51.4,0.2733
51.5,0.2693
51.6,0.0344
51.7,-0.0517
51.8,-0.0011
51.9,-0.0491
52.0,-0.2693
52.1,-0.4492
52.2,-0.5127
52.3,-0.5968
52.4,-0.7211
52.5,-0.8292
52.6,-0.8492
52.7,-0.9337
52.8,-0.9843
52.9,-0.9132
53.0,-1.0523
53.1,-1.0887
53.2,-1.0466
53.3,-0.9526
53.4,-0.9362
53.5,-0.8535
53.6,-0.9007
53.7,-0.6018
53.8,-0.4741
53.9,-0.4675
54.0,-0.1838
54.1,-0.2917
54.2,-0.0166
54.3,0.0238
54.4,0.2683
54.5,0.5614
54.6,0.6937
54.7,0.8062
54.8,0.8237
54.9,0.8939
55.0,1.0865
55.1,1.1072
55.2,1.0846
55.3,1.0115
55.4,0.9123
55.5,0.9658
55.6,0.8922
55.7,0.9537
55.8,0.8283
55.9,0.7120
56.0,0.7340
56.1,0.5299
56.2,0.5287
56.3,0.3285
56.4,0.3490
56.5,0.1195
56.6,0.0133
56.7,-0.0599
56.8,-0.0999
56.9,-0.3032
57.0,-0.2261
57.1,-0.5180
57.2,-0.5534
57.3,-0.7433
57.4,-0.7889
57.5,-0.7854
57.6,-0.9539
57.7,-0.9484
57.8,-1.0574
57.9,-1.0245
58.0,-1.0670
58.1,-1.1006
58.2,-1.1088
58.3,-0.9934
58.4,-1.0954
58.5,-0.6245
58.6,-0.7594
58.7,-0.5799
58.8,-0.4692
58.9,-0.3111
59.0,-0.0453
59.1,0.0129
59.2,0.0164
59.3,0.2351
59.4,0.5289
59.5,0.6932
59.6,0.6585
59.7,0.8637
59.8,0.8422
59.9,0.9584
60.0,0.7782
60.1,0.6776
60.2,0.8230
60.3,0.7108
60.4,0.8066
60.5,0.7062
60.6,0.6425
60.7,0.7023
60.8,0.4925
60.9,0.4371
61.0,0.4359
61.1,0.3255
61.2,0.2672
61.3,0.2375
61.4,0.1896
61.5,0.1057
61.6,-0.0663
61.7,-0.0517
61.8,-0.1942
61.9,-0.2479
62.0,-0.2713
62.1,-0.2906
62.2,-0.3840
62.3,-0.4917
62.4,-0.5787
62.5,-0.6887
62.6,-0.7540
62.7,-0.7433
62.8,-0.7002
62.9,-0.6788
63.0,-0.7136
63.1,-0.7427
63.2,-0.6954
63.3,-0.6469
63.4,-0.5698
63.5,-0.5719
63.6,-0.4600
63.7,-0.3868
63.8,-0.2011
63.9,-0.1376
64.0,-0.0356
64.1,0.0594
64.2,0.1251
64.3,0.2625
64.4,0.3695
64.5,0.5031
64.6,0.3896
64.7,0.5730
64.8,0.7626
64.9,0.7161
65.0,0.8745
65.1,0.6219
65.2,0.6717
65.3,0.7133
65.4,0.6987
65.5,0.6936
65.6,0.6901
65.7,0.5875
65.8,0.4897
65.9,0.3933
66.0,0.2836
66.1,0.2549
66.2,0.1539
66.3,0.2449
66.4,0.0459
66.5,0.0055
66.6,-0.2147
66.7,-0.2294
66.8,-0.0815
66.9,-0.2366
67.0,-0.3985
67.1,-0.5457
67.2,-0.5811
67.3,-0.6559
67.4,-0.7334
67.5,-0.6313
67.6,-0.7028
67.7,-0.8837
67.8,-0.6802
67.9,-0.8539
68.0,-0.7898
68.1,-0.7728
68.2,-0.7091
68.3,-0.5904
68.4,-0.5052
68.5,-0.3778
68.6,-0.4233
68.7,-0.2651
68.8,-0.0309
68.9,-0.0973
69.0,-0.1125
69.1,0.0621
69.2,0.2197
69.3,0.5525
69.4,0.3621
69.5,0.4493
69.6,0.6005
69.7,0.5774
69.8,0.7103
69.9,0.7281
70.0,0.7225
70.1,0.5920
70.2,0.7404
70.3,0.5860
70.4,0.7345
70.5,0.7088
70.6,0.6065
70.7,0.5169
70.8,0.4685
70.9,0.4946
71.0,0.2486
71.1,0.1787
71.2,0.1534
71.3,0.1366
71.4,-0.0550
71.5,0.0293
71.6,-0.0874
71.7,-0.2188
71.8,-0.2153
71.9,-0.4019
72.0,-0.5422
72.1,-0.5145
72.2,-0.4543
72.3,-0.6434
72.4,-0.6452
72.5,-0.6841
72.6,-0.6859
72.7,-0.7616
72.8,-0.7536
72.9,-0.8095
73.0,-0.8039
73.1,-0.6688
73.2,-0.7130
73.3,-0.5297
73.4,-0.4501
73.5,-0.3909
73.6,-0.1457
73.7,-0.3176
73.8,-0.2396
73.9,0.0160
74.0,0.1898
74.1,0.2372
74.2,0.3438
74.3,0.3735
74.4,0.4785
74.5,0.6073
74.6,0.4487
74.7,0.7849
74.8,0.7293
74.9,0.6450
75.0,0.7029
75.1,0.7476
75.2,0.5423
75.3,0.5486
75.4,0.5604
75.5,0.5529
75.6,0.6447
75.7,0.4860
75.8,0.4870
75.9,0.2487
76.0,0.3052
76.1,0.1524
76.2,0.2659
76.3,0.1275
76.4,-0.0795
76.5,-0.1028
76.6,-0.2985
76.7,-0.2433
76.8,-0.3842
76.9,-0.4549
77.0,-0.5562
77.1,-0.5130
77.2,-0.4311
77.3,-0.6129
77.4,-0.6591
77.5,-0.6075
77.6,-0.5980
77.7,-0.6746
77.8,-0.8362
77.9,-0.6425
78.0,-0.6255
78.1,-0.5528
78.2,-0.5634
78.3,-0.6247
78.4,-0.4681
78.5,-0.2900
78.6,-0.2252
78.7,-0.2051
78.8,-0.0009
78.9,0.1111
79.0,0.2738
79.1,0.3659
79.2,0.3335
79.3,0.5600
79.4,0.5332
79.5,0.7737
79.6,0.8141
79.7,0.6123
79.8,0.7778
79.9,0.8455
80.0,0.5285
80.1,0.6980
80.2,0.6535
80.3,0.6780
80.4,0.5700
80.5,0.5007
80.6,0.4644
80.7,0.3239
80.8,0.3324
80.9,0.2882
81.0,0.0960
81.1,0.0369
81.2,0.0558
81.3,0.0509
81.4,0.0337
81.5,-0.2628
81.6,-0.2710
81.7,-0.2476
81.8,-0.4005
81.9,-0.4331
82.0,-0.5233
82.1,-0.5361
82.2,-0.6823
82.3,-0.6125
82.4,-0.8426
82.5,-0.6774
82.6,-0.7395
82.7,-0.7920
82.8,-0.6465
82.9,-0.7341
83.0,-0.7147
83.1,-0.6546
83.2,-0.6006
83.3,-0.4526
83.4,-0.4277
83.5,-0.3803
83.6,-0.2063
83.7,-0.1551
83.8,0.0675
83.9,0.0963
84.0,0.1410
84.1,0.3198
84.2,0.5194
84.3,0.3242
84.4,0.5862
84.5,0.6843
84.6,0.5208
84.7,0.8045
84.8,0.8220
84.9,0.6356
85.0,0.8324
85.1,0.8013
85.2,0.6686
85.3,0.6003
85.4,0.4270
85.5,0.5607
85.6,0.5320
85.7,0.4089
85.8,0.3323
85.9,0.1848
86.0,0.2507
86.1,0.1506
86.2,-0.0337
86.3,-0.0981
86.4,-0.1322
86.5,-0.3019
86.6,-0.3123
86.7,-0.3801
86.8,-0.4179
86.9,-0.4935
87.0,-0.6582
87.1,-0.6082
87.2,-0.4888
87.3,-0.8115
87.4,-0.7284
87.5,-0.7343
87.6,-0.6727
87.7,-0.7924
87.8,-0.6785
87.9,-0.6403
88.0,-0.4273
88.1,-0.6055
88.2,-0.4703
88.3,-0.4435
88.4,-0.3238
88.5,-0.1876
88.6,-0.0747
88.7,-0.0941
88.8,0.1724
88.9,0.2796
89.0,0.4596
89.1,0.6835
89.2,0.4961
89.3,0.6669
89.4,0.6300
89.5,0.6570
89.6,0.6837
89.7,0.7791
89.8,0.7677
89.9,0.7641
90.0,0.7162
90.1,0.6134
90.2,0.6223
90.3,0.6218
90.4,0.6279
90.5,0.5345
90.6,0.3845
90.7,0.3656
90.8,0.1572
90.9,0.1105
91.0,0.1256
91.1,0.0039
91.2,0.0985
91.3,-0.2575
91.4,-0.2175
91.5,-0.2779
91.6,-0.3717
91.7,-0.4025
91.8,-0.4815
91.9,-0.4968
92.0,-0.5575
92.1,-0.6187
92.2,-0.5887
92.3,-0.6740
92.4,-0.6414
92.5,-0.7602
92.6,-0.7048
92.7,-0.7269
92.8,-0.7721
92.9,-0.5043
93.0,-0.6839
93.1,-0.5124
93.2,-0.3869
93.3,-0.4229
93.4,-0.3081
93.5,-0.2085
93.6,-0.0342
93.7,0.0863
93.8,0.1490
93.9,0.2890
94.0,0.4109
94.1,0.2215
94.2,0.4844
94.3,0.6703
94.4,0.7414
94.5,0.6037
94.6,0.7108
94.7,0.8185
94.8,0.7393
94.9,0.8020
95.0,0.7274
95.1,0.6933
95.2,0.5936
95.3,0.5158
95.4,0.4460
95.5,0.4225
95.6,0.4270
95.7,0.3184
95.8,0.0884
95.9,0.1142
96.0,-0.0052
96.1,-0.1121
96.2,-0.0900
96.3,-0.1787
96.4,-0.2528
96.5,-0.3388
96.6,-0.4149
96.7,-0.3675
96.8,-0.6465
96.9,-0.6025
97.0,-0.8484
97.1,-0.6859
97.2,-0.6557
97.3,-0.7920
97.4,-0.7686
97.5,-0.8597
97.6,-0.7721
97.7,-0.7014
97.8,-0.6113
97.9,-0.6141
98.0,-0.5189
98.1,-0.4924
98.2,-0.2810
98.3,-0.3560
98.4,-0.3044
98.5,-0.1615
98.6,0.1125
98.7,0.2690
98.8,0.3441
98.9,0.3868
99.0,0.4696
99.1,0.5964
99.2,0.4956
99.3,0.5120
99.4,0.7403
99.5,0.6817
99.6,0.7251
99.7,0.7143
99.8,0.5404
99.9,0.6892
100.0,0.6412
100.1,0.5255
100.2,0.5942
100.3,0.4099
100.4,0.3241
100.5,0.2531
100.6,0.4136
100.7,0.3278
100.8,0.1409
100.9,0.0316
101.0,0.0554
101.1,-0.0764
101.2,-0.2254
101.3,-0.2879
101.4,-0.3555
101.5,-0.5242
101.6,-0.5094
101.7,-0.4419
101.8,-0.4945
101.9,-0.5861
102.0,-0.6939
102.1,-0.7665
102.2,-0.8238
102.3,-0.7415
102.4,-0.7580
102.5,-0.8255
102.6,-0.7938
102.7,-0.6320
102.8,-0.6381
102.9,-0.6279
103.0,-0.3140
103.1,-0.1857
103.2,-0.1834
103.3,-0.1865
103.4,-0.1806
103.5,-0.0816
103.6,0.2242
103.7,0.2229
103.8,0.3098
103.9,0.2807
104.0,0.3383
104.1,0.6369
104.2,0.6062
104.3,0.6595
104.4,0.7927
104.5,0.6621
104.6,0.5709
104.7,0.7250
104.8,0.7208
104.9,0.6505
105.0,0.5732
105.1,0.5943
105.2,0.5795
105.3,0.5635
105.4,0.5022
105.5,0.4825
105.6,0.1687
105.7,0.2146
105.8,0.1052
105.9,-0.0913
106.0,0.0789
106.1,-0.1726
106.2,-0.2464
106.3,-0.1574
106.4,-0.3015
106.5,-0.4168
106.6,-0.5222
106.7,-0.4832
106.8,-0.8154
106.9,-0.6173
107.0,-0.5964
107.1,-0.6598
107.2,-0.6865
107.3,-0.7413
107.4,-0.5871
107.5,-0.6416
107.6,-0.6707
107.7,-0.4820
107.8,-0.6887
107.9,-0.5006
108.0,-0.3981
108.1,-0.3279
108.2,-0.2945
108.3,-0.0603
108.4,-0.0742
108.5,-0.0265
108.6,0.2198
108.7,0.3957
108.8,0.4706
108.9,0.5865
109.0,0.6096
109.1,0.6416
109.2,0.7945
109.3,0.8646
109.4,0.6209
109.5,0.6936
109.6,0.6711
109.7,0.7755
109.8,0.5764
109.9,0.6050
110.0,0.4677
110.1,0.5340
110.2,0.4330
110.3,0.2713
110.4,0.2975
110.5,0.2186
110.6,-0.0621
110.7,0.0567
110.8,-0.0523
110.9,0.0303
111.0,-0.0550
111.1,-0.1974
111.2,-0.2876
111.3,-0.2158
111.4,-0.2680
111.5,-0.3711
111.6,-0.6633
111.7,-0.5619
111.8,-0.5266
111.9,-0.7340
112.0,-0.6097
112.1,-0.7997
112.2,-0.6953
112.3,-0.7603
112.4,-0.7830
112.5,-0.6208
112.6,-0.7443
112.7,-0.5940
112.8,-0.5125
112.9,-0.4058
113.0,-0.2895
113.1,-0.1337
113.2,-0.1340
113.3,0.0174
113.4,0.2431
113.5,0.2196
113.6,0.3361
113.7,0.3538
113.8,0.4963
113.9,0.3805
114.0,0.4823
114.1,0.5591
114.2,0.6602
114.3,0.6905
114.4,0.6841
114.5,0.6671
114.6,0.6188
114.7,0.6712
114.8,0.6480
114.9,0.5546
115.0,0.5144
115.1,0.4926
115.2,0.3356
115.3,0.2986
115.4,0.2088
115.5,0.2878
115.6,0.2348
115.7,0.0937
115.8,-0.1130
115.9,-0.0868
116.0,-0.0155
116.1,-0.2497
116.2,-0.3029
116.3,-0.5805
116.4,-0.5244
116.5,-0.4948
116.6,-0.4760
116.7,-0.4707
116.8,-0.6262
116.9,-0.8309
117.0,-0.5558
117.1,-0.8893
117.2,-0.5634
117.3,-0.8145
117.4,-0.7118
117.5,-0.5477
117.6,-0.7447
117.7,-0.5204
117.8,-0.5730
117.9,-0.3244
118.0,-0.2551
118.1,-0.2416
118.2,-0.0963
118.3,0.0933
118.4,0.1307
118.5,0.3114
118.6,0.2715
118.7,0.5050
118.8,0.5014
118.9,0.6404
119.0,0.6100
119.1,0.6744
119.2,0.5489
119.3,0.8527
119.4,0.6520
119.5,0.5517
119.6,0.6718
119.7,0.6173
119.8,0.5866
119.9,0.5242
120.0,0.8109
120.1,0.6730
120.2,0.6671
120.3,0.4784
120.4,0.3106
120.5,0.1455
120.6,-0.0432
120.7,-0.0484
120.8,-0.1885
120.9,-0.1478
121.0,-0.3347
121.1,-0.3146
121.2,-0.5596
121.3,-0.5994
121.4,-0.5497
121.5,-0.8205
121.6,-0.5976
121.7,-0.8533
121.8,-1.0878
121.9,-1.1246
122.0,-0.9592
122.1,-1.0156
122.2,-1.0136
122.3,-0.8508
122.4,-1.0011
122.5,-0.8837
122.6,-0.6807
122.7,-0.6602
122.8,-0.6200
122.9,-0.4650
123.0,-0.3317
123.1,0.0223
123.2,0.0276
123.3,0.2964
123.4,0.2285
123.5,0.6000
123.6,0.5019
123.7,0.7268
123.8,0.8190
123.9,1.0295
124.0,1.0131
124.1,1.0027
124.2,1.0132
124.3,1.1225
124.4,1.0451
124.5,0.8893
124.6,1.0822
124.7,0.9894
124.8,0.6795
124.9,0.6109
125.0,0.6895
125.1,0.5080
125.2,0.3261
125.3,0.4517
125.4,0.2232
125.5,0.1071
125.6,0.1262
125.7,-0.1533
125.8,-0.1309
125.9,-0.2428
126.0,-0.3360
126.1,-0.4248
126.2,-0.5936
126.3,-0.6863
126.4,-0.7888
126.5,-0.7732
126.6,-1.0351
126.7,-0.9020
126.8,-0.8581
126.9,-0.9277
127.0,-0.9427
127.1,-0.9597
127.2,-0.9768
127.3,-0.9937
127.4,-0.8177
127.5,-0.6504
127.6,-0.5782
127.7,-0.4180
127.8,-0.3858
127.9,-0.3306
128.0,-0.0872
128.1,0.0233
128.2,0.2244
128.3,0.2730
128.4,0.3715
128.5,0.4631
128.6,0.7818
128.7,0.8313
128.8,0.8548
128.9,0.9651
129.0,1.0536
129.1,1.0466
129.2,1.1163
129.3,0.9702
129.4,0.9695
129.5,0.8609
129.6,0.9056
129.7,0.7568
129.8,0.7937
129.9,0.5926
130.0,0.6911
130.1,0.4357
130.2,0.3445
130.3,0.1055
130.4,0.1153
130.5,0.1850
130.6,-0.0606
130.7,-0.0719
130.8,-0.2718
130.9,-0.3117
131.0,-0.4502
131.1,-0.5861
131.2,-0.6373
131.3,-0.7242
131.4,-0.6981
131.5,-0.8150
131.6,-0.9693
131.7,-0.9946
131.8,-1.0457
131.9,-1.2013
132.0,-1.0073
132.1,-0.9753
132.2,-0.9177
132.3,-0.8462
132.4,-0.7340
132.5,-0.7562
132.6,-0.5838
132.7,-0.4995
132.8,-0.3324
132.9,-0.1286
133.0,0.0066
133.1,0.1974
133.2,0.3889
133.3,0.3965
133.4,0.5903
133.5,0.7619
133.6,0.8391
133.7,0.9511
133.8,1.0951
133.9,1.0897
134.0,0.8361
134.1,0.9952
134.2,1.0846
134.3,0.9156
134.4,1.0107
134.5,0.8354
134.6,0.7796
134.7,0.8402
134.8,0.5641
134.9,0.5662
135.0,0.5159
135.1,0.3635
135.2,0.3069
135.3,0.1363
135.4,0.0425
135.5,-0.0904
135.6,-0.1651
135.7,-0.2477
135.8,-0.3674
135.9,-0.5083
136.0,-0.4661
136.1,-0.6617
136.2,-0.6352
136.3,-0.8900
136.4,-0.7854
136.5,-0.8631
136.6,-0.8977
136.7,-1.0663
136.8,-0.8766
136.9,-1.0191
137.0,-0.9676
137.1,-0.8718
137.2,-0.7613
137.3,-0.8891
137.4,-0.7305
137.5,-0.6495
137.6,-0.6289
137.7,-0.4114
137.8,-0.1381
137.9,-0.0283
138.0,-0.0100
138.1,0.1508
138.2,0.4861
138.3,0.5128
138.4,0.6269
138.5,0.6029
138.6,0.8681
138.7,0.7977
138.8,1.0247
138.9,1.0184
139.0,1.0069
139.1,1.1268
139.2,0.8862
139.3,0.9347
139.4,0.9187
139.5,0.8287
139.6,0.6974
139.7,0.8053
139.8,0.5368
139.9,0.5276
140.0,0.2930
140.1,0.3223
140.2,0.1811
140.3,0.1619
140.4,0.0746
140.5,-0.0701
140.6,-0.2019
140.7,-0.3042
140.8,-0.2048
140.9,-0.4908
141.0,-0.3812
141.1,-0.6128
141.2,-0.7585
141.3,-0.8255
141.4,-0.7939
141.5,-0.9167
141.6,-0.9849
141.7,-1.0876
141.8,-1.0635
141.9,-1.0608
142.0,-0.9828
142.1,-0.9560
142.2,-0.8144
142.3,-0.6830
142.4,-0.6346
142.5,-0.4811
142.6,-0.3180
142.7,-0.1917
142.8,-0.1193
142.9,0.0615
143.0,0.2116
143.1,0.2879
143.2,0.4541
143.3,0.5684
143.4,0.8115
143.5,0.8250
143.6,0.9902
143.7,1.0546
143.8,1.0933
143.9,1.0109
144.0,1.1348
144.1,0.9866
144.2,0.9721
144.3,0.8005
144.4,0.9811
144.5,0.6313
144.6,0.6195
144.7,0.3975
144.8,0.4546
144.9,0.4891
145.0,0.2854
145.1,0.2051
145.2,0.0379
145.3,0.0759
145.4,0.0433
145.5,-0.1177
145.6,-0.2645
145.7,-0.3903
145.8,-0.4663
145.9,-0.6825
146.0,-0.6194
146.1,-0.7668
146.2,-0.6051
146.3,-0.9282
146.4,-0.8706
146.5,-1.0157
146.6,-0.9013
146.7,-0.9847
146.8,-0.8634
146.9,-0.9024
147.0,-0.8848
147.1,-0.8129
147.2,-0.8842
147.3,-0.6770
147.4,-0.7034
147.5,-0.4290
147.6,-0.4339
147.7,-0.1449
147.8,0.0313
147.9,0.0955
148.0,0.1770
148.1,0.4558
148.2,0.5879
148.3,0.6796
148.4,0.8652
148.5,0.9479
148.6,0.8644
148.7,0.9939
148.8,1.0401
148.9,1.0261
149.0,1.1102
149.1,0.9375
149.2,0.9284
149.3,0.8207
149.4,0.8629
149.5,0.7983
149.6,0.7308
149.7,0.5334
149.8,0.4115
149.9,0.2951
150.0,0.1957
150.1,0.1618
150.2,0.0339
150.3,-0.0975
150.4,-0.2130
150.5,-0.1545
150.6,-0.3560
150.7,-0.4324
150.8,-0.6354
150.9,-0.7611
151.0,-0.6671
151.1,-0.7997
151.2,-0.9600
151.3,-0.7830
151.4,-0.9075
151.5,-1.0138
151.6,-1.0360
151.7,-0.9884
151.8,-0.9205
151.9,-1.1247
152.0,-0.8162
152.1,-0.7288
152.2,-0.7021
152.3,-0.5207
152.4,-0.4172
152.5,-0.2352
152.6,-0.2385
152.7,0.0668
152.8,0.0945
152.9,0.4122
153.0,0.3100
153.1,0.4593
153.2,0.7362
153.3,0.7245
153.4,0.7021
153.5,0.9959
153.6,0.9931
153.7,1.0595
153.8,1.0560
153.9,0.9118
154.0,0.9360
154.1,1.0071
154.2,0.9812
154.3,0.8248
154.4,0.7888
154.5,0.5771
154.6,0.5128
154.7,0.5042
154.8,0.3563
154.9,0.3714
155.0,0.0571
155.1,0.1134
155.2,-0.0008
155.3,-0.2451
155.4,-0.3448
155.5,-0.4308
155.6,-0.4569
155.7,-0.5682
155.8,-0.6988
155.9,-0.7392
156.0,-0.7593
156.1,-0.8683
156.2,-0.8989
156.3,-1.0766
156.4,-1.0158
156.5,-0.9435
156.6,-0.9674
156.7,-1.1473
156.8,-0.8469
156.9,-0.7647
157.0,-0.7977
157.1,-0.6927
157.2,-0.5996
157.3,-0.5870
157.4,-0.3730
157.5,-0.1547
157.6,0.0342
157.7,0.0213
157.8,0.3643
157.9,0.3325
158.0,0.5070
158.1,0.4312
158.2,0.8119
158.3,0.8269
158.4,1.0434
158.5,0.9792
158.6,0.9312
158.7,1.0743
158.8,0.9979
158.9,0.8363
159.0,0.9566
159.1,0.8248
159.2,0.8084
159.3,0.7437
159.4,0.6719
159.5,0.6443
159.6,0.4643
159.7,0.3819
159.8,0.3592
159.9,0.2272
160.0,0.0581
160.1,0.0800
160.2,-0.2741
160.3,-0.2132
160.4,-0.2653
160.5,-0.3524
160.6,-0.5524
160.7,-0.5919
160.8,-0.7354
160.9,-0.7162
161.0,-0.8218
161.1,-0.9539
161.2,-0.8191
161.3,-1.0406
161.4,-1.0356
161.5,-1.0829
161.6,-0.8302
161.7,-0.8709
161.8,-0.9269
161.9,-0.8398
162.0,-0.6261
162.1,-0.5522
162.2,-0.5183
162.3,-0.5005
162.4,-0.2067
162.5,-0.1135
162.6,0.0602
162.7,0.1747
162.8,0.3317
162.9,0.4305
163.0,0.7012
163.1,0.6642
163.2,0.9061
163.3,1.0020
163.4,1.0270
163.5,1.0161
163.6,1.1293
163.7,0.9748
163.8,1.1471
163.9,0.9345
164.0,1.0232
164.1,0.8652
164.2,0.8121
164.3,0.6988
164.4,0.7446
164.5,0.6095
164.6,0.4301
164.7,0.2736
164.8,0.3162
164.9,0.0346
165.0,0.0407
165.1,-0.0911
165.2,-0.2380
165.3,-0.3048
165.4,-0.3166
165.5,-0.4955
165.6,-0.6775
165.7,-0.5793
165.8,-0.8711
165.9,-0.7125
166.0,-0.9924
166.1,-0.8515
166.2,-1.0169
166.3,-1.0566
166.4,-1.0008
166.5,-0.9678
166.6,-0.7330
166.7,-0.9805
166.8,-0.9467
166.9,-0.7448
167.0,-0.6105
167.1,-0.5619
167.2,-0.4714
167.3,-0.3376
167.4,-0.1188
167.5,0.0917
167.6,0.2109
167.7,0.2151
167.8,0.4049
167.9,0.6015
168.0,0.6705
168.1,0.8757
168.2,0.7474
168.3,0.8288
168.4,0.9109
168.5,1.0255
168.6,0.9782
168.7,1.0211
168.8,1.1283
168.9,0.8950
169.0,0.8030
169.1,0.9020
169.2,0.7271
169.3,0.6611
169.4,0.5825
169.5,0.4018
169.6,0.3487
169.7,0.2287
169.8,0.0367
169.9,0.0748
170.0,-0.2220
170.1,-0.1792
170.2,-0.2786
170.3,-0.3805
170.4,-0.3862
170.5,-0.4800
170.6,-0.5170
170.7,-0.7408
170.8,-0.8687
170.9,-0.8988
171.0,-0.8589
171.1,-0.7813
171.2,-0.8380
171.3,-1.1261
171.4,-1.0277
171.5,-0.9742
171.6,-1.0751
171.7,-0.8367
171.8,-0.8465
171.9,-0.6391
172.0,-0.5708
172.1,-0.4957
172.2,-0.3010
172.3,-0.2110
172.4,0.0031
172.5,0.1632
172.6,0.2609
172.7,0.3488
172.8,0.4935
172.9,0.8414
173.0,0.7678
173.1,0.8547
173.2,0.8468
173.3,0.9932
173.4,0.8987
173.5,1.1658
173.6,0.9716
173.7,0.9345
173.8,0.8949
173.9,0.8028
174.0,0.6915
174.1,0.7660
174.2,0.7631
174.3,0.6928
174.4,0.3846
174.5,0.2791
174.6,0.2437
174.7,0.2522
174.8,0.1632
174.9,0.0557
175.0,0.0127
175.1,-0.3401
175.2,-0.3783
175.3,-0.3533
175.4,-0.5877
175.5,-0.5788
175.6,-0.6415
175.7,-0.9645
175.8,-0.8774
175.9,-0.8987
176.0,-0.9779
176.1,-1.0536
176.2,-0.9196
176.3,-1.0050
176.4,-0.9479
176.5,-0.9350
176.6,-0.9013
176.7,-0.8316
176.8,-0.7199
176.9,-0.6747
177.0,-0.3994
177.1,-0.4435
177.2,-0.2686
177.3,-0.0700
177.4,0.1190
177.5,0.0874
177.6,0.3934
177.7,0.5767
177.8,0.4828
177.9,0.7369
178.0,0.8444
178.1,1.0225
178.2,0.9757
178.3,1.0512
178.4,0.9618
178.5,1.1020
178.6,1.0728
178.7,0.9835
178.8,1.0108
178.9,0.7932
179.0,0.7237
179.1,0.7469
179.2,0.5144
179.3,0.5795
179.4,0.4111
179.5,0.4653
179.6,0.1594
179.7,0.2268
179.8,0.0872
179.9,0.0127
180.0,-0.0983
180.1,-0.1227
180.2,-0.3596
180.3,-0.2567
180.4,-0.3921
180.5,-0.5538
180.6,-0.5127
180.7,-0.6676
180.8,-0.7245
180.9,-0.9769
181.0,-0.8447
181.1,-0.8038
181.2,-0.6486
181.3,-0.8396
181.4,-0.8256
181.5,-0.8070
181.6,-0.6494
181.7,-0.7292
181.8,-0.5474
181.9,-0.4278
182.0,-0.3964
182.1,-0.1810
182.2,-0.1817
182.3,0.0487
182.4,0.0136
182.5,0.1834
182.6,0.3149
182.7,0.5117
182.8,0.5587
182.9,0.6146
183.0,0.6770
183.1,0.6608
183.2,0.8461
183.3,0.8101
183.4,0.6551
183.5,0.8358
183.6,0.8153
183.7,0.7960
183.8,0.7253
183.9,0.6032
184.0,0.3627
184.1,0.5095
184.2,0.3691
184.3,0.4468
184.4,0.0827
184.5,0.1109
184.6,0.1473
184.7,0.0052
184.8,-0.2228
184.9,-0.0968
185.0,-0.3039
185.1,-0.2354
185.2,-0.3251
185.3,-0.5203
185.4,-0.5558
185.5,-0.5573
185.6,-0.6700
185.7,-0.8908
185.8,-0.7844
185.9,-0.7576
186.0,-0.9697
186.1,-0.8642
186.2,-0.9347
186.3,-0.7984
186.4,-0.8096
186.5,-0.7922
186.6,-0.7714
186.7,-0.4696
186.8,-0.4862
186.9,-0.5006
187.0,-0.2711
187.1,-0.1773
187.2,0.2109
187.3,0.1700
187.4,0.2853
187.5,0.3923
187.6,0.4172
187.7,0.5905
187.8,0.7236
187.9,0.7907
188.0,0.8634
188.1,0.8625
188.2,0.7866
188.3,0.9009
188.4,0.9130
188.5,0.7658
188.6,0.6753
188.7,0.7480
188.8,0.7313
188.9,0.4667
189.0,0.4947
189.1,0.4865
189.2,0.4593
189.3,0.3738
189.4,0.4859
189.5,0.1826
189.6,0.0616
189.7,-0.0262
189.8,-0.1388
189.9,-0.2377
190.0,-0.2347
190.1,-0.3457
190.2,-0.5056
190.3,-0.6177
190.4,-0.6599
190.5,-0.6715
190.6,-0.7492
190.7,-0.8400
190.8,-0.8663
190.9,-0.8275
191.0,-0.9367
191.1,-0.8954
191.2,-0.7463
191.3,-0.9580
191.4,-0.7998
191.5,-0.6947
191.6,-0.4853
191.7,-0.5548
191.8,-0.4894
191.9,-0.2639
192.0,0.0377
192.1,-0.0687
192.2,0.1071
192.3,0.1932
192.4,0.4611
192.5,0.3305
192.6,0.5468
192.7,0.6917
192.8,0.7633
192.9,0.7636
193.0,0.7463
193.1,0.8305
193.2,0.9335
193.3,0.8367
193.4,0.9433
193.5,0.6458
193.6,0.6910
193.7,0.7423
193.8,0.6748
193.9,0.5284
194.0,0.4451
194.1,0.2945
194.2,0.2633
194.3,0.2402
194.4,0.2152
194.5,-0.1410
194.6,-0.0095
194.7,-0.1796
194.8,-0.1701
194.9,-0.2507
195.0,-0.3201
195.1,-0.1871
195.2,-0.4854
195.3,-0.4916
195.4,-0.5875
195.5,-0.6913
195.6,-0.8334
195.7,-0.7422
195.8,-0.7855
195.9,-0.9396
196.0,-0.8285
196.1,-0.8866
196.2,-0.8075
196.3,-0.7875
196.4,-0.5277
196.5,-0.6297
196.6,-0.5299
196.7,-0.3968
196.8,-0.4223
196.9,-0.2138
197.0,-0.0257
197.1,0.1626
197.2,0.0091
197.3,0.2247
197.4,0.3392
197.5,0.5143
197.6,0.5817
197.7,0.7252
197.8,0.7641
197.9,0.7862
198.0,0.9792
198.1,0.7627
198.2,0.9454
198.3,0.7417
198.4,0.6753
198.5,0.6051
198.6,0.9027
198.7,0.6257
198.8,0.4444
198.9,0.6068
199.0,0.4436
199.1,0.3504
199.2,0.3601
199.3,0.2246
199.4,0.0487
199.5,0.0476
199.6,-0.2097
199.7,-0.1251
199.8,-0.2872
199.9,-0.3003
200.0,-0.4679
200.1,-0.4427
200.2,-0.4866
200.3,-0.6448
200.4,-0.5397
200.5,-0.5612
200.6,-0.8530
200.7,-0.8461
200.8,-0.9076
200.9,-0.8370
201.0,-0.7572
201.1,-0.7578
201.2,-0.6791
201.3,-0.7804
201.4,-0.5861
201.5,-0.5523
201.6,-0.5545
201.7,-0.4344
201.8,-0.2131
201.9,-0.0576
202.0,-0.0263
202.1,0.1602
202.2,0.2231
202.3,0.4408
202.4,0.5269
202.5,0.6065
202.6,0.7450
202.7,0.6354
202.8,0.7037
202.9,0.8005
203.0,0.8799
203.1,0.9732
203.2,0.7726
203.3,0.6990
203.4,0.6922
203.5,0.4845
203.6,0.5629
203.7,0.4869
203.8,0.6050
203.9,0.4074
204.0,0.2647
204.1,0.2344
204.2,0.3088
204.3,0.0677
204.4,-0.0127
204.5,-0.0399
204.6,-0.0418
204.7,-0.2517
204.8,-0.3019
204.9,-0.2922
205.0,-0.3953
205.1,-0.4473
205.2,-0.6592
205.3,-0.7480
205.4,-0.6432
205.5,-0.7231
205.6,-0.6867
205.7,-0.8444
205.8,-0.7530
205.9,-0.7731
206.0,-0.8733
206.1,-0.6392
206.2,-0.7771
206.3,-0.7089
206.4,-0.5978
206.5,-0.4640
206.6,-0.2383
206.7,-0.2058
206.8,-0.1621
206.9,0.1245
207.0,0.1979
207.1,0.2679
207.2,0.3050
207.3,0.4990
207.4,0.4352
207.5,0.6956
207.6,0.7707
207.7,0.6760
207.8,0.7880
207.9,0.6778
208.0,0.8694
208.1,0.6683
208.2,0.8604
208.3,0.9431
208.4,0.7814
208.5,0.5867
208.6,0.6650
208.7,0.5568
208.8,0.5635
208.9,0.3946
209.0,0.3218
209.1,0.1054
209.2,0.1284
209.3,0.0635
209.4,-0.0410
209.5,-0.0959
209.6,-0.0615
209.7,-0.2019
209.8,-0.2914
209.9,-0.4449
210.0,-0.4950
210.1,-0.6084
210.2,-0.5970
210.3,-0.8401
210.4,-0.6423
210.5,-0.8038
210.6,-0.8010
210.7,-0.8252
210.8,-0.8506
210.9,-0.8479
211.0,-0.8620
211.1,-0.8305
211.2,-0.6578
211.3,-0.6754
211.4,-0.5882
211.5,-0.3177
211.6,-0.2842
211.7,-0.0987
211.8,0.0919
211.9,0.0188
212.0,0.3191
212.1,0.4692
212.2,0.3121
212.3,0.6145
212.4,0.5750
212.5,0.6997
212.6,0.8514
212.7,0.7533
212.8,0.8409
212.9,0.7235
213.0,0.8239
213.1,0.7776
213.2,0.6794
213.3,0.8489
213.4,0.7860
213.5,0.5322
213.6,0.5871
213.7,0.4864
213.8,0.3112
213.9,0.2785
214.0,0.1741
214.1,0.2897
214.2,-0.0268
214.3,0.0198
214.4,-0.0566
214.5,-0.2247
214.6,-0.2031
214.7,-0.4572
214.8,-0.4386
214.9,-0.5453
215.0,-0.6689
215.1,-0.7396
215.2,-0.8457
215.3,-0.7812
215.4,-0.6750
215.5,-0.8907
215.6,-0.9276
215.7,-0.7904
215.8,-0.7181
215.9,-0.7812
216.0,-0.8068
216.1,-0.5670
216.2,-0.7100
216.3,-0.5190
216.4,-0.4392
216.5,-0.3112
216.6,-0.2864
216.7,-0.0763
216.8,0.0371
216.9,0.0852
217.0,0.3286
217.1,0.6282
217.2,0.5304
217.3,0.5265
217.4,0.6455
217.5,0.7711
217.6,0.8556
217.7,0.9289
217.8,0.8523
217.9,0.8051
218.0,0.6410
218.1,0.8227
218.2,0.7830
218.3,0.6479
218.4,0.7715
218.5,0.6391
218.6,0.4178
218.7,0.4088
218.8,0.3426
218.9,0.1256
219.0,0.2853
219.1,0.1364
219.2,0.0527
219.3,0.0373
219.4,0.0410
219.5,-0.2021
219.6,-0.3247
219.7,-0.2361
219.8,-0.4928
219.9,-0.6040
220.0,-0.5701
220.1,-0.6246
220.2,-0.6536
220.3,-0.8918
220.4,-0.9310
220.5,-0.8327
220.6,-0.7814
220.7,-0.8168
220.8,-0.9019
220.9,-0.6331
221.0,-0.7529
221.1,-0.6027
221.2,-0.6143
221.3,-0.3601
221.4,-0.4045
221.5,-0.0862
221.6,-0.1559
221.7,-0.0426
221.8,0.1178
221.9,0.1849
222.0,0.3275
222.1,0.4439
222.2,0.6616
222.3,0.6653
222.4,0.7267
222.5,0.8460
222.6,0.8884
222.7,0.7842
222.8,0.9202
222.9,0.9297
223.0,0.7861
223.1,0.8407
223.2,0.6068
223.3,0.6033
223.4,0.4685
223.5,0.5552
223.6,0.5290
223.7,0.2971
223.8,0.2217
223.9,0.1785
224.0,0.0842
224.1,-0.0290
224.2,-0.1132
224.3,-0.0651
224.4,-0.1815
224.5,-0.3725
224.6,-0.2306
224.7,-0.4203
224.8,-0.3006
224.9,-0.6896
225.0,-0.6904
225.1,-0.8182
225.2,-0.7416
225.3,-0.7662
225.4,-0.7597
225.5,-0.9113
225.6,-0.8644
225.7,-0.6582
225.8,-0.7044
225.9,-0.7213
226.0,-0.7252
226.1,-0.5149
226.2,-0.5722
226.3,-0.3974
226.4,-0.3912
226.5,-0.2030
226.6,-0.1658
226.7,0.0667
226.8,0.3876
226.9,0.3286
227.0,0.3599
227.1,0.3950
227.2,0.5997
227.3,0.8168
227.4,0.8083
227.5,0.9689
227.6,0.7245
227.7,0.8468
227.8,1.0114
227.9,0.8399
228.0,0.8596
228.1,0.6685
228.2,0.5805
228.3,0.6148
228.4,0.5585
228.5,0.4403
228.6,0.5890
228.7,0.4778
228.8,0.1863
228.9,0.1686
229.0,0.0252
229.1,-0.1033
229.2,-0.2584
229.3,-0.0656
229.4,-0.2053
229.5,-0.3686
229.6,-0.4209
229.7,-0.4295
229.8,-0.5039
229.9,-0.6309
230.0,-0.5670
230.1,-0.7185
230.2,-0.6679
230.3,-0.8786
230.4,-0.9313
230.5,-0.9751
230.6,-0.7850
230.7,-0.7061
230.8,-0.6770
230.9,-0.6230
231.0,-0.5980
231.1,-0.5325
231.2,-0.4693
231.3,-0.2260
231.4,-0.3118
231.5,0.0535
231.6,0.1042
231.7,0.1777
231.8,0.2853
231.9,0.4771
232.0,0.4324
232.1,0.6469
232.2,0.8823
232.3,0.6984
232.4,0.8672
232.5,0.9033
232.6,0.8565
232.7,0.8014
232.8,0.7712
232.9,0.8392
233.0,0.8302
233.1,0.6859
233.2,0.6202
233.3,0.5510
233.4,0.3519
233.5,0.4313
233.6,0.3526
233.7,0.2296
233.8,0.2084
233.9,0.1886
234.0,-0.0449
234.1,0.0227
234.2,-0.3299
234.3,-0.1699
234.4,-0.4051
234.5,-0.5265
234.6,-0.5942
234.7,-0.6354
234.8,-0.5070
234.9,-0.6670
235.0,-0.8143
235.1,-0.6832
235.2,-0.7256
235.3,-0.7787
235.4,-0.7729
235.5,-0.7894
235.6,-0.9507
235.7,-0.7450
235.8,-0.6594
235.9,-0.6412
236.0,-0.6430
236.1,-0.3909
236.2,-0.3826
236.3,0.0020
236.4,-0.1563
236.5,0.0068
236.6,0.2140
236.7,0.1938
236.8,0.2880
236.9,0.4465
237.0,0.5777
237.1,0.4658
237.2,0.5934
237.3,0.8607
237.4,0.8637
237.5,0.6873
237.6,0.7797
237.7,0.8599
237.8,0.7996
237.9,0.7934
238.0,0.7928
238.1,0.5937
238.2,0.5403
238.3,0.6270
238.4,0.3037
238.5,0.2873
238.6,0.2710
238.7,0.0233
238.8,-0.0191
238.9,-0.0068
239.0,-0.0347
239.1,-0.2115
239.2,-0.2894
239.3,-0.4405
239.4,-0.3161
239.5,-0.4455
239.6,-0.5007
239.7,-0.5868
239.8,-0.7007
239.9,-0.6515
240.0,-0.6677
240.1,-0.8469
240.2,-1.0053
240.3,-0.9213
240.4,-0.9038
240.5,-0.7818
240.6,-0.9373
240.7,-0.7026
240.8,-0.6200
240.9,-0.5782
241.0,-0.5999
241.1,-0.4117
241.2,-0.2071
241.3,-0.0434
241.4,0.0586
241.5,0.0104
241.6,0.3331
241.7,0.3137
241.8,0.5385
241.9,0.6155
242.0,0.7310
242.1,0.7043
242.2,0.7632
242.3,0.8732
242.4,0.9005
242.5,0.8655
242.6,0.9073
242.7,0.9978
242.8,0.7998
242.9,0.7789
243.0,0.7062
243.1,0.6782
243.2,0.5471
243.3,0.6695
243.4,0.4609
243.5,0.4307
243.6,0.2832
243.7,-0.0021
243.8,0.0604
243.9,0.0146
244.0,-0.1521
244.1,-0.1963
244.2,-0.2711
244.3,-0.3677
244.4,-0.5364
244.5,-0.4794
244.6,-0.5499
244.7,-0.7553
244.8,-0.8044
244.9,-0.7587
245.0,-0.9634
245.1,-0.9193
245.2,-0.9385
245.3,-0.9385
245.4,-0.8198
245.5,-1.0164
245.6,-0.8123
245.7,-0.7099
245.8,-0.6132
245.9,-0.5779
246.0,-0.2639
246.1,-0.3442
246.2,-0.1965
246.3,-0.0273
246.4,-0.0114
246.5,0.3233
246.6,0.4395
246.7,0.2703
246.8,0.5638
246.9,0.6604
247.0,0.6265
247.1,0.8072
247.2,0.9410
247.3,1.0760
247.4,0.9689
247.5,0.9237
247.6,0.7134
247.7,0.8834
247.8,0.7427
247.9,0.6762
248.0,0.7203
248.1,0.5623
248.2,0.5083
248.3,0.4747
248.4,0.3664
248.5,0.0708
248.6,0.1252
248.7,0.0108
248.8,0.1734
248.9,0.0123
249.0,-0.1938
249.1,-0.2095
249.2,-0.3418
249.3,-0.4507
249.4,-0.4489
249.5,-0.5397
249.6,-0.7459
249.7,-0.6326
249.8,-0.7852
249.9,-0.7075
250.0,-0.8617
250.1,-0.9389
250.2,-0.8478
250.3,-0.9735
250.4,-0.7555
250.5,-0.8924
250.6,-0.7908
250.7,-0.7176
250.8,-0.5460
250.9,-0.3746
251.0,-0.2613
251.1,-0.2356
251.2,-0.0625
251.3,-0.0104
251.4,0.2470
251.5,0.4775
251.6,0.4497
251.7,0.5824
251.8,0.6519
251.9,0.6964
252.0,0.7383
252.1,0.8130
252.2,0.8613
252.3,0.8257
252.4,1.0478
252.5,0.9253
252.6,0.8335
252.7,0.8298
252.8,0.7609
252.9,0.6944
253.0,0.6583
253.1,0.5226
253.2,0.4002
253.3,0.4883
253.4,0.2497
253.5,0.2307
253.6,0.1229
253.7,-0.0889
253.8,-0.0610
253.9,-0.0692
254.0,-0.2605
254.1,-0.3215
254.2,-0.3844
254.3,-0.4477
254.4,-0.5789
254.5,-0.6697
254.6,-0.7175
254.7,-0.7040
254.8,-0.7690
254.9,-0.9744
255.0,-0.9775
255.1,-0.9411
255.2,-1.1036
255.3,-0.8003
255.4,-0.8800
255.5,-0.8271
255.6,-0.6677
255.7,-0.5745
255.8,-0.5213
255.9,-0.3889
256.0,-0.2232
256.1,-0.1497
256.2,-0.0086
256.3,0.2659
256.4,0.2616
256.5,0.3516
256.6,0.4341
256.7,0.6676
256.8,0.7959
256.9,0.8608
257.0,0.7922
257.1,0.8929
257.2,0.8483
257.3,0.8391
257.4,0.8736
257.5,0.8996
257.6,0.8769
257.7,0.7524
257.8,0.7055
257.9,0.6937
258.0,0.5219
258.1,0.4094
258.2,0.3446
258.3,0.1394
258.4,0.2277
258.5,0.0484
258.6,0.1599
258.7,0.0512
258.8,-0.0328
258.9,-0.2667
259.0,-0.3423
259.1,-0.4895
259.2,-0.5625
259.3,-0.4037
259.4,-0.5999
259.5,-0.7993
259.6,-0.8420
259.7,-0.9350
259.8,-0.8132
259.9,-0.9262
260.0,-0.9667
260.1,-0.8801
260.2,-0.7701
260.3,-0.9498
260.4,-0.6940
260.5,-0.5934
260.6,-0.5419
260.7,-0.5745
260.8,-0.3828
260.9,-0.0690
261.0,-0.1840
261.1,-0.0126
261.2,0.1610
261.3,0.3949
261.4,0.5246
261.5,0.5413
261.6,0.6726
261.7,0.7110
261.8,0.7962
261.9,0.7991
262.0,0.8913
262.1,0.9627
262.2,0.8452
262.3,0.9648
262.4,0.9105
262.5,0.7904
262.6,0.7001
262.7,0.8025
262.8,0.6519
262.9,0.5527
263.0,0.2976
263.1,0.4409
263.2,0.2536
263.3,0.2140
263.4,0.0887
263.5,-0.0530
263.6,0.0290
263.7,-0.0390
263.8,-0.3582
263.9,-0.4712
264.0,-0.4002
264.1,-0.5733
264.2,-0.4326
264.3,-0.6145
264.4,-0.6829
264.5,-0.8337
264.6,-0.7704
264.7,-0.6757
264.8,-0.8685
264.9,-0.8693
265.0,-0.9393
265.1,-0.9380
265.2,-0.8881
265.3,-0.8534
265.4,-0.6159
265.5,-0.6106
265.6,-0.6321
265.7,-0.4504
265.8,-0.2510
265.9,-0.2368
266.0,0.0136
266.1,0.0770
266.2,0.1319
266.3,0.3268
266.4,0.4814
266.5,0.6135
266.6,0.6984
266.7,0.8721
266.8,0.8557
266.9,0.8775
267.0,0.8781
267.1,0.9510
267.2,0.8197
267.3,0.8855
267.4,0.8652
267.5,0.8211
267.6,0.6911
267.7,0.6175
267.8,0.5618
267.9,0.5243
268.0,0.4702
268.1,0.1926
268.2,0.3017
268.3,0.2712
268.4,0.0443
268.5,0.0888
268.6,-0.1172
268.7,-0.1627
268.8,-0.1160
268.9,-0.3520
269.0,-0.4899
269.1,-0.7799
269.2,-0.6213
269.3,-0.5840
269.4,-0.5506
269.5,-0.6298
269.6,-0.9627
269.7,-0.9054
269.8,-0.9824
269.9,-0.8038
270.0,-0.8707
270.1,-0.7619
270.2,-0.8404
270.3,-0.7061
270.4,-0.5712
270.5,-0.5762
270.6,-0.4014
270.7,-0.3509
270.8,-0.4091
270.9,-0.1004
271.0,0.0393
271.1,0.0623
271.2,0.4029
271.3,0.4587
271.4,0.6104
271.5,0.6826
271.6,0.7242
271.7,0.7896
271.8,1.0175
271.9,0.7342
272.0,0.9734
272.1,0.8797
272.2,1.0161
272.3,0.7144
272.4,0.8531
272.5,0.7434
272.6,0.6207
272.7,0.7960
272.8,0.5549
272.9,0.3908
273.0,0.3102
273.1,0.1550
273.2,0.2216
273.3,0.2656
273.4,-0.1085
273.5,-0.1702
273.6,-0.2860
273.7,-0.2455
273.8,-0.2336
273.9,-0.4303
274.0,-0.4872
274.1,-0.5849
274.2,-0.5979
274.3,-0.6783
274.4,-0.7927
274.5,-0.8221
274.6,-0.8832
274.7,-0.7973
274.8,-0.8939
274.9,-0.8665
275.0,-0.8345
275.1,-0.7192
275.2,-0.7506
275.3,-0.6700
275.4,-0.6419
275.5,-0.4535
275.6,-0.4102
275.7,-0.2952
275.8,-0.2025
275.9,0.0373
276.0,0.3054
276.1,0.3419
276.2,0.4972
276.3,0.5553
276.4,0.8033
276.5,0.6453
276.6,0.7252
276.7,0.9222
276.8,0.8849
276.9,0.9354
277.0,1.0167
277.1,0.8633
277.2,0.8431
277.3,0.8539
277.4,0.7346
277.5,0.7026
277.6,0.5827
277.7,0.5941
277.8,0.3996
277.9,0.4560
278.0,0.3184
278.1,0.1730
278.2,0.2506
278.3,0.0030
278.4,-0.0317
278.5,-0.0972
278.6,-0.1335
278.7,-0.3904
278.8,-0.3148
278.9,-0.4997
279.0,-0.5292
279.1,-0.5885
279.2,-0.7723
279.3,-0.7787
279.4,-0.8052
279.5,-0.8462
279.6,-0.9122
279.7,-0.8512
279.8,-0.9688
279.9,-0.8985
280.0,-0.8931
280.1,-0.7540
280.2,-0.6905
280.3,-0.7463
280.4,-0.4564
280.5,-0.3253
280.6,-0.2346
280.7,-0.0101
280.8,-0.0376
280.9,0.0979
281.0,0.4279
281.1,0.5052
281.2,0.5674
281.3,0.6472
281.4,0.7104
281.5,0.6730
281.6,0.8570
281.7,0.7774
281.8,0.8861
281.9,0.8468
282.0,0.7963
282.1,0.7425
282.2,0.9228
282.3,0.8651
282.4,0.5209
282.5,0.6012
282.6,0.5959
282.7,0.6139
282.8,0.4875
282.9,0.2846
283.0,0.2188
283.1,0.1890
283.2,0.0799
283.3,-0.1507
283.4,-0.1112
283.5,-0.2709
283.6,-0.3207
283.7,-0.3566
283.8,-0.5242
283.9,-0.4622
284.0,-0.5294
284.1,-0.5196
284.2,-0.7747
284.3,-0.7697
284.4,-0.8706
284.5,-0.9649
284.6,-0.7825
284.7,-0.9581
284.8,-0.8672
284.9,-0.8691
285.0,-0.8870
285.1,-0.8453
285.2,-0.7568
285.3,-0.4883
285.4,-0.3421
285.5,-0.2016
285.6,-0.2249
285.7,-0.0377
285.8,0.0219
285.9,0.2285
286.0,0.3541
286.1,0.4182
286.2,0.5680
286.3,0.7462
286.4,0.8434
286.5,0.8032
286.6,0.8971
286.7,0.9182
286.8,0.8736
286.9,0.9051
287.0,0.8604
287.1,0.7463
287.2,0.8084
287.3,0.7083
287.4,0.7896
287.5,0.6111
287.6,0.3859
287.7,0.3896
287.8,0.3732
287.9,0.2925
288.0,0.1316
288.1,0.0496
288.2,0.0412
288.3,0.0093
288.4,-0.1752
288.5,-0.2719
288.6,-0.3097
288.7,-0.3024
288.8,-0.6103
288.9,-0.5411
289.0,-0.6312
289.1,-0.6837
289.2,-0.8632
289.3,-0.8041
289.4,-0.9067
289.5,-0.9088
289.6,-0.8564
289.7,-0.8351
289.8,-0.8789
289.9,-0.9295
290.0,-0.6541
290.1,-0.6783
290.2,-0.5587
290.3,-0.5139
290.4,-0.2242
290.5,-0.2327
290.6,-0.0441
290.7,0.0197
290.8,0.1849
290.9,0.3584
291.0,0.4298
291.1,0.5300
291.2,0.6978
291.3,0.7927
291.4,0.6759
291.5,0.8061
291.6,0.7473
291.7,0.9083
291.8,0.9116
291.9,0.9426
292.0,0.8965
292.1,0.7130
292.2,0.8819
292.3,0.7518
292.4,0.6539
292.5,0.6286
292.6,0.6478
292.7,0.2300
292.8,0.2549
292.9,0.2591
293.0,0.1178
293.1,0.1034
293.2,-0.0524
293.3,-0.1108
293.4,-0.3104
293.5,-0.2523
293.6,-0.5991
293.7,-0.6036
293.8,-0.5161
293.9,-0.7285
294.0,-0.7124
294.1,-0.8386
294.2,-0.9156
294.3,-0.9108
294.4,-0.7760
294.5,-0.7641
294.6,-1.0433
294.7,-0.8879
294.8,-0.8512
294.9,-0.8633
295.0,-0.7089
295.1,-0.5743
295.2,-0.4590
295.3,-0.2676
295.4,-0.3007
295.5,-0.1530
295.6,-0.0059
295.7,0.1841
295.8,0.4076
295.9,0.5852
296.0,0.6471
296.1,0.6410
296.2,0.8009
296.3,0.7267
296.4,0.7005
296.5,0.9211
296.6,1.0120
296.7,0.9282
296.8,0.8250
296.9,0.8603
297.0,0.7163
297.1,0.7568
297.2,0.8184
297.3,0.6299
297.4,0.5864
297.5,0.6146
297.6,0.4002
297.7,0.2365
297.8,0.2020
297.9,0.1665
298.0,0.0144
298.1,-0.1123
298.2,-0.3699
298.3,-0.2654
298.4,-0.3187
298.5,-0.3967
298.6,-0.5370
298.7,-0.5928
298.8,-0.5783
298.9,-0.7006
299.0,-0.6952
299.1,-0.7904
299.2,-0.9810
299.3,-0.7929
299.4,-0.9593
299.5,-0.9192
299.6,-0.9083
299.7,-0.8536
299.8,-0.7066
299.9,-0.6322
300.0,-0.6055
300.1,-0.5904
300.2,-0.6630
300.3,-0.5890
300.4,-0.6704
300.5,-0.4553
300.6,-0.5263
300.7,-0.2488
300.8,-0.2199
300.9,-0.1540
301.0,-0.0621
301.1,-0.0742
301.2,0.1794
301.3,0.2860
301.4,0.1711
301.5,0.2856
301.6,0.2452
301.7,0.4294
301.8,0.4874
301.9,0.5844
302.0,0.6972
302.1,0.6691
302.2,0.8509
302.3,1.0236
302.4,0.8477
302.5,0.9075
302.6,0.9157
302.7,0.8796
302.8,1.1223
302.9,0.9400
303.0,0.9535
303.1,1.0608
303.2,0.9949
303.3,0.9655
303.4,0.8664
303.5,1.0246
303.6,0.9606
303.7,1.1131
303.8,0.8911
303.9,0.9527
304.0,0.9988
304.1,0.9063
304.2,1.0824
304.3,0.9249
304.4,0.7190
304.5,0.6386
304.6,0.7283
304.7,0.7381
304.8,0.6793
304.9,0.5963
305.0,0.5587
305.1,0.5073
305.2,0.3982
305.3,0.5594
305.4,0.4153
305.5,0.2168
305.6,0.3747
305.7,0.1133
305.8,0.2386
305.9,0.0469
306.0,0.1072
306.1,-0.0717
306.2,-0.1951
306.3,-0.1507
306.4,-0.1373
306.5,-0.0627
306.6,-0.3140
306.7,-0.2607
306.8,-0.4434
306.9,-0.5023
307.0,-0.4053
307.1,-0.5110
307.2,-0.5478
307.3,-0.5132
307.4,-0.7195
307.5,-0.7485
307.6,-0.6551
307.7,-0.7030
307.8,-0.9700
307.9,-0.8703
308.0,-0.9689
308.1,-0.9360
308.2,-0.9451
308.3,-0.8908
308.4,-1.1091
308.5,-1.0807
308.6,-1.0361
308.7,-1.1066
308.8,-0.9139
308.9,-0.9525
309.0,-1.0625
309.1,-1.1807
309.2,-1.1023
309.3,-1.0533
309.4,-0.9425
309.5,-0.9411
309.6,-0.9321
309.7,-0.8492
309.8,-0.8353
309.9,-0.6797
310.0,-0.7520
310.1,-0.5499
310.2,-0.5245
310.3,-0.4966
310.4,-0.5256
310.5,-0.3122
310.6,-0.2481
310.7,-0.0832
310.8,-0.0254
310.9,-0.1056
311.0,0.0443
311.1,0.2185
311.2,0.2662
311.3,0.2713
311.4,0.3959
311.5,0.3823
311.6,0.6028
311.7,0.5409
311.8,0.5669
311.9,0.5834
312.0,0.6829
312.1,0.7846
312.2,0.7211
312.3,0.7877
312.4,0.8876
312.5,1.0129
312.6,1.0294
312.7,0.9817
312.8,0.9613
312.9,0.9733
313.0,1.0064
313.1,1.0815
313.2,0.8947
313.3,0.9750
313.4,1.0452
313.5,1.1545
313.6,1.1100
313.7,0.9311
313.8,0.8093
313.9,0.8880
314.0,0.9280
314.1,0.8891
314.2,0.8463
314.3,0.7596
314.4,0.7680
314.5,0.7490
314.6,0.5896
314.7,0.4961
314.8,0.5217
314.9,0.7010
315.0,0.4758
315.1,0.3638
315.2,0.2275
315.3,0.3756
315.4,0.2870
315.5,0.2675
315.6,0.1670
315.7,-0.0242
315.8,0.1272
315.9,-0.0791
316.0,-0.0242
316.1,-0.1630
316.2,-0.2801
316.3,-0.3056
316.4,-0.2231
316.5,-0.2480
316.6,-0.4477
316.7,-0.3714
316.8,-0.5975
316.9,-0.5251
317.0,-0.5051
317.1,-0.5609
317.2,-0.5764
317.3,-0.5765
317.4,-0.7487
317.5,-0.8333
317.6,-0.7134
317.7,-0.7902
317.8,-0.8125
317.9,-0.8443
318.0,-0.9643
318.1,-0.8620
318.2,-1.0094
318.3,-1.0583
318.4,-1.0778
318.5,-0.9423
318.6,-1.0564
318.7,-0.9514
318.8,-0.8943
318.9,-0.9629
319.0,-1.0103
319.1,-0.9535
319.2,-1.0012
319.3,-0.9030
319.4,-0.9282
319.5,-1.0201
319.6,-0.7899
319.7,-0.8200
319.8,-0.7659
319.9,-0.5877
320.0,-0.5490
320.1,-0.5040
320.2,-0.4490
320.3,-0.3065
320.4,-0.2547
320.5,-0.1471
320.6,-0.2032
320.7,-0.0495
320.8,-0.0930
320.9,0.0852
321.0,0.1563
321.1,0.1660
321.2,0.1907
321.3,0.3323
321.4,0.4201
321.5,0.3417
321.6,0.6050
321.7,0.6659
321.8,0.6760
321.9,0.7172
322.0,0.7729
322.1,0.7871
322.2,0.8484
322.3,1.0195
322.4,1.0213
322.5,0.9742
322.6,1.0322
322.7,1.0193
322.8,1.0190
322.9,1.0981
323.0,0.8648
323.1,1.0505
323.2,1.0201
323.3,1.1111
323.4,1.0402
323.5,1.0098
323.6,1.0624
323.7,0.9452
323.8,0.7227
323.9,0.8407
324.0,0.8091
324.1,0.8430
324.2,0.7727
324.3,0.7833
324.4,0.6176
324.5,0.6568
324.6,0.6429
324.7,0.5773
324.8,0.4847
324.9,0.5549
325.0,0.4171
325.1,0.3929
325.2,0.2396
325.3,0.2741
325.4,0.2937
325.5,0.1214
325.6,-0.0696
325.7,-0.0881
325.8,-0.0815
325.9,-0.0996
326.0,-0.1009
326.1,-0.2875
326.2,-0.1542
326.3,-0.1963
326.4,-0.2703
326.5,-0.4234
326.6,-0.5280
326.7,-0.5323
326.8,-0.4881
326.9,-0.6076
327.0,-0.6975
327.1,-0.7030
327.2,-0.5976
327.3,-0.8043
327.4,-0.8856
327.5,-0.8523
327.6,-0.9389
327.7,-0.9270
327.8,-0.7887
327.9,-0.9032
328.0,-0.8318
328.1,-1.0062
328.2,-0.9853
328.3,-1.2688
328.4,-1.0130
328.5,-0.9286
328.6,-1.0721
328.7,-1.1733
328.8,-1.0388
328.9,-1.0296
329.0,-1.0770
329.1,-0.9837
329.2,-0.8787
329.3,-0.8873
329.4,-0.9039
329.5,-0.7346
329.6,-0.8149
329.7,-0.7182
329.8,-0.7435
329.9,-0.6339
330.0,-0.4633
330.1,-0.3685
330.2,-0.2919
330.3,-0.2311
330.4,-0.2620
330.5,-0.1035
330.6,-0.0782
330.7,0.0634
330.8,0.0803
330.9,0.1505
331.0,0.2136
331.1,0.3306
331.2,0.4676
331.3,0.5197
331.4,0.5239
331.5,0.5515
331.6,0.7197
331.7,0.6569
331.8,0.7835
331.9,0.8206
332.0,0.9453
332.1,0.9664
332.2,0.9570
332.3,0.9957
332.4,1.0413
332.5,0.9919
332.6,1.0575
332.7,1.2130
332.8,1.0835
332.9,0.9493
333.0,1.0464
333.1,1.0443
333.2,1.1582
333.3,0.9073
333.4,0.9260
333.5,0.9984
333.6,0.9136
333.7,0.8171
333.8,0.8277
333.9,0.8178
334.0,0.8355
334.1,0.7542
334.2,0.5952
334.3,0.7172
334.4,0.5753
334.5,0.6087
334.6,0.6159
334.7,0.4143
334.8,0.2902
334.9,0.4494
335.0,0.1913
335.1,0.3228
335.2,0.1079
335.3,0.2481
335.4,0.0616
335.5,0.0307
335.6,0.1135
335.7,-0.0654
335.8,-0.2519
335.9,-0.2076
336.0,-0.2182
336.1,-0.1926
336.2,-0.2264
336.3,-0.2183
336.4,-0.4429
336.5,-0.4876
336.6,-0.5762
336.7,-0.6033
336.8,-0.6630
336.9,-0.7518
337.0,-0.6763
337.1,-0.7992
337.2,-0.6376
337.3,-0.7952
337.4,-0.9153
337.5,-0.8552
337.6,-0.8435
337.7,-0.9321
337.8,-1.0796
337.9,-0.9966
338.0,-1.0519
338.1,-1.0250
338.2,-0.9285
338.3,-1.0329
338.4,-1.0715
338.5,-1.1038
338.6,-0.9605
338.7,-0.9804
338.8,-0.9398
338.9,-1.0452
339.0,-0.7644
339.1,-0.9580
339.2,-0.8409
339.3,-0.8872
339.4,-0.7906
339.5,-0.7212
339.6,-0.6223
339.7,-0.5407
339.8,-0.6156
339.9,-0.5128
340.0,-0.4251
340.1,-0.2395
340.2,-0.2856
340.3,-0.1734
340.4,-0.0017
340.5,-0.0063
340.6,0.0615
340.7,0.1396
340.8,0.1102
340.9,0.2800
341.0,0.3752
341.1,0.5171
341.2,0.5046
341.3,0.4617
341.4,0.6691
341.5,0.8006
341.6,0.7361
341.7,0.7174
341.8,0.8838
341.9,0.9646
342.0,0.8223
342.1,0.9303
342.2,1.1395
342.3,0.8639
342.4,1.0055
342.5,1.0986
342.6,1.0636
342.7,1.1520
342.8,1.0995
342.9,1.0288
343.0,1.0609
343.1,0.9726
343.2,1.0707
343.3,0.8201
343.4,1.0004
343.5,0.7892
343.6,0.8212
343.7,0.7704
343.8,0.7849
343.9,0.5852
344.0,0.7929
344.1,0.6519
344.2,0.6134
344.3,0.6115
344.4,0.5216
344.5,0.4679
344.6,0.3941
344.7,0.4408
344.8,0.4306
344.9,0.3726
345.0,0.2269
345.1,0.2152
345.2,0.0605
345.3,-0.0413
345.4,0.0447
345.5,-0.0888
345.6,-0.0873
345.7,-0.0049
345.8,-0.3339
345.9,-0.2410
346.0,-0.1377
346.1,-0.3272
346.2,-0.3140
346.3,-0.4054
346.4,-0.4754
346.5,-0.5920
346.6,-0.6567
346.7,-0.7098
346.8,-0.6622
346.9,-0.7073
347.0,-0.6862
347.1,-0.7278
347.2,-0.7629
347.3,-0.9621
347.4,-0.8734
347.5,-1.1520
347.6,-0.9080
347.7,-1.0623
347.8,-1.1843
347.9,-0.9723
348.0,-0.9953
348.1,-0.9466
348.2,-1.0594
348.3,-1.1995
348.4,-1.0060
348.5,-1.0621
348.6,-0.9899
348.7,-1.0562
348.8,-0.9861
348.9,-1.0617
349.0,-0.8205
349.1,-0.8888
349.2,-0.7662
349.3,-0.6116
349.4,-0.6628
349.5,-0.6559
349.6,-0.5687
349.7,-0.6764
349.8,-0.4557
349.9,-0.5036
350.0,-0.2573
350.1,-0.2462
350.2,-0.0071
350.3,-0.0677
350.4,0.1667
350.5,0.0040
350.6,0.1478
350.7,0.1783
350.8,0.2588
350.9,0.5654
351.0,0.4523
351.1,0.5012
351.2,0.6353
351.3,0.6723
351.4,0.7552
351.5,0.7709
351.6,0.6835
351.7,0.8545
351.8,0.9152
351.9,0.7966
352.0,1.1351
352.1,1.1328
352.2,1.0670
352.3,0.9902
352.4,1.0764
352.5,0.9766
352.6,1.1252
352.7,1.0685
352.8,1.1168
352.9,0.9713
353.0,1.0082
353.1,1.0140
353.2,0.8176
353.3,0.9524
353.4,0.8438
353.5,0.9623
353.6,0.7868
353.7,0.7734
353.8,0.7608
353.9,0.8237
354.0,0.6422
354.1,0.6747
354.2,0.4510
354.3,0.5650
354.4,0.3794
354.5,0.4347
354.6,0.4142
354.7,0.2485
354.8,0.2789
354.9,0.1583
355.0,0.2034
355.1,0.1902
355.2,0.0408
355.3,0.1662
355.4,-0.0580
355.5,-0.1592
355.6,-0.1692
355.7,-0.1966
355.8,-0.2548
355.9,-0.4436
356.0,-0.3424
356.1,-0.3853
356.2,-0.4807
356.3,-0.4631
356.4,-0.6813
356.5,-0.7817
356.6,-0.5781
356.7,-0.7305
356.8,-0.6567
356.9,-0.8020
357.0,-0.8393
357.1,-0.7811
357.2,-0.8661
357.3,-0.7884
357.4,-0.8707
357.5,-1.0269
357.6,-0.9629
357.7,-1.0425
357.8,-1.0906
357.9,-1.0690
358.0,-1.0509
358.1,-1.0592
358.2,-1.0286
358.3,-0.9948
358.4,-1.0307
358.5,-1.1011
358.6,-1.0242
358.7,-0.9679
358.8,-0.7999
358.9,-0.9117
359.0,-0.8081
359.1,-0.8045
359.2,-0.7335
359.3,-0.7499
359.4,-0.5530
359.5,-0.6054
359.6,-0.5067
359.7,-0.2771
359.8,-0.5370
359.9,-0.2998
360.0,-0.1184
360.1,-0.0915
360.2,-0.0484
360.3,0.0141
360.4,0.0467
360.5,0.1757
360.6,0.2867
360.7,0.5134
360.8,0.5104
360.9,0.4663
361.0,0.4854
361.1,0.5320
361.2,0.7283
361.3,0.6827
361.4,0.9938
361.5,0.8878
361.6,0.9634
361.7,0.8988
361.8,0.9520
361.9,0.9866
362.0,1.0423
362.1,1.0637
362.2,1.0266
362.3,1.1006
362.4,1.1533
362.5,1.0984
362.6,1.2150
362.7,1.1359
362.8,0.9596
362.9,1.0583
363.0,0.9729
363.1,1.1273
363.2,1.0269
363.3,0.9847
363.4,0.9374
363.5,0.8267
363.6,0.7565
363.7,0.8560
363.8,0.7390
363.9,0.7343
364.0,0.6717
364.1,0.4746
364.2,0.7488
364.3,0.3341
364.4,0.3240
364.5,0.4460
364.6,0.1628
364.7,0.3407
364.8,0.2675
364.9,0.1388
365.0,0.0111
365.1,0.0897
365.2,-0.2264
365.3,-0.0057
365.4,-0.2295
365.5,-0.1093
365.6,-0.2034
365.7,-0.4352
365.8,-0.2896
365.9,-0.4523
366.0,-0.5258
366.1,-0.4108
366.2,-0.6211
366.3,-0.5102
366.4,-0.5865
366.5,-0.7196
366.6,-0.9187
366.7,-0.8360
366.8,-0.8210
366.9,-0.9225
367.0,-0.9778
367.1,-0.9594
367.2,-0.9886
367.3,-1.0980
367.4,-1.0240
367.5,-1.0024
367.6,-1.3168
367.7,-1.1837
367.8,-1.1757
367.9,-1.0903
368.0,-1.1934
368.1,-1.1279
368.2,-1.0603
368.3,-1.2912
368.4,-1.1016
368.5,-1.0226
368.6,-1.0837
368.7,-0.7917
368.8,-0.9324
368.9,-0.7239
369.0,-0.6983
369.1,-0.6561
369.2,-0.7411
369.3,-0.7236
369.4,-0.5878
369.5,-0.4942
369.6,-0.3669
369.7,-0.2241
369.8,-0.1589
369.9,-0.0987
370.0,-0.0894
370.1,0.0033
370.2,0.0029
370.3,0.0553
370.4,0.2688
370.5,0.4240
370.6,0.4677
370.7,0.3459
370.8,0.5498
370.9,0.7204
371.0,0.5729
371.1,0.8583
371.2,0.7149
371.3,0.9626
371.4,0.9787
371.5,0.9643
371.6,1.0972
371.7,1.0200
371.8,1.0643
371.9,0.9659
372.0,1.0170
372.1,1.1889
372.2,1.0798
372.3,1.0654
372.4,1.1940
372.5,1.1172
372.6,1.1284
372.7,0.9750
372.8,0.8944
372.9,1.1274
373.0,0.8257
373.1,0.8085
373.2,1.0209
373.3,1.0004
373.4,0.8283
373.5,0.8694
373.6,0.6605
373.7,0.5308
373.8,0.6805
373.9,0.6992
374.0,0.5411
374.1,0.4885
374.2,0.3699
374.3,0.3989
374.4,0.3695
374.5,0.2372
374.6,0.2306
374.7,0.1598
374.8,0.3197
374.9,0.0366
375.0,-0.0013
375.1,-0.0533
375.2,-0.0412
375.3,-0.2909
375.4,-0.3312
375.5,-0.2072
375.6,-0.4709
375.7,-0.4637
375.8,-0.3719
375.9,-0.4074
376.0,-0.5766
376.1,-0.5929
376.2,-0.6279
376.3,-0.7467
376.4,-0.9037
376.5,-0.7675
376.6,-0.8135
376.7,-0.7639
376.8,-0.7650
376.9,-0.9318
377.0,-0.9409
377.1,-1.0006
377.2,-0.9340
377.3,-0.8954
377.4,-0.9704
377.5,-1.0618
377.6,-1.0277
377.7,-1.1980
377.8,-1.0494
377.9,-1.1524
378.0,-1.0407
378.1,-1.1500
378.2,-1.1999
378.3,-0.9096
378.4,-1.1759
378.5,-0.9351
378.6,-0.9178
378.7,-0.9624
378.8,-0.6916
378.9,-0.6282
379.0,-0.7345
379.1,-0.6095
379.2,-0.4990
379.3,-0.5297
379.4,-0.4045
379.5,-0.1798
379.6,-0.2568
379.7,-0.3179
379.8,-0.2205
379.9,-0.0060
380.0,0.0401
380.1,0.1078
380.2,0.1723
380.3,0.1969
380.4,0.3813
380.5,0.4784
380.6,0.5052
380.7,0.5173
380.8,0.6680
380.9,0.7509
381.0,0.7920
381.1,0.8007
381.2,0.9938
381.3,1.0362
381.4,0.9961
381.5,1.0252
381.6,0.9776
381.7,1.0357
381.8,1.1422
381.9,1.0701
382.0,1.0526
382.1,1.0816
382.2,1.0135
382.3,1.0544
382.4,1.0186
382.5,1.0133
382.6,1.0921
382.7,0.8792
382.8,0.9744
382.9,0.9646
383.0,0.9878
383.1,0.8908
383.2,0.8611
383.3,0.8182
383.4,0.7324
383.5,0.7882
383.6,0.8177
383.7,0.6394
383.8,0.4755
383.9,0.5223
384.0,0.4436
384.1,0.5696
384.2,0.3642
384.3,0.1869
384.4,0.2260
384.5,0.1984
384.6,0.1774
384.7,0.1376
384.8,-0.0468
384.9,0.0731
385.0,-0.2069
385.1,-0.1600
385.2,-0.2230
385.3,-0.3303
385.4,-0.3434
385.5,-0.2522
385.6,-0.4866
385.7,-0.5642
385.8,-0.5721
385.9,-0.3807
386.0,-0.4986
386.1,-0.7864
386.2,-0.6709
386.3,-0.6982
386.4,-0.6468
386.5,-0.8429
386.6,-0.9268
386.7,-0.8593
386.8,-0.9382
386.9,-0.9423
387.0,-1.0231
387.1,-1.0952
387.2,-1.1936
387.3,-1.2039
387.4,-1.1185
387.5,-1.1847
387.6,-1.0894
387.7,-1.1786
387.8,-0.9581
387.9,-1.1077
388.0,-1.2127
388.1,-1.0220
388.2,-0.9670
388.3,-0.9479
388.4,-1.0802
388.5,-0.8050
388.6,-0.7920
388.7,-0.7374
388.8,-0.6401
388.9,-0.7560
389.0,-0.7413
389.1,-0.5584
389.2,-0.4332
389.3,-0.3765
389.4,-0.4479
389.5,-0.2824
389.6,-0.1427
389.7,-0.0902
389.8,-0.0497
389.9,0.1690
390.0,0.1364
390.1,0.2381
390.2,0.2162
390.3,0.3880
390.4,0.4578
390.5,0.7246
390.6,0.6383
390.7,0.6529
390.8,0.9005
390.9,0.7999
391.0,0.8488
391.1,0.8307
391.2,0.9751
391.3,0.8671
391.4,1.1388
391.5,1.0784
391.6,1.1744
391.7,1.0989
391.8,1.1223
391.9,1.1620
392.0,1.0653
392.1,1.0793
392.2,0.9096
392.3,1.0713
392.4,1.0732
392.5,1.0347
392.6,1.0625
392.7,1.0049
392.8,0.9939
392.9,1.0517
393.0,0.8083
393.1,0.8402
393.2,0.7628
393.3,0.7356
393.4,0.5268
393.5,0.6587
393.6,0.5489
393.7,0.6166
393.8,0.4949
393.9,0.3733
394.0,0.4077
394.1,0.3269
394.2,0.3468
394.3,0.1181
394.4,0.1215
394.5,0.0697
394.6,0.1195
394.7,-0.0593
394.8,-0.0050
394.9,-0.0598
395.0,-0.2477
395.1,-0.3596
395.2,-0.2765
395.3,-0.2186
395.4,-0.1729
395.5,-0.4989
395.6,-0.4478
395.7,-0.5872
395.8,-0.5809
395.9,-0.5956
396.0,-0.6681
396.1,-0.7028
396.2,-0.7594
396.3,-0.8955
396.4,-0.9007
396.5,-0.9325
396.6,-0.9488
396.7,-0.9778
396.8,-0.9648
396.9,-1.0677
397.0,-0.9864
397.1,-1.0870
397.2,-1.0319
397.3,-1.2281
397.4,-1.0287
397.5,-0.9991
397.6,-1.2583
397.7,-1.1951
397.8,-0.9103
397.9,-0.8394
398.0,-1.0370
398.1,-1.1242
398.2,-0.9669
398.3,-0.9497
398.4,-0.8674
398.5,-0.9001
398.6,-0.6731
398.7,-0.6561
398.8,-0.7089
398.9,-0.6248
399.0,-0.5791
399.1,-0.5245
399.2,-0.4683
399.3,-0.1606
399.4,-0.0457
399.5,-0.1303
399.6,0.0715
399.7,0.1043
399.8,0.2082
399.9,0.2741
400.0,0.3348
400.1,0.2982
400.2,0.4935
400.3,0.4494
400.4,0.5449
400.5,0.6790
400.6,0.9072
400.7,0.7472
400.8,1.0277
400.9,0.9130
401.0,0.8844
401.1,0.9316
401.2,1.1420
401.3,0.9927
401.4,1.0983
401.5,1.0330
401.6,1.0756
401.7,1.0955
401.8,1.1331
401.9,1.1459
402.0,1.0602
402.1,0.9465
402.2,1.0172
402.3,1.0882
402.4,1.0541
402.5,0.9128
402.6,0.9167
402.7,1.1124
402.8,0.9128
402.9,0.8996
403.0,0.6970
403.1,0.8517
403.2,0.7226
403.3,0.5618
403.4,0.5052
403.5,0.5384
403.6,0.5339
403.7,0.3965
403.8,0.4204
403.9,0.4260
404.0,0.2390
404.1,0.1983
404.2,0.3274
404.3,0.1106
404.4,0.1254
404.5,0.0051
404.6,-0.0988
404.7,-0.0333
404.8,-0.1508
404.9,-0.1747
405.0,-0.2164
405.1,-0.2397
405.2,-0.3342
405.3,-0.3120
405.4,-0.4196
405.5,-0.5466
405.6,-0.5313
405.7,-0.7533
405.8,-0.5170
405.9,-0.7030
406.0,-0.8279
406.1,-0.7385
406.2,-0.7154
406.3,-0.9160
406.4,-0.9881
406.5,-0.8236
406.6,-0.9813
406.7,-0.9802
406.8,-0.9707
406.9,-1.0876
407.0,-1.1089
407.1,-0.9663
407.2,-1.1560
407.3,-1.1050
407.4,-1.0233
407.5,-1.1250
407.6,-0.9583
407.7,-1.0673
407.8,-1.0013
407.9,-0.9401
408.0,-1.1300
408.1,-0.8852
408.2,-0.7638
408.3,-0.7593
408.4,-0.6805
408.5,-0.6555
408.6,-0.8075
408.7,-0.6567
408.8,-0.5424
408.9,-0.4488
409.0,-0.3688
409.1,-0.3703
409.2,-0.3191
409.3,-0.3005
409.4,0.0345
409.5,0.0449
409.6,0.0098
409.7,0.1663
409.8,0.2929
409.9,0.3232
410.0,0.4619
410.1,0.5214
410.2,0.3832
410.3,0.5983
410.4,0.8313
410.5,0.7660
410.6,0.7725
410.7,0.9936
410.8,0.8892
410.9,1.0338
411.0,0.9059
411.1,1.0223
411.2,1.0374
411.3,1.2252
411.4,1.1275
411.5,1.0873
411.6,1.1036
411.7,1.1553
411.8,1.1374
411.9,0.9661
412.0,1.0858
412.1,1.1210
412.2,0.9274
412.3,1.2080
412.4,1.0851
412.5,0.9149
412.6,0.7639
412.7,0.9242
412.8,0.8533
412.9,0.7171
413.0,0.6337
413.1,0.6551
413.2,0.6054
413.3,0.6619
413.4,0.5873
413.5,0.4996
413.6,0.4877
413.7,0.4719
413.8,0.3636
413.9,0.2871
414.0,0.1928
414.1,0.2800
414.2,0.0851
414.3,-0.0536
414.4,0.0806
414.5,0.0067
414.6,-0.0262
414.7,-0.1315
414.8,-0.1870
414.9,-0.1989
415.0,-0.3266
415.1,-0.2382
415.2,-0.3035
415.3,-0.4837
415.4,-0.5459
415.5,-0.5908
415.6,-0.7036
415.7,-0.6359
415.8,-0.8107
415.9,-0.9244
416.0,-0.8743
416.1,-0.9334
416.2,-0.8970
416.3,-0.9979
416.4,-0.9503
416.5,-1.0173
416.6,-1.0586
416.7,-1.0321
416.8,-1.0546
416.9,-1.0150
417.0,-1.0740
417.1,-1.1486
417.2,-1.1990
417.3,-1.0344
417.4,-1.1059
417.5,-1.0246
417.6,-0.9939
417.7,-1.0754
417.8,-1.0895
417.9,-1.0280
418.0,-0.6727
418.1,-0.8561
418.2,-0.7037
418.3,-0.7904
418.4,-0.7729
418.5,-0.8075
418.6,-0.5560
418.7,-0.4479
418.8,-0.4134
418.9,-0.4215
419.0,-0.2332
419.1,-0.2354
419.2,-0.2620
419.3,-0.0427
419.4,0.0807
419.5,0.1652
419.6,0.3086
419.7,0.3892
419.8,0.3213
419.9,0.3906
420.0,0.3977
420.1,0.7644
420.2,0.5542
420.3,0.7562
420.4,0.8892
420.5,0.9043
420.6,0.8731
420.7,1.0303
420.8,1.0083
420.9,1.1005
421.0,1.0621
421.1,1.1144
421.2,0.9987
421.3,1.1358
421.4,1.2122
421.5,1.1125
421.6,1.2124
421.7,1.1421
421.8,1.2027
421.9,1.1915
422.0,1.0657
422.1,1.0737
422.2,1.0931
422.3,0.9327
422.4,0.8213
422.5,0.8722
422.6,0.8788
422.7,0.8077
422.8,0.7786
422.9,0.6785
423.0,0.7515
423.1,0.5942
423.2,0.5334
423.3,0.5091
423.4,0.3770
423.5,0.6942
423.6,0.3605
423.7,0.3438
423.8,0.1708
423.9,0.2061
424.0,0.2619
424.1,0.2152
424.2,0.1061
424.3,0.0798
424.4,-0.0525
424.5,-0.2315
424.6,-0.3325
424.7,-0.1831
424.8,-0.2775
424.9,-0.3131
425.0,-0.4801
425.1,-0.3962
425.2,-0.5964
425.3,-0.5791
425.4,-0.6249
425.5,-0.6689
425.6,-0.7641
425.7,-0.7618
425.8,-0.7326
425.9,-0.9139
426.0,-1.0295
426.1,-0.8733
426.2,-1.0131
426.3,-0.9840
426.4,-1.1121
426.5,-1.0993
426.6,-1.1348
426.7,-1.0999
426.8,-1.0043
426.9,-0.9989
427.0,-1.1849
427.1,-1.1774
427.2,-1.1103
427.3,-1.0957
427.4,-1.1134
427.5,-1.0119
427.6,-1.0980
427.7,-0.9481
427.8,-0.8992
427.9,-0.9202
428.0,-0.9756
428.1,-0.9086
428.2,-0.8220
428.3,-0.5651
428.4,-0.5900
428.5,-0.5753
428.6,-0.6019
428.7,-0.3271
428.8,-0.4601
428.9,-0.3186
429.0,-0.1777
429.1,-0.1878
429.2,-0.0523
429.3,0.0304
429.4,0.2175
429.5,0.4315
429.6,0.4541
429.7,0.1644
429.8,0.4405
429.9,0.4607
430.0,0.6136
430.1,0.7732
430.2,0.8089
430.3,0.9232
430.4,0.9588
430.5,0.8978
430.6,1.0230
430.7,0.9600
430.8,1.0019
430.9,1.1021
431.0,1.2206
431.1,1.0342
431.2,1.1813
431.3,1.1091
431.4,1.0666
431.5,1.1079
431.6,1.1636
431.7,1.1160
431.8,1.0977
431.9,1.1549
432.0,1.1507
432.1,1.0275
432.2,1.0302
432.3,0.8465
432.4,0.9335
432.5,0.6990
432.6,0.7928
432.7,0.8691
432.8,0.7851
432.9,0.7011
433.0,0.5811
433.1,0.5942
433.2,0.6028
433.3,0.4797
433.4,0.3474
433.5,0.2822
433.6,0.3768
433.7,0.2231
433.8,0.1378
433.9,0.1135
434.0,0.1693
434.1,-0.0345
434.2,0.0104
434.3,0.0332
434.4,-0.1259
434.5,-0.1636
434.6,-0.3170
434.7,-0.4238
434.8,-0.4306
434.9,-0.4626
435.0,-0.4527
435.1,-0.5337
435.2,-0.6854
435.3,-0.7229
435.4,-0.7570
435.5,-0.7196
435.6,-0.8723
435.7,-0.8645
435.8,-0.8202
435.9,-0.9216
436.0,-0.9935
436.1,-1.1338
436.2,-1.0779
436.3,-1.0779
436.4,-1.1638
436.5,-1.1361
436.6,-1.1604
436.7,-1.1974
436.8,-1.2623
436.9,-1.0871
437.0,-1.1883
437.1,-1.2132
437.2,-1.0703
437.3,-1.1177
437.4,-1.1409
437.5,-1.1276
437.6,-0.9291
437.7,-0.9381
437.8,-0.8834
437.9,-0.8140
438.0,-0.7587
438.1,-0.7814
438.2,-0.5047
438.3,-0.4423
438.4,-0.4687
438.5,-0.3157
438.6,-0.3608
438.7,-0.3644
438.8,-0.1480
438.9,-0.0826
439.0,-0.0130
439.1,0.0980
439.2,0.1612
439.3,0.3046
439.4,0.3514
439.5,0.3409
439.6,0.5479
439.7,0.5564
439.8,0.4096
439.9,0.6673
440.0,0.7443
440.1,0.7353
440.2,0.7642
440.3,0.8499
440.4,0.8676
440.5,0.9221
440.6,1.0545
440.7,0.9480
440.8,1.1309
440.9,1.1507
441.0,1.1384
441.1,1.0827
441.2,1.0155
441.3,1.2024
441.4,1.1221
441.5,1.0838
441.6,1.1200
441.7,1.1539
441.8,1.0520
441.9,1.0747
442.0,0.9841
442.1,0.9658
442.2,0.9343
442.3,0.8252
442.4,0.8434
442.5,0.7832
442.6,0.7162
442.7,0.5290
442.8,0.6592
442.9,0.7480
443.0,0.4652
443.1,0.6712
443.2,0.4444
443.3,0.4866
443.4,0.4612
443.5,0.3217
443.6,0.1043
443.7,0.2650
443.8,0.0939
443.9,-0.0164
444.0,0.0351
444.1,-0.1672
444.2,-0.1522
444.3,0.1104
444.4,-0.2737
444.5,-0.2122
444.6,-0.4491
444.7,-0.3169
444.8,-0.2908
444.9,-0.5931
445.0,-0.6165
445.1,-0.5771
445.2,-0.5778
445.3,-0.7023
445.4,-0.7474
445.5,-0.9734
445.6,-0.8278
445.7,-0.9944
445.8,-0.8795
445.9,-0.9454
446.0,-1.1185
446.1,-1.1252
446.2,-0.9991
446.3,-1.0193
446.4,-1.2279
446.5,-1.0631
446.6,-1.1120
446.7,-1.1693
446.8,-1.0002
446.9,-1.0451
447.0,-1.0085
447.1,-1.1901
447.2,-1.0555
447.3,-1.0780
447.4,-1.0388
447.5,-1.0067
447.6,-0.8938
447.7,-0.8899
447.8,-0.7694
447.9,-0.7502
448.0,-0.7701
448.1,-0.6033
448.2,-0.5635
448.3,-0.5442
448.4,-0.4062
448.5,-0.2606
448.6,-0.3126
448.7,-0.1652
448.8,-0.1218
448.9,-0.0627
449.0,0.1893
449.1,0.2654
449.2,0.2671
449.3,0.3930
449.4,0.4157
449.5,0.4440
449.6,0.7169
449.7,0.6615
449.8,0.7553
449.9,0.8329
450.0,0.7642
450.1,1.0211
450.2,0.9711
450.3,0.9578
450.4,1.1627
450.5,1.0496
450.6,0.9091
450.7,1.1306
450.8,1.1984
450.9,0.9976
451.0,1.0086
451.1,1.1364
451.2,1.1262
451.3,1.0107
451.4,1.1320
451.5,1.0153
451.6,1.0364
451.7,1.1665
451.8,1.0373
451.9,0.9347
452.0,0.7277
452.1,0.8504
452.2,1.0502
452.3,0.9086
452.4,0.8605
452.5,0.4977
452.6,0.7128
452.7,0.6775
452.8,0.5269
452.9,0.6497
453.0,0.4783
453.1,0.2118
453.2,0.4414
453.3,0.2319
453.4,0.2922
453.5,0.1294
453.6,0.0275
453.7,0.0789
453.8,-0.0621
453.9,-0.1004
454.0,-0.0859
454.1,-0.2566
454.2,-0.3386
454.3,-0.1307
454.4,-0.3019
454.5,-0.4283
454.6,-0.3862
454.7,-0.6049
454.8,-0.5662
454.9,-0.5443
455.0,-0.5925
455.1,-0.8178
455.2,-0.6223
455.3,-0.9068
455.4,-0.8890
455.5,-0.9394
455.6,-0.9195
455.7,-0.7445
455.8,-0.9720
455.9,-1.1282
456.0,-1.0664
456.1,-1.1153
456.2,-1.1579
456.3,-1.0169
456.4,-1.1232
456.5,-1.1681
456.6,-1.1935
456.7,-1.0883
456.8,-1.0369
456.9,-1.0573
457.0,-1.1723
457.1,-1.0893
457.2,-0.8689
457.3,-0.9473
457.4,-0.8804
457.5,-0.9233
457.6,-0.9624
457.7,-0.9936
457.8,-0.7751
457.9,-0.7177
458.0,-0.6194
458.1,-0.5673
458.2,-0.4618
458.3,-0.2248
458.4,-0.3164
458.5,-0.2848
458.6,-0.0504
458.7,-0.1789
458.8,-0.1269
458.9,0.0980
459.0,0.1739
459.1,0.2541
459.2,0.4162
459.3,0.4248
459.4,0.6553
459.5,0.5981
459.6,0.6514
459.7,0.7388
459.8,0.8633
459.9,0.7987
460.0,0.8687
460.1,1.1574
460.2,1.1191
460.3,1.0127
460.4,0.9110
460.5,0.9936
460.6,1.2714
460.7,1.0156
460.8,1.0880
460.9,1.0604
461.0,1.0294
461.1,1.1278
461.2,1.0574
461.3,0.9978
461.4,0.9721
461.5,1.0378
461.6,1.0543
461.7,0.9582
461.8,0.9413
461.9,0.8780
462.0,0.7960
462.1,0.9323
462.2,0.7379
462.3,0.7543
462.4,0.6358
462.5,0.6431
462.6,0.5737
462.7,0.4647
462.8,0.4057
462.9,0.4624
463.0,0.4918
463.1,0.3101
463.2,0.2019
463.3,0.3239
463.4,0.1025
463.5,-0.0418
463.6,-0.0421
463.7,0.0591
463.8,0.0702
463.9,-0.0919
464.0,-0.1165
464.1,-0.3093
464.2,-0.0985
464.3,-0.4176
464.4,-0.3578
464.5,-0.5068
464.6,-0.5196
464.7,-0.5507
464.8,-0.5113
464.9,-0.6173
465.0,-0.7352
465.1,-0.7949
465.2,-0.7635
465.3,-0.8912
465.4,-0.9051
465.5,-1.0089
465.6,-0.9376
465.7,-0.8101
465.8,-1.0344
465.9,-1.1414
466.0,-1.1094
466.1,-1.1377
466.2,-1.0338
466.3,-1.0652
466.4,-1.1207
466.5,-1.2990
466.6,-1.0965
466.7,-1.2114
466.8,-1.1327
466.9,-0.9936
467.0,-0.9847
467.1,-0.9882
467.2,-0.8998
467.3,-0.7725
467.4,-0.8703
467.5,-0.9529
467.6,-0.7453
467.7,-0.7821
467.8,-0.8269
467.9,-0.6900
468.0,-0.4959
468.1,-0.3329
468.2,-0.2947
468.3,-0.4131
468.4,-0.2408
468.5,-0.2154
468.6,0.0828
468.7,0.1088
468.8,0.1392
468.9,0.2458
469.0,0.3162
469.1,0.4998
469.2,0.4404
469.3,0.5543
469.4,0.6775
469.5,0.6004
469.6,0.8199
469.7,0.7307
469.8,0.9531
469.9,0.8461
470.0,0.9308
470.1,1.1392
470.2,1.1550
470.3,1.1114
470.4,1.1055
470.5,1.0740
470.6,1.0886
470.7,1.1886
470.8,1.1620
470.9,1.1695
471.0,1.0580
471.1,1.0932
471.2,1.1035
471.3,1.1056
471.4,1.0573
471.5,0.9246
471.6,0.9951
471.7,0.8170
471.8,0.9253
471.9,0.8192
472.0,0.8951
472.1,0.7222
472.2,0.7088
472.3,0.6664
472.4,0.7188
472.5,0.4654
472.6,0.4892
472.7,0.5050
472.8,0.4438
472.9,0.3133
473.0,0.4365
473.1,0.3063
473.2,0.2289
473.3,0.2283
473.4,0.0079
473.5,0.1233
473.6,-0.1229
473.7,-0.2806
473.8,-0.1348
473.9,-0.3670
474.0,-0.3205
474.1,-0.2422
474.2,-0.4518
474.3,-0.3972
474.4,-0.5152
474.5,-0.5493
474.6,-0.5309
474.7,-0.4386
474.8,-0.5554
474.9,-0.7182
475.0,-0.8494
475.1,-0.8904
475.2,-0.8732
475.3,-0.9202
475.4,-1.0054
475.5,-0.9334
475.6,-1.0380
475.7,-1.0187
475.8,-0.9729
475.9,-0.9575
476.0,-0.9846
476.1,-1.0015
476.2,-1.1217
476.3,-1.1588
476.4,-1.2515
476.5,-1.0111
476.6,-1.0230
476.7,-1.1535
476.8,-0.9732
476.9,-1.0760
477.0,-1.1161
477.1,-1.0162
477.2,-1.0091
477.3,-1.0281
477.4,-0.8496
477.5,-0.6532
477.6,-0.7096
477.7,-0.5724
477.8,-0.4812
477.9,-0.4383
478.0,-0.5149
478.1,-0.3246
478.2,-0.2522
478.3,-0.1345
478.4,0.0053
478.5,-0.0871
478.6,0.1204
478.7,0.1446
478.8,0.3056
478.9,0.1986
479.0,0.5066
479.1,0.4931
479.2,0.6324
479.3,0.6379
479.4,0.7961
479.5,0.8424
479.6,0.8374
479.7,0.9265
479.8,0.9829
479.9,1.0114
480.0,1.1165
480.1,1.2522
480.2,1.1330
480.3,1.2927
480.4,1.3921
480.5,1.3471
480.6,1.2756
480.7,1.3298
480.8,1.4646
480.9,1.2479
481.0,1.3371
481.1,1.1787
481.2,1.2625
481.3,1.2110
481.4,1.1946
481.5,1.0421
481.6,1.0663
481.7,1.0260
481.8,1.0021
481.9,0.8722
482.0,0.7044
482.1,0.7606
482.2,0.7954
482.3,0.7660
482.4,0.7752
482.5,0.5905
482.6,0.4325
482.7,0.4807
482.8,0.4579
482.9,0.3936
483.0,0.2722
483.1,0.1839
483.2,0.2600
483.3,0.1111
483.4,-0.0321
483.5,0.0706
483.6,-0.1874
483.7,-0.1547
483.8,-0.2563
483.9,-0.2611
484.0,-0.2674
484.1,-0.3243
484.2,-0.4547
484.3,-0.5609
484.4,-0.5279
484.5,-0.5717
484.6,-0.6429
484.7,-0.7341
484.8,-0.9443
484.9,-0.9254
485.0,-0.7347
485.1,-0.9402
485.2,-1.0729
485.3,-0.9677
485.4,-1.1711
485.5,-1.2085
485.6,-1.3123
485.7,-1.2204
485.8,-1.3156
485.9,-1.2630
486.0,-1.1733
486.1,-1.3187
486.2,-1.2302
486.3,-1.3680
486.4,-1.1607
486.5,-1.2306
486.6,-1.1625
486.7,-1.4349
486.8,-1.1686
486.9,-1.1217
487.0,-1.0994
487.1,-1.0170
487.2,-0.9685
487.3,-1.0381
487.4,-0.7473
487.5,-0.7753
487.6,-0.7324
487.7,-0.6079
487.8,-0.4857
487.9,-0.3384
488.0,-0.2630
488.1,-0.2051
488.2,-0.1251
488.3,0.0271
488.4,0.0548
488.5,-0.0535
488.6,0.3907
488.7,0.4193
488.8,0.3675
488.9,0.5612
489.0,0.6918
489.1,0.6991
489.2,0.7470
489.3,0.9335
489.4,0.8655
489.5,0.9954
489.6,1.0731
489.7,0.9716
489.8,1.2095
489.9,1.2247
490.0,1.3107
490.1,1.2472
490.2,1.3194
490.3,1.2931
490.4,1.3513
490.5,1.2093
490.6,1.2637
490.7,1.2451
490.8,1.2663
490.9,1.3312
491.0,1.2390
491.1,1.1991
491.2,1.2041
491.3,1.2977
491.4,1.0943
491.5,1.1314
491.6,0.8535
491.7,0.9332
491.8,0.8506
491.9,0.7318
492.0,0.8224
492.1,0.5931
492.2,0.6767
492.3,0.7439
492.4,0.4837
492.5,0.3297
492.6,0.4110
492.7,0.3413
492.8,0.2836
492.9,0.4203
493.0,0.1888
493.1,0.1199
493.2,-0.0615
493.3,-0.0921
493.4,0.0406
493.5,-0.1559
493.6,-0.2013
493.7,-0.2743
493.8,-0.3832
493.9,-0.4851
494.0,-0.4863
494.1,-0.6525
494.2,-0.4860
494.3,-0.6824
494.4,-0.7153
494.5,-0.6967
494.6,-0.9553
494.7,-0.7937
494.8,-0.8880
494.9,-1.1972
495.0,-1.1015
495.1,-1.0767
495.2,-1.1076
495.3,-1.2527
495.4,-1.2706
495.5,-1.2524
495.6,-1.1978
495.7,-1.3325
495.8,-1.1410
495.9,-1.2078
496.0,-1.3175
496.1,-1.3223
496.2,-1.3287
496.3,-1.3051
496.4,-1.2503
496.5,-1.2188
496.6,-1.0723
496.7,-1.2477
496.8,-1.0568
496.9,-1.0580
497.0,-1.0211
497.1,-0.9671
497.2,-0.9574
497.3,-0.8049
497.4,-0.6175
497.5,-0.5817
497.6,-0.6090
497.7,-0.3419
497.8,-0.2988
497.9,-0.3260
498.0,-0.2340
498.1,-0.2005
498.2,0.0120
498.3,0.1407
498.4,0.2306
498.5,0.2961
498.6,0.4634
498.7,0.4376
498.8,0.6489
498.9,0.5976
499.0,0.6492
499.1,0.9707
499.2,1.0793
499.3,1.1716
499.4,0.9487
499.5,1.0674
499.6,1.0036
499.7,1.2390
499.8,1.3054
499.9,1.2149
500.0,1.3267
500.1,1.3916
500.2,1.1664
500.3,1.2227
500.4,1.2718
500.5,1.3239
500.6,1.4407
500.7,1.3058
500.8,1.1256
500.9,1.3608
501.0,1.2098
501.1,1.2085
501.2,1.0431
501.3,1.0932
501.4,0.9557
501.5,1.0117
501.6,0.9866
501.7,0.8628
501.8,0.8391
501.9,0.6593
502.0,0.5604
502.1,0.5977
502.2,0.6247
502.3,0.6176
502.4,0.4358
502.5,0.3679
502.6,0.2564
502.7,0.3283
502.8,0.2101
502.9,0.1560
503.0,0.1382
503.1,-0.0637
503.2,-0.1541
503.3,-0.1002
503.4,-0.2397
503.5,-0.3721
503.6,-0.3777
503.7,-0.5066
503.8,-0.3779
503.9,-0.5556
504.0,-0.5563
504.1,-0.6335
504.2,-0.6263
504.3,-0.7304
504.4,-0.8782
504.5,-0.7030
504.6,-0.8389
504.7,-0.9052
504.8,-1.0555
504.9,-0.9789
505.0,-1.1500
505.1,-1.0504
505.2,-1.2961
505.3,-1.1071
505.4,-1.1975
505.5,-1.3104
505.6,-1.3118
505.7,-1.2368
505.8,-1.2757
505.9,-1.2993
506.0,-1.2599
506.1,-1.3333
506.2,-1.3903
506.3,-1.2155
506.4,-1.1480
506.5,-1.2947
506.6,-1.1126
506.7,-1.1967
506.8,-1.1271
506.9,-0.9974
507.0,-0.8065
507.1,-0.8380
507.2,-0.7330
507.3,-0.5277
507.4,-0.6011
507.5,-0.5998
507.6,-0.3482
507.7,-0.3398
507.8,-0.2395
507.9,-0.0173
508.0,-0.1601
508.1,-0.0596
508.2,0.0121
508.3,0.2492
508.4,0.3424
508.5,0.4858
508.6,0.5503
508.7,0.6335
508.8,0.6291
508.9,0.8495
509.0,0.7656
509.1,0.9584
509.2,0.9739
509.3,0.9165
509.4,1.1695
509.5,1.2010
509.6,1.2617
509.7,1.2200
509.8,1.3037
509.9,1.2793
510.0,1.2951
510.1,1.2398
510.2,1.3558
510.3,1.3103
510.4,1.2102
510.5,1.2550
510.6,1.3315
510.7,1.2064
510.8,1.1918
510.9,1.1594
511.0,1.0722
511.1,1.0598
511.2,1.0298
511.3,0.9735
511.4,0.9538
511.5,0.9299
511.6,0.9142
511.7,0.7899
511.8,0.7827
511.9,0.5288
512.0,0.5089
512.1,0.6365
512.2,0.4324
512.3,0.4526
512.4,0.4153
512.5,0.2744
512.6,0.3515
512.7,0.1777
512.8,0.2312
512.9,-0.0489
513.0,-0.1068
513.1,-0.1571
513.2,-0.1169
513.3,-0.1357
513.4,-0.3693
513.5,-0.2402
513.6,-0.4101
513.7,-0.5240
513.8,-0.5622
513.9,-0.6404
514.0,-0.7486
514.1,-0.6809
514.2,-0.8416
514.3,-0.7483
514.4,-0.8247
514.5,-0.8705
514.6,-1.0335
514.7,-1.1171
514.8,-1.2413
514.9,-1.2362
515.0,-1.1382
515.1,-1.2056
515.2,-1.2594
515.3,-1.2805
515.4,-1.2827
515.5,-1.3536
515.6,-1.4725
515.7,-1.3079
515.8,-1.1728
515.9,-1.3449
516.0,-1.4013
516.1,-1.3579
516.2,-1.2583
516.3,-1.2026
516.4,-1.0902
516.5,-1.0620
516.6,-1.2222
516.7,-1.1044
516.8,-0.8733
516.9,-0.7799
517.0,-0.7259
517.1,-0.7070
517.2,-0.5901
517.3,-0.6425
517.4,-0.3357
517.5,-0.3980
517.6,-0.3598
517.7,-0.1874
517.8,-0.0435
517.9,-0.0731
518.0,0.0539
518.1,0.1661
518.2,0.1154
518.3,0.3481
518.4,0.3354
518.5,0.5752
518.6,0.6628
518.7,0.7684
518.8,0.8282
518.9,0.8397
519.0,1.0100
519.1,0.9912
519.2,1.0789
519.3,1.1538
519.4,1.2432
519.5,1.2913
519.6,1.2980
519.7,1.2323
519.8,1.4260
519.9,1.3833
520.0,1.2278
520.1,1.3482
520.2,1.2592
520.3,1.2998
520.4,1.4319
520.5,1.2733
520.6,1.2381
520.7,1.1088
520.8,1.0556
520.9,1.0602
521.0,1.0215
521.1,1.1847
521.2,1.0484
521.3,0.9479
521.4,0.9030
521.5,0.6905
521.6,0.7121
521.7,0.7972
521.8,0.6303
521.9,0.4852
522.0,0.5286
522.1,0.4593
522.2,0.4188
522.3,0.2470
522.4,0.2801
522.5,0.1299
522.6,0.0926
522.7,0.0273
522.8,0.0404
522.9,-0.0909
523.0,-0.1703
523.1,-0.0674
523.2,-0.2540
523.3,-0.3015
523.4,-0.4496
523.5,-0.3946
523.6,-0.2775
523.7,-0.6481
523.8,-0.6156
523.9,-0.5856
524.0,-0.8373
524.1,-0.9263
524.2,-0.9387
524.3,-0.8117
524.4,-1.0687
524.5,-0.9180
524.6,-1.0085
524.7,-0.9803
524.8,-1.0425
524.9,-1.2238
525.0,-1.1874
525.1,-1.3505
525.2,-1.2725
525.3,-1.2540
525.4,-1.1763
525.5,-1.3121
525.6,-1.3517
525.7,-1.3427
525.8,-1.2966
525.9,-1.2792
526.0,-1.3379
526.1,-1.3146
526.2,-1.2480
526.3,-1.1075
526.4,-1.1462
526.5,-1.0199
526.6,-0.9522
526.7,-0.8940
526.8,-0.7028
526.9,-0.8067
527.0,-0.6592
527.1,-0.5957
527.2,-0.4858
527.3,-0.4056
527.4,-0.3394
527.5,-0.0870
527.6,-0.0050
527.7,0.0307
527.8,0.0388
527.9,0.1649
528.0,0.3769
528.1,0.3262
528.2,0.5587
528.3,0.5963
528.4,0.6324
528.5,0.6808
528.6,0.8927
528.7,0.9660
528.8,0.9929
528.9,1.0416
529.0,1.0861
529.1,1.0841
529.2,1.1205
529.3,1.2305
529.4,1.2192
529.5,1.1656
529.6,1.3360
529.7,1.3505
529.8,1.5083
529.9,1.2668
530.0,1.3144
530.1,1.2778
530.2,1.3460
530.3,1.3957
530.4,1.2188
530.5,1.2134
530.6,1.1884
530.7,1.1207
530.8,1.1282
530.9,1.0740
531.0,0.9224
531.1,0.9983
531.2,0.9292
531.3,0.7873
531.4,0.8517
531.5,0.6629
531.6,0.7418
531.7,0.5783
531.8,0.3863
531.9,0.5505
532.0,0.6169
532.1,0.3332
532.2,0.3165
532.3,0.1100
532.4,0.2677
532.5,-0.0164
532.6,0.0654
532.7,0.0084
532.8,-0.0018
532.9,-0.0474
533.0,-0.3982
533.1,-0.3160
533.2,-0.3354
533.3,-0.4237
533.4,-0.5361
533.5,-0.5164
533.6,-0.7338
533.7,-0.6256
533.8,-0.6912
533.9,-0.7460
534.0,-0.7674
534.1,-0.9399
534.2,-0.8049
534.3,-0.9384
534.4,-1.1687
534.5,-1.0199
534.6,-1.0741
534.7,-1.0744
534.8,-1.2636
534.9,-1.2639
535.0,-1.3519
535.1,-1.2633
535.2,-1.3343
535.3,-1.2708
535.4,-1.2925
535.5,-1.3631
535.6,-1.2817
535.7,-1.2885
535.8,-1.1873
535.9,-1.2850
536.0,-1.1864
536.1,-1.0507
536.2,-1.1528
536.3,-1.1082
536.4,-0.8793
536.5,-0.9845
536.6,-0.7964
536.7,-0.8174
536.8,-0.8238
536.9,-0.7136
537.0,-0.5297
537.1,-0.4103
537.2,-0.1598
537.3,-0.3087
537.4,-0.2961
537.5,-0.1461
537.6,-0.0353
537.7,0.0672
537.8,0.1841
537.9,0.3115
538.0,0.3863
538.1,0.3806
538.2,0.5037
538.3,0.7179
538.4,0.7455
538.5,0.8135
538.6,0.9580
538.7,0.8886
538.8,1.0220
538.9,1.0596
539.0,1.1773
539.1,1.1806
539.2,1.1999
539.3,1.3408
539.4,1.3006
539.5,1.4056
539.6,1.2420
539.7,1.2068
539.8,1.4290
539.9,1.2629
540.0,0.9513
540.1,0.9989
540.2,1.0068
540.3,1.0339
540.4,0.9242
540.5,0.8746
540.6,0.8732
540.7,0.6665
540.8,0.9698
540.9,0.5974
541.0,0.7677
541.1,0.7396
541.2,0.6102
541.3,0.3909
541.4,0.4367
541.5,0.5735
541.6,0.4116
541.7,0.4383
541.8,0.4428
541.9,0.2658
542.0,0.1482
542.1,0.1615
542.2,0.1378
542.3,0.0133
542.4,-0.1930
542.5,0.0743
542.6,0.0428
542.7,0.0236
542.8,-0.1849
542.9,-0.1423
543.0,-0.1240
543.1,-0.3759
543.2,-0.2130
543.3,-0.2123
543.4,-0.3820
543.5,-0.6023
543.6,-0.3875
543.7,-0.5733
543.8,-0.5888
543.9,-0.5167
544.0,-0.7440
544.1,-0.8762
544.2,-0.8255
544.3,-0.9273
544.4,-0.7835
544.5,-0.8173
544.6,-0.9640
544.7,-0.9150
544.8,-0.9587
544.9,-0.9384
545.0,-1.1085
545.1,-1.0614
545.2,-1.0140
545.3,-1.1095
545.4,-1.0574
545.5,-0.9131
545.6,-1.0014
545.7,-0.9484
545.8,-0.8478
545.9,-0.8834
546.0,-0.8686
546.1,-0.7341
546.2,-0.7179
546.3,-0.8330
546.4,-0.6681
546.5,-0.5915
546.6,-0.5127
546.7,-0.5297
546.8,-0.4909
546.9,-0.5312
547.0,-0.2984
547.1,-0.1686
547.2,-0.1718
547.3,-0.1613
547.4,-0.0745
547.5,0.0645
547.6,0.2481
547.7,0.2679
547.8,0.3181
547.9,0.4136
548.0,0.4309
548.1,0.4720
548.2,0.5215
548.3,0.7301
548.4,0.7601
548.5,0.6233
548.6,0.8073
548.7,0.8205
548.8,0.7970
548.9,0.8061
549.0,0.8586
549.1,0.8747
549.2,0.8351
549.3,0.8633
549.4,1.0037
549.5,0.9876
549.6,0.9674
549.7,0.9909
549.8,0.9976
549.9,1.0938
550.0,1.0285
550.1,0.8046
550.2,0.9382
550.3,0.9841
550.4,1.0320
550.5,0.8631
550.6,0.7345
550.7,0.8447
550.8,0.7796
550.9,0.5462
551.0,0.5420
551.1,0.6619
551.2,0.6065
551.3,0.5911
551.4,0.5108
551.5,0.3859
551.6,0.4303
551.7,0.3216
551.8,0.3420
551.9,0.4719
552.0,0.2389
552.1,0.3282
552.2,-0.1551
552.3,-0.1355
552.4,0.0441
552.5,0.0193
552.6,-0.2386
552.7,-0.2281
552.8,-0.2120
552.9,-0.1981
553.0,-0.3732
553.1,-0.2937
553.2,-0.3297
553.3,-0.4521
553.4,-0.4318
553.5,-0.5961
553.6,-0.6907
553.7,-0.6621
553.8,-0.6607
553.9,-0.6970
554.0,-0.6922
554.1,-0.8349
554.2,-0.7324
554.3,-1.0141
554.4,-0.8873
554.5,-0.8055
554.6,-0.9404
554.7,-1.0396
554.8,-0.9782
554.9,-1.0222
555.0,-0.9736
555.1,-1.1036
555.2,-1.1461
555.3,-1.0342
555.4,-0.9561
555.5,-0.9669
555.6,-0.9696
555.7,-0.8228
555.8,-0.8439
555.9,-0.8644
556.0,-0.8195
556.1,-0.6302
556.2,-0.5936
556.3,-0.6593
556.4,-0.5778
556.5,-0.5239
556.6,-0.4036
556.7,-0.5043
556.8,-0.2781
556.9,-0.2193
557.0,-0.1885
557.1,-0.0980
557.2,0.0088
557.3,-0.0958
557.4,0.1351
557.5,0.2448
557.6,0.2092
557.7,0.3911
557.8,0.4027
557.9,0.2972
558.0,0.5679
558.1,0.5282
558.2,0.6985
558.3,0.5835
558.4,0.6672
558.5,0.8912
558.6,0.8114
558.7,0.7640
558.8,0.8964
558.9,0.9852
559.0,0.8665
559.1,0.9509
559.2,1.0688
559.3,1.0803
559.4,1.0581
559.5,0.9519
559.6,0.9701
559.7,0.8557
559.8,0.9384
559.9,0.8394
560.0,0.9916
560.1,0.9145
560.2,0.8449
560.3,0.7484
560.4,0.8913
560.5,0.8562
560.6,0.8301
560.7,0.7296
560.8,0.6365
560.9,0.6886
561.0,0.5204
561.1,0.5220
561.2,0.3862
561.3,0.4461
561.4,0.4443
561.5,0.2392
561.6,0.3751
561.7,0.1911
561.8,0.1248
561.9,0.2397
562.0,-0.0334
562.1,0.0381
562.2,-0.0369
562.3,-0.1986
562.4,-0.1783
562.5,-0.2533
562.6,-0.1879
562.7,-0.1584
562.8,-0.2679
562.9,-0.4528
563.0,-0.3875
563.1,-0.4160
563.2,-0.6021
563.3,-0.3737
563.4,-0.6219
563.5,-0.6653
563.6,-0.6479
563.7,-0.7366
563.8,-0.8575
563.9,-0.7867
564.0,-0.9285
564.1,-0.8529
564.2,-0.8167
564.3,-0.8400
564.4,-1.0900
564.5,-0.8208
564.6,-0.9224
564.7,-0.9366
564.8,-0.9061
564.9,-1.0429
565.0,-1.0188
565.1,-0.9609
565.2,-0.8625
565.3,-1.0869
565.4,-0.9585
565.5,-0.8379
565.6,-0.8209
565.7,-0.9238
565.8,-0.7270
565.9,-0.8073
566.0,-0.6828
566.1,-0.8127
566.2,-0.4355
566.3,-0.5591
566.4,-0.5474
566.5,-0.4933
566.6,-0.5329
566.7,-0.4056
566.8,-0.3957
566.9,-0.3308
567.0,-0.1532
567.1,-0.1076
567.2,0.0846
567.3,0.1795
567.4,0.2820
567.5,0.2014
567.6,0.2138
567.7,0.3161
567.8,0.5888
567.9,0.5948
568.0,0.5600
568.1,0.5022
568.2,0.7041
568.3,0.9323
568.4,0.8397
568.5,0.8358
568.6,0.7887
568.7,0.7710
568.8,0.9638
568.9,1.0560
569.0,0.9464
569.1,0.9211
569.2,1.0491
569.3,0.8905
569.4,0.8904
569.5,0.9931
569.6,0.9816
569.7,0.9723
569.8,0.9513
569.9,0.7817
570.0,0.8423
570.1,0.8100
570.2,0.8431
570.3,0.6662
570.4,0.7103
570.5,0.7887
570.6,0.6323
570.7,0.6767
570.8,0.5181
570.9,0.6034
571.0,0.5620
571.1,0.3471
571.2,0.5823
571.3,0.3807
571.4,0.3499
571.5,0.4324
571.6,0.1723
571.7,0.1651
571.8,0.1873
571.9,0.1421
572.0,0.1132
572.1,-0.0085
572.2,-0.0580
572.3,-0.0387
572.4,-0.2566
572.5,-0.2113
572.6,-0.1806
572.7,-0.2988
572.8,-0.3463
572.9,-0.2996
573.0,-0.4728
573.1,-0.4853
573.2,-0.5072
573.3,-0.6797
573.4,-0.6357
573.5,-0.6698
573.6,-0.6784
573.7,-0.7051
573.8,-0.8479
573.9,-0.8171
574.0,-0.8046
574.1,-1.0051
574.2,-0.8910
574.3,-0.7930
574.4,-1.0033
574.5,-0.9948
574.6,-0.8883
574.7,-1.0372
574.8,-1.0231
574.9,-1.0506
575.0,-1.1558
575.1,-1.0293
575.2,-1.0520
575.3,-1.0619
575.4,-0.8996
575.5,-0.7942
575.6,-0.9512
575.7,-0.8652
575.8,-0.8489
575.9,-0.7974
576.0,-0.5813
576.1,-0.6627
576.2,-0.4544
576.3,-0.5144
576.4,-0.4310
576.5,-0.2453
576.6,-0.3654
576.7,-0.3634
576.8,-0.1812
576.9,0.0415
577.0,0.1614
577.1,-0.0015
577.2,0.1439
577.3,0.3014
577.4,0.3340
577.5,0.2721
577.6,0.4686
577.7,0.5120
577.8,0.7263
577.9,0.6831
578.0,0.7008
578.1,0.7166
578.2,0.8219
578.3,0.8595
578.4,0.8869
578.5,0.8852
578.6,0.8527
578.7,0.9582
578.8,0.9435
578.9,0.9415
579.0,1.0278
579.1,1.0523
579.2,0.9386
579.3,0.8630
579.4,1.1089
579.5,0.8761
579.6,0.9521
579.7,0.9295
579.8,0.8985
579.9,0.8253
580.0,0.9667
580.1,0.7754
580.2,0.7270
580.3,0.7177
580.4,0.6327
580.5,0.6642
580.6,0.7240
580.7,0.5793
580.8,0.4845
580.9,0.4030
581.0,0.5430
581.1,0.2928
581.2,0.4088
581.3,0.2653
581.4,0.2172
581.5,0.0880
581.6,0.1509
581.7,0.0534
581.8,0.0702
581.9,0.0019
582.0,-0.1235
582.1,-0.0605
582.2,-0.1394
582.3,-0.1558
582.4,-0.1034
582.5,-0.3367
582.6,-0.2722
582.7,-0.3125
582.8,-0.3646
582.9,-0.5078
583.0,-0.5443
583.1,-0.4614
583.2,-0.5081
583.3,-0.7029
583.4,-0.6530
583.5,-0.7724
583.6,-0.7279
583.7,-0.9293
583.8,-0.8497
583.9,-0.8863
584.0,-0.8606
584.1,-1.0191
584.2,-1.1849
584.3,-1.0400
584.4,-1.0484
584.5,-1.0562
584.6,-1.0441
584.7,-0.8419
584.8,-0.9165
584.9,-0.9992
585.0,-0.9717
585.1,-0.8863
585.2,-1.1370
585.3,-0.9312
585.4,-0.9938
585.5,-0.7873
585.6,-0.7366
585.7,-0.7109
585.8,-0.8146
585.9,-0.7377
586.0,-0.4538
586.1,-0.5594
586.2,-0.5280
586.3,-0.4026
586.4,-0.3262
586.5,-0.2366
586.6,-0.0508
586.7,-0.1954
586.8,-0.0417
586.9,0.0766
587.0,0.1124
587.1,0.1119
587.2,0.0281
587.3,0.4344
587.4,0.3969
587.5,0.4965
587.6,0.6521
587.7,0.6210
587.8,0.6534
587.9,0.8139
588.0,0.6769
588.1,0.7363
588.2,0.7303
588.3,0.7976
588.4,0.9090
588.5,0.8871
588.6,0.9708
588.7,1.1792
588.8,0.9773
588.9,0.9490
589.0,1.0042
589.1,0.9841
589.2,0.9703
589.3,0.9785
589.4,1.2099
589.5,0.9590
589.6,1.0085
589.7,0.8963
589.8,0.9024
589.9,0.8801
590.0,0.9000
590.1,0.9302
590.2,0.6020
590.3,0.6385
590.4,0.6402
590.5,0.7021
590.6,0.5007
590.7,0.5937
590.8,0.4254
590.9,0.4411
591.0,0.4650
591.1,0.3800
591.2,0.3673
591.3,0.1361
591.4,0.2384
591.5,0.1093
591.6,-0.0109
591.7,0.0140
591.8,-0.0211
591.9,-0.0820
592.0,-0.0455
592.1,-0.2040
592.2,-0.1943
592.3,-0.2427
592.4,-0.3104
592.5,-0.4382
592.6,-0.2930
592.7,-0.2893
592.8,-0.3907
592.9,-0.4898
593.0,-0.5681
593.1,-0.5789
593.2,-0.5627
593.3,-0.6630
593.4,-0.8686
593.5,-0.8017
593.6,-0.8794
593.7,-1.0257
593.8,-0.9545
593.9,-0.7820
594.0,-0.7662
594.1,-0.9587
594.2,-0.9430
594.3,-0.9335
594.4,-0.8403
594.5,-0.9407
594.6,-1.1200
594.7,-0.9747
594.8,-1.0317
594.9,-0.8376
595.0,-0.8877
595.1,-0.9510
595.2,-0.8913
595.3,-0.8537
595.4,-0.8280
595.5,-0.7273
595.6,-0.8620
595.7,-0.5484
595.8,-0.6496
595.9,-0.5409
596.0,-0.4746
596.1,-0.3176
596.2,-0.3305
596.3,-0.3226
596.4,-0.2679
596.5,-0.2147
596.6,-0.0813
596.7,0.0398
596.8,0.0473
596.9,0.1171
597.0,0.1950
597.1,0.4828
597.2,0.4170
597.3,0.3789
597.4,0.3493
597.5,0.5387
597.6,0.5856
597.7,0.6513
597.8,0.7406
597.9,0.7631
598.0,0.8174
598.1,0.8267
598.2,0.9452
598.3,0.9426
598.4,0.9233
598.5,0.9382
598.6,0.9948
598.7,1.0616
598.8,0.8680
598.9,1.0968
599.0,0.8935
599.1,1.0452
599.2,1.0023
599.3,0.9552
599.4,0.9388
599.5,0.9415
599.6,1.0022
599.7,0.8837
599.8,0.7494
599.9,0.7844
600.0,0.9575
600.1,0.9458
600.2,0.9451
600.3,0.8743
600.4,0.6773
600.5,0.7175
600.6,0.5981
600.7,0.7014
600.8,0.5228
600.9,0.5271
601.0,0.4028
601.1,0.4565
601.2,0.2356
601.3,0.1847
601.4,-0.0542
601.5,0.0435
601.6,0.1203
601.7,-0.0866
601.8,-0.1179
601.9,-0.2345
602.0,-0.0662
602.1,-0.2929
602.2,-0.4287
602.3,-0.2345
602.4,-0.5455
602.5,-0.6119
602.6,-0.4999
602.7,-0.6671
602.8,-0.7371
602.9,-0.8360
603.0,-0.6643
603.1,-0.8688
603.2,-0.9289
603.3,-1.0960
603.4,-0.9890
603.5,-1.0612
603.6,-1.2007
603.7,-1.0902
603.8,-1.1986
603.9,-1.2777
604.0,-1.3071
604.1,-1.1649
604.2,-1.3168
604.3,-1.2492
604.4,-1.0999
604.5,-1.2580
604.6,-1.1797
604.7,-1.1787
604.8,-1.0494
604.9,-1.2175
605.0,-1.1540
605.1,-1.2255
605.2,-1.1155
605.3,-1.1438
605.4,-0.9504
605.5,-0.9105
605.6,-0.8472
605.7,-0.6796
605.8,-0.7081
605.9,-0.5472
606.0,-0.5622
606.1,-0.5391
606.2,-0.3189
606.3,-0.1227
606.4,-0.1707
606.5,-0.0458
606.6,-0.0139
606.7,0.2457
606.8,0.2050
606.9,0.3035
607.0,0.4823
607.1,0.5565
607.2,0.5348
607.3,0.6388
607.4,0.7072
607.5,0.8251
607.6,0.8498
607.7,0.9270
607.8,1.0117
607.9,1.1278
608.0,1.1437
608.1,1.2320
608.2,1.1410
608.3,1.2825
608.4,1.2978
608.5,1.2159
608.6,1.4318
608.7,1.1894
608.8,1.2196
608.9,1.2626
609.0,1.2085
609.1,1.2948
609.2,1.2603
609.3,1.2083
609.4,1.0959
609.5,1.2622
609.6,1.1717
609.7,1.0529
609.8,1.0114
609.9,0.8800
610.0,0.9835
610.1,0.8953
610.2,0.6595
610.3,0.7998
610.4,0.7158
610.5,0.6302
610.6,0.6103
610.7,0.4960
610.8,0.4828
610.9,0.3211
611.0,0.3103
611.1,0.1307
611.2,0.1643
611.3,0.1399
611.4,0.1351
611.5,-0.0708
611.6,-0.1507
611.7,-0.1847
611.8,-0.1979
611.9,-0.3323
612.0,-0.2651
612.1,-0.3547
612.2,-0.4205
612.3,-0.4522
612.4,-0.5110
612.5,-0.6543
612.6,-0.5752
612.7,-0.7243
612.8,-0.7980
612.9,-0.8509
613.0,-0.8916
613.1,-1.0721
613.2,-1.0562
613.3,-0.9992
613.4,-1.1611
613.5,-1.0911
613.6,-1.1482
613.7,-1.0898
613.8,-1.4333
613.9,-1.2868
614.0,-1.1382
614.1,-1.3650
614.2,-1.3844
614.3,-1.2912
614.4,-1.2078
614.5,-1.2124
614.6,-1.2543
614.7,-1.2018
614.8,-1.2710
614.9,-1.1251
615.0,-1.1766
615.1,-1.0606
615.2,-0.8723
615.3,-0.9747
615.4,-0.6607
615.5,-0.8274
615.6,-0.5575
615.7,-0.6780
615.8,-0.5155
615.9,-0.5255
616.0,-0.3651
616.1,-0.2805
616.2,-0.3058
616.3,-0.0794
616.4,-0.0510
616.5,-0.0354
616.6,0.1775
616.7,0.4426
616.8,0.3770
616.9,0.4243
617.0,0.6159
617.1,0.5737
617.2,0.7168
617.3,0.6776
617.4,0.9242
617.5,0.8972
617.6,1.1513
617.7,0.9692
617.8,1.1293
617.9,1.1608
618.0,1.1994
618.1,1.3082
618.2,1.2343
618.3,1.1586
618.4,1.2626
618.5,1.3527
618.6,1.3096
618.7,1.3691
618.8,1.1980
618.9,1.3526
619.0,1.2432
619.1,1.2156
619.2,1.1646
619.3,1.1829
619.4,1.1581
619.5,1.1010
619.6,0.9540
619.7,0.8763
619.8,1.0006
619.9,0.8236
620.0,0.8035
620.1,0.7125
620.2,0.7177
620.3,0.6759
620.4,0.4835
620.5,0.5132
620.6,0.4141
620.7,0.4555
620.8,0.4111
620.9,0.1616
621.0,0.1320
621.1,0.0155
621.2,-0.0352
621.3,0.0466
621.4,-0.1716
621.5,-0.2504
621.6,-0.0897
621.7,-0.1523
621.8,-0.3233
621.9,-0.2865
622.0,-0.4498
622.1,-0.5106
622.2,-0.3358
622.3,-0.6307
622.4,-0.5957
622.5,-0.6348
622.6,-0.7009
622.7,-0.8633
622.8,-0.8871
622.9,-1.0335
623.0,-0.9449
623.1,-1.0670
623.2,-0.9052
623.3,-1.1523
623.4,-1.3170
623.5,-1.2990
623.6,-1.0621
623.7,-1.1620
623.8,-1.2606
623.9,-1.1934
624.0,-1.3602
624.1,-1.2607
624.2,-1.2479
624.3,-1.2722
624.4,-1.3555
624.5,-1.1170
624.6,-1.0882
624.7,-1.1382
624.8,-1.1807
624.9,-1.0292
625.0,-1.0570
625.1,-0.8855
625.2,-0.9083
625.3,-0.9458
625.4,-0.7598
625.5,-0.6460
625.6,-0.6292
625.7,-0.5383
625.8,-0.4183
625.9,-0.3890
626.0,-0.1764
626.1,-0.1143
626.2,-0.0599
626.3,-0.0129
626.4,0.0624
626.5,0.2094
626.6,0.2812
626.7,0.4005
626.8,0.4550
626.9,0.5532
627.0,0.4799
627.1,0.7152
627.2,0.9095
627.3,0.8952
627.4,0.9318
627.5,1.1096
627.6,0.9724
627.7,1.0736
627.8,1.2440
627.9,1.1652
628.0,1.1670
628.1,1.2796
628.2,1.3707
628.3,1.3951
628.4,1.1699
628.5,1.2199
628.6,1.3337
628.7,1.1741
628.8,1.1101
628.9,1.1697
629.0,1.3073
629.1,1.0745
629.2,1.1627
629.3,1.0528
629.4,1.1009
629.5,1.0177
629.6,0.9274
629.7,0.8746
629.8,0.8398
629.9,0.7123
630.0,0.7653
630.1,0.7069
630.2,0.5490
630.3,0.5002
630.4,0.4687
630.5,0.5380
630.6,0.4437
630.7,0.2286
630.8,0.2862
630.9,0.2944
631.0,0.0300
631.1,0.0590
631.2,0.0020
631.3,0.0755
631.4,-0.1080
631.5,-0.2418
631.6,-0.4104
631.7,-0.2921
631.8,-0.4118
631.9,-0.3656
632.0,-0.5016
632.1,-0.7501
632.2,-0.6494
632.3,-0.5976
632.4,-0.6872
632.5,-0.8354
632.6,-0.7231
632.7,-0.9766
632.8,-0.9707
632.9,-1.0645
633.0,-1.0371
633.1,-1.2245
633.2,-1.1583
633.3,-1.3031
633.4,-0.9829
633.5,-1.1775
633.6,-1.3548
633.7,-1.1781
633.8,-1.2439
633.9,-1.2807
634.0,-1.3130
634.1,-1.3016
634.2,-1.3046
634.3,-1.1886
634.4,-1.2731
634.5,-1.1205
634.6,-1.0186
634.7,-1.0902
634.8,-0.9400
634.9,-1.1123
635.0,-0.9904
635.1,-0.9050
635.2,-0.9527
635.3,-0.6250
635.4,-0.7269
635.5,-0.5430
635.6,-0.4048
635.7,-0.4433
635.8,-0.3729
635.9,-0.2022
636.0,-0.1354
636.1,-0.0181
636.2,0.1562
636.3,0.2882
636.4,0.2937
636.5,0.3278
636.6,0.3295
636.7,0.4104
636.8,0.7823
636.9,0.6655
637.0,1.0602
637.1,0.9906
637.2,0.9189
637.3,0.9791
637.4,1.0302
637.5,1.0003
637.6,1.1468
637.7,1.1819
637.8,1.2421
637.9,1.2040
638.0,1.3578
638.1,1.1982
638.2,1.1726
638.3,1.3113
638.4,1.2825
638.5,1.3807
638.6,1.2638
638.7,1.2453
638.8,1.1677
638.9,1.2173
639.0,1.0461
639.1,1.0784
639.2,1.0249
639.3,1.0055
639.4,1.0838
639.5,0.8892
639.6,0.8587
639.7,0.7742
639.8,0.7447
639.9,0.6751
640.0,0.6165
640.1,0.4360
640.2,0.5632
640.3,0.3704
640.4,0.3046
640.5,0.2911
640.6,0.4015
640.7,0.1823
640.8,0.1920
640.9,0.0137
641.0,-0.0876
641.1,-0.1489
641.2,-0.0711
641.3,-0.2437
641.4,-0.1077
641.5,-0.2475
641.6,-0.3720
641.7,-0.3329
641.8,-0.5535
641.9,-0.6671
642.0,-0.6435
642.1,-0.6209
642.2,-0.6614
642.3,-0.6490
642.4,-0.7226
642.5,-0.8116
642.6,-0.9648
642.7,-1.0291
642.8,-1.0371
642.9,-0.9724
643.0,-0.9585
643.1,-1.0222
643.2,-1.1653
643.3,-1.2113
643.4,-1.2479
643.5,-1.1494
643.6,-1.1950
643.7,-1.2342
643.8,-1.1671
643.9,-1.2972
644.0,-1.2050
644.1,-1.2686
644.2,-1.2884
644.3,-1.0116
644.4,-1.0888
644.5,-1.1056
644.6,-0.9827
644.7,-1.0167
644.8,-0.9839
644.9,-0.7698
645.0,-0.9037
645.1,-0.7019
645.2,-0.5638
645.3,-0.6506
645.4,-0.4617
645.5,-0.3659
645.6,-0.3956
645.7,-0.3272
645.8,0.0376
645.9,0.0459
646.0,0.0657
646.1,0.1708
646.2,0.2844
646.3,0.3325
646.4,0.4195
646.5,0.4947
646.6,0.6826
646.7,0.6472
646.8,0.7082
646.9,0.8485
647.0,0.9218
647.1,0.8459
647.2,0.9370
647.3,0.9741
647.4,1.0309
647.5,1.1550
647.6,1.1926
647.7,1.2684
647.8,1.2680
647.9,1.2970
648.0,1.3514
648.1,1.2664
648.2,1.1624
648.3,1.2800
648.4,1.1305
648.5,1.2246
648.6,1.2184
648.7,1.2265
648.8,1.2006
648.9,1.1230
649.0,1.1127
649.1,0.9974
649.2,0.8000
649.3,1.0334
649.4,0.8505
649.5,0.7734
649.6,0.6977
649.7,0.7615
649.8,0.7405
649.9,0.5323
650.0,0.5484
650.1,0.3740
650.2,0.5393
650.3,0.2545
650.4,0.5549
650.5,0.1085
650.6,0.1146
650.7,0.0965
650.8,-0.0128
650.9,-0.0448
651.0,-0.0054
651.1,-0.1505
651.2,-0.2892
651.3,-0.5080
651.4,-0.3374
651.5,-0.4440
651.6,-0.3833
651.7,-0.4830
651.8,-0.5561
651.9,-0.4680
652.0,-0.6456
652.1,-0.7949
652.2,-0.8519
652.3,-0.8202
652.4,-0.8551
652.5,-1.0184
652.6,-0.9336
652.7,-0.8353
652.8,-1.0348
652.9,-1.0422
653.0,-1.0527
653.1,-1.1822
653.2,-1.2469
653.3,-1.2721
653.4,-1.2341
653.5,-1.3131
653.6,-1.3548
653.7,-1.1439
653.8,-1.3226
653.9,-1.2522
654.0,-1.3343
654.1,-1.1885
654.2,-1.1002
654.3,-1.1394
654.4,-1.0169
654.5,-0.9873
654.6,-1.1104
654.7,-1.0685
654.8,-0.9830
654.9,-0.7719
655.0,-0.7145
655.1,-0.7566
655.2,-0.5204
655.3,-0.4624
655.4,-0.4368
655.5,-0.1742
655.6,-0.3675
655.7,-0.0244
655.8,0.0689
655.9,0.0322
656.0,0.1581
656.1,0.2895
656.2,0.4811
656.3,0.4585
656.4,0.6270
656.5,0.7265
656.6,0.7901
656.7,0.7422
656.8,0.8619
656.9,0.9977
657.0,0.9566
657.1,0.9829
657.2,1.0203
657.3,1.2463
657.4,1.0569
657.5,1.1475
657.6,1.1437
657.7,1.2509
657.8,1.2398
657.9,1.1751
658.0,1.3168
658.1,1.1433
658.2,1.1804
658.3,1.3116
658.4,1.0517
658.5,1.1108
658.6,1.2094
658.7,1.0967
658.8,1.1094
658.9,1.0616
659.0,1.0079
659.1,0.9414
659.2,0.9106
659.3,0.7220
659.4,0.7535
659.5,0.8891
659.6,0.7295
659.7,0.7778
659.8,0.5388
659.9,0.6155
660.0,0.3295
660.1,0.2475
660.2,0.2401
660.3,0.1820
660.4,0.2308
660.5,0.0877
660.6,0.1070
660.7,-0.1004
660.8,-0.0300
660.9,-0.1375
661.0,-0.0980
661.1,-0.2622
661.2,-0.2322
661.3,-0.2751
661.4,-0.1413
661.5,-0.2960
661.6,-0.2952
661.7,-0.4849
661.8,-0.4457
661.9,-0.6333
662.0,-0.6897
662.1,-0.4187
662.2,-0.6171
662.3,-0.7452
662.4,-0.5970
662.5,-0.5674
662.6,-0.8682
662.7,-0.7702
662.8,-0.8063
662.9,-0.6133
663.0,-0.8371
663.1,-0.9090
663.2,-0.9564
663.3,-0.8758
663.4,-0.9435
663.5,-1.0011
663.6,-0.9565
663.7,-0.8976
663.8,-0.8305
663.9,-0.8602
664.0,-0.8915
664.1,-0.8026
664.2,-0.9523
664.3,-0.7855
664.4,-0.8837
664.5,-0.6858
664.6,-0.4553
664.7,-0.5933
664.8,-0.7686
664.9,-0.6773
665.0,-0.4301
665.1,-0.3128
665.2,-0.3358
665.3,-0.1757
665.4,-0.0521
665.5,-0.1176
665.6,-0.0248
665.7,-0.0216
665.8,0.0384
665.9,0.0864
666.0,0.2447
666.1,0.3509
666.2,0.2693
666.3,0.4591
666.4,0.4657
666.5,0.4238
666.6,0.4997
666.7,0.7125
666.8,0.5739
666.9,0.7588
667.0,0.8091
667.1,0.6993
667.2,0.7817
667.3,0.8157
667.4,0.6705
667.5,0.8172
667.6,1.0082
667.7,0.7634
667.8,0.8140
667.9,0.8543
668.0,0.9042
668.1,0.9868
668.2,0.8790
668.3,0.8293
668.4,0.7942
668.5,0.8614
668.6,0.7976
668.7,0.8383
668.8,0.5621
668.9,0.5921
669.0,0.6385
669.1,0.6005
669.2,0.6606
669.3,0.5929
669.4,0.5120
669.5,0.6038
669.6,0.4788
669.7,0.3457
669.8,0.2559
669.9,0.3560
670.0,0.1522
670.1,0.2556
670.2,0.1176
670.3,0.1949
670.4,0.1324
670.5,0.0538
670.6,-0.1764
670.7,-0.0067
670.8,-0.0419
670.9,-0.0796
671.0,-0.0992
671.1,-0.2277
671.2,-0.1023
671.3,-0.2777
671.4,-0.3235
671.5,-0.3212
671.6,-0.4822
671.7,-0.5716
671.8,-0.4663
671.9,-0.5557
672.0,-0.6267
672.1,-0.7486
672.2,-0.6686
672.3,-0.7444
672.4,-0.6567
672.5,-0.8445
672.6,-0.6068
672.7,-0.6225
672.8,-0.6287
672.9,-0.8088
673.0,-0.7105
673.1,-0.7791
673.2,-0.7875
673.3,-0.8642
673.4,-0.8526
673.5,-0.8588
673.6,-0.8111
673.7,-0.8676
673.8,-0.8536
673.9,-0.8823
674.0,-0.8291
674.1,-0.8634
674.2,-0.6941
674.3,-0.7690
674.4,-0.7031
674.5,-0.6541
674.6,-0.7485
674.7,-0.5736
674.8,-0.4801
674.9,-0.3844
675.0,-0.2974
675.1,-0.3865
675.2,-0.1712
675.3,-0.1073
675.4,0.0209
675.5,-0.0232
675.6,0.1714
675.7,0.0627
675.8,0.1984
675.9,0.3683
676.0,0.2968
676.1,0.3691
676.2,0.3831
676.3,0.5702
676.4,0.6371
676.5,0.6334
676.6,0.5160
676.7,0.7925
676.8,0.5575
676.9,0.7981
677.0,0.8907
677.1,0.7554
677.2,0.7097
677.3,0.8401
677.4,0.9484
677.5,0.8186
677.6,0.8220
677.7,0.8272
677.8,1.0476
677.9,0.9086
678.0,0.8355
678.1,0.7647
678.2,0.8533
678.3,0.8843
678.4,0.6376
678.5,0.7635
678.6,0.8060
678.7,0.6935
678.8,0.6707
678.9,0.5696
679.0,0.5869
679.1,0.6171
679.2,0.5229
679.3,0.5488
679.4,0.3459
679.5,0.3793
679.6,0.2828
679.7,0.2842
679.8,0.2236
679.9,0.2301
680.0,0.2561
680.1,0.1770
680.2,0.1750
680.3,0.0736
680.4,0.0474
680.5,0.0093
680.6,-0.0845
680.7,-0.0693
680.8,-0.3366
680.9,-0.1896
681.0,-0.1353
681.1,-0.2060
681.2,-0.4014
681.3,-0.2758
681.4,-0.4749
681.5,-0.5141
681.6,-0.5504
681.7,-0.6350
681.8,-0.5553
681.9,-0.6362
682.0,-0.7430
682.1,-0.6070
682.2,-0.6501
682.3,-0.8706
682.4,-0.7797
682.5,-0.8345
682.6,-0.8780
682.7,-0.7382
682.8,-0.8601
682.9,-0.7936
683.0,-0.7617
683.1,-0.8081
683.2,-0.7782
683.3,-0.8964
683.4,-1.0014
683.5,-0.7049
683.6,-0.8488
683.7,-0.8553
683.8,-0.7346
683.9,-0.7610
684.0,-0.7704
684.1,-0.6121
684.2,-0.6807
684.3,-0.5777
684.4,-0.5706
684.5,-0.5590
684.6,-0.5189
684.7,-0.2436
684.8,-0.1576
684.9,-0.2403
685.0,-0.3507
685.1,-0.1794
685.2,-0.0762
685.3,-0.1888
685.4,-0.0704
685.5,0.2562
685.6,0.1116
685.7,0.2304
685.8,0.2423
685.9,0.2316
686.0,0.4015
686.1,0.4490
686.2,0.5529
686.3,0.4715
686.4,0.7105
686.5,0.5367
686.6,0.6910
686.7,0.6999
686.8,0.8106
686.9,0.6078
687.0,0.7202
687.1,0.8934
687.2,0.9088
687.3,0.9093
687.4,0.8391
687.5,0.8776
687.6,0.8521
687.7,0.7909
687.8,0.8659
687.9,0.9056
688.0,1.1138
688.1,0.6816
688.2,0.7196
688.3,0.8190
688.4,0.8359
688.5,0.6819
688.6,0.6840
688.7,0.6032
688.8,0.7005
688.9,0.5453
689.0,0.4083
689.1,0.5712
689.2,0.4466
689.3,0.4410
689.4,0.2748
689.5,0.3855
689.6,0.3452
689.7,0.2800
689.8,0.1940
689.9,0.0667
690.0,0.0776
690.1,-0.0720
690.2,0.0570
690.3,0.0448
690.4,-0.1492
690.5,-0.0146
690.6,0.0021
690.7,-0.1533
690.8,-0.1413
690.9,-0.2317
691.0,-0.2598
691.1,-0.3932
691.2,-0.3930
691.3,-0.5160
691.4,-0.3253
691.5,-0.4239
691.6,-0.5464
691.7,-0.6086
691.8,-0.6902
691.9,-0.5714
692.0,-0.5769
692.1,-0.8505
692.2,-0.8213
692.3,-0.7652
692.4,-0.6183
692.5,-0.8988
692.6,-0.9448
692.7,-0.8608
692.8,-0.8558
692.9,-0.7865
693.0,-0.8325
693.1,-0.8195
693.2,-0.8291
693.3,-0.8524
693.4,-0.8807
693.5,-0.9134
693.6,-0.8785
693.7,-0.6977
693.8,-0.8529
693.9,-0.6266
694.0,-0.5798
694.1,-0.7726
694.2,-0.4518
694.3,-0.4795
694.4,-0.5796
694.5,-0.4266
694.6,-0.3763
694.7,-0.2871
694.8,-0.1492
694.9,-0.1764
695.0,-0.1421
695.1,-0.1671
695.2,-0.0787
695.3,-0.0776
695.4,0.0815
695.5,0.1474
695.6,0.2483
695.7,0.3264
695.8,0.3488
695.9,0.3031
696.0,0.5350
696.1,0.5336
696.2,0.7174
696.3,0.6117
696.4,0.4470
696.5,0.6316
696.6,0.8190
696.7,0.7667
696.8,0.7596
696.9,0.7559
697.0,0.9829
697.1,0.8034
697.2,0.9324
697.3,0.8810
697.4,0.9161
697.5,0.7812
697.6,0.9221
697.7,0.8526
697.8,0.9084
697.9,0.9021
698.0,0.7178
698.1,0.8869
698.2,0.7811
698.3,0.7797
698.4,0.7164
698.5,0.6382
698.6,0.7335
698.7,0.5598
698.8,0.5696
698.9,0.5207
699.0,0.4993
699.1,0.3501
699.2,0.4137
699.3,0.3555
699.4,0.2545
699.5,0.2968
699.6,0.2275
699.7,0.1870
699.8,0.0284
699.9,0.1099
700.0,0.1602
700.1,0.0029
700.2,0.0510
700.3,-0.1871
700.4,0.0112
700.5,-0.1341
700.6,-0.2249
700.7,-0.2817
700.8,-0.2644
700.9,-0.1970
701.0,-0.4328
701.1,-0.3953
701.2,-0.5289
701.3,-0.4568
701.4,-0.5330
701.5,-0.5948
701.6,-0.6615
701.7,-0.6784
701.8,-0.5504
701.9,-0.6435
702.0,-0.8338
702.1,-0.6499
702.2,-0.8300
702.3,-0.7694
702.4,-0.8570
702.5,-1.0222
702.6,-0.7839
702.7,-0.7676
702.8,-0.8363
702.9,-0.7728
703.0,-0.8415
703.1,-0.8656
703.2,-0.8159
703.3,-0.7437
703.4,-0.6568
703.5,-0.8188
703.6,-0.8324
703.7,-0.6704
703.8,-0.7410
703.9,-0.6639
704.0,-0.6367
704.1,-0.5638
704.2,-0.3686
704.3,-0.5431
704.4,-0.2994
704.5,-0.2592
704.6,-0.3287
704.7,-0.1810
704.8,-0.1065
704.9,-0.0109
705.0,-0.0478
705.1,-0.1401
705.2,0.2004
705.3,0.0442
705.4,0.3398
705.5,0.2067
705.6,0.3120
705.7,0.3967
705.8,0.5041
705.9,0.7336
706.0,0.4357
706.1,0.7809
706.2,0.6916
706.3,0.6636
706.4,0.7231
706.5,0.7612
706.6,0.9048
706.7,0.8204
706.8,0.7580
706.9,0.8390
707.0,0.8338
707.1,0.9245
707.2,0.8632
707.3,0.9479
707.4,0.8719
707.5,0.8549
707.6,0.7823
707.7,0.8107
707.8,0.8177
707.9,0.7532
708.0,0.8508
708.1,0.7496
708.2,0.8498
708.3,0.6753
708.4,0.5641
708.5,0.5262
708.6,0.5575
708.7,0.5182
708.8,0.5897
708.9,0.4097
709.0,0.4826
709.1,0.3060
709.2,0.3640
709.3,0.2533
709.4,0.3744
709.5,0.1977
709.6,0.2222
709.7,0.1318
709.8,0.1271
709.9,0.0366
710.0,-0.0354
710.1,0.0246
710.2,-0.0355
710.3,0.0132
710.4,-0.1995
710.5,-0.2365
710.6,-0.3215
710.7,-0.2416
710.8,-0.3048
710.9,-0.3235
711.0,-0.4506
711.1,-0.5405
711.2,-0.5511
711.3,-0.5687
711.4,-0.5836
711.5,-0.6593
711.6,-0.7993
711.7,-0.6822
711.8,-0.7574
711.9,-0.8285
712.0,-0.6919
712.1,-0.7495
712.2,-0.7281
712.3,-0.7421
712.4,-0.7655
712.5,-0.7665
712.6,-0.9970
712.7,-1.0292
712.8,-0.8905
712.9,-0.8274
713.0,-0.8220
713.1,-0.8278
713.2,-0.7986
713.3,-0.9496
713.4,-0.8444
713.5,-0.7787
713.6,-0.7657
713.7,-0.7862
713.8,-0.5430
713.9,-0.7498
714.0,-0.5555
714.1,-0.4630
714.2,-0.5414
714.3,-0.4966
714.4,-0.2883
714.5,-0.3521
714.6,-0.2128
714.7,-0.0563
714.8,-0.1100
714.9,0.0508
715.0,0.0444
715.1,0.1623
715.2,0.2322
715.3,0.2410
715.4,0.2824
715.5,0.3929
715.6,0.4025
715.7,0.3997
715.8,0.5109
715.9,0.6154
716.0,0.5820
716.1,0.6935
716.2,0.7425
716.3,0.8485
716.4,0.7322
716.5,0.8732
716.6,0.8156
716.7,0.7939
716.8,0.8677
716.9,0.8331
717.0,0.9069
717.1,0.9445
717.2,0.9046
717.3,0.9091
717.4,0.7310
717.5,0.9436
717.6,0.9101
717.7,0.9078
717.8,0.8005
717.9,0.7545
718.0,0.7381
718.1,0.6069
718.2,0.7541
718.3,0.6307
718.4,0.5899
718.5,0.5298
718.6,0.4728
718.7,0.4370
718.8,0.4891
718.9,0.4691
719.0,0.3106
719.1,0.3450
719.2,0.2906
719.3,0.1707
719.4,0.2243
719.5,0.1846
719.6,0.1153
719.7,0.0345
719.8,-0.1971
719.9,-0.0520
720.0,0.2038
720.1,-0.2313
720.2,-0.2575
720.3,-0.1942
720.4,-0.1881
720.5,-0.3568
720.6,-0.4753
720.7,-0.5087
720.8,-0.6589
720.9,-0.5462
721.0,-0.5857
721.1,-0.7192
721.2,-0.7817
721.3,-0.8465
721.4,-0.6969
721.5,-0.8094
721.6,-0.8536
721.7,-0.8802
721.8,-0.8215
721.9,-0.9223
722.0,-0.9751
722.1,-1.0174
722.2,-0.7967
722.3,-0.9628
722.4,-1.0327
722.5,-0.9258
722.6,-1.0345
722.7,-1.0552
722.8,-1.1676
722.9,-0.9549
723.0,-0.9962
723.1,-1.0545
723.2,-0.9192
723.3,-0.9103
723.4,-0.8794
723.5,-0.8392
723.6,-0.6488
723.7,-0.6761
723.8,-0.8671
723.9,-0.5896
724.0,-0.6614
724.1,-0.4534
724.2,-0.4206
724.3,-0.3308
724.4,-0.3686
724.5,-0.2858
724.6,-0.0996
724.7,0.0036
724.8,0.0959
724.9,0.1142
725.0,0.2489
725.1,0.1811
725.2,0.3952
725.3,0.2712
725.4,0.5411
725.5,0.4234
725.6,0.6426
725.7,0.5701
725.8,0.7730
725.9,0.7634
726.0,0.6969
726.1,0.8916
726.2,0.8580
726.3,0.9264
726.4,0.9968
726.5,0.9814
726.6,1.0914
726.7,1.1020
726.8,0.9397
726.9,0.9630
727.0,0.9422
727.1,0.9651
727.2,1.0849
727.3,0.9998
727.4,1.0398
727.5,0.8806
727.6,0.8182
727.7,1.0816
727.8,0.9163
727.9,0.8401
728.0,0.8079
728.1,0.7957
728.2,0.6863
728.3,0.6244
728.4,0.5587
728.5,0.6427
728.6,0.5878
728.7,0.5739
728.8,0.5056
728.9,0.4115
729.0,0.3490
729.1,0.3191
729.2,0.2260
729.3,0.2711
729.4,0.1055
729.5,0.0787
729.6,-0.0817
729.7,0.0865
729.8,-0.0375
729.9,0.0541
730.0,-0.0916
730.1,-0.2787
730.2,-0.3018
730.3,-0.2964
730.4,-0.4105
730.5,-0.3424
730.6,-0.4331
730.7,-0.4763
730.8,-0.6432
730.9,-0.6612
731.0,-0.5904
731.1,-0.7018
731.2,-0.8430
731.3,-0.8310
731.4,-0.8777
731.5,-0.9262
731.6,-0.7727
731.7,-0.9576
731.8,-1.0049
731.9,-1.0049
732.0,-0.9367
732.1,-1.0786
732.2,-1.0838
732.3,-1.0291
732.4,-0.9800
732.5,-1.0794
732.6,-1.0385
732.7,-1.1436
732.8,-0.8875
732.9,-0.9290
733.0,-0.8527
733.1,-0.9516
733.2,-1.0024
733.3,-0.7974
733.4,-0.7788
733.5,-0.7340
733.6,-0.8429
733.7,-0.5060
733.8,-0.5861
733.9,-0.6360
734.0,-0.4729
734.1,-0.4352
734.2,-0.2967
734.3,-0.3008
734.4,-0.2321
734.5,-0.0028
734.6,-0.0817
734.7,-0.0912
734.8,0.2489
734.9,0.3301
735.0,0.4994
735.1,0.3826
735.2,0.2763
735.3,0.5619
735.4,0.5827
735.5,0.6558
735.6,0.6411
735.7,0.6332
735.8,0.9114
735.9,0.8308
736.0,0.8943
736.1,0.9630
736.2,1.0645
736.3,0.9493
736.4,1.0151
736.5,1.0160
736.6,0.9770
736.7,1.0653
736.8,1.0084
736.9,1.0063
737.0,1.2254
737.1,0.9196
737.2,0.9074
737.3,0.8659
737.4,0.9615
737.5,0.8539
737.6,0.8286
737.7,0.9024
737.8,0.7948
737.9,0.6760
738.0,0.8804
738.1,0.7519
738.2,0.5866
738.3,0.7089
738.4,0.6610
738.5,0.4964
738.6,0.5446
738.7,0.4956
738.8,0.2677
738.9,0.4809
739.0,0.3815
739.1,0.2948
739.2,0.1810
739.3,0.2892
739.4,0.1389
739.5,-0.0997
739.6,-0.0893
739.7,0.0275
739.8,-0.2026
739.9,-0.1672
740.0,-0.1674
740.1,-0.3439
740.2,-0.3495
740.3,-0.4770
740.4,-0.2835
740.5,-0.4206
740.6,-0.4596
740.7,-0.6323
740.8,-0.6160
740.9,-0.7266
741.0,-0.8069
741.1,-0.6966
741.2,-0.6786
741.3,-0.7738
741.4,-0.8225
741.5,-0.9043
741.6,-0.8826
741.7,-1.0082
741.8,-0.8375
741.9,-1.0064
742.0,-1.0853
742.1,-1.0493
742.2,-0.8126
742.3,-0.8694
742.4,-1.1914
742.5,-1.0279
742.6,-1.0836
742.7,-1.0493
742.8,-0.9950
742.9,-0.9203
743.0,-0.9128
743.1,-0.9143
743.2,-0.8205
743.3,-0.9560
743.4,-0.7701
743.5,-0.7052
743.6,-0.7292
743.7,-0.5543
743.8,-0.4788
743.9,-0.4445
744.0,-0.3543
744.1,-0.1534
744.2,-0.3123
744.3,-0.1790
744.4,-0.1168
744.5,0.0121
744.6,0.0659
744.7,0.1328
744.8,0.3095
744.9,0.2365
745.0,0.4185
745.1,0.4751
745.2,0.5189
745.3,0.4634
745.4,0.5531
745.5,0.6516
745.6,0.7343
745.7,0.8853
745.8,0.7860
745.9,0.8910
746.0,0.9599
746.1,0.8546
746.2,0.8588
746.3,1.0790
746.4,0.9176
746.5,0.9838
746.6,1.0538
746.7,1.2142
746.8,1.0328
746.9,1.0014
747.0,1.0051
747.1,1.0557
747.2,1.0316
747.3,0.8508
747.4,0.8973
747.5,0.8661
747.6,0.7281
747.7,0.8411
747.8,0.8245
747.9,0.7515
748.0,0.6504
748.1,0.6305
748.2,0.6993
748.3,0.5068
748.4,0.4244
748.5,0.5999
748.6,0.2740
748.7,0.4439
748.8,0.3633
748.9,0.1958
749.0,0.2117
749.1,0.0593
749.2,0.1172
749.3,0.1586
749.4,0.0247
749.5,-0.1803
749.6,-0.0286
749.7,-0.1198
749.8,-0.2803
749.9,-0.2303
750.0,-0.1547
750.1,-0.3298
750.2,-0.5695
750.3,-0.3096
750.4,-0.5160
750.5,-0.6751
750.6,-0.6457
750.7,-0.8043
750.8,-0.6044
750.9,-0.7013
751.0,-0.7914
751.1,-0.7771
751.2,-0.8792
751.3,-0.9706
751.4,-0.8932
751.5,-0.9269
751.6,-1.0224
751.7,-0.9275
751.8,-1.0925
751.9,-1.1467
752.0,-0.9903
752.1,-0.9931
752.2,-1.1177
752.3,-1.1264
752.4,-0.8811
752.5,-1.2355
752.6,-1.0446
752.7,-0.9268
752.8,-0.9768
752.9,-0.9766
753.0,-0.8359
753.1,-0.6508
753.2,-0.7054
753.3,-0.8443
753.4,-0.7703
753.5,-0.6604
753.6,-0.6361
753.7,-0.4346
753.8,-0.4226
753.9,-0.3733
754.0,-0.3984
754.1,-0.2467
754.2,-0.1577
754.3,0.1554
754.4,0.1475
754.5,0.1512
754.6,0.2584
754.7,0.3295
754.8,0.3531
754.9,0.4518
755.0,0.5574
755.1,0.6331
755.2,0.5372
755.3,0.6423
755.4,0.6662
755.5,0.6848
755.6,0.8759
755.7,0.9608
755.8,1.0297
755.9,0.9575
756.0,0.8296
756.1,1.0483
756.2,0.9484
756.3,1.1419
756.4,1.1209
756.5,0.9490
756.6,1.1648
756.7,1.1233
756.8,0.9069
756.9,1.1052
757.0,0.9722
757.1,1.1046
757.2,1.0221
757.3,0.9365
757.4,0.8814
757.5,0.7431
757.6,0.9154
757.7,0.6316
757.8,0.6711
757.9,0.5875
758.0,0.7454
758.1,0.4517
758.2,0.5308
758.3,0.5411
758.4,0.5646
758.5,0.3114
758.6,0.3466
758.7,0.2124
758.8,0.2354
758.9,0.2291
759.0,0.2103
759.1,0.1885
759.2,-0.0198
759.3,0.0235
759.4,-0.0025
759.5,-0.1316
759.6,-0.1757
759.7,-0.1801
759.8,-0.3679
759.9,-0.3781
760.0,-0.4277
760.1,-0.4823
760.2,-0.3833
760.3,-0.4318
760.4,-0.6351
760.5,-0.7010
760.6,-0.6807
760.7,-0.6583
760.8,-0.7084
760.9,-0.7594
761.0,-0.8390
761.1,-0.8927
761.2,-0.9891
761.3,-0.9384
761.4,-0.8855
761.5,-1.0345
761.6,-0.9479
761.7,-1.1143
761.8,-1.1031
761.9,-1.0913
762.0,-1.0685
762.1,-0.8666
762.2,-0.9446
762.3,-0.9946
762.4,-1.1178
762.5,-0.9039
762.6,-0.8948
762.7,-1.0526
762.8,-0.8421
762.9,-0.9468
763.0,-0.7604
763.1,-0.6550
763.2,-0.6380
763.3,-0.7078
763.4,-0.5938
763.5,-0.7611
763.6,-0.3227
763.7,-0.4609
763.8,-0.2332
763.9,-0.1705
764.0,-0.3678
764.1,0.0333
764.2,-0.0964
764.3,0.0736
764.4,0.0591
764.5,0.2077
764.6,0.2419
764.7,0.3652
764.8,0.4624
764.9,0.5035
765.0,0.5019
765.1,0.7257
765.2,0.6585
765.3,0.7955
765.4,0.6383
765.5,0.8145
765.6,0.7253
765.7,0.9672
765.8,0.9805
765.9,1.0605
766.0,0.9936
766.1,0.9122
766.2,1.0716
766.3,1.0193
766.4,1.0790
766.5,1.0495
766.6,0.9335
766.7,1.1677
766.8,1.1170
766.9,1.0344
767.0,0.9904
767.1,0.9260
767.2,0.8032
767.3,1.0165
767.4,0.7281
767.5,0.7348
767.6,0.7026
767.7,0.6356
767.8,0.6149
767.9,0.5588
768.0,0.5259
768.1,0.5147
768.2,0.4975
768.3,0.5187
768.4,0.3885
768.5,0.3001
768.6,0.3266
768.7,0.2936
768.8,-0.0000
768.9,0.0691
769.0,0.0725
769.1,0.0903
769.2,-0.2221
769.3,-0.1185
769.4,-0.0549
769.5,-0.1803
769.6,-0.2648
769.7,-0.2643
769.8,-0.2925
769.9,-0.3159
770.0,-0.3603
770.1,-0.4918
770.2,-0.6485
770.3,-0.5821
770.4,-0.5254
770.5,-0.5251
770.6,-0.6804
770.7,-0.7580
770.8,-0.9396
770.9,-0.7958
771.0,-0.9146
771.1,-0.8666
771.2,-0.8401
771.3,-0.9960
771.4,-1.0811
771.5,-1.0529
771.6,-0.9479
771.7,-0.9842
771.8,-0.9592
771.9,-1.0152
772.0,-1.0164
772.1,-1.0316
772.2,-1.0622
772.3,-0.8409
772.4,-0.9210
772.5,-0.7975
772.6,-0.9340
772.7,-0.9269
772.8,-0.8854
772.9,-0.8173
773.0,-0.8470
773.1,-0.7654
773.2,-0.7016
773.3,-0.5302
773.4,-0.4713
773.5,-0.3363
773.6,-0.4919
773.7,-0.3010
773.8,-0.0456
773.9,-0.1187
774.0,0.1003
774.1,0.1354
774.2,0.0076
774.3,0.3819
774.4,0.3084
774.5,0.4993
774.6,0.4012
774.7,0.4749
774.8,0.5016
774.9,0.6026
775.0,0.7320
775.1,0.7892
775.2,0.7322
775.3,0.8975
775.4,1.0317
775.5,0.8520
775.6,1.0543
775.7,0.8992
775.8,1.0642
775.9,1.0531
776.0,0.9333
776.1,1.1117
776.2,1.0457
776.3,1.0617
776.4,1.0549
776.5,1.0631
776.6,1.0233
776.7,1.0466
776.8,1.0478
776.9,0.9322
777.0,1.0001
777.1,0.7513
777.2,0.7727
777.3,0.8734
777.4,0.8424
777.5,0.6863
777.6,0.6586
777.7,0.6590
777.8,0.5275
777.9,0.5080
778.0,0.3569
778.1,0.4061
778.2,0.4406
778.3,0.3689
778.4,0.3890
778.5,0.1571
778.6,0.2259
778.7,0.1958
778.8,-0.0524
778.9,0.0863
779.0,-0.0493
779.1,-0.0102
779.2,-0.0032
779.3,-0.3921
779.4,-0.3182
779.5,-0.2274
779.6,-0.2832
779.7,-0.2314
779.8,-0.4218
779.9,-0.4654
780.0,-0.6092
780.1,-0.5782
780.2,-0.7491
780.3,-0.6998
780.4,-0.9833
780.5,-1.0090
780.6,-1.0525
780.7,-1.1387
780.8,-1.1102
780.9,-0.9848
781.0,-1.1424
781.1,-1.3060
781.2,-1.3096
781.3,-1.1580
781.4,-1.2724
781.5,-1.2297
781.6,-1.2595
781.7,-1.1931
781.8,-1.3706
781.9,-1.3046
782.0,-1.2745
782.1,-1.2512
782.2,-1.2335
782.3,-1.2655
782.4,-1.1254
782.5,-1.0569
782.6,-0.9164
782.7,-1.0553
782.8,-1.0551
782.9,-0.7498
783.0,-0.9088
783.1,-0.7591
783.2,-0.6638
783.3,-0.6209
783.4,-0.4242
783.5,-0.4013
783.6,-0.3107
783.7,-0.2195
783.8,0.1104
783.9,0.1268
784.0,0.1371
784.1,0.1233
784.2,0.2670
784.3,0.3778
784.4,0.4731
784.5,0.5617
784.6,0.6357
784.7,0.8254
784.8,0.8659
784.9,0.8691
785.0,0.9585
785.1,1.1026
785.2,1.0371
785.3,1.0863
785.4,1.0290
785.5,1.0567
785.6,1.3542
785.7,1.1877
785.8,1.2939
785.9,1.1893
786.0,1.1660
786.1,1.3781
786.2,1.2393
786.3,1.3102
786.4,1.1711
786.5,1.3038
786.6,1.2419
786.7,1.2413
786.8,1.0536
786.9,1.0659
787.0,1.1630
787.1,1.1834
787.2,0.9816
787.3,0.9416
787.4,0.9326
787.5,0.8692
787.6,0.7576
787.7,0.7736
787.8,0.5690
787.9,0.5793
788.0,0.6293
788.1,0.3097
788.2,0.3970
788.3,0.4185
788.4,0.2504
788.5,0.1430
788.6,0.0837
788.7,0.0395
788.8,-0.0650
788.9,-0.1540
789.0,-0.1980
789.1,-0.2769
789.2,-0.2770
789.3,-0.3292
789.4,-0.3135
789.5,-0.5167
789.6,-0.4417
789.7,-0.6655
789.8,-0.6809
789.9,-0.7225
790.0,-0.7477
790.1,-0.8275
790.2,-0.7726
790.3,-0.9899
790.4,-1.0149
790.5,-0.9716
790.6,-1.1518
790.7,-1.1834
790.8,-1.0235
790.9,-1.1495
791.0,-1.1539
791.1,-1.1785
791.2,-1.2142
791.3,-1.2566
791.4,-1.2608
791.5,-1.3656
791.6,-1.4452
791.7,-1.2919
791.8,-1.2283
791.9,-1.3570
792.0,-1.2974
792.1,-1.0899
792.2,-1.1993
792.3,-1.1670
792.4,-1.0431
792.5,-0.9922
792.6,-0.9891
792.7,-0.9303
792.8,-0.8515
792.9,-0.7155
793.0,-0.8368
793.1,-0.4155
793.2,-0.4775
793.3,-0.4103
793.4,-0.2365
793.5,-0.2257
793.6,-0.1815
793.7,-0.0726
793.8,0.0331
793.9,0.0861
794.0,0.2586
794.1,0.2987
794.2,0.3494
794.3,0.6203
794.4,0.6383
794.5,0.7357
794.6,0.7218
794.7,0.8900
794.8,0.9941
794.9,1.1578
795.0,0.9301
795.1,1.0339
795.2,1.1160
795.3,1.1201
795.4,1.1524
795.5,1.3299
795.6,1.1443
795.7,1.3084
795.8,1.2581
795.9,1.3949
796.0,1.2634
796.1,1.2668
796.2,1.3700
796.3,1.3016
796.4,1.1953
796.5,1.2225
796.6,1.1931
796.7,1.2936
796.8,1.0602
796.9,1.1248
797.0,0.9504
797.1,0.8783
797.2,0.9504
797.3,0.8257
797.4,0.7511
797.5,0.7967
797.6,0.7333
797.7,0.7647
797.8,0.5487
797.9,0.3751
798.0,0.4154
798.1,0.2665
798.2,0.3674
798.3,0.3161
798.4,0.2357
798.5,0.1731
798.6,0.1251
798.7,-0.0026
798.8,0.1128
798.9,-0.1386
799.0,-0.2227
799.1,-0.3028
799.2,-0.3482
799.3,-0.4539
799.4,-0.3907
799.5,-0.5896
799.6,-0.6350
799.7,-0.6794
799.8,-0.7263
799.9,-0.7518
800.0,-0.8984
800.1,-0.7912
800.2,-1.0423
800.3,-1.0087
800.4,-1.1099
800.5,-1.0368
800.6,-1.1384
800.7,-1.0469
800.8,-1.1406
800.9,-1.3028
801.0,-1.3247
801.1,-1.3050
801.2,-1.3651
801.3,-1.2457
801.4,-1.2752
801.5,-1.2608
801.6,-1.3085
801.7,-1.2994
801.8,-1.1552
801.9,-1.2666
802.0,-1.3162
802.1,-1.1286
802.2,-1.1658
802.3,-1.0108
802.4,-1.1209
802.5,-0.8387
802.6,-1.0374
802.7,-0.8558
802.8,-0.6942
802.9,-0.5805
803.0,-0.5654
803.1,-0.5333
803.2,-0.4078
803.3,-0.1973
803.4,-0.2758
803.5,-0.0602
803.6,0.0423
803.7,0.0994
803.8,0.1356
803.9,0.2584
804.0,0.5217
804.1,0.4204
804.2,0.5892
804.3,0.7228
804.4,0.7788
804.5,0.8585
804.6,0.9182
804.7,0.9118
804.8,0.9583
804.9,1.2517
805.0,1.1770
805.1,1.0603
805.2,0.9634
805.3,1.1374
805.4,1.1324
805.5,1.1162
805.6,1.3282
805.7,1.2035
805.8,1.3330
805.9,1.1979
806.0,1.3789
806.1,1.3624
806.2,1.2311
806.3,1.1960
806.4,1.1291
806.5,1.0076
806.6,1.2626
806.7,0.8722
806.8,0.9960
806.9,0.9504
807.0,1.0275
807.1,0.9812
807.2,0.6894
807.3,0.8335
807.4,0.6985
807.5,0.7122
807.6,0.5999
807.7,0.5823
807.8,0.5305
807.9,0.3971
808.0,0.3315
808.1,0.3155
808.2,0.3027
808.3,0.3154
808.4,0.1364
808.5,0.0232
808.6,0.0209
808.7,-0.1100
808.8,-0.2948
808.9,-0.1173
809.0,-0.1889
809.1,-0.2846
809.2,-0.4138
809.3,-0.4259
809.4,-0.5496
809.5,-0.5958
809.6,-0.5720
809.7,-0.7961
809.8,-0.7869
809.9,-0.9233
810.0,-1.0550
810.1,-0.8415
810.2,-0.9987
810.3,-1.0167
810.4,-1.0481
810.5,-1.0643
810.6,-1.1088
810.7,-1.1761
810.8,-1.1305
810.9,-1.2893
811.0,-1.3036
811.1,-1.3230
811.2,-1.3470
811.3,-1.3946
811.4,-1.3259
811.5,-1.2601
811.6,-1.2104
811.7,-1.3938
811.8,-1.2297
811.9,-1.2098
812.0,-1.1964
812.1,-1.1231
812.2,-1.1009
812.3,-1.0705
812.4,-0.8222
812.5,-0.8827
812.6,-0.7823
812.7,-0.6256
812.8,-0.6782
812.9,-0.5047
813.0,-0.4697
813.1,-0.5258
813.2,-0.1692
813.3,-0.1433
813.4,-0.0267
813.5,-0.0674
813.6,0.0644
813.7,0.2920
813.8,0.2990
813.9,0.4403
814.0,0.5012
814.1,0.5622
814.2,0.7162
814.3,0.7447
814.4,0.8255
814.5,0.7892
814.6,0.8669
814.7,1.0669
814.8,1.1973
814.9,1.2653
815.0,1.3159
815.1,1.1856
815.2,1.3473
815.3,1.2515
815.4,1.3886
815.5,1.3233
815.6,1.3923
815.7,1.1896
815.8,1.1652
815.9,1.3836
816.0,1.1258
816.1,1.1743
816.2,1.3009
816.3,1.3007
816.4,1.2285
816.5,1.2259
816.6,0.9456
816.7,1.0147
816.8,0.9757
816.9,0.8002
817.0,0.7009
817.1,0.7893
817.2,0.6294
817.3,0.7441
817.4,0.5969
817.5,0.4855
817.6,0.5802
817.7,0.4995
817.8,0.4894
817.9,0.3061
818.0,0.2114
818.1,0.1816
818.2,0.2082
818.3,0.1384
818.4,0.0009
818.5,-0.0817
818.6,-0.2267
818.7,-0.2680
818.8,-0.3259
818.9,-0.3918
819.0,-0.5528
819.1,-0.4020
819.2,-0.6232
819.3,-0.7266
819.4,-0.6637
819.5,-0.6809
819.6,-0.7118
819.7,-0.8934
819.8,-0.8782
819.9,-0.8879
820.0,-1.1020
820.1,-1.2594
820.2,-1.1057
820.3,-1.1457
820.4,-1.1768
820.5,-1.2199
820.6,-1.1707
820.7,-1.1865
820.8,-1.2877
820.9,-1.3035
821.0,-1.3570
821.1,-1.3238
821.2,-1.2591
821.3,-1.3154
821.4,-1.1149
821.5,-1.3220
821.6,-1.3862
821.7,-1.0400
821.8,-1.2348
821.9,-1.2187
822.0,-1.0715
822.1,-0.9148
822.2,-1.0604
822.3,-0.9012
822.4,-0.8824
822.5,-0.7790
822.6,-0.5541
822.7,-0.6334
822.8,-0.6033
822.9,-0.3968
823.0,-0.2629
823.1,-0.3239
823.2,0.0504
823.3,0.0315
823.4,0.0009
823.5,0.0927
823.6,0.4019
823.7,0.2774
823.8,0.4656
823.9,0.5894
824.0,0.6395
824.1,0.7281
824.2,0.8256
824.3,0.8527
824.4,0.9126
824.5,1.0575
824.6,1.0603
824.7,1.1549
824.8,1.3206
824.9,1.1995
825.0,1.2136
825.1,1.2453
825.2,1.3280
825.3,1.3175
825.4,1.2931
825.5,1.1833
825.6,1.2900
825.7,1.2084
825.8,1.3153
825.9,1.2364
826.0,1.2415
826.1,1.2162
826.2,1.1229
826.3,1.1367
826.4,1.1823
826.5,1.1733
826.6,0.9672
826.7,1.0711
826.8,0.9637
826.9,0.6722
827.0,0.7356
827.1,0.8956
827.2,0.7213
827.3,0.5955
827.4,0.4825
827.5,0.3501
827.6,0.3760
827.7,0.3914
827.8,0.3465
827.9,0.2667
828.0,0.1616
828.1,0.0433
828.2,-0.0083
828.3,0.0427
828.4,-0.1664
828.5,-0.0803
828.6,-0.2826
828.7,-0.3569
828.8,-0.3418
828.9,-0.3372
829.0,-0.4965
829.1,-0.4917
829.2,-0.5909
829.3,-0.6045
829.4,-0.7423
829.5,-0.9283
829.6,-0.7068
829.7,-0.9023
829.8,-0.8701
829.9,-1.0796
830.0,-1.0033
830.1,-1.2330
830.2,-1.1962
830.3,-1.1755
830.4,-1.2259
830.5,-1.2809
830.6,-1.3973
830.7,-1.3518
830.8,-1.4457
830.9,-1.4230
831.0,-1.4591
831.1,-1.3862
831.2,-1.3691
831.3,-1.2621
831.4,-1.2027
831.5,-1.1386
831.6,-1.1215
831.7,-1.0095
831.8,-1.1055
831.9,-1.0423
832.0,-0.9415
832.1,-0.9997
832.2,-0.8025
832.3,-0.9514
832.4,-0.7742
832.5,-0.6734
832.6,-0.5310
832.7,-0.5050
832.8,-0.3866
832.9,-0.3402
833.0,-0.2843
833.1,-0.0737
833.2,0.1116
833.3,0.1730
833.4,0.1670
833.5,0.2122
833.6,0.3582
833.7,0.4580
833.8,0.5143
833.9,0.6576
834.0,0.8715
834.1,0.8287
834.2,0.7611
834.3,1.0203
834.4,1.1355
834.5,1.1784
834.6,1.1570
834.7,1.2066
834.8,1.1306
834.9,1.2587
835.0,1.3050
835.1,1.3207
835.2,1.2521
835.3,1.3449
835.4,1.1844
835.5,1.3147
835.6,1.2448
835.7,1.4293
835.8,1.2135
835.9,1.1491
836.0,1.1872
836.1,1.1154
836.2,1.0559
836.3,0.9263
836.4,1.0228
836.5,0.9080
836.6,0.8433
836.7,0.8376
836.8,0.8508
836.9,0.6853
837.0,0.7491
837.1,0.6132
837.2,0.5593
837.3,0.6064
837.4,0.3222
837.5,0.4163
837.6,0.2799
837.7,0.1346
837.8,0.1947
837.9,0.2312
838.0,0.1403
838.1,0.1160
838.2,-0.0106
838.3,-0.1387
838.4,-0.1774
838.5,-0.2307
838.6,-0.2814
838.7,-0.4255
838.8,-0.4966
838.9,-0.6304
839.0,-0.3762
839.1,-0.5548
839.2,-0.8237
839.3,-0.7324
839.4,-0.7704
839.5,-0.8972
839.6,-0.8661
839.7,-0.9239
839.8,-0.9477
839.9,-1.1864
840.0,-0.5481
840.1,-0.6612
840.2,-0.6070
840.3,-0.6129
840.4,-0.6836
840.5,-0.6095
840.6,-0.6664
840.7,-0.6856
840.8,-0.6986
840.9,-0.7996
841.0,-0.6934
841.1,-0.8130
841.2,-0.8102
841.3,-0.7440
841.4,-0.7345
841.5,-0.6745
841.6,-0.4340
841.7,-0.6740
841.8,-0.6547
841.9,-0.4388
842.0,-0.4979
842.1,-0.4394
842.2,-0.3652
842.3,-0.4488
842.4,-0.2755
842.5,-0.3837
842.6,-0.2179
842.7,-0.1292
842.8,-0.1147
842.9,-0.0515
843.0,0.0891
843.1,0.2178
843.2,0.0349
843.3,0.1481
843.4,0.1673
843.5,0.3028
843.6,0.4178
843.7,0.1344
843.8,0.5017
843.9,0.5310
844.0,0.5443
844.1,0.5567
844.2,0.5764
844.3,0.6228
844.4,0.5507
844.5,0.6764
844.6,0.8414
844.7,0.6847
844.8,0.7246
844.9,0.7816
845.0,0.7227
845.1,0.7960
845.2,0.6633
845.3,0.7511
845.4,0.5315
845.5,0.7302
845.6,0.7526
845.7,0.6446
845.8,0.7159
845.9,0.5895
846.0,0.6368
846.1,0.6286
846.2,0.7190
846.3,0.4792
846.4,0.5144
846.5,0.5262
846.6,0.4414
846.7,0.4423
846.8,0.4510
846.9,0.3590
847.0,0.4281
847.1,0.2811
847.2,0.2898
847.3,0.2221
847.4,0.2489
847.5,0.1449
847.6,0.2263
847.7,0.1617
847.8,0.1071
847.9,0.0582
848.0,-0.0292
848.1,-0.1165
848.2,-0.1070
848.3,-0.0881
848.4,-0.1333
848.5,-0.1282
848.6,-0.2714
848.7,-0.2627
848.8,-0.2685
848.9,-0.3070
849.0,-0.2897
849.1,-0.4468
849.2,-0.2839
849.3,-0.3935
849.4,-0.4310
849.5,-0.5484
849.6,-0.5841
849.7,-0.5246
849.8,-0.6463
849.9,-0.5853
850.0,-0.6541
850.1,-0.7631
850.2,-0.7708
850.3,-0.7625
850.4,-0.6647
850.5,-0.6625
850.6,-0.8739
850.7,-0.8117
850.8,-0.8325
850.9,-0.7554
851.0,-0.7772
851.1,-0.6179
851.2,-0.6771
851.3,-0.6355
851.4,-0.5975
851.5,-0.6355
851.6,-0.5960
851.7,-0.6156
851.8,-0.3483
851.9,-0.6191
852.0,-0.4161
852.1,-0.4371
852.2,-0.4526
852.3,-0.3354
852.4,-0.3426
852.5,-0.3458
852.6,-0.1284
852.7,0.0586
852.8,0.0000
852.9,0.0003
853.0,0.1220
853.1,0.1702
853.2,0.2178
853.3,0.3085
853.4,0.1974
853.5,0.3052
853.6,0.2742
853.7,0.5255
853.8,0.3785
853.9,0.5664
854.0,0.5720
854.1,0.6744
854.2,0.6733
854.3,0.7108
854.4,0.6399
854.5,0.6686
854.6,0.6775
854.7,0.6149
854.8,0.7323
854.9,0.7084
855.0,0.7163
855.1,0.6678
855.2,0.7235
855.3,0.6919
855.4,0.6026
855.5,0.6876
855.6,0.7665
855.7,0.5911
855.8,0.6206
855.9,0.6657
856.0,0.6510
856.1,0.5720
856.2,0.4494
856.3,0.4431
856.4,0.5466
856.5,0.4398
856.6,0.4858
856.7,0.3950
856.8,0.3687
856.9,0.2681
857.0,0.1605
857.1,0.1641
857.2,0.2660
857.3,0.2447
857.4,0.0870
857.5,0.1180
857.6,0.0077
857.7,-0.0767
857.8,0.0193
857.9,0.1021
858.0,-0.1133
858.1,-0.0721
858.2,-0.0960
858.3,-0.1991
858.4,-0.0584
858.5,-0.2051
858.6,-0.2798
858.7,-0.3562
858.8,-0.4138
858.9,-0.5454
859.0,-0.3730
859.1,-0.4435
859.2,-0.6768
859.3,-0.4880
859.4,-0.4817
859.5,-0.5200
859.6,-0.5015
859.7,-0.6723
859.8,-0.6788
859.9,-0.7491
860.0,-0.7054
860.1,-0.7075
860.2,-0.7405
860.3,-0.5964
860.4,-0.6710
860.5,-0.7632
860.6,-0.7099
860.7,-0.6658
860.8,-0.6616
860.9,-0.5996
861.0,-0.7412
861.1,-0.7742
861.2,-0.5796
861.3,-0.7151
861.4,-0.4792
861.5,-0.6319
861.6,-0.5659
861.7,-0.4647
861.8,-0.5604
861.9,-0.3898
862.0,-0.3973
862.1,-0.4718
862.2,-0.3897
862.3,-0.2915
862.4,-0.0701
862.5,-0.0152
862.6,-0.0854
862.7,0.0073
862.8,0.0222
862.9,0.1554
863.0,0.1697
863.1,0.2811
863.2,0.2928
863.3,0.3070
863.4,0.3180
863.5,0.2689
863.6,0.4669
863.7,0.4594
863.8,0.4699
863.9,0.6004
864.0,0.4604
864.1,0.4898
864.2,0.6261
864.3,0.6544
864.4,0.6970
864.5,0.6482
864.6,0.8440
864.7,0.7405
864.8,0.6513
864.9,0.6305
865.0,0.8255
865.1,0.8323
865.2,0.8997
865.3,0.6525
865.4,0.6839
865.5,0.6856
865.6,0.5804
865.7,0.6438
865.8,0.5816
865.9,0.5836
866.0,0.5775
866.1,0.4283
866.2,0.4581
866.3,0.3991
866.4,0.3468
866.5,0.3068
866.6,0.4471
866.7,0.5303
866.8,0.3375
866.9,0.1990
867.0,0.1359
867.1,0.2317
867.2,0.2806
867.3,0.0772
867.4,0.1205
867.5,0.0895
867.6,0.2076
867.7,-0.1776
867.8,-0.0701
867.9,-0.0948
868.0,-0.1355
868.1,-0.2447
868.2,-0.1700
868.3,-0.1751
868.4,-0.2141
868.5,-0.3717
868.6,-0.4843
868.7,-0.5165
868.8,-0.3051
868.9,-0.4897
869.0,-0.4131
869.1,-0.5444
869.2,-0.5930
869.3,-0.5150
869.4,-0.5809
869.5,-0.6948
869.6,-0.6334
869.7,-0.4896
869.8,-0.5157
869.9,-0.6907
870.0,-0.7028
870.1,-0.6186
870.2,-0.6903
870.3,-0.6657
870.4,-0.7550
870.5,-0.8970
870.6,-0.7991
870.7,-0.7230
870.8,-0.6224
870.9,-0.6273
871.0,-0.6172
871.1,-0.6607
871.2,-0.5927
871.3,-0.6128
871.4,-0.5313
871.5,-0.5907
871.6,-0.3637
871.7,-0.5622
871.8,-0.3037
871.9,-0.4547
872.0,-0.3127
872.1,-0.2083
872.2,-0.3106
872.3,-0.1066
872.4,-0.1226
872.5,0.0326
872.6,0.1533
872.7,0.0732
872.8,0.1239
872.9,0.2395
873.0,0.2192
873.1,0.2877
873.2,0.3664
873.3,0.4170
873.4,0.4407
873.5,0.4535
873.6,0.4954
873.7,0.5902
873.8,0.4705
873.9,0.5790
874.0,0.6355
874.1,0.7327
874.2,0.4842
874.3,0.5465
874.4,0.5865
874.5,0.6687
874.6,0.7691
874.7,0.6244
874.8,0.5945
874.9,0.8368
875.0,0.7144
875.1,0.6205
875.2,0.6830
875.3,0.6583
875.4,0.6599
875.5,0.6522
875.6,0.6687
875.7,0.7050
875.8,0.6162
875.9,0.5061
876.0,0.5349
876.1,0.4931
876.2,0.4858
876.3,0.4555
876.4,0.2399
876.5,0.4237
876.6,0.2502
876.7,0.3838
876.8,0.2833
876.9,0.0982
877.0,0.1904
877.1,0.1323
877.2,0.0340
877.3,0.1174
877.4,0.0142
877.5,-0.0942
877.6,-0.0734
877.7,-0.1813
877.8,-0.0253
877.9,-0.0846
878.0,-0.1891
878.1,-0.2752
878.2,-0.2781
878.3,-0.2684
878.4,-0.2468
878.5,-0.4655
878.6,-0.4556
878.7,-0.3268
878.8,-0.4748
878.9,-0.5336
879.0,-0.4726
879.1,-0.5389
879.2,-0.5084
879.3,-0.6386
879.4,-0.6003
879.5,-0.6115
879.6,-0.5962
879.7,-0.5289
879.8,-0.6578
879.9,-0.8359
880.0,-0.8710
880.1,-0.6024
880.2,-0.5675
880.3,-0.6882
880.4,-0.7837
880.5,-0.8034
880.6,-0.6978
880.7,-0.7742
880.8,-0.5728
880.9,-0.7588
881.0,-0.6674
881.1,-0.4614
881.2,-0.4841
881.3,-0.7072
881.4,-0.3668
881.5,-0.5275
881.6,-0.4376
881.7,-0.3815
881.8,-0.2643
881.9,-0.2501
882.0,-0.2021
882.1,-0.1221
882.2,-0.1702
882.3,-0.0275
882.4,-0.1395
882.5,-0.1095
882.6,0.0441
882.7,0.0966
882.8,0.2364
882.9,0.3129
883.0,0.2937
883.1,0.3928
883.2,0.3626
883.3,0.4645
883.4,0.4208
883.5,0.5432
883.6,0.3858
883.7,0.5289
883.8,0.6810
883.9,0.6157
884.0,0.5792
884.1,0.7538
884.2,0.6119
884.3,0.6736
884.4,0.6322
884.5,0.6152
884.6,0.5960
884.7,0.8108
884.8,0.5611
884.9,0.6273
885.0,0.6437
885.1,0.6669
885.2,0.7005
885.3,0.7584
885.4,0.5887
885.5,0.6649
885.6,0.4576
885.7,0.6135
885.8,0.4482
885.9,0.5400
886.0,0.6500
886.1,0.3611
886.2,0.3900
886.3,0.2826
886.4,0.2460
886.5,0.2478
886.6,0.2273
886.7,0.1410
886.8,0.1794
886.9,0.0128
887.0,0.2251
887.1,0.1329
887.2,0.0467
887.3,-0.1570
887.4,-0.0888
887.5,-0.1134
887.6,-0.2064
887.7,-0.1580
887.8,-0.1169
887.9,-0.1438
888.0,-0.2038
888.1,-0.3448
888.2,-0.4041
888.3,-0.2658
888.4,-0.3947
888.5,-0.4547
888.6,-0.4269
888.7,-0.4462
888.8,-0.5005
888.9,-0.6330
889.0,-0.5715
889.1,-0.5375
889.2,-0.5797
889.3,-0.5725
889.4,-0.5207
889.5,-0.7364
889.6,-0.6402
889.7,-0.7200
889.8,-0.6762
889.9,-0.5472
890.0,-0.7282
890.1,-0.6631
890.2,-0.8160
890.3,-0.5741
890.4,-0.6640
890.5,-0.6382
890.6,-0.7470
890.7,-0.6586
890.8,-0.6858
890.9,-0.6602
891.0,-0.5376
891.1,-0.5324
891.2,-0.5452
891.3,-0.6003
891.4,-0.4924
891.5,-0.3781
891.6,-0.4658
891.7,-0.3424
891.8,-0.3214
891.9,-0.3006
892.0,-0.1047
892.1,-0.1708
892.2,0.0398
892.3,0.0980
892.4,0.0070
892.5,0.1867
892.6,0.1573
892.7,0.0737
892.8,0.2825
892.9,0.3880
893.0,0.4998
893.1,0.4197
893.2,0.4110
893.3,0.4585
893.4,0.4276
893.5,0.6283
893.6,0.5655
893.7,0.6436
893.8,0.5522
893.9,0.5490
894.0,0.6343
894.1,0.7878
894.2,0.7775
894.3,0.7063
894.4,0.7248
894.5,0.5996
894.6,0.7853
894.7,0.6713
894.8,0.6771
894.9,0.8484
895.0,0.8047
895.1,0.8078
895.2,0.7532
895.3,0.5344
895.4,0.5115
895.5,0.6451
895.6,0.4282
895.7,0.5702
895.8,0.6516
895.9,0.4642
896.0,0.4044
896.1,0.4309
896.2,0.3808
896.3,0.1930
896.4,0.2632
896.5,0.3048
896.6,0.1597
896.7,0.1194
896.8,0.1314
896.9,0.0916
897.0,0.0556
897.1,0.1530
897.2,0.1026
897.3,-0.0694
897.4,-0.0527
897.5,0.0124
897.6,-0.3101
897.7,-0.2577
897.8,-0.1947
897.9,-0.3325
898.0,-0.2862
898.1,-0.4612
898.2,-0.3767
898.3,-0.6170
898.4,-0.3623
898.5,-0.5416
898.6,-0.3801
898.7,-0.5743
898.8,-0.5131
898.9,-0.4719
899.0,-0.5424
899.1,-0.5370
899.2,-0.5480
899.3,-0.5887
899.4,-0.7818
899.5,-0.7370
899.6,-0.7819
899.7,-0.6612
899.8,-0.6397
899.9,-0.6654
